image_id,identity,split,image_name,relative_path,file_hash,width,height
1,Alejandro_Toledo,enrollment,Alejandro_Toledo_0024.jpg,data/evaluation/enrollment/Alejandro_Toledo/Alejandro_Toledo_0024.jpg,411f292f5d34f3d1e15a70c82a2e5550f9d5a8693e82e815a13e51cbf7611dea,250,250
2,Alejandro_Toledo,enrollment,Alejandro_Toledo_0034.jpg,data/evaluation/enrollment/Alejandro_Toledo/Alejandro_Toledo_0034.jpg,1a1b6236c9e7aa4236f2980ce15e770e30abd0c6486af160507f126f6f69418d,250,250
3,Alejandro_Toledo,validation,Alejandro_Toledo_0004.jpg,data/evaluation/validation/Alejandro_Toledo/Alejandro_Toledo_0004.jpg,0da0df332a0c2701b6ebda91ea1363515fe058edcf31874a7bbe668403a16413,250,250
4,Alejandro_Toledo,validation,Alejandro_Toledo_0012.jpg,data/evaluation/validation/Alejandro_Toledo/Alejandro_Toledo_0012.jpg,a850d98a167f22eaba11e71a80218faa62234da0898d950321acc99e3032e22d,250,250
5,Alejandro_Toledo,validation,Alejandro_Toledo_0011.jpg,data/evaluation/validation/Alejandro_Toledo/Alejandro_Toledo_0011.jpg,bb81b0ededba95b500405fabb45416d5cf01e8e2c8386782574e0ad3e14cc0ef,250,250
6,Alejandro_Toledo,validation,Alejandro_Toledo_0036.jpg,data/evaluation/validation/Alejandro_Toledo/Alejandro_Toledo_0036.jpg,98e58d490d9aaf2db5917d18d2e00e53491f5c2cd1573aad1a297dd24cc93557,250,250
7,Alejandro_Toledo,validation,Alejandro_Toledo_0029.jpg,data/evaluation/validation/Alejandro_Toledo/Alejandro_Toledo_0029.jpg,9b955eaa765fda5b252479d9b7256aa353135aaa1b0026871c03950a5e03652c,250,250
8,Alejandro_Toledo,validation,Alejandro_Toledo_0031.jpg,data/evaluation/validation/Alejandro_Toledo/Alejandro_Toledo_0031.jpg,18014a8c4b35f3f06a39b54d604e58bf78fbf20f3b55d6d1b295bc316cde8f82,250,250
9,Alejandro_Toledo,validation,Alejandro_Toledo_0032.jpg,data/evaluation/validation/Alejandro_Toledo/Alejandro_Toledo_0032.jpg,9bb2fa88bf87246301976be56d923fa9051d27055712cedba23530d258a9c79c,250,250
10,Alejandro_Toledo,validation,Alejandro_Toledo_0023.jpg,data/evaluation/validation/Alejandro_Toledo/Alejandro_Toledo_0023.jpg,2aa5efcd56e63e27daa1a62baf63be5030011b341d30202a7ee213426ddc4f76,250,250
11,Alejandro_Toledo,validation,Alejandro_Toledo_0027.jpg,data/evaluation/validation/Alejandro_Toledo/Alejandro_Toledo_0027.jpg,cf3a8dc8d627afa8600af849fa3f9cfd0673020d47aac087fdce0664c66a2fbc,250,250
12,Alejandro_Toledo,validation,Alejandro_Toledo_0022.jpg,data/evaluation/validation/Alejandro_Toledo/Alejandro_Toledo_0022.jpg,24be4ee3994c01f651406a1fdd0fe570d700f942417974fdca354e6f3576c249,250,250
13,Alejandro_Toledo,validation,Alejandro_Toledo_0013.jpg,data/evaluation/validation/Alejandro_Toledo/Alejandro_Toledo_0013.jpg,98159f5f8c2d63abc288af1a7c24fc4f6effebed879066df4c5356e4751b0133,250,250
14,Alejandro_Toledo,validation,Alejandro_Toledo_0005.jpg,data/evaluation/validation/Alejandro_Toledo/Alejandro_Toledo_0005.jpg,c55de9b2dced75655584f64943ca3082a846af4a9b33b4da28a655ce95eaadb1,250,250
15,Alejandro_Toledo,validation,Alejandro_Toledo_0010.jpg,data/evaluation/validation/Alejandro_Toledo/Alejandro_Toledo_0010.jpg,8c7a458c7d0a51a62664988bc7bcfd5d62a16e2f5e4b91879bfd905126011163,250,250
16,Alejandro_Toledo,validation,Alejandro_Toledo_0035.jpg,data/evaluation/validation/Alejandro_Toledo/Alejandro_Toledo_0035.jpg,788823dad3014eda52395810065e74886dad3b9ece4b2884812977bdf815bb90,250,250
17,Alejandro_Toledo,validation,Alejandro_Toledo_0025.jpg,data/evaluation/validation/Alejandro_Toledo/Alejandro_Toledo_0025.jpg,27f0d8ae4261586f31aa98243f2c75e59b8152671a0ef8f1c0a79827cc70480d,250,250
18,Alejandro_Toledo,validation,Alejandro_Toledo_0030.jpg,data/evaluation/validation/Alejandro_Toledo/Alejandro_Toledo_0030.jpg,c1d99017007ca3669822f37a5afe1847ba3080bea03880cc52dc53adaddf0a69,250,250
19,Alejandro_Toledo,validation,Alejandro_Toledo_0021.jpg,data/evaluation/validation/Alejandro_Toledo/Alejandro_Toledo_0021.jpg,1e155e0e6cd885051768d9138017a842fbfd8bc3e87b746cac300763b740485f,250,250
20,Alejandro_Toledo,validation,Alejandro_Toledo_0026.jpg,data/evaluation/validation/Alejandro_Toledo/Alejandro_Toledo_0026.jpg,d21bc8238600ac9ec572d7ce68dfb4acf5d9463643bcaedf608a948c4c658db0,250,250
21,Alejandro_Toledo,test,Alejandro_Toledo_0037.jpg,data/evaluation/test/Alejandro_Toledo/Alejandro_Toledo_0037.jpg,06a8ef0d7c191680efe07bd39651e62c488b8cc1b262a0f6e3db6de5366b461e,250,250
22,Alejandro_Toledo,test,Alejandro_Toledo_0028.jpg,data/evaluation/test/Alejandro_Toledo/Alejandro_Toledo_0028.jpg,5b3c2eae84eae83a6ed55ff83b13b67cc1329b337196f4dc370837867bfbbc8c,250,250
23,Alejandro_Toledo,test,Alejandro_Toledo_0020.jpg,data/evaluation/test/Alejandro_Toledo/Alejandro_Toledo_0020.jpg,c80ac56ee0baa461269f231af0756841c908d2602758644e62d71feeb8736f9f,250,250
24,Alejandro_Toledo,test,Alejandro_Toledo_0017.jpg,data/evaluation/test/Alejandro_Toledo/Alejandro_Toledo_0017.jpg,3f363a2ab12aa693a60e301fdbffdbcb48eba3284df1faf9f49ac37136546c01,250,250
25,Alejandro_Toledo,test,Alejandro_Toledo_0039.jpg,data/evaluation/test/Alejandro_Toledo/Alejandro_Toledo_0039.jpg,13b4db75df404c4e880666135dfbb3f55acbce3f886c5f058c1a43f5e1aa13c7,250,250
26,Alejandro_Toledo,test,Alejandro_Toledo_0033.jpg,data/evaluation/test/Alejandro_Toledo/Alejandro_Toledo_0033.jpg,b438c188411f7ab7b1991da336a5a4717c4cd1d8d47fe2fce5f1ee0a71eb4436,250,250
27,Alejandro_Toledo,test,Alejandro_Toledo_0003.jpg,data/evaluation/test/Alejandro_Toledo/Alejandro_Toledo_0003.jpg,4882e2c5f05c1f647414675156bb2e28ef7789b11b12ccec8c491771f77c7443,250,250
28,Alejandro_Toledo,test,Alejandro_Toledo_0001.jpg,data/evaluation/test/Alejandro_Toledo/Alejandro_Toledo_0001.jpg,0747398c2667823a53e393409d2f1f545f7839cc6cb3e889f72df506c33ce37c,250,250
29,Alejandro_Toledo,test,Alejandro_Toledo_0038.jpg,data/evaluation/test/Alejandro_Toledo/Alejandro_Toledo_0038.jpg,03076923b6dd919f3660adeb51da95264c6aca404e783995b85b6c36fb3c5c55,250,250
30,Alejandro_Toledo,test,Alejandro_Toledo_0014.jpg,data/evaluation/test/Alejandro_Toledo/Alejandro_Toledo_0014.jpg,f7fa9b8516e888bb97f1c9133d8bf67ec58e65dcde3cd0dfac0ee554959561fd,250,250
31,Alejandro_Toledo,test,Alejandro_Toledo_0019.jpg,data/evaluation/test/Alejandro_Toledo/Alejandro_Toledo_0019.jpg,a1b4c5b120829f85f998d8a6cc29f257e4206d03fa99d6c29d5429e98e9d7495,250,250
32,Alejandro_Toledo,test,Alejandro_Toledo_0006.jpg,data/evaluation/test/Alejandro_Toledo/Alejandro_Toledo_0006.jpg,169c43682c8f50b05189bf74bb4714ea80144d80501d7fbaa0281aec7c6ae588,250,250
33,Alejandro_Toledo,test,Alejandro_Toledo_0007.jpg,data/evaluation/test/Alejandro_Toledo/Alejandro_Toledo_0007.jpg,b6a089493237f52bc23431968ab87605c742f1394276e89b1e671cb36ed861d7,250,250
34,Alejandro_Toledo,test,Alejandro_Toledo_0009.jpg,data/evaluation/test/Alejandro_Toledo/Alejandro_Toledo_0009.jpg,45032482c423a58982acb0ea5b623152d813a9dbc9b4a6dc2eb92bdc3fef6a02,250,250
35,Alejandro_Toledo,test,Alejandro_Toledo_0015.jpg,data/evaluation/test/Alejandro_Toledo/Alejandro_Toledo_0015.jpg,78ac2143f79c8ca8859ada0778b2b61b6e0914ab94d7fa371ef23d740e5ee95a,250,250
36,Alejandro_Toledo,test,Alejandro_Toledo_0016.jpg,data/evaluation/test/Alejandro_Toledo/Alejandro_Toledo_0016.jpg,5e8bc4e3d48ae38380696c7bb48df01ec8aa1182e69a296c9e76c93afe32d463,250,250
37,Alejandro_Toledo,test,Alejandro_Toledo_0018.jpg,data/evaluation/test/Alejandro_Toledo/Alejandro_Toledo_0018.jpg,26e2ebde0fa8fc04d561c55730f999e9a74b16591dcd7d23179a87503cbbdec2,250,250
38,Alejandro_Toledo,test,Alejandro_Toledo_0002.jpg,data/evaluation/test/Alejandro_Toledo/Alejandro_Toledo_0002.jpg,acf5a83da70c71c46b5ddaced49cf997dc95e0615cf2c272f1679cd3bb9644e2,250,250
39,Alejandro_Toledo,test,Alejandro_Toledo_0008.jpg,data/evaluation/test/Alejandro_Toledo/Alejandro_Toledo_0008.jpg,bf902e4e38696ab1d2a545cf2b52d5a3af028d3dca807bcf5bb0d7c621aac300,250,250
40,Alvaro_Uribe,enrollment,Alvaro_Uribe_0001.jpg,data/evaluation/enrollment/Alvaro_Uribe/Alvaro_Uribe_0001.jpg,068a35b7fcaf13b7db87c97818700d57c001e3a08acc478cbe6cb09cb8356095,250,250
41,Alvaro_Uribe,enrollment,Alvaro_Uribe_0019.jpg,data/evaluation/enrollment/Alvaro_Uribe/Alvaro_Uribe_0019.jpg,02239b6cf884f953aa4dcf202c4996019104325810b9421c0a8a49ee06856df9,250,250
42,Alvaro_Uribe,validation,Alvaro_Uribe_0006.jpg,data/evaluation/validation/Alvaro_Uribe/Alvaro_Uribe_0006.jpg,1347d7eb89ae8f11038a1ac9d99203a35d9320dd566d9490a4421ca3dd0544f7,250,250
43,Alvaro_Uribe,validation,Alvaro_Uribe_0009.jpg,data/evaluation/validation/Alvaro_Uribe/Alvaro_Uribe_0009.jpg,f06d71a1bef92cf9bca915b17642242d2b65d232c19cf511417aeacbfaa28f09,250,250
44,Alvaro_Uribe,validation,Alvaro_Uribe_0008.jpg,data/evaluation/validation/Alvaro_Uribe/Alvaro_Uribe_0008.jpg,5fe79811ec975d119873007086b12c6c6aa8172dbe140a23e47ddb73a312bb61,250,250
45,Alvaro_Uribe,validation,Alvaro_Uribe_0022.jpg,data/evaluation/validation/Alvaro_Uribe/Alvaro_Uribe_0022.jpg,2081c046f2bf6fe252f16d984d209e249d51b24f687787e7693028884deb3b4c,250,250
46,Alvaro_Uribe,validation,Alvaro_Uribe_0032.jpg,data/evaluation/validation/Alvaro_Uribe/Alvaro_Uribe_0032.jpg,45e75770d5891faa854874da8f26ae2655273a557f043afbcbdda0bce4413907,250,250
47,Alvaro_Uribe,validation,Alvaro_Uribe_0033.jpg,data/evaluation/validation/Alvaro_Uribe/Alvaro_Uribe_0033.jpg,3c37abec8ebeb2c50b07268dbaf21bb7cff3ac82c7a8b85e880836c685377352,250,250
48,Alvaro_Uribe,validation,Alvaro_Uribe_0028.jpg,data/evaluation/validation/Alvaro_Uribe/Alvaro_Uribe_0028.jpg,0ba5324d4891607182b5ed891227fc07025051646fbafe2701b55f06ec3c68c0,250,250
49,Alvaro_Uribe,validation,Alvaro_Uribe_0014.jpg,data/evaluation/validation/Alvaro_Uribe/Alvaro_Uribe_0014.jpg,a46553cb26c344de15ed70fe8eb5746f5b520205380452a85333fdf48b6854ae,250,250
50,Alvaro_Uribe,validation,Alvaro_Uribe_0016.jpg,data/evaluation/validation/Alvaro_Uribe/Alvaro_Uribe_0016.jpg,85ac4579af8097da40824283a4f065e0764432158ab53406717fbaa2efaf0f85,250,250
51,Alvaro_Uribe,validation,Alvaro_Uribe_0005.jpg,data/evaluation/validation/Alvaro_Uribe/Alvaro_Uribe_0005.jpg,c6bd258b57953c853eed6aaa50a1f971f2afff8f4dd35c149186ae7f2ee81272,250,250
52,Alvaro_Uribe,validation,Alvaro_Uribe_0025.jpg,data/evaluation/validation/Alvaro_Uribe/Alvaro_Uribe_0025.jpg,e7b508e11c8fa2ee7221d2b220ee6ce0a4d57959fc01fa25a5de70d458da9a64,250,250
53,Alvaro_Uribe,validation,Alvaro_Uribe_0031.jpg,data/evaluation/validation/Alvaro_Uribe/Alvaro_Uribe_0031.jpg,72f8181eb1e73904376aab21067531da66d267dc713f357c50ae2caad3655c4f,250,250
54,Alvaro_Uribe,validation,Alvaro_Uribe_0011.jpg,data/evaluation/validation/Alvaro_Uribe/Alvaro_Uribe_0011.jpg,7530a90302068c10c434411dc6bf9d872bc82bfdd4f901949407201ccbee2243,250,250
55,Alvaro_Uribe,validation,Alvaro_Uribe_0030.jpg,data/evaluation/validation/Alvaro_Uribe/Alvaro_Uribe_0030.jpg,0d067f1538977e8260b95a24df86f81adc891475bf480906effb2bed4b71951a,250,250
56,Alvaro_Uribe,validation,Alvaro_Uribe_0029.jpg,data/evaluation/validation/Alvaro_Uribe/Alvaro_Uribe_0029.jpg,2a5203b10d3374c57697f87cd11ffcb1c318000da3988b9a889d646cd4e356d7,250,250
57,Alvaro_Uribe,validation,Alvaro_Uribe_0035.jpg,data/evaluation/validation/Alvaro_Uribe/Alvaro_Uribe_0035.jpg,080a13655ac225ca6d0a3bbdc10d900b8afa0d53119fcd7f41b2f631f0fd5f52,250,250
58,Alvaro_Uribe,test,Alvaro_Uribe_0012.jpg,data/evaluation/test/Alvaro_Uribe/Alvaro_Uribe_0012.jpg,6e327a6b75f09b575441e55d848d9fd93af043f207d70f7ff4135095c1715b06,250,250
59,Alvaro_Uribe,test,Alvaro_Uribe_0020.jpg,data/evaluation/test/Alvaro_Uribe/Alvaro_Uribe_0020.jpg,0c97a6d17d6aed0638871a5e9d9f47e2be84ab91e47602b63294cc01c7d85013,250,250
60,Alvaro_Uribe,test,Alvaro_Uribe_0021.jpg,data/evaluation/test/Alvaro_Uribe/Alvaro_Uribe_0021.jpg,9dff651581f6c431a5ec7224d426dedad00463fef8d1d6cd6a41658331ace189,250,250
61,Alvaro_Uribe,test,Alvaro_Uribe_0010.jpg,data/evaluation/test/Alvaro_Uribe/Alvaro_Uribe_0010.jpg,ef731b7932e39155ab92cedc5ff6f5f4db5c20acca67f2239797da7cc8d343f2,250,250
62,Alvaro_Uribe,test,Alvaro_Uribe_0027.jpg,data/evaluation/test/Alvaro_Uribe/Alvaro_Uribe_0027.jpg,d15cd453faad150faf86ba7c02b4bf811d5a5c3d9ddf7ae6beaaedf0e2a79e34,250,250
63,Alvaro_Uribe,test,Alvaro_Uribe_0003.jpg,data/evaluation/test/Alvaro_Uribe/Alvaro_Uribe_0003.jpg,44153e3890c7986e11bced4eb14e2ed179603f4ff09f926990c13111c1c9a45f,250,250
64,Alvaro_Uribe,test,Alvaro_Uribe_0013.jpg,data/evaluation/test/Alvaro_Uribe/Alvaro_Uribe_0013.jpg,9da020aca7dc725a4973bb9735da6bcf47a2d67751dcc95dc9404093ca0a72ba,250,250
65,Alvaro_Uribe,test,Alvaro_Uribe_0004.jpg,data/evaluation/test/Alvaro_Uribe/Alvaro_Uribe_0004.jpg,d442bfbfd9bccc8f8756bcb5e01fe302474a7969c982123ce20f6b385074a704,250,250
66,Alvaro_Uribe,test,Alvaro_Uribe_0018.jpg,data/evaluation/test/Alvaro_Uribe/Alvaro_Uribe_0018.jpg,093848a388c1947628744d990917fcfb6128d6724845037a9ffeace5e184a26c,250,250
67,Alvaro_Uribe,test,Alvaro_Uribe_0015.jpg,data/evaluation/test/Alvaro_Uribe/Alvaro_Uribe_0015.jpg,7ffed95f67a4b0609d3150792666da400174a12467533c871b8a03d0a71c5afd,250,250
68,Alvaro_Uribe,test,Alvaro_Uribe_0024.jpg,data/evaluation/test/Alvaro_Uribe/Alvaro_Uribe_0024.jpg,f7b8d31355375d2576eef26d98c0b0a0f6acc5c4706a4193f694e3172111117d,250,250
69,Alvaro_Uribe,test,Alvaro_Uribe_0002.jpg,data/evaluation/test/Alvaro_Uribe/Alvaro_Uribe_0002.jpg,7dc8a34419b831b21406b2552bd94308435d4fc08d605c3829241a721d8a4090,250,250
70,Alvaro_Uribe,test,Alvaro_Uribe_0026.jpg,data/evaluation/test/Alvaro_Uribe/Alvaro_Uribe_0026.jpg,aacd0ab4c26e93491cd50711f3aab3ab9b537fd69bc7c9cffeb19a3f1d69fca9,250,250
71,Alvaro_Uribe,test,Alvaro_Uribe_0017.jpg,data/evaluation/test/Alvaro_Uribe/Alvaro_Uribe_0017.jpg,c92f8ebe02652cbe42a894ec4229d24fb51088cb6704285ed76e8b73eec3036f,250,250
72,Alvaro_Uribe,test,Alvaro_Uribe_0034.jpg,data/evaluation/test/Alvaro_Uribe/Alvaro_Uribe_0034.jpg,8567ae6215cf91c756218934a216d78911e8e44ceb2d604d465faf6f14914782,250,250
73,Alvaro_Uribe,test,Alvaro_Uribe_0023.jpg,data/evaluation/test/Alvaro_Uribe/Alvaro_Uribe_0023.jpg,7caac371134f00c8001fb69b7f8033c5a27b20e36b3d916bc9670593e3876163,250,250
74,Alvaro_Uribe,test,Alvaro_Uribe_0007.jpg,data/evaluation/test/Alvaro_Uribe/Alvaro_Uribe_0007.jpg,be2a39c3aa57eb5c2eb8815eaec2bf75a4cae461d67c94aaa4cd9fc326a3006e,250,250
75,Amelie_Mauresmo,enrollment,Amelie_Mauresmo_0013.jpg,data/evaluation/enrollment/Amelie_Mauresmo/Amelie_Mauresmo_0013.jpg,dc4fa169ac50a25044c89f90ad910adbcaa701c749492997acfb37d4fdbd5f9c,250,250
76,Amelie_Mauresmo,enrollment,Amelie_Mauresmo_0012.jpg,data/evaluation/enrollment/Amelie_Mauresmo/Amelie_Mauresmo_0012.jpg,e46db3601867254d753b7862b4b86f750448ee59ef0d6d7b0cbfa5107d72a7ca,250,250
77,Amelie_Mauresmo,validation,Amelie_Mauresmo_0014.jpg,data/evaluation/validation/Amelie_Mauresmo/Amelie_Mauresmo_0014.jpg,57318433ef62d66e37d1eea95b445068eeb4a8f773d7b15ee45ee8a91701ba7c,250,250
78,Amelie_Mauresmo,validation,Amelie_Mauresmo_0010.jpg,data/evaluation/validation/Amelie_Mauresmo/Amelie_Mauresmo_0010.jpg,47e86696271df9e61be17e67bbcb09c6ec0cb94808b96aa2e60b2a7ab8bca0b2,250,250
79,Amelie_Mauresmo,validation,Amelie_Mauresmo_0019.jpg,data/evaluation/validation/Amelie_Mauresmo/Amelie_Mauresmo_0019.jpg,f084bed4a62bd3184a71a44c6ed98869b03bed40b3c5684284d90b62e83fc99f,250,250
80,Amelie_Mauresmo,validation,Amelie_Mauresmo_0015.jpg,data/evaluation/validation/Amelie_Mauresmo/Amelie_Mauresmo_0015.jpg,e0ace54e8566bc0634a5e48faa4060901fbc29c7e5196a20606b37d6392eaa10,250,250
81,Amelie_Mauresmo,validation,Amelie_Mauresmo_0002.jpg,data/evaluation/validation/Amelie_Mauresmo/Amelie_Mauresmo_0002.jpg,4f3740adede7f8a1cd5e0ad07000a91b0b31ea0f17c9249abea767ec7f613250,250,250
82,Amelie_Mauresmo,validation,Amelie_Mauresmo_0001.jpg,data/evaluation/validation/Amelie_Mauresmo/Amelie_Mauresmo_0001.jpg,8890b1410e76bc7b102133ec58ab5a91f8e1c76c5f05c2c09307b2248c09fc6b,250,250
83,Amelie_Mauresmo,validation,Amelie_Mauresmo_0016.jpg,data/evaluation/validation/Amelie_Mauresmo/Amelie_Mauresmo_0016.jpg,9d78ad38964f0d33729d4f4a2aae83da7a9be58dbdd4abb9bdc12b8d68948a5b,250,250
84,Amelie_Mauresmo,validation,Amelie_Mauresmo_0004.jpg,data/evaluation/validation/Amelie_Mauresmo/Amelie_Mauresmo_0004.jpg,13d8c8d64c97982011f8628f3d3a2a2a1aa80696f6af54638e53c866fde6f6cd,250,250
85,Amelie_Mauresmo,validation,Amelie_Mauresmo_0020.jpg,data/evaluation/validation/Amelie_Mauresmo/Amelie_Mauresmo_0020.jpg,0712a225ae5215587fb7de56c5b1935a52c3637a095cc18f3f56658145929b7f,250,250
86,Amelie_Mauresmo,test,Amelie_Mauresmo_0011.jpg,data/evaluation/test/Amelie_Mauresmo/Amelie_Mauresmo_0011.jpg,d60b7bb539f61e7ccc6a284bef9caf3c94393b24f660d13d677e4c9f68cf7552,250,250
87,Amelie_Mauresmo,test,Amelie_Mauresmo_0005.jpg,data/evaluation/test/Amelie_Mauresmo/Amelie_Mauresmo_0005.jpg,d68e6eee96ddf77561650132273638f2068a531b6d0adf45fe98a2c7268879ce,250,250
88,Amelie_Mauresmo,test,Amelie_Mauresmo_0021.jpg,data/evaluation/test/Amelie_Mauresmo/Amelie_Mauresmo_0021.jpg,97657407f70069579dde24e30869a7eb9d5df24b412f5e77ca351639e619487d,250,250
89,Amelie_Mauresmo,test,Amelie_Mauresmo_0017.jpg,data/evaluation/test/Amelie_Mauresmo/Amelie_Mauresmo_0017.jpg,894b0023342808b171d154c996739e9ea3aae52060e676d938a0d9b587610ebc,250,250
90,Amelie_Mauresmo,test,Amelie_Mauresmo_0018.jpg,data/evaluation/test/Amelie_Mauresmo/Amelie_Mauresmo_0018.jpg,ecbcef0c313a540f2d53f0dd1d5338e09efd7b7c7d9dcafdf9c91df038af7945,250,250
91,Amelie_Mauresmo,test,Amelie_Mauresmo_0008.jpg,data/evaluation/test/Amelie_Mauresmo/Amelie_Mauresmo_0008.jpg,863adda2201455e23aa7d40ba8d82c4ff33c8d72d725a8f8e892d83c6ad74ecc,250,250
92,Amelie_Mauresmo,test,Amelie_Mauresmo_0006.jpg,data/evaluation/test/Amelie_Mauresmo/Amelie_Mauresmo_0006.jpg,45766a182af9054fb9c2151cab61fc975c5ff1f88c0daa47d6d519c82fcf6c33,250,250
93,Amelie_Mauresmo,test,Amelie_Mauresmo_0003.jpg,data/evaluation/test/Amelie_Mauresmo/Amelie_Mauresmo_0003.jpg,c3b6b5c6a70dcf43e8e407352b7d029e1516d64963e8daf78dec38792718f7f9,250,250
94,Amelie_Mauresmo,test,Amelie_Mauresmo_0009.jpg,data/evaluation/test/Amelie_Mauresmo/Amelie_Mauresmo_0009.jpg,5ab461e29553c5492588bfc2cd1ab6b11397b89c82ae855881ae8d447d50c6f8,250,250
95,Amelie_Mauresmo,test,Amelie_Mauresmo_0007.jpg,data/evaluation/test/Amelie_Mauresmo/Amelie_Mauresmo_0007.jpg,276d046972d51e94d2a615c7f83f557eac3c400b4a9299151462f25844130ad0,250,250
96,Andre_Agassi,enrollment,Andre_Agassi_0025.jpg,data/evaluation/enrollment/Andre_Agassi/Andre_Agassi_0025.jpg,d4e7fd62eb8bea684a26906c219f35e46e3ce889caad05c6cd68c7a5bd770a7a,250,250
97,Andre_Agassi,enrollment,Andre_Agassi_0022.jpg,data/evaluation/enrollment/Andre_Agassi/Andre_Agassi_0022.jpg,047048cbde1f878e4066f49a9b8e5b21a6e0ad27e43ce2bf2cd4e10cb209111c,250,250
98,Andre_Agassi,validation,Andre_Agassi_0010.jpg,data/evaluation/validation/Andre_Agassi/Andre_Agassi_0010.jpg,d2fd054af8a5dbe0073b541187f4169380f16cb2109d50c2ba18ac520a7152a4,250,250
99,Andre_Agassi,validation,Andre_Agassi_0011.jpg,data/evaluation/validation/Andre_Agassi/Andre_Agassi_0011.jpg,38d10160cb74cc14a29a729494a89cc2d78da9468661a6518b7a312b625f6c95,250,250
100,Andre_Agassi,validation,Andre_Agassi_0004.jpg,data/evaluation/validation/Andre_Agassi/Andre_Agassi_0004.jpg,c83b495586022d170395a9fb01902a12f2772f778e3416964825bab3d29709ed,250,250
101,Andre_Agassi,validation,Andre_Agassi_0006.jpg,data/evaluation/validation/Andre_Agassi/Andre_Agassi_0006.jpg,9a498b94ab17ffe8509c3d30284b6554d7c88a93732419d7b0af07409b2a30f3,250,250
102,Andre_Agassi,validation,Andre_Agassi_0007.jpg,data/evaluation/validation/Andre_Agassi/Andre_Agassi_0007.jpg,c3c01ac9f10e754dad2bf8a0a73f25b866037b147f3795baba4bd6cff0c65c90,250,250
103,Andre_Agassi,validation,Andre_Agassi_0020.jpg,data/evaluation/validation/Andre_Agassi/Andre_Agassi_0020.jpg,bdadcb711af0d15965fa3fba1877c3af5310ce24a701e7bd8829d91dbd85eead,250,250
104,Andre_Agassi,validation,Andre_Agassi_0028.jpg,data/evaluation/validation/Andre_Agassi/Andre_Agassi_0028.jpg,1c5a9a3565d629650f3053e8e99364dabea1f6f6b2a782d488022be9424bc971,250,250
105,Andre_Agassi,validation,Andre_Agassi_0017.jpg,data/evaluation/validation/Andre_Agassi/Andre_Agassi_0017.jpg,ef798ee2ea7b85ec5a64a37c725c16b8e29e3df89db7ef39fa64e3ffa1ba4d26,250,250
106,Andre_Agassi,validation,Andre_Agassi_0001.jpg,data/evaluation/validation/Andre_Agassi/Andre_Agassi_0001.jpg,6ef20689e9adbc70d63e755e11ff67762ff13655fde1cfccab1f3034ed7e7022,250,250
107,Andre_Agassi,validation,Andre_Agassi_0002.jpg,data/evaluation/validation/Andre_Agassi/Andre_Agassi_0002.jpg,ef7978e232c1827b8dca863d7d0e847b86fcb1b3380678f7cf45dbc6549f1e74,250,250
108,Andre_Agassi,validation,Andre_Agassi_0016.jpg,data/evaluation/validation/Andre_Agassi/Andre_Agassi_0016.jpg,8b49046d4c8707e40426753d0aa5ecaf6cbeac6bbccce4e22652a9126aaa98c2,250,250
109,Andre_Agassi,validation,Andre_Agassi_0031.jpg,data/evaluation/validation/Andre_Agassi/Andre_Agassi_0031.jpg,c34557f4073f5bc55901b69b8be4ec20e9d84514f6ed5c8ce13896edecc37272,250,250
110,Andre_Agassi,validation,Andre_Agassi_0003.jpg,data/evaluation/validation/Andre_Agassi/Andre_Agassi_0003.jpg,c017071202af42e0c2087da9632d813636de646dac94e00266a068ab48d33915,250,250
111,Andre_Agassi,validation,Andre_Agassi_0024.jpg,data/evaluation/validation/Andre_Agassi/Andre_Agassi_0024.jpg,b3547431acf35adf5a62d34bc766d5065e35b8f69f60043a58b8b37b9d6010f6,250,250
112,Andre_Agassi,validation,Andre_Agassi_0012.jpg,data/evaluation/validation/Andre_Agassi/Andre_Agassi_0012.jpg,3a1ba10225f6489c2a47c6ce1895f496d7dc7423ea285ed55c67c80233a75e3f,250,250
113,Andre_Agassi,validation,Andre_Agassi_0013.jpg,data/evaluation/validation/Andre_Agassi/Andre_Agassi_0013.jpg,141b69fa7f2591c8afa1b39daaad21ed52c4a887a51354b15f70f81ecc6e7536,250,250
114,Andre_Agassi,validation,Andre_Agassi_0034.jpg,data/evaluation/validation/Andre_Agassi/Andre_Agassi_0034.jpg,d9cbd9e4d576fa02e51cca318903836bad5b024fa0ffa2a059bdb56ea7ac0cc0,250,250
115,Andre_Agassi,test,Andre_Agassi_0019.jpg,data/evaluation/test/Andre_Agassi/Andre_Agassi_0019.jpg,07beb89cec21f13da535ba9ae3d51d254b72a01e81e20d3538dd4479a87ba018,250,250
116,Andre_Agassi,test,Andre_Agassi_0033.jpg,data/evaluation/test/Andre_Agassi/Andre_Agassi_0033.jpg,f373f0157f06dc2114adff97777bcd159004e8db4d7a7c53a7335ada85bc327c,250,250
117,Andre_Agassi,test,Andre_Agassi_0023.jpg,data/evaluation/test/Andre_Agassi/Andre_Agassi_0023.jpg,6f21d9546352120ec5591f10afb18113008014d6e925454f6aced848ab8e4895,250,250
118,Andre_Agassi,test,Andre_Agassi_0018.jpg,data/evaluation/test/Andre_Agassi/Andre_Agassi_0018.jpg,e3b2855a0f02f37b9d048f57df3849e7a4448e18663d2010fc6813c23f76ac25,250,250
119,Andre_Agassi,test,Andre_Agassi_0008.jpg,data/evaluation/test/Andre_Agassi/Andre_Agassi_0008.jpg,199d04633cd88cabeab6c9950f1b365761283c1fb9a5a0f8a957198eec9fad2f,250,250
120,Andre_Agassi,test,Andre_Agassi_0027.jpg,data/evaluation/test/Andre_Agassi/Andre_Agassi_0027.jpg,36e970299b7d4297e015a1c2c1588fcc4eeeb4a80dd4a03074cc34b4a4e4d0ad,250,250
121,Andre_Agassi,test,Andre_Agassi_0009.jpg,data/evaluation/test/Andre_Agassi/Andre_Agassi_0009.jpg,41147be35ad7a5d90b9b6b2060da97c6a30654c45919d2833cf79dbdad6861b7,250,250
122,Andre_Agassi,test,Andre_Agassi_0005.jpg,data/evaluation/test/Andre_Agassi/Andre_Agassi_0005.jpg,3191b11aa5c2e8c4ca3b592b0aa01151310a2b4b12e9277e7fd8f8eaef4dab0b,250,250
123,Andre_Agassi,test,Andre_Agassi_0015.jpg,data/evaluation/test/Andre_Agassi/Andre_Agassi_0015.jpg,595eab4fa867e5a4429a67a3d1e0dbce4df238901eccc89d078de2a1a4729378,250,250
124,Andre_Agassi,test,Andre_Agassi_0035.jpg,data/evaluation/test/Andre_Agassi/Andre_Agassi_0035.jpg,9bbc6d1e76afe3842167fc989a58d6c02f1bf0ad3eda3e29d8bbc247bfbbf0ef,250,250
125,Andre_Agassi,test,Andre_Agassi_0030.jpg,data/evaluation/test/Andre_Agassi/Andre_Agassi_0030.jpg,c40a5d2497daffc8a65927890567a0324f45337733495883d6ea9af9c0f301fc,250,250
126,Andre_Agassi,test,Andre_Agassi_0029.jpg,data/evaluation/test/Andre_Agassi/Andre_Agassi_0029.jpg,a9740c3eb19f770bf3af153d161cfd30c88253c88e101622c39964ca84876ed5,250,250
127,Andre_Agassi,test,Andre_Agassi_0026.jpg,data/evaluation/test/Andre_Agassi/Andre_Agassi_0026.jpg,5209d276d6d4b651a0e27d137fb61624180677d2cf6c8d22369bccfac4dcf9b1,250,250
128,Andre_Agassi,test,Andre_Agassi_0032.jpg,data/evaluation/test/Andre_Agassi/Andre_Agassi_0032.jpg,5c6e9787a4de5cda90774af54403c8d2472c22aff1e8fb0ba36435c8254d705a,250,250
129,Andre_Agassi,test,Andre_Agassi_0036.jpg,data/evaluation/test/Andre_Agassi/Andre_Agassi_0036.jpg,8c9100ef72bcb0b4d09406a0cd4b4e83ad9ca4339deb9e8fc5c2caa5ce8b7866,250,250
130,Andre_Agassi,test,Andre_Agassi_0021.jpg,data/evaluation/test/Andre_Agassi/Andre_Agassi_0021.jpg,c9dd868dcd9b8809f020fcb420b459d0c3aa2166dba6733bc84e14ed87a13708,250,250
131,Andre_Agassi,test,Andre_Agassi_0014.jpg,data/evaluation/test/Andre_Agassi/Andre_Agassi_0014.jpg,aae84819ec3c34507b03e5d5f4d4ca08689527f807108c3352a5d94d4a4562b1,250,250
132,Angelina_Jolie,enrollment,Angelina_Jolie_0007.jpg,data/evaluation/enrollment/Angelina_Jolie/Angelina_Jolie_0007.jpg,86176e915f41a228cd2637b3a9b315fa620745718ac5f7aad9b6fbe16064a36d,250,250
133,Angelina_Jolie,enrollment,Angelina_Jolie_0010.jpg,data/evaluation/enrollment/Angelina_Jolie/Angelina_Jolie_0010.jpg,9ed0fea041aed68de411d47dbde8964377ce9600dbaf98d836682107dcc37049,250,250
134,Angelina_Jolie,validation,Angelina_Jolie_0016.jpg,data/evaluation/validation/Angelina_Jolie/Angelina_Jolie_0016.jpg,c7efd89d7cda30872a4e6306baa572728e15ea2af847175b4932923ca2e668bb,250,250
135,Angelina_Jolie,validation,Angelina_Jolie_0014.jpg,data/evaluation/validation/Angelina_Jolie/Angelina_Jolie_0014.jpg,ae3560f85c77ee9abc50e54abc74455ba61738417580d47c155ab01cc1c9a06c,250,250
136,Angelina_Jolie,validation,Angelina_Jolie_0008.jpg,data/evaluation/validation/Angelina_Jolie/Angelina_Jolie_0008.jpg,e137239176298b85f2ba096410044f891c18de39313dad7e28cdac05c465783a,250,250
137,Angelina_Jolie,validation,Angelina_Jolie_0004.jpg,data/evaluation/validation/Angelina_Jolie/Angelina_Jolie_0004.jpg,c337ec91488f1d3cead2324bed9ec0f97b146245b911753cd751245fab7de29a,250,250
138,Angelina_Jolie,validation,Angelina_Jolie_0003.jpg,data/evaluation/validation/Angelina_Jolie/Angelina_Jolie_0003.jpg,4c5856a098a45fd4fa24abea50437d79ba4cb5afc61e2de08fd32b283a2ed7c0,250,250
139,Angelina_Jolie,validation,Angelina_Jolie_0013.jpg,data/evaluation/validation/Angelina_Jolie/Angelina_Jolie_0013.jpg,df1a418c0596ce84ef8c83611c4d2ff3933088298f5078531ddd55ae2ac72111,250,250
140,Angelina_Jolie,validation,Angelina_Jolie_0006.jpg,data/evaluation/validation/Angelina_Jolie/Angelina_Jolie_0006.jpg,c839bf74540d9f7e2c27a537e70ae8f3ef4f85cf10ea2d9da5c5771043ff9d6b,250,250
141,Angelina_Jolie,validation,Angelina_Jolie_0005.jpg,data/evaluation/validation/Angelina_Jolie/Angelina_Jolie_0005.jpg,1569fef825c51bd16bc0abd9ba8a3c3eb275799440fe6940318e97a25ed23346,250,250
142,Angelina_Jolie,validation,Angelina_Jolie_0018.jpg,data/evaluation/validation/Angelina_Jolie/Angelina_Jolie_0018.jpg,716a15a486d5cc8a80aea59b7de06cde0caca6a51b01bf9dae38d13607d8c621,250,250
143,Angelina_Jolie,test,Angelina_Jolie_0019.jpg,data/evaluation/test/Angelina_Jolie/Angelina_Jolie_0019.jpg,b09acbdd77479450bdae37ce892f4760e05fb9e7bdb58e8259ca4aab5dea6c5b,250,250
144,Angelina_Jolie,test,Angelina_Jolie_0002.jpg,data/evaluation/test/Angelina_Jolie/Angelina_Jolie_0002.jpg,59e210c2e640dca0f98ccaa948b86c0996437bb56147c38217590e2cb50411c0,250,250
145,Angelina_Jolie,test,Angelina_Jolie_0012.jpg,data/evaluation/test/Angelina_Jolie/Angelina_Jolie_0012.jpg,f49da68348e56cace2586dbf19e12cea407383038544e5048198a5e249d39cb4,250,250
146,Angelina_Jolie,test,Angelina_Jolie_0011.jpg,data/evaluation/test/Angelina_Jolie/Angelina_Jolie_0011.jpg,cb7ea53e6d4a69fe087beb55e7321b23ac3f223ff45543a80b3b27653fc395ed,250,250
147,Angelina_Jolie,test,Angelina_Jolie_0001.jpg,data/evaluation/test/Angelina_Jolie/Angelina_Jolie_0001.jpg,58066ffbfb97e6e138bf397138194258d21cde03ec3703c68579012b55e4d593,250,250
148,Angelina_Jolie,test,Angelina_Jolie_0009.jpg,data/evaluation/test/Angelina_Jolie/Angelina_Jolie_0009.jpg,39c5ebd0a3ce0aed80c948faf65c2d77417cd5a489348e3228439922151d9b29,250,250
149,Angelina_Jolie,test,Angelina_Jolie_0017.jpg,data/evaluation/test/Angelina_Jolie/Angelina_Jolie_0017.jpg,e1c5f1df86dc3f5045c5c999cb8d1bc94130bfc50865eeda704fe2fd09cafb51,250,250
150,Angelina_Jolie,test,Angelina_Jolie_0015.jpg,data/evaluation/test/Angelina_Jolie/Angelina_Jolie_0015.jpg,7f1d628cbb25cedeb22fbc7e324fd7aebd8742fc73fbf7e7f5b1e638377dfb9d,250,250
151,Angelina_Jolie,test,Angelina_Jolie_0020.jpg,data/evaluation/test/Angelina_Jolie/Angelina_Jolie_0020.jpg,330a8875d4f51081046f935e5c389f06892281c134b829e792217e30a80b8543,250,250
152,Ariel_Sharon,enrollment,Ariel_Sharon_0045.jpg,data/evaluation/enrollment/Ariel_Sharon/Ariel_Sharon_0045.jpg,23fbea6b6eb8db7958db1476394f5fcc9eab19776c80c5baf01e876d25d583fd,250,250
153,Ariel_Sharon,enrollment,Ariel_Sharon_0007.jpg,data/evaluation/enrollment/Ariel_Sharon/Ariel_Sharon_0007.jpg,5b79e25fb4aa64abf8e1a19640b8c10b8600ad34140adb0e75ddab22bef68a3e,250,250
154,Ariel_Sharon,validation,Ariel_Sharon_0010.jpg,data/evaluation/validation/Ariel_Sharon/Ariel_Sharon_0010.jpg,35f6695ad69eadf44e98c32a21d639d2c52e132d2b8e4d6c989c5a779a5c7849,250,250
155,Ariel_Sharon,validation,Ariel_Sharon_0038.jpg,data/evaluation/validation/Ariel_Sharon/Ariel_Sharon_0038.jpg,ee4d0923dbd7e42c1dfad5eca9a82fdf0fc128f726b1da9cd3eee9292de37091,250,250
156,Ariel_Sharon,validation,Ariel_Sharon_0059.jpg,data/evaluation/validation/Ariel_Sharon/Ariel_Sharon_0059.jpg,2d42ff63b8d9ccbaea87e965f1e3e692bc9a2ac0fee178ef0e33bd01ab7db9bf,250,250
157,Ariel_Sharon,validation,Ariel_Sharon_0073.jpg,data/evaluation/validation/Ariel_Sharon/Ariel_Sharon_0073.jpg,d1febc29d3bbc2661d0fb13a4647369d4b0d5f8eb6c0b88da65d79d99aa1488a,250,250
158,Ariel_Sharon,validation,Ariel_Sharon_0069.jpg,data/evaluation/validation/Ariel_Sharon/Ariel_Sharon_0069.jpg,4c65f8ee83b6fc9e2cc6fa3f58b18e91de723e433c9ab007982656d2397989e2,250,250
159,Ariel_Sharon,validation,Ariel_Sharon_0053.jpg,data/evaluation/validation/Ariel_Sharon/Ariel_Sharon_0053.jpg,4c6ece4d33690de09182f434a760498eda741541ef0d7cf195b4c46791c0edab,250,250
160,Ariel_Sharon,validation,Ariel_Sharon_0051.jpg,data/evaluation/validation/Ariel_Sharon/Ariel_Sharon_0051.jpg,c9e0e14c492d63c92641aaea67e957a766bcad1d80e21780ac0259bc81b12441,250,250
161,Ariel_Sharon,validation,Ariel_Sharon_0066.jpg,data/evaluation/validation/Ariel_Sharon/Ariel_Sharon_0066.jpg,0486c60029060f5c6574e27b9ae4cf77f1aa220e51f398b42a6c584c85423970,250,250
162,Ariel_Sharon,validation,Ariel_Sharon_0002.jpg,data/evaluation/validation/Ariel_Sharon/Ariel_Sharon_0002.jpg,f430bc89515a2064173ad855cc8fd3d422127ac091853fe26685287739d66ab6,250,250
163,Ariel_Sharon,validation,Ariel_Sharon_0027.jpg,data/evaluation/validation/Ariel_Sharon/Ariel_Sharon_0027.jpg,5563724c183ce81aaa309e2dbe74e65a63f80d5bc09dcf92fd89c536d76742ed,250,250
164,Ariel_Sharon,validation,Ariel_Sharon_0030.jpg,data/evaluation/validation/Ariel_Sharon/Ariel_Sharon_0030.jpg,13bf7bade315f4d7e481211d9fa45d8d7ba0ce430385a08fbe13e57fc45f7f3c,250,250
165,Ariel_Sharon,validation,Ariel_Sharon_0076.jpg,data/evaluation/validation/Ariel_Sharon/Ariel_Sharon_0076.jpg,7d7b77f8aa9574d264400cde6ba80a1ef76f7f6a73164e0f5ec661ccd5b08efe,250,250
166,Ariel_Sharon,validation,Ariel_Sharon_0012.jpg,data/evaluation/validation/Ariel_Sharon/Ariel_Sharon_0012.jpg,df2e4560a8973a24d4b599dc9ab97171ea9b2e73a70546e7c41581ef64e4ce43,250,250
167,Ariel_Sharon,validation,Ariel_Sharon_0049.jpg,data/evaluation/validation/Ariel_Sharon/Ariel_Sharon_0049.jpg,76c127df4fcc4ca355007bc96287a63572dc0de926dbf593e11ba1ab710d7644,250,250
168,Ariel_Sharon,validation,Ariel_Sharon_0022.jpg,data/evaluation/validation/Ariel_Sharon/Ariel_Sharon_0022.jpg,c91303c4df27cedd6f874b80a40173049163457e0e6f5268efe9627f3f1ddfca,250,250
169,Ariel_Sharon,validation,Ariel_Sharon_0068.jpg,data/evaluation/validation/Ariel_Sharon/Ariel_Sharon_0068.jpg,816486b7fc9e176687a9676bf3c64ac3a93bac1880e571a5285ff691be7f9cf4,250,250
170,Ariel_Sharon,validation,Ariel_Sharon_0025.jpg,data/evaluation/validation/Ariel_Sharon/Ariel_Sharon_0025.jpg,7ea906088ea5580c3822520d193400fb1064c8c982484eceb99f16ae4ac5ef60,250,250
171,Ariel_Sharon,validation,Ariel_Sharon_0018.jpg,data/evaluation/validation/Ariel_Sharon/Ariel_Sharon_0018.jpg,84eae1fab85058dd7b2c23cbece17d9a0864e97fe316bcbffae7892de7289db7,250,250
172,Ariel_Sharon,validation,Ariel_Sharon_0019.jpg,data/evaluation/validation/Ariel_Sharon/Ariel_Sharon_0019.jpg,89e548fc0cadc53dd01b08be7495bc078d9bda1855b432711257cb8622a1f132,250,250
173,Ariel_Sharon,validation,Ariel_Sharon_0067.jpg,data/evaluation/validation/Ariel_Sharon/Ariel_Sharon_0067.jpg,977ecb5d2fb6d8c1640f6660093f4781f128a4e507c9ee5b0b3ec144794f9609,250,250
174,Ariel_Sharon,validation,Ariel_Sharon_0041.jpg,data/evaluation/validation/Ariel_Sharon/Ariel_Sharon_0041.jpg,3b6c8a64ec7c8f25d7336bed5bd570f00101f04d8bfffd966947c65a7286e464,250,250
175,Ariel_Sharon,validation,Ariel_Sharon_0064.jpg,data/evaluation/validation/Ariel_Sharon/Ariel_Sharon_0064.jpg,5b134bf19d2b7ddf379266b0c7f6baf912be6f26e3f5f8ca75aa479319c93487,250,250
176,Ariel_Sharon,validation,Ariel_Sharon_0033.jpg,data/evaluation/validation/Ariel_Sharon/Ariel_Sharon_0033.jpg,0493582b3a03775408e1d3503ea0241a9bd6ff581224b3decc96a4f5458f0ece,250,250
177,Ariel_Sharon,validation,Ariel_Sharon_0072.jpg,data/evaluation/validation/Ariel_Sharon/Ariel_Sharon_0072.jpg,629dc82cabec282369b46160eb88b471b3e86f78c1a6f62bea5f599559ae1bc8,250,250
178,Ariel_Sharon,validation,Ariel_Sharon_0055.jpg,data/evaluation/validation/Ariel_Sharon/Ariel_Sharon_0055.jpg,4714448cd8534bdd039f7ece4cd3aa9dc2fb7d5136d5a85ef077795f0ef615f2,250,250
179,Ariel_Sharon,validation,Ariel_Sharon_0044.jpg,data/evaluation/validation/Ariel_Sharon/Ariel_Sharon_0044.jpg,45823dcdcdc510737972c6e19363bb57f4628514f8e0c863af662a2ace57374e,250,250
180,Ariel_Sharon,validation,Ariel_Sharon_0040.jpg,data/evaluation/validation/Ariel_Sharon/Ariel_Sharon_0040.jpg,48b45b993e1d6a72c0144d7ca7d980e97b83e102ad1feca5addec19dbcf54e48,250,250
181,Ariel_Sharon,validation,Ariel_Sharon_0029.jpg,data/evaluation/validation/Ariel_Sharon/Ariel_Sharon_0029.jpg,4ce90b31bdd8590735c759e0f06670fb3836ea55e4fc9031313b9b7ace9ed98c,250,250
182,Ariel_Sharon,validation,Ariel_Sharon_0015.jpg,data/evaluation/validation/Ariel_Sharon/Ariel_Sharon_0015.jpg,68e948896421e5cbe00a9c44774ffb8b2109468190dab108f1f36e52a57485b8,250,250
183,Ariel_Sharon,validation,Ariel_Sharon_0061.jpg,data/evaluation/validation/Ariel_Sharon/Ariel_Sharon_0061.jpg,b30f0011f03abeb3467fa12b5d5b3453366505bfb90bac3ad1656ef662434f01,250,250
184,Ariel_Sharon,validation,Ariel_Sharon_0071.jpg,data/evaluation/validation/Ariel_Sharon/Ariel_Sharon_0071.jpg,d2840701f4fe00e104a1391c46ed822ba205cdb5297391a0e133f23cfb1a37ea,250,250
185,Ariel_Sharon,validation,Ariel_Sharon_0062.jpg,data/evaluation/validation/Ariel_Sharon/Ariel_Sharon_0062.jpg,871738d89dac48779d5cba51ddaf4899edc14e55d6ceebee82f47cf1192982ec,250,250
186,Ariel_Sharon,validation,Ariel_Sharon_0013.jpg,data/evaluation/validation/Ariel_Sharon/Ariel_Sharon_0013.jpg,9f62b28b50d482f21faeff0b409aa7914704a8059f2169d5287b696552c5e1f9,250,250
187,Ariel_Sharon,validation,Ariel_Sharon_0050.jpg,data/evaluation/validation/Ariel_Sharon/Ariel_Sharon_0050.jpg,9f3e3a985ca424074a637ca74ba382d44b876e7da926691a3e98440b34ffb1d1,250,250
188,Ariel_Sharon,validation,Ariel_Sharon_0074.jpg,data/evaluation/validation/Ariel_Sharon/Ariel_Sharon_0074.jpg,c99216c8b004def409a7ac72a53de79803575d46b130f0dbcf98bf0267ea3694,250,250
189,Ariel_Sharon,validation,Ariel_Sharon_0028.jpg,data/evaluation/validation/Ariel_Sharon/Ariel_Sharon_0028.jpg,d41f1979b6113dd23b2042520f3f48ec817a99393da49e9ce709c825e1f5414f,250,250
190,Ariel_Sharon,validation,Ariel_Sharon_0034.jpg,data/evaluation/validation/Ariel_Sharon/Ariel_Sharon_0034.jpg,d1ad940b7c8d075140c84123642aa31b724069faf243fde08827b7edc2914605,250,250
191,Ariel_Sharon,test,Ariel_Sharon_0017.jpg,data/evaluation/test/Ariel_Sharon/Ariel_Sharon_0017.jpg,1d59c55e67456f8306dfe44c64cbc6d6fdaab4da7b9aab162f40cdec77f5daf0,250,250
192,Ariel_Sharon,test,Ariel_Sharon_0011.jpg,data/evaluation/test/Ariel_Sharon/Ariel_Sharon_0011.jpg,70da7b86253f7f0673e9ba04b79f0a17d6f48c8c09e0e42208cbd24a550aaa1b,250,250
193,Ariel_Sharon,test,Ariel_Sharon_0036.jpg,data/evaluation/test/Ariel_Sharon/Ariel_Sharon_0036.jpg,850b8f4021e98a4235a96af6f89749917dbfec42e9f12264dc57f7a31e9af364,250,250
194,Ariel_Sharon,test,Ariel_Sharon_0031.jpg,data/evaluation/test/Ariel_Sharon/Ariel_Sharon_0031.jpg,ed33418fb6f9108016ec9ede0a472503c8a645a895696be4d0e0236fff049d3d,250,250
195,Ariel_Sharon,test,Ariel_Sharon_0043.jpg,data/evaluation/test/Ariel_Sharon/Ariel_Sharon_0043.jpg,c39510ca1b47eaa8eb9702df5a040f1a933b9bcba7f0917a8df0f2b6ee701892,250,250
196,Ariel_Sharon,test,Ariel_Sharon_0046.jpg,data/evaluation/test/Ariel_Sharon/Ariel_Sharon_0046.jpg,44fee674e3b951f55dfa9ff68b4be301d5ab47ddd31677c2f563aa38b0b25e00,250,250
197,Ariel_Sharon,test,Ariel_Sharon_0009.jpg,data/evaluation/test/Ariel_Sharon/Ariel_Sharon_0009.jpg,988a9621d0f50f4615158f0f031e742b3466412dca22e365ae2409b53a9f7646,250,250
198,Ariel_Sharon,test,Ariel_Sharon_0035.jpg,data/evaluation/test/Ariel_Sharon/Ariel_Sharon_0035.jpg,a69bfc4e1fdaf681d78f02b901aff313fc24a7faf8a7add62b46cfac406cb071,250,250
199,Ariel_Sharon,test,Ariel_Sharon_0005.jpg,data/evaluation/test/Ariel_Sharon/Ariel_Sharon_0005.jpg,2b8fb48f9e78fddb983294523269df68a59176b88d4bf042b343cbddb9a3af96,250,250
200,Ariel_Sharon,test,Ariel_Sharon_0032.jpg,data/evaluation/test/Ariel_Sharon/Ariel_Sharon_0032.jpg,05349e941d10ee684750b33e4d8c83c008957ea58289bde7ac309e26bede766d,250,250
201,Ariel_Sharon,test,Ariel_Sharon_0047.jpg,data/evaluation/test/Ariel_Sharon/Ariel_Sharon_0047.jpg,b20a00cfad42a0212f531c811c603580ad672ed61159626802dadd3a420a007d,250,250
202,Ariel_Sharon,test,Ariel_Sharon_0058.jpg,data/evaluation/test/Ariel_Sharon/Ariel_Sharon_0058.jpg,afc6e319cec8270c31840db82516cb27cc718176cca67d317e24b51e06ba52af,250,250
203,Ariel_Sharon,test,Ariel_Sharon_0006.jpg,data/evaluation/test/Ariel_Sharon/Ariel_Sharon_0006.jpg,feecea04179fde9c0114bd436a69b5ff0304d451aae79901b717160b8cb7beac,250,250
204,Ariel_Sharon,test,Ariel_Sharon_0037.jpg,data/evaluation/test/Ariel_Sharon/Ariel_Sharon_0037.jpg,e5b703bf1800185e83fce7270c05187afe75ae47ae140434be0074185a1cbebc,250,250
205,Ariel_Sharon,test,Ariel_Sharon_0056.jpg,data/evaluation/test/Ariel_Sharon/Ariel_Sharon_0056.jpg,600da2f25eb698131e567ba556b0d5579689e68e620b663f62b071e827d3752c,250,250
206,Ariel_Sharon,test,Ariel_Sharon_0004.jpg,data/evaluation/test/Ariel_Sharon/Ariel_Sharon_0004.jpg,28eacd3779df66755c263596c0f2694a4e63033849f3c3e49f9fd25688c774d3,250,250
207,Ariel_Sharon,test,Ariel_Sharon_0016.jpg,data/evaluation/test/Ariel_Sharon/Ariel_Sharon_0016.jpg,c459f433dacf72b356bf0160485a18de5004710e866b8f758033a5ad517d5653,250,250
208,Ariel_Sharon,test,Ariel_Sharon_0070.jpg,data/evaluation/test/Ariel_Sharon/Ariel_Sharon_0070.jpg,d712fa46f58b0e726c5e77b5f942d2ccdeff86ddfc2ddc3383657192e3529738,250,250
209,Ariel_Sharon,test,Ariel_Sharon_0052.jpg,data/evaluation/test/Ariel_Sharon/Ariel_Sharon_0052.jpg,e20bbe4f7afad9164e1d9b253454b5b8e57d6239e5693f35de7e2c57377f6214,250,250
210,Ariel_Sharon,test,Ariel_Sharon_0054.jpg,data/evaluation/test/Ariel_Sharon/Ariel_Sharon_0054.jpg,7796856bfe734fbb4af61ad6ca84bf444a99e0463c7596831a6687db6e604114,250,250
211,Ariel_Sharon,test,Ariel_Sharon_0057.jpg,data/evaluation/test/Ariel_Sharon/Ariel_Sharon_0057.jpg,1952a9ea7b74e297f0ba568fc470287ab7854904773575b5bc4ee683aa654159,250,250
212,Ariel_Sharon,test,Ariel_Sharon_0024.jpg,data/evaluation/test/Ariel_Sharon/Ariel_Sharon_0024.jpg,8981ff6199ad111b295afc25defb6810589bb7bd84d180c1835730bf70901b99,250,250
213,Ariel_Sharon,test,Ariel_Sharon_0060.jpg,data/evaluation/test/Ariel_Sharon/Ariel_Sharon_0060.jpg,86cc677f866206dce030c5c1e1e4279ab129dc486ee9fa5da1cd3ff2845232ad,250,250
214,Ariel_Sharon,test,Ariel_Sharon_0008.jpg,data/evaluation/test/Ariel_Sharon/Ariel_Sharon_0008.jpg,35cf87f2f582087858755c58455f0ceba189f818c3dd572e0a6c4426bd3210b5,250,250
215,Ariel_Sharon,test,Ariel_Sharon_0003.jpg,data/evaluation/test/Ariel_Sharon/Ariel_Sharon_0003.jpg,a607a7ea1f1d6a39bf6ccfba60e65e6eeedc450bf569504af449764bbdbe11a1,250,250
216,Ariel_Sharon,test,Ariel_Sharon_0063.jpg,data/evaluation/test/Ariel_Sharon/Ariel_Sharon_0063.jpg,adc8affb6f3d292aef5b9f7da7dce535f62792c6cd70645d2c66bc20ad795171,250,250
217,Ariel_Sharon,test,Ariel_Sharon_0042.jpg,data/evaluation/test/Ariel_Sharon/Ariel_Sharon_0042.jpg,1a56c64f267db8b5e3908ef7bdc3fe75fdf4d5d78cb3369e2260d28adc9fd2be,250,250
218,Ariel_Sharon,test,Ariel_Sharon_0001.jpg,data/evaluation/test/Ariel_Sharon/Ariel_Sharon_0001.jpg,e49921b7501030d4bd827c6219da57f2ca54dcdeccdaaa95912ffefdc5ec71c2,250,250
219,Ariel_Sharon,test,Ariel_Sharon_0021.jpg,data/evaluation/test/Ariel_Sharon/Ariel_Sharon_0021.jpg,53a980e7f308191236a16595df094f8b7e75050f4d7c93f0163db3bf2979e8a4,250,250
220,Ariel_Sharon,test,Ariel_Sharon_0048.jpg,data/evaluation/test/Ariel_Sharon/Ariel_Sharon_0048.jpg,5173fc1b69fe1f4e446340f87d1f0c1547bde7fe59fc9a866a0aedfab95bb880,250,250
221,Ariel_Sharon,test,Ariel_Sharon_0020.jpg,data/evaluation/test/Ariel_Sharon/Ariel_Sharon_0020.jpg,088a906059c1f1910773f394ec97dfb625fe0e7532af0d347555309d44bae161,250,250
222,Ariel_Sharon,test,Ariel_Sharon_0026.jpg,data/evaluation/test/Ariel_Sharon/Ariel_Sharon_0026.jpg,8a9e7075c6875ba5058be71f907de7a528777346300e60916ee1e1a6e46063cb,250,250
223,Ariel_Sharon,test,Ariel_Sharon_0075.jpg,data/evaluation/test/Ariel_Sharon/Ariel_Sharon_0075.jpg,72072db8d0457228872f9646d9d02d66c026cf71ffc3f4c0d524d03e40c24c6c,250,250
224,Ariel_Sharon,test,Ariel_Sharon_0039.jpg,data/evaluation/test/Ariel_Sharon/Ariel_Sharon_0039.jpg,d2c76f9bf42112f9235ca6ef64f01bf449e77d9ac8bcdab1cf3c4776df582e8a,250,250
225,Ariel_Sharon,test,Ariel_Sharon_0014.jpg,data/evaluation/test/Ariel_Sharon/Ariel_Sharon_0014.jpg,223ce8c8d803079d64807709eda9b369d339692701df3742a4f2f4fd74d9c589,250,250
226,Ariel_Sharon,test,Ariel_Sharon_0077.jpg,data/evaluation/test/Ariel_Sharon/Ariel_Sharon_0077.jpg,a4c5349f5d3cdf1763bd1ec3b8820fa71ab64ba4d14ce135f8d85d247b1fcac6,250,250
227,Ariel_Sharon,test,Ariel_Sharon_0023.jpg,data/evaluation/test/Ariel_Sharon/Ariel_Sharon_0023.jpg,8432acc242721b152bca30e8a310529735de2ac4916f56eac0bc4a794e8b0f71,250,250
228,Ariel_Sharon,test,Ariel_Sharon_0065.jpg,data/evaluation/test/Ariel_Sharon/Ariel_Sharon_0065.jpg,e6460e81c78a738cab8130ac3404497b01a895d42855e8671ec9ae6368c2dc8d,250,250
229,Arnold_Schwarzenegger,enrollment,Arnold_Schwarzenegger_0019.jpg,data/evaluation/enrollment/Arnold_Schwarzenegger/Arnold_Schwarzenegger_0019.jpg,1a1fb251c4b6c3d570403766ce1a3cb3b21f6c9ceb378067bb55be34c140ee1c,250,250
230,Arnold_Schwarzenegger,enrollment,Arnold_Schwarzenegger_0010.jpg,data/evaluation/enrollment/Arnold_Schwarzenegger/Arnold_Schwarzenegger_0010.jpg,a2436c085efe1e66ae1b0ccfa7b170b2dfc9e9875a0d3fee2ed36a2f3ac6a583,250,250
231,Arnold_Schwarzenegger,validation,Arnold_Schwarzenegger_0030.jpg,data/evaluation/validation/Arnold_Schwarzenegger/Arnold_Schwarzenegger_0030.jpg,58a062e27e1cfce2609e94564059e77c27dee57ddfeba7532c6acb85018b3af1,250,250
232,Arnold_Schwarzenegger,validation,Arnold_Schwarzenegger_0006.jpg,data/evaluation/validation/Arnold_Schwarzenegger/Arnold_Schwarzenegger_0006.jpg,6b92706876e4357ae170aeed87da234fb195094bf95bd9096dc661172be474f7,250,250
233,Arnold_Schwarzenegger,validation,Arnold_Schwarzenegger_0029.jpg,data/evaluation/validation/Arnold_Schwarzenegger/Arnold_Schwarzenegger_0029.jpg,b0dc36aec9a3bc6d8f7c90c687e392349f86d429ba16d9ebafff57af1d9e2de3,250,250
234,Arnold_Schwarzenegger,validation,Arnold_Schwarzenegger_0001.jpg,data/evaluation/validation/Arnold_Schwarzenegger/Arnold_Schwarzenegger_0001.jpg,e28a19c9ad9fdd81e07468ebe9515a0a3563f8167e20285aa1a75e55c02060a3,250,250
235,Arnold_Schwarzenegger,validation,Arnold_Schwarzenegger_0032.jpg,data/evaluation/validation/Arnold_Schwarzenegger/Arnold_Schwarzenegger_0032.jpg,4010843cc04011bde4aa385c654a021b861760ac6838cfa5c07d1205081208c1,250,250
236,Arnold_Schwarzenegger,validation,Arnold_Schwarzenegger_0020.jpg,data/evaluation/validation/Arnold_Schwarzenegger/Arnold_Schwarzenegger_0020.jpg,7c3054803bab735324088fbf0cddd8fc0ff3421798d79fd1e5cdb2e79971d546,250,250
237,Arnold_Schwarzenegger,validation,Arnold_Schwarzenegger_0005.jpg,data/evaluation/validation/Arnold_Schwarzenegger/Arnold_Schwarzenegger_0005.jpg,660c4fe4c302bf4fcd7cf74cedc0cd20db75a16a0ae3213024ff697f61c23829,250,250
238,Arnold_Schwarzenegger,validation,Arnold_Schwarzenegger_0012.jpg,data/evaluation/validation/Arnold_Schwarzenegger/Arnold_Schwarzenegger_0012.jpg,f9e3a0f882539fabffa04b5f1335a1b61e51645e22a836a03a9d6c65d4383f5b,250,250
239,Arnold_Schwarzenegger,validation,Arnold_Schwarzenegger_0039.jpg,data/evaluation/validation/Arnold_Schwarzenegger/Arnold_Schwarzenegger_0039.jpg,d9b19381dd2ba6037ab1b4ecb171fca1d661dcdfeff050ae8d9ab1623f557080,250,250
240,Arnold_Schwarzenegger,validation,Arnold_Schwarzenegger_0003.jpg,data/evaluation/validation/Arnold_Schwarzenegger/Arnold_Schwarzenegger_0003.jpg,fd02f6e98a5fa9c324cf1208adea736bb625bdf9fa30d6d06f123f03d16449e9,250,250
241,Arnold_Schwarzenegger,validation,Arnold_Schwarzenegger_0017.jpg,data/evaluation/validation/Arnold_Schwarzenegger/Arnold_Schwarzenegger_0017.jpg,bd52581f70c59f35e8df8cb04ea706acaeecb73dfeed4a223c3d2e3a50125760,250,250
242,Arnold_Schwarzenegger,validation,Arnold_Schwarzenegger_0009.jpg,data/evaluation/validation/Arnold_Schwarzenegger/Arnold_Schwarzenegger_0009.jpg,eaa3084afdd8ed091af8f6f7b4ee71cdf34ee8caccd6689b64d6041e2d0a35ce,250,250
243,Arnold_Schwarzenegger,validation,Arnold_Schwarzenegger_0018.jpg,data/evaluation/validation/Arnold_Schwarzenegger/Arnold_Schwarzenegger_0018.jpg,5cff3717e295f87dd99927718c8c36f37c44df58cf71952d9018cc7ff5607ffa,250,250
244,Arnold_Schwarzenegger,validation,Arnold_Schwarzenegger_0034.jpg,data/evaluation/validation/Arnold_Schwarzenegger/Arnold_Schwarzenegger_0034.jpg,e46ab29b0b7ec060ca06e74e009395cd00c00c5c88048ca2cfd45200053b771e,250,250
245,Arnold_Schwarzenegger,validation,Arnold_Schwarzenegger_0008.jpg,data/evaluation/validation/Arnold_Schwarzenegger/Arnold_Schwarzenegger_0008.jpg,c212812402e57f3d2a2af3b1c6d7405143ad0d521083251bf439c60f885d231c,250,250
246,Arnold_Schwarzenegger,validation,Arnold_Schwarzenegger_0025.jpg,data/evaluation/validation/Arnold_Schwarzenegger/Arnold_Schwarzenegger_0025.jpg,b6625abb43953c9084c3fed88c06e38bca12f9a5434ba5d046d1a1e10b945284,250,250
247,Arnold_Schwarzenegger,validation,Arnold_Schwarzenegger_0011.jpg,data/evaluation/validation/Arnold_Schwarzenegger/Arnold_Schwarzenegger_0011.jpg,ce48fbea4fd53376a9d1bc7df970ad846583f4539b68f800a73893ce5bf8c4c9,250,250
248,Arnold_Schwarzenegger,validation,Arnold_Schwarzenegger_0036.jpg,data/evaluation/validation/Arnold_Schwarzenegger/Arnold_Schwarzenegger_0036.jpg,f3fd0d343d3c523b62896b170220aa474d4aba181da1eaad477518a0b37228d3,250,250
249,Arnold_Schwarzenegger,validation,Arnold_Schwarzenegger_0026.jpg,data/evaluation/validation/Arnold_Schwarzenegger/Arnold_Schwarzenegger_0026.jpg,80187bdeff56e20889b16ba9ea8e71af62699b839cea567a36c3bd4e7df8f829,250,250
250,Arnold_Schwarzenegger,validation,Arnold_Schwarzenegger_0004.jpg,data/evaluation/validation/Arnold_Schwarzenegger/Arnold_Schwarzenegger_0004.jpg,c4b9afc98262250ebd20ef306e279037e9a62e3072b4229260849b7c22f5d76c,250,250
251,Arnold_Schwarzenegger,test,Arnold_Schwarzenegger_0041.jpg,data/evaluation/test/Arnold_Schwarzenegger/Arnold_Schwarzenegger_0041.jpg,06144bb0d2592cc2d4ca88f3a134345846cecfcf0659359d73baea3fadf6ab6e,250,250
252,Arnold_Schwarzenegger,test,Arnold_Schwarzenegger_0021.jpg,data/evaluation/test/Arnold_Schwarzenegger/Arnold_Schwarzenegger_0021.jpg,2a236fac741a6dc9a2e62d18ac113b68fee0e5ae4fc3d0c186c9339ac3dd8248,250,250
253,Arnold_Schwarzenegger,test,Arnold_Schwarzenegger_0022.jpg,data/evaluation/test/Arnold_Schwarzenegger/Arnold_Schwarzenegger_0022.jpg,7d9e2764721040ac6a428028d5fcb666542074cd2fa337e37418a710beb54603,250,250
254,Arnold_Schwarzenegger,test,Arnold_Schwarzenegger_0002.jpg,data/evaluation/test/Arnold_Schwarzenegger/Arnold_Schwarzenegger_0002.jpg,d36edb170c19521127eaa9f1fcf6912a2953fb9960b4f6e9f776da6e01934a01,250,250
255,Arnold_Schwarzenegger,test,Arnold_Schwarzenegger_0024.jpg,data/evaluation/test/Arnold_Schwarzenegger/Arnold_Schwarzenegger_0024.jpg,c106d1231d8558c683c1c0962f51f64b244be86270e8a2f58f1d02437cfdfce6,250,250
256,Arnold_Schwarzenegger,test,Arnold_Schwarzenegger_0033.jpg,data/evaluation/test/Arnold_Schwarzenegger/Arnold_Schwarzenegger_0033.jpg,95f5c9a009ee6985050e9c52d4d0e783a12d26cf612e7c43dc7ec02e71a45dbc,250,250
257,Arnold_Schwarzenegger,test,Arnold_Schwarzenegger_0015.jpg,data/evaluation/test/Arnold_Schwarzenegger/Arnold_Schwarzenegger_0015.jpg,7db69945ca4ea91cfb887492fc72e7f42a386b8a8eaf70e5836d3c560375cff7,250,250
258,Arnold_Schwarzenegger,test,Arnold_Schwarzenegger_0038.jpg,data/evaluation/test/Arnold_Schwarzenegger/Arnold_Schwarzenegger_0038.jpg,030096bc100f75f3c936f389437e5d3150fc74c98e8b4ea521424dcd560962c9,250,250
259,Arnold_Schwarzenegger,test,Arnold_Schwarzenegger_0014.jpg,data/evaluation/test/Arnold_Schwarzenegger/Arnold_Schwarzenegger_0014.jpg,b40071fb0855fccb41979f6b1e6d17f8511437aefb78a594152c051f89d193d0,250,250
260,Arnold_Schwarzenegger,test,Arnold_Schwarzenegger_0023.jpg,data/evaluation/test/Arnold_Schwarzenegger/Arnold_Schwarzenegger_0023.jpg,e9f921b6b522f91f2ad6ef09cf37b3b45380357cbb390d94977bb28b3b48c35d,250,250
261,Arnold_Schwarzenegger,test,Arnold_Schwarzenegger_0028.jpg,data/evaluation/test/Arnold_Schwarzenegger/Arnold_Schwarzenegger_0028.jpg,5932d5a4d3614a86940383d85b6d965b148bc11233a423c59a073d6139ee666f,250,250
262,Arnold_Schwarzenegger,test,Arnold_Schwarzenegger_0035.jpg,data/evaluation/test/Arnold_Schwarzenegger/Arnold_Schwarzenegger_0035.jpg,13bdc09a605c92648781cd183996dc39588b1bad17288bba4f213e5b52712628,250,250
263,Arnold_Schwarzenegger,test,Arnold_Schwarzenegger_0007.jpg,data/evaluation/test/Arnold_Schwarzenegger/Arnold_Schwarzenegger_0007.jpg,7356c7e352670f1be52be45f1e810d890171f73cb64ddfccc0623de645d60e63,250,250
264,Arnold_Schwarzenegger,test,Arnold_Schwarzenegger_0013.jpg,data/evaluation/test/Arnold_Schwarzenegger/Arnold_Schwarzenegger_0013.jpg,0b0c9a741de17d31779ce2f0ee3ba238d673c853829a9ef883e648bd16d44207,250,250
265,Arnold_Schwarzenegger,test,Arnold_Schwarzenegger_0027.jpg,data/evaluation/test/Arnold_Schwarzenegger/Arnold_Schwarzenegger_0027.jpg,88cd182fa60017231831306e1c7d919cfe54d423913522f7826bff7b22df5d0c,250,250
266,Arnold_Schwarzenegger,test,Arnold_Schwarzenegger_0040.jpg,data/evaluation/test/Arnold_Schwarzenegger/Arnold_Schwarzenegger_0040.jpg,d1970677ca223225c10f81134ca6e9e17817b2be5adc5c853efab60966842e26,250,250
267,Arnold_Schwarzenegger,test,Arnold_Schwarzenegger_0016.jpg,data/evaluation/test/Arnold_Schwarzenegger/Arnold_Schwarzenegger_0016.jpg,a6c72d78918a9dc7af019b820899f6b1fad07f9900354439517dced4b44c8091,250,250
268,Arnold_Schwarzenegger,test,Arnold_Schwarzenegger_0031.jpg,data/evaluation/test/Arnold_Schwarzenegger/Arnold_Schwarzenegger_0031.jpg,ecdd44a88ca719ce72be47ca9cd24397c20076a6a74761df6c07c3007bd6bf3b,250,250
269,Arnold_Schwarzenegger,test,Arnold_Schwarzenegger_0042.jpg,data/evaluation/test/Arnold_Schwarzenegger/Arnold_Schwarzenegger_0042.jpg,b85f4fb7015ed7217f4c4c5a1f930462354b983ed0105965f72e4b8690f4d90c,250,250
270,Arnold_Schwarzenegger,test,Arnold_Schwarzenegger_0037.jpg,data/evaluation/test/Arnold_Schwarzenegger/Arnold_Schwarzenegger_0037.jpg,f9716e81b55906c77b4fdb36a8660da4b7a5c14b519426e8c4c06d4eea461226,250,250
271,Atal_Bihari_Vajpayee,enrollment,Atal_Bihari_Vajpayee_0019.jpg,data/evaluation/enrollment/Atal_Bihari_Vajpayee/Atal_Bihari_Vajpayee_0019.jpg,b8783dca45ef569be9cba7dbd4b43a10f05da37eb5fcf240c06a66747e124f6a,250,250
272,Atal_Bihari_Vajpayee,enrollment,Atal_Bihari_Vajpayee_0015.jpg,data/evaluation/enrollment/Atal_Bihari_Vajpayee/Atal_Bihari_Vajpayee_0015.jpg,34676e74ad58a96f8d98f8b510941d302452e742c1f9f131bd498d0f0b2b4692,250,250
273,Atal_Bihari_Vajpayee,validation,Atal_Bihari_Vajpayee_0017.jpg,data/evaluation/validation/Atal_Bihari_Vajpayee/Atal_Bihari_Vajpayee_0017.jpg,41752a3431a3c48ccdbb23f0f0707c2b28a707b0f172c7fe4781f5cefe0483c9,250,250
274,Atal_Bihari_Vajpayee,validation,Atal_Bihari_Vajpayee_0004.jpg,data/evaluation/validation/Atal_Bihari_Vajpayee/Atal_Bihari_Vajpayee_0004.jpg,139d571639d7dca13581643aadfc81b92bfe2f1922425dbd345cdb70bacc4b15,250,250
275,Atal_Bihari_Vajpayee,validation,Atal_Bihari_Vajpayee_0009.jpg,data/evaluation/validation/Atal_Bihari_Vajpayee/Atal_Bihari_Vajpayee_0009.jpg,7601a289ab96201de7a5ed73ff09f682c3fd48eb8ce2a42938c6f39c9d47466e,250,250
276,Atal_Bihari_Vajpayee,validation,Atal_Bihari_Vajpayee_0010.jpg,data/evaluation/validation/Atal_Bihari_Vajpayee/Atal_Bihari_Vajpayee_0010.jpg,72ec8c932f5c7df053638acb15be912d64f063b7f416ab11c700d9923a019048,250,250
277,Atal_Bihari_Vajpayee,validation,Atal_Bihari_Vajpayee_0022.jpg,data/evaluation/validation/Atal_Bihari_Vajpayee/Atal_Bihari_Vajpayee_0022.jpg,50fb105988cd5812fc27286c834b1dbfe1b3690b81715e802a3e57c73216761c,250,250
278,Atal_Bihari_Vajpayee,validation,Atal_Bihari_Vajpayee_0012.jpg,data/evaluation/validation/Atal_Bihari_Vajpayee/Atal_Bihari_Vajpayee_0012.jpg,4d86e61d58519c1171977d711430ccc0c1e07513349b5067f10e2266c21558c9,250,250
279,Atal_Bihari_Vajpayee,validation,Atal_Bihari_Vajpayee_0011.jpg,data/evaluation/validation/Atal_Bihari_Vajpayee/Atal_Bihari_Vajpayee_0011.jpg,5133dd309a2ef2f7056d86f199f3c081db2310de9bc5f11fc15754b6492283bd,250,250
280,Atal_Bihari_Vajpayee,validation,Atal_Bihari_Vajpayee_0023.jpg,data/evaluation/validation/Atal_Bihari_Vajpayee/Atal_Bihari_Vajpayee_0023.jpg,2d1f2e4ea6beb79f1a5a645c66832bff994ea2c3ea37d21af2adfbbd53bc878a,250,250
281,Atal_Bihari_Vajpayee,validation,Atal_Bihari_Vajpayee_0005.jpg,data/evaluation/validation/Atal_Bihari_Vajpayee/Atal_Bihari_Vajpayee_0005.jpg,4313d5c72ffd7416dd63f264953f09858dc5e59b623d186b7d3e0b6136018bd0,250,250
282,Atal_Bihari_Vajpayee,validation,Atal_Bihari_Vajpayee_0021.jpg,data/evaluation/validation/Atal_Bihari_Vajpayee/Atal_Bihari_Vajpayee_0021.jpg,f6dc6e1aefa31360d833de2257c5bf63d5ce0bbdc64d5bfb616f89ccc34bc4dc,250,250
283,Atal_Bihari_Vajpayee,validation,Atal_Bihari_Vajpayee_0001.jpg,data/evaluation/validation/Atal_Bihari_Vajpayee/Atal_Bihari_Vajpayee_0001.jpg,d56877a399562c6e3c1e76e8de8d08261ef092f163fffebf8c00a737eb10fc7a,250,250
284,Atal_Bihari_Vajpayee,test,Atal_Bihari_Vajpayee_0018.jpg,data/evaluation/test/Atal_Bihari_Vajpayee/Atal_Bihari_Vajpayee_0018.jpg,e499c61bc76bcc957070f525476312826de59d4011a9e5d590edb3531a6c37bb,250,250
285,Atal_Bihari_Vajpayee,test,Atal_Bihari_Vajpayee_0024.jpg,data/evaluation/test/Atal_Bihari_Vajpayee/Atal_Bihari_Vajpayee_0024.jpg,ed758bc6af9640a00d27b61b82ac450b4381799efa2ffd1182355e667993024e,250,250
286,Atal_Bihari_Vajpayee,test,Atal_Bihari_Vajpayee_0002.jpg,data/evaluation/test/Atal_Bihari_Vajpayee/Atal_Bihari_Vajpayee_0002.jpg,59b6c02f42e1ddc0b7af71e7b0475d58b10a6b9b06d67b684b749de58dbd4606,250,250
287,Atal_Bihari_Vajpayee,test,Atal_Bihari_Vajpayee_0013.jpg,data/evaluation/test/Atal_Bihari_Vajpayee/Atal_Bihari_Vajpayee_0013.jpg,35044a04b0f3ea3942c6ca94d80dc9128b2a7f6e7806cd3adb5ece50ff751eb4,250,250
288,Atal_Bihari_Vajpayee,test,Atal_Bihari_Vajpayee_0007.jpg,data/evaluation/test/Atal_Bihari_Vajpayee/Atal_Bihari_Vajpayee_0007.jpg,64d6ee245691d116cbcbda809af2044ee8df2b86bd85a5a9a0389c3e625b9fe5,250,250
289,Atal_Bihari_Vajpayee,test,Atal_Bihari_Vajpayee_0020.jpg,data/evaluation/test/Atal_Bihari_Vajpayee/Atal_Bihari_Vajpayee_0020.jpg,5c1d515ab6f79875785a010d7844a915510517566ba9e89a7920a2d10cf1ba35,250,250
290,Atal_Bihari_Vajpayee,test,Atal_Bihari_Vajpayee_0016.jpg,data/evaluation/test/Atal_Bihari_Vajpayee/Atal_Bihari_Vajpayee_0016.jpg,7fd9657438043e57b112aca06c91ee47c83bba594d8582fdedbca74880ce50b3,250,250
291,Atal_Bihari_Vajpayee,test,Atal_Bihari_Vajpayee_0014.jpg,data/evaluation/test/Atal_Bihari_Vajpayee/Atal_Bihari_Vajpayee_0014.jpg,b42830de8f2fad5abebe6d7fdb2d7a94382d2ea2a16270d58a3abd6830708b7b,250,250
292,Atal_Bihari_Vajpayee,test,Atal_Bihari_Vajpayee_0006.jpg,data/evaluation/test/Atal_Bihari_Vajpayee/Atal_Bihari_Vajpayee_0006.jpg,986634e1d90ae1b849eda1b44cb54eedbbb9ef6fe097b9f1d2bb810bc1bb368d,250,250
293,Atal_Bihari_Vajpayee,test,Atal_Bihari_Vajpayee_0008.jpg,data/evaluation/test/Atal_Bihari_Vajpayee/Atal_Bihari_Vajpayee_0008.jpg,53461ae1411a46a217e754a22bc51f8b03408684bda03e50f39a92b6d47250f7,250,250
294,Atal_Bihari_Vajpayee,test,Atal_Bihari_Vajpayee_0003.jpg,data/evaluation/test/Atal_Bihari_Vajpayee/Atal_Bihari_Vajpayee_0003.jpg,7a188303d610bbd701bbdcd478f55fb1695b14f7c3d526cc36ce2211ef00682c,250,250
295,Bill_Clinton,enrollment,Bill_Clinton_0028.jpg,data/evaluation/enrollment/Bill_Clinton/Bill_Clinton_0028.jpg,b5d6b9d701e9b1ff74c7c6f8b73474301dff6a4fbfb605a163f1604602f9ac71,250,250
296,Bill_Clinton,enrollment,Bill_Clinton_0025.jpg,data/evaluation/enrollment/Bill_Clinton/Bill_Clinton_0025.jpg,addfa6485842757b5d64e1ef1202620d478cc4bb40bdce73d93d7feb315beff2,250,250
297,Bill_Clinton,validation,Bill_Clinton_0012.jpg,data/evaluation/validation/Bill_Clinton/Bill_Clinton_0012.jpg,d5317360a20796b99a700fb0f31c154d1065c5742be2b4766b1bcbe9db41d94c,250,250
298,Bill_Clinton,validation,Bill_Clinton_0014.jpg,data/evaluation/validation/Bill_Clinton/Bill_Clinton_0014.jpg,34c7d370bc892b31bd73c538272f327b469ece08e8a6b4a4bb3d6ae7ab923219,250,250
299,Bill_Clinton,validation,Bill_Clinton_0005.jpg,data/evaluation/validation/Bill_Clinton/Bill_Clinton_0005.jpg,dc1e4d8c0048c50cc3e5c60e1b04ec4602e6bc1bab619f5f57d204531d474fbd,250,250
300,Bill_Clinton,validation,Bill_Clinton_0015.jpg,data/evaluation/validation/Bill_Clinton/Bill_Clinton_0015.jpg,95ea4d363c970fe7c29be5be0ca206734404ca32950cf55107911cb611ef74ec,250,250
301,Bill_Clinton,validation,Bill_Clinton_0008.jpg,data/evaluation/validation/Bill_Clinton/Bill_Clinton_0008.jpg,19e7f5e3467a2d8a64b409e9ab6097cab7e29215d255786ce260954f86d90d1d,250,250
302,Bill_Clinton,validation,Bill_Clinton_0004.jpg,data/evaluation/validation/Bill_Clinton/Bill_Clinton_0004.jpg,0f1fe4d1c1566bfb53ec6652a0340f7659db995d4334ebbbd192932a8e1b4429,250,250
303,Bill_Clinton,validation,Bill_Clinton_0022.jpg,data/evaluation/validation/Bill_Clinton/Bill_Clinton_0022.jpg,09232e90d08c92ec617594847755edf319d4cdf30566a485671780e7d9ffdd33,250,250
304,Bill_Clinton,validation,Bill_Clinton_0029.jpg,data/evaluation/validation/Bill_Clinton/Bill_Clinton_0029.jpg,7c0952325b80fbed9ab75e11a997a937a8d048215fee22fe8375cbfe66a9bc45,250,250
305,Bill_Clinton,validation,Bill_Clinton_0013.jpg,data/evaluation/validation/Bill_Clinton/Bill_Clinton_0013.jpg,469478b50deff637d680697f5a3475a7615ab8af2e8e7fa870703d778261856e,250,250
306,Bill_Clinton,validation,Bill_Clinton_0003.jpg,data/evaluation/validation/Bill_Clinton/Bill_Clinton_0003.jpg,edaca0125b5c3992130101b3655a6dc2c4113a29629b0918008b12d22d718c3e,250,250
307,Bill_Clinton,validation,Bill_Clinton_0020.jpg,data/evaluation/validation/Bill_Clinton/Bill_Clinton_0020.jpg,59907d3ae1ccc438068ce328f634e3a701bcff56808b5fc6001b6ae0307542e0,250,250
308,Bill_Clinton,validation,Bill_Clinton_0009.jpg,data/evaluation/validation/Bill_Clinton/Bill_Clinton_0009.jpg,e5f84a1cb9ee689bf9e4f610cb6c769cac62f026811f1f51c6224c4927222d28,250,250
309,Bill_Clinton,validation,Bill_Clinton_0001.jpg,data/evaluation/validation/Bill_Clinton/Bill_Clinton_0001.jpg,572c5bce7c6ba5a0531b28d6581bce5855b2c6853df8730f1ac66ee479d343d2,250,250
310,Bill_Clinton,test,Bill_Clinton_0006.jpg,data/evaluation/test/Bill_Clinton/Bill_Clinton_0006.jpg,3f56985c7aa282ae2596a28a051ca64e7daaddbee5244c84f8ae756989a02226,250,250
311,Bill_Clinton,test,Bill_Clinton_0017.jpg,data/evaluation/test/Bill_Clinton/Bill_Clinton_0017.jpg,83aa2a17a6267c676a67021d8c2e85c883b8e4cc7eaf92ed0a7b19034ae0d38f,250,250
312,Bill_Clinton,test,Bill_Clinton_0016.jpg,data/evaluation/test/Bill_Clinton/Bill_Clinton_0016.jpg,b7d003adc215f196cbf8c8dbf8b9e3a94ab5e620c6469651cfa325cb194f3077,250,250
313,Bill_Clinton,test,Bill_Clinton_0026.jpg,data/evaluation/test/Bill_Clinton/Bill_Clinton_0026.jpg,4b705ea99bdc8791b8d45d282623bdd0f08c12417cbea9c1757ed89156a520cd,250,250
314,Bill_Clinton,test,Bill_Clinton_0021.jpg,data/evaluation/test/Bill_Clinton/Bill_Clinton_0021.jpg,65368fe578626dffe00811c2c75aeefcb4cd95fb5d1090d02a508d5dabdaf3a7,250,250
315,Bill_Clinton,test,Bill_Clinton_0023.jpg,data/evaluation/test/Bill_Clinton/Bill_Clinton_0023.jpg,b76e0a5deb5c3f03a867daf82c18dc55286c6982f726438b92dfce6d7a42b76b,250,250
316,Bill_Clinton,test,Bill_Clinton_0011.jpg,data/evaluation/test/Bill_Clinton/Bill_Clinton_0011.jpg,ff019aa432d7d963a71f532db3c7e9713edfcbf4619028a6fdeab4504090b963,250,250
317,Bill_Clinton,test,Bill_Clinton_0027.jpg,data/evaluation/test/Bill_Clinton/Bill_Clinton_0027.jpg,e6e5517e29de1fb064220112ab0f88e1400dba27402dca2b01c887748c8e8ed2,250,250
318,Bill_Clinton,test,Bill_Clinton_0018.jpg,data/evaluation/test/Bill_Clinton/Bill_Clinton_0018.jpg,3614493ca18bd95e90e8855fddf1a8f519ecf0043b6599ee8b701c26c903be09,250,250
319,Bill_Clinton,test,Bill_Clinton_0024.jpg,data/evaluation/test/Bill_Clinton/Bill_Clinton_0024.jpg,f04b6ddf585a765370f027f62be62040dcc5c01f859cef65100093603348f6d0,250,250
320,Bill_Clinton,test,Bill_Clinton_0019.jpg,data/evaluation/test/Bill_Clinton/Bill_Clinton_0019.jpg,0c9009285129167248afc4eb85433ba74fe1b549a4d01d71c66b4d96bde200c2,250,250
321,Bill_Clinton,test,Bill_Clinton_0002.jpg,data/evaluation/test/Bill_Clinton/Bill_Clinton_0002.jpg,c14893ce1119d981f08b5a9cf275b4baccb225295c49fb1385ac4746c6e79e6c,250,250
322,Bill_Clinton,test,Bill_Clinton_0007.jpg,data/evaluation/test/Bill_Clinton/Bill_Clinton_0007.jpg,c292110d2ca42ce2f660003d772813d06f7e654f3ade45308fa7505aeeeeebb0,250,250
323,Bill_Clinton,test,Bill_Clinton_0010.jpg,data/evaluation/test/Bill_Clinton/Bill_Clinton_0010.jpg,9a33e6a087a4c86ce925fbac3e59b7534d1c5630b6d45fba5d024129c9eed2b2,250,250
324,Carlos_Menem,enrollment,Carlos_Menem_0010.jpg,data/evaluation/enrollment/Carlos_Menem/Carlos_Menem_0010.jpg,47fcde2047216b22ae708dd94e9dc562bd669b6d5fbe642282e7e7426c0138fc,250,250
325,Carlos_Menem,enrollment,Carlos_Menem_0001.jpg,data/evaluation/enrollment/Carlos_Menem/Carlos_Menem_0001.jpg,56bde7a3589a68bdf23231d7604b9fb7f0fcca7250dbb9de710bf597fbcdd3e8,250,250
326,Carlos_Menem,validation,Carlos_Menem_0002.jpg,data/evaluation/validation/Carlos_Menem/Carlos_Menem_0002.jpg,8b3b3fe9094f3bed8eaede4ffc94b99b198b445e10af018766990c8b89e61dd0,250,250
327,Carlos_Menem,validation,Carlos_Menem_0019.jpg,data/evaluation/validation/Carlos_Menem/Carlos_Menem_0019.jpg,782a6492d54aa5b1238e624f124fcacc17a76ce38fde1f8c6668f331605a5427,250,250
328,Carlos_Menem,validation,Carlos_Menem_0008.jpg,data/evaluation/validation/Carlos_Menem/Carlos_Menem_0008.jpg,2338b5967595f7b08e0573eea4dcedc724882bbc05f6d9259c3c7b8fb4649527,250,250
329,Carlos_Menem,validation,Carlos_Menem_0016.jpg,data/evaluation/validation/Carlos_Menem/Carlos_Menem_0016.jpg,f96ed4b8e988cc10ead0d66c2f39b0426a35660792d5e6554273ad2f509df82b,250,250
330,Carlos_Menem,validation,Carlos_Menem_0013.jpg,data/evaluation/validation/Carlos_Menem/Carlos_Menem_0013.jpg,28fa8ae7bca2f8b1e18ff1ed4133182a3a0e5ec9252053cb8a89efffed4a0553,250,250
331,Carlos_Menem,validation,Carlos_Menem_0021.jpg,data/evaluation/validation/Carlos_Menem/Carlos_Menem_0021.jpg,1dbbeeaac26c3eacc466e1aefbd72c7970fbc43bedf9b84e2df5cbd02b94a7bb,250,250
332,Carlos_Menem,validation,Carlos_Menem_0007.jpg,data/evaluation/validation/Carlos_Menem/Carlos_Menem_0007.jpg,b2f5510990bae755857ddd7702d9869746085511070f336f84247fd4e90240a0,250,250
333,Carlos_Menem,validation,Carlos_Menem_0005.jpg,data/evaluation/validation/Carlos_Menem/Carlos_Menem_0005.jpg,cb4ceb57a3b477ca9771b973dd775b79b92009a942af4ff4706b213457b4c068,250,250
334,Carlos_Menem,validation,Carlos_Menem_0015.jpg,data/evaluation/validation/Carlos_Menem/Carlos_Menem_0015.jpg,224036a9608d5a60b0d807fcb314fa1bad8ee8e4b74bc7a2c9c4141f1e5c5aac,250,250
335,Carlos_Menem,test,Carlos_Menem_0006.jpg,data/evaluation/test/Carlos_Menem/Carlos_Menem_0006.jpg,98e485f6fa19a9b75f2fb8cdd149b4dbb210de1a88bc0d92ca2342c43f2f826c,250,250
336,Carlos_Menem,test,Carlos_Menem_0012.jpg,data/evaluation/test/Carlos_Menem/Carlos_Menem_0012.jpg,a4a0c8021f0e99e6de73814955de429a70493445f6fca29b104b2f63d565a912,250,250
337,Carlos_Menem,test,Carlos_Menem_0018.jpg,data/evaluation/test/Carlos_Menem/Carlos_Menem_0018.jpg,8ee06e63af6a472ee2e16098dac04755b3b4e8a38aa37ac5725dadc4ccc70577,250,250
338,Carlos_Menem,test,Carlos_Menem_0004.jpg,data/evaluation/test/Carlos_Menem/Carlos_Menem_0004.jpg,cd276a9b2e74bf650bb96eabeb29a00352b19814870c8c1dbef0db741b38cf5b,250,250
339,Carlos_Menem,test,Carlos_Menem_0009.jpg,data/evaluation/test/Carlos_Menem/Carlos_Menem_0009.jpg,5530cccc6673bff2a5f35e2229431c10f7629159a491735a8122ba667fad35bf,250,250
340,Carlos_Menem,test,Carlos_Menem_0011.jpg,data/evaluation/test/Carlos_Menem/Carlos_Menem_0011.jpg,51f4c68d08e13990b0963c130d900ef97f3b010815baf35ee723d4d6921acd29,250,250
341,Carlos_Menem,test,Carlos_Menem_0017.jpg,data/evaluation/test/Carlos_Menem/Carlos_Menem_0017.jpg,2b076452299ca1a2f64f49b431be355ce4636c74194547d5290afaca8ffa3f36,250,250
342,Carlos_Menem,test,Carlos_Menem_0014.jpg,data/evaluation/test/Carlos_Menem/Carlos_Menem_0014.jpg,3e1f08153068e582e39ea9429ca8ef11810118d69d53fe598e00fcb36e6b8b5b,250,250
343,Carlos_Menem,test,Carlos_Menem_0003.jpg,data/evaluation/test/Carlos_Menem/Carlos_Menem_0003.jpg,a47568e9ac4562523381dcd51154d27d1c34d26188473048adcfde826b83e98f,250,250
344,Carlos_Menem,test,Carlos_Menem_0020.jpg,data/evaluation/test/Carlos_Menem/Carlos_Menem_0020.jpg,2d9d53c1c7160870cecbbae43510e8c58419fdf318a7a1f44f27cf4d2ed90764,250,250
345,Colin_Powell,enrollment,Colin_Powell_0080.jpg,data/evaluation/enrollment/Colin_Powell/Colin_Powell_0080.jpg,62ab50e493d443b26dc97866796137560ec6e9b2a9926e10df621ec95790206b,250,250
346,Colin_Powell,enrollment,Colin_Powell_0211.jpg,data/evaluation/enrollment/Colin_Powell/Colin_Powell_0211.jpg,26deb7dd8a0b916d909f9ab543cde7025d2c1764eda44a21e15ae7ccd787ae61,250,250
347,Colin_Powell,validation,Colin_Powell_0097.jpg,data/evaluation/validation/Colin_Powell/Colin_Powell_0097.jpg,a4002ce92ceac679de5a950ce621ed2a28502464ed8a7c57ff031b31372a6424,250,250
348,Colin_Powell,validation,Colin_Powell_0224.jpg,data/evaluation/validation/Colin_Powell/Colin_Powell_0224.jpg,51e7e2d9ecb85a1a8bc739e72659e8b4acfc8a98359a7ff2229e51c1b5bd79d5,250,250
349,Colin_Powell,validation,Colin_Powell_0104.jpg,data/evaluation/validation/Colin_Powell/Colin_Powell_0104.jpg,a49e13806b8efc9eee72dae5d14fd350c81707cf2dc8a00aa935bf60331bf423,250,250
350,Colin_Powell,validation,Colin_Powell_0183.jpg,data/evaluation/validation/Colin_Powell/Colin_Powell_0183.jpg,80b8f0175260debc54114c387a24adbc632b5282a3b561b8acb5c38c7cbf867a,250,250
351,Colin_Powell,validation,Colin_Powell_0125.jpg,data/evaluation/validation/Colin_Powell/Colin_Powell_0125.jpg,04b2d4854cd89f624e01607000be0b26376a51e0f76c5e14339514fc2b37ca38,250,250
352,Colin_Powell,validation,Colin_Powell_0058.jpg,data/evaluation/validation/Colin_Powell/Colin_Powell_0058.jpg,4d654d457bce20c08b7ee21228d88533edc64108c8cb19a81cd32ba8a4f16bcb,250,250
353,Colin_Powell,validation,Colin_Powell_0116.jpg,data/evaluation/validation/Colin_Powell/Colin_Powell_0116.jpg,7371ac94ddcf8565a3ed382bb93780c03c8d8ad490e8308dc05878b9bc9c869f,250,250
354,Colin_Powell,validation,Colin_Powell_0151.jpg,data/evaluation/validation/Colin_Powell/Colin_Powell_0151.jpg,0e3f29df2d719fddf153f0f156b61c91aec19b0df2c75599b95fc3a1d33f2052,250,250
355,Colin_Powell,validation,Colin_Powell_0204.jpg,data/evaluation/validation/Colin_Powell/Colin_Powell_0204.jpg,fe199d33457af161ef47cf72aa2d667924a19c0126eb777fd242230165b7fe69,250,250
356,Colin_Powell,validation,Colin_Powell_0076.jpg,data/evaluation/validation/Colin_Powell/Colin_Powell_0076.jpg,7a275d7e5315f9424f30697672930e044b84da83e3b7cad9742826f08355d042,250,250
357,Colin_Powell,validation,Colin_Powell_0152.jpg,data/evaluation/validation/Colin_Powell/Colin_Powell_0152.jpg,71dd4a68de2d5432e00b6ca7d630eef7c092c2912356c5d2b443c75473970082,250,250
358,Colin_Powell,validation,Colin_Powell_0229.jpg,data/evaluation/validation/Colin_Powell/Colin_Powell_0229.jpg,87b2c4bb93d913412424e907bee488fceb63f64310eb87ef975a7cd46120e36f,250,250
359,Colin_Powell,validation,Colin_Powell_0100.jpg,data/evaluation/validation/Colin_Powell/Colin_Powell_0100.jpg,9e8983dd543ccdbd596659e30e18b72e14df3c475bc0f4e222318cef4ff6091f,250,250
360,Colin_Powell,validation,Colin_Powell_0002.jpg,data/evaluation/validation/Colin_Powell/Colin_Powell_0002.jpg,484479ed5ba2e640c75eefdf14f0d36c737a7247c7efb1e46a91cb3c0718c2f2,250,250
361,Colin_Powell,validation,Colin_Powell_0139.jpg,data/evaluation/validation/Colin_Powell/Colin_Powell_0139.jpg,6496fa8860bf4655d8c42ab251964c24e7872dc883d32718d2492a2c0f78ae43,250,250
362,Colin_Powell,validation,Colin_Powell_0154.jpg,data/evaluation/validation/Colin_Powell/Colin_Powell_0154.jpg,c93f046f872c90c475ec4e9f2e972fec376474d840abbfb6415323c3d42a12dc,250,250
363,Colin_Powell,validation,Colin_Powell_0175.jpg,data/evaluation/validation/Colin_Powell/Colin_Powell_0175.jpg,7efd4ebd23deef93e752ab72c3ccb8695d362bc2a4ba5d9feeb3d759be4a4793,250,250
364,Colin_Powell,validation,Colin_Powell_0129.jpg,data/evaluation/validation/Colin_Powell/Colin_Powell_0129.jpg,d666a24ddc6d2b7f6a598cf1484ddd98fd8d2be457cf9f4135412aa9308eb41f,250,250
365,Colin_Powell,validation,Colin_Powell_0122.jpg,data/evaluation/validation/Colin_Powell/Colin_Powell_0122.jpg,ff798583177034cf3060a8c46225edc918cd86d2345f80099fa377fd4d582bb8,250,250
366,Colin_Powell,validation,Colin_Powell_0008.jpg,data/evaluation/validation/Colin_Powell/Colin_Powell_0008.jpg,aa30b0006087042e907d95f5e9e8e7e07e80c08d8f098582045226811c4bb487,250,250
367,Colin_Powell,validation,Colin_Powell_0197.jpg,data/evaluation/validation/Colin_Powell/Colin_Powell_0197.jpg,f4082303da5b48583d85da9a1b384e151c84375c567495eb7636c3cc50fffc6b,250,250
368,Colin_Powell,validation,Colin_Powell_0032.jpg,data/evaluation/validation/Colin_Powell/Colin_Powell_0032.jpg,3900f989685e054aaf1575df769658671b89385bfbeb46d4e37bb102b12cc91d,250,250
369,Colin_Powell,validation,Colin_Powell_0062.jpg,data/evaluation/validation/Colin_Powell/Colin_Powell_0062.jpg,29ea54329680f1ff7a22947fda66af90d74af0fd8cc8b9e9cbc92c07996782d5,250,250
370,Colin_Powell,validation,Colin_Powell_0051.jpg,data/evaluation/validation/Colin_Powell/Colin_Powell_0051.jpg,efe2b5f48666ae87b1e1c348a052193161ea1a37cc787aac6c0ea163196b2d9b,250,250
371,Colin_Powell,validation,Colin_Powell_0162.jpg,data/evaluation/validation/Colin_Powell/Colin_Powell_0162.jpg,27e44b4261757c62e2724a62dbd5a18c350bd007bed2a50f1c1288fcce007702,250,250
372,Colin_Powell,validation,Colin_Powell_0017.jpg,data/evaluation/validation/Colin_Powell/Colin_Powell_0017.jpg,f1892ee8b3a64d582901b525dcc0f822708196eed9d8e97ed26e84658b049244,250,250
373,Colin_Powell,validation,Colin_Powell_0131.jpg,data/evaluation/validation/Colin_Powell/Colin_Powell_0131.jpg,9325095ee96989e811b91339e68ff8dbeb071e2dcb67838c2a93e8cafac9e5b3,250,250
374,Colin_Powell,validation,Colin_Powell_0212.jpg,data/evaluation/validation/Colin_Powell/Colin_Powell_0212.jpg,7cba57dfe0453e874adbfecf140bcd1dd5642a6104e3a9a29ecb806372582afb,250,250
375,Colin_Powell,validation,Colin_Powell_0022.jpg,data/evaluation/validation/Colin_Powell/Colin_Powell_0022.jpg,2c3c649660f50080c2ddcb595a95c4982733806be8679c147efb20047c4d68dd,250,250
376,Colin_Powell,validation,Colin_Powell_0153.jpg,data/evaluation/validation/Colin_Powell/Colin_Powell_0153.jpg,b48efa248725b7c7baa87b5f9f4f82c99ed2bfb6e3e660526dc9b7537e63187a,250,250
377,Colin_Powell,validation,Colin_Powell_0031.jpg,data/evaluation/validation/Colin_Powell/Colin_Powell_0031.jpg,449d4785187a729bdfb3c0c16388c534ae64fbfee52e74620013449aa49c1ca3,250,250
378,Colin_Powell,validation,Colin_Powell_0081.jpg,data/evaluation/validation/Colin_Powell/Colin_Powell_0081.jpg,0acfac8b83c2d5fbc139ec33a43e6ecf6fa1c2beb33d0f13b0d04b663d5f2b3d,250,250
379,Colin_Powell,validation,Colin_Powell_0196.jpg,data/evaluation/validation/Colin_Powell/Colin_Powell_0196.jpg,e0e826ce875e78a392c9816286039e2168a4e4e53324a95abd8552ac1c902c25,250,250
380,Colin_Powell,validation,Colin_Powell_0084.jpg,data/evaluation/validation/Colin_Powell/Colin_Powell_0084.jpg,bf7d6a930995d647187f7cfcd941f980d3547523f68f1de6d0b661e09cadf571,250,250
381,Colin_Powell,validation,Colin_Powell_0186.jpg,data/evaluation/validation/Colin_Powell/Colin_Powell_0186.jpg,dd7600199b588106949549d2ddf7acd7311df08e6979e8d1bbc58376ddc6bf45,250,250
382,Colin_Powell,validation,Colin_Powell_0119.jpg,data/evaluation/validation/Colin_Powell/Colin_Powell_0119.jpg,2261d369ba4687ee0535aa4a3e169aff6bea9e029531bdd7bd883f6db950f48c,250,250
383,Colin_Powell,validation,Colin_Powell_0021.jpg,data/evaluation/validation/Colin_Powell/Colin_Powell_0021.jpg,5b60c76614b9c8e894bae58f6cda995976200b9c0621cc6687f33c2ca55f816d,250,250
384,Colin_Powell,validation,Colin_Powell_0174.jpg,data/evaluation/validation/Colin_Powell/Colin_Powell_0174.jpg,8bdf65417ccb98a59f6c8a99cfeb63f2faae756a699a8490befe6985e7d162a4,250,250
385,Colin_Powell,validation,Colin_Powell_0159.jpg,data/evaluation/validation/Colin_Powell/Colin_Powell_0159.jpg,f62cddc1da6355cb0e1743bf087b10697b4ab28f0d26d206ae6bdb4b50778d2e,250,250
386,Colin_Powell,validation,Colin_Powell_0133.jpg,data/evaluation/validation/Colin_Powell/Colin_Powell_0133.jpg,501b26cb53b9a64e7177a22b5905cda6e232429c563b652b8982cad1d551e2c6,250,250
387,Colin_Powell,validation,Colin_Powell_0093.jpg,data/evaluation/validation/Colin_Powell/Colin_Powell_0093.jpg,f444a1cd0fc13b74c6fdce70e4c1d34b19f333d2b65becc2479a09f9db0c33e3,250,250
388,Colin_Powell,validation,Colin_Powell_0147.jpg,data/evaluation/validation/Colin_Powell/Colin_Powell_0147.jpg,7542df0af3c36724c2c788fd4b5906c598f46825b44c947bd620c3bfb488fcee,250,250
389,Colin_Powell,validation,Colin_Powell_0049.jpg,data/evaluation/validation/Colin_Powell/Colin_Powell_0049.jpg,bc11ab6cf5173e1af48afb895a518195e32fb251d9b9654fa53dbf61deacc48a,250,250
390,Colin_Powell,validation,Colin_Powell_0103.jpg,data/evaluation/validation/Colin_Powell/Colin_Powell_0103.jpg,9b738b2c8f51c0fc0cda1fbeaf7addbd0caaad762156fa0106d4504303ac2791,250,250
391,Colin_Powell,validation,Colin_Powell_0060.jpg,data/evaluation/validation/Colin_Powell/Colin_Powell_0060.jpg,a318f6485be1b6a60030d3aaf4c183790fc54682ab9df0addac6e7a98c02ccb2,250,250
392,Colin_Powell,validation,Colin_Powell_0223.jpg,data/evaluation/validation/Colin_Powell/Colin_Powell_0223.jpg,e5c5229713ce240f374d85feff14e6724afca59021b68f9ae638c81762f77c87,250,250
393,Colin_Powell,validation,Colin_Powell_0166.jpg,data/evaluation/validation/Colin_Powell/Colin_Powell_0166.jpg,7218ec2105298987a75d48d7a6a03edf9047cb06861ccef20bf64c02228bc7c2,250,250
394,Colin_Powell,validation,Colin_Powell_0037.jpg,data/evaluation/validation/Colin_Powell/Colin_Powell_0037.jpg,df4f1b17592afffc5f3d66db3b81534baeff8b0c3f05783e05f4356f3fbea1a1,250,250
395,Colin_Powell,validation,Colin_Powell_0230.jpg,data/evaluation/validation/Colin_Powell/Colin_Powell_0230.jpg,1ed62207557636a63e7cada81edcccfde72238763180021ada673531098657eb,250,250
396,Colin_Powell,validation,Colin_Powell_0179.jpg,data/evaluation/validation/Colin_Powell/Colin_Powell_0179.jpg,73fc9272c53dc321a87a38c9e91a055cf68b8b10bffe6b75a7897233c8d3aa77,250,250
397,Colin_Powell,validation,Colin_Powell_0048.jpg,data/evaluation/validation/Colin_Powell/Colin_Powell_0048.jpg,a70f87222a4d308bdf1a7e9dc5243bd27a958126e5730eb7521dd369d41ef77f,250,250
398,Colin_Powell,validation,Colin_Powell_0044.jpg,data/evaluation/validation/Colin_Powell/Colin_Powell_0044.jpg,1ea6c562b38f608315325c7ab66e789997700164d72c623b525ec0d61c708b93,250,250
399,Colin_Powell,validation,Colin_Powell_0082.jpg,data/evaluation/validation/Colin_Powell/Colin_Powell_0082.jpg,28c027aff62cae405546d2c9c43839a2b0f1a12ed7808f145815a90df20b0f89,250,250
400,Colin_Powell,validation,Colin_Powell_0180.jpg,data/evaluation/validation/Colin_Powell/Colin_Powell_0180.jpg,f449f2fc26bc48ccd628021742d82b805c762e22cf3c5b3b12f1f423c8ee376b,250,250
401,Colin_Powell,validation,Colin_Powell_0149.jpg,data/evaluation/validation/Colin_Powell/Colin_Powell_0149.jpg,f77445a5fb4a4b02b8d9b7e0e62901320e7595969de447098bbbeb626e30de38,250,250
402,Colin_Powell,validation,Colin_Powell_0013.jpg,data/evaluation/validation/Colin_Powell/Colin_Powell_0013.jpg,0dccf90b8ff304018f8c417c70c75725511ff16738dbd57520c2d175f87b08e9,250,250
403,Colin_Powell,validation,Colin_Powell_0072.jpg,data/evaluation/validation/Colin_Powell/Colin_Powell_0072.jpg,804b2cb14aa69295dc340181f70839f0cb084a9836ca206925ec70073cceed20,250,250
404,Colin_Powell,validation,Colin_Powell_0108.jpg,data/evaluation/validation/Colin_Powell/Colin_Powell_0108.jpg,7690a0236751858c03f29fa4a4cccfe72ad025a641716e1db765ef084947253a,250,250
405,Colin_Powell,validation,Colin_Powell_0231.jpg,data/evaluation/validation/Colin_Powell/Colin_Powell_0231.jpg,e51a87e4cecf5c004e70fb27dfd4d35c06e721337d1e005cd1a4f8fdbc66525d,250,250
406,Colin_Powell,validation,Colin_Powell_0225.jpg,data/evaluation/validation/Colin_Powell/Colin_Powell_0225.jpg,0aba5be2878a478dd05ee6c12fb3cb17080edd9a54ba1482e2cae39b9fd8fc32,250,250
407,Colin_Powell,validation,Colin_Powell_0096.jpg,data/evaluation/validation/Colin_Powell/Colin_Powell_0096.jpg,12978f825c2b437292efbe119d7882895c434299a3a2dd19b83a40c5cba706d4,250,250
408,Colin_Powell,validation,Colin_Powell_0143.jpg,data/evaluation/validation/Colin_Powell/Colin_Powell_0143.jpg,e2bb61e1443a71941e56c0652330860f6f13f4c28938a09f80308ab0157bd3ef,250,250
409,Colin_Powell,validation,Colin_Powell_0200.jpg,data/evaluation/validation/Colin_Powell/Colin_Powell_0200.jpg,f425b32adaf4362ddccee5bdd840c35c49352e6c54b164aca090d3e32676418c,250,250
410,Colin_Powell,validation,Colin_Powell_0123.jpg,data/evaluation/validation/Colin_Powell/Colin_Powell_0123.jpg,6e958ba8a212a5eb2430e3ca4f5c7582ed75948bd7776c3fd4dbdccffbf04fe7,250,250
411,Colin_Powell,validation,Colin_Powell_0185.jpg,data/evaluation/validation/Colin_Powell/Colin_Powell_0185.jpg,fba15dcbfb0a6e5bd8deb534fa4c79b073c959e34b4c0060536b6418b199cd98,250,250
412,Colin_Powell,validation,Colin_Powell_0165.jpg,data/evaluation/validation/Colin_Powell/Colin_Powell_0165.jpg,27c1822819330ec63e3aa7ea3e1eaab8941e224ec8bb332cadd7d33531385076,250,250
413,Colin_Powell,validation,Colin_Powell_0016.jpg,data/evaluation/validation/Colin_Powell/Colin_Powell_0016.jpg,9a57186ac215a3e761237adb33e2ca18c4542e2a36f4ee4c8ec13f26caef75d7,250,250
414,Colin_Powell,validation,Colin_Powell_0089.jpg,data/evaluation/validation/Colin_Powell/Colin_Powell_0089.jpg,9a3aa46a377024a31d2b76bc3847263b2735fc1002f66e3bfdd0e85d1b96be10,250,250
415,Colin_Powell,validation,Colin_Powell_0101.jpg,data/evaluation/validation/Colin_Powell/Colin_Powell_0101.jpg,8b556e5913a3caecfcf743edaefb741dac14a8c68c10c7dfd0891bf2df4e0b6b,250,250
416,Colin_Powell,validation,Colin_Powell_0206.jpg,data/evaluation/validation/Colin_Powell/Colin_Powell_0206.jpg,baf5296e0dae5ece55455555fcb64aaaa61395975f20972affec8accffcff400,250,250
417,Colin_Powell,validation,Colin_Powell_0195.jpg,data/evaluation/validation/Colin_Powell/Colin_Powell_0195.jpg,7e4036545e8f99ac9310f0ff6a989600ad42902ff33b3690370e43e4ed9baf86,250,250
418,Colin_Powell,validation,Colin_Powell_0047.jpg,data/evaluation/validation/Colin_Powell/Colin_Powell_0047.jpg,e7618bf97bbfc2755153638ecb1b015feec6ad7a99e7bddbc85507d0d4806dcb,250,250
419,Colin_Powell,validation,Colin_Powell_0232.jpg,data/evaluation/validation/Colin_Powell/Colin_Powell_0232.jpg,f5530b3c5e6bf4cec86bfc8a63d1be9a94d813fee355e57919ea427cfb048511,250,250
420,Colin_Powell,validation,Colin_Powell_0187.jpg,data/evaluation/validation/Colin_Powell/Colin_Powell_0187.jpg,4f69ed677a06849730e626236fc43c2002f9e5bb7557c583c2f253e88e9c92fc,250,250
421,Colin_Powell,validation,Colin_Powell_0067.jpg,data/evaluation/validation/Colin_Powell/Colin_Powell_0067.jpg,e554b106896f5206d5f3a953aab37a5102eae5d2653379538224c12b01a495ad,250,250
422,Colin_Powell,validation,Colin_Powell_0178.jpg,data/evaluation/validation/Colin_Powell/Colin_Powell_0178.jpg,4b370e956dee90fe4ec7324e6261d61f6b8e1f6c1a208f7a4a0a9b202d65ab81,250,250
423,Colin_Powell,validation,Colin_Powell_0192.jpg,data/evaluation/validation/Colin_Powell/Colin_Powell_0192.jpg,1b30f40337e89d0be8ff99224f5b630739bdfa59975a3f6dad61789d75cc5473,250,250
424,Colin_Powell,validation,Colin_Powell_0006.jpg,data/evaluation/validation/Colin_Powell/Colin_Powell_0006.jpg,8f59e189d65a1e6632d4383712f2b12635f2b84ddd6c65e55e0737f942e7e793,250,250
425,Colin_Powell,validation,Colin_Powell_0218.jpg,data/evaluation/validation/Colin_Powell/Colin_Powell_0218.jpg,d7ccd49b4e993a90935699199b2c5a2dcafed32a77aaacd9a23fb763e643ca6a,250,250
426,Colin_Powell,validation,Colin_Powell_0115.jpg,data/evaluation/validation/Colin_Powell/Colin_Powell_0115.jpg,37e6a217656295e2a8be918c3236b8b1f8cac116ca165377548a131b77463814,250,250
427,Colin_Powell,validation,Colin_Powell_0074.jpg,data/evaluation/validation/Colin_Powell/Colin_Powell_0074.jpg,2dde4afe99f51d7e9a6e39c37be5cae9b6bdc3ac7da3d3f1127174d3f7855157,250,250
428,Colin_Powell,validation,Colin_Powell_0050.jpg,data/evaluation/validation/Colin_Powell/Colin_Powell_0050.jpg,c6807a9a2965035193716824469a7a22d3d5dae68dc2270e8db39888b23520c8,250,250
429,Colin_Powell,validation,Colin_Powell_0216.jpg,data/evaluation/validation/Colin_Powell/Colin_Powell_0216.jpg,7117c070b63d2cf9c19125a0419111b71853a760a7f1efe63f3fc692b4048e14,250,250
430,Colin_Powell,validation,Colin_Powell_0127.jpg,data/evaluation/validation/Colin_Powell/Colin_Powell_0127.jpg,bfcc75866b603c3e51d67763d49132616d9269163788fbdaf32707a89c1eb1bd,250,250
431,Colin_Powell,validation,Colin_Powell_0215.jpg,data/evaluation/validation/Colin_Powell/Colin_Powell_0215.jpg,f67468f27cf07dd16d4c02f82ec549caa9ad2ea495720c31ec8f14934788194d,250,250
432,Colin_Powell,validation,Colin_Powell_0148.jpg,data/evaluation/validation/Colin_Powell/Colin_Powell_0148.jpg,422847ac7897d0b4c7b9acba4ee4cb0ebf05eb1a38576489211f2b87cf56b3d1,250,250
433,Colin_Powell,validation,Colin_Powell_0134.jpg,data/evaluation/validation/Colin_Powell/Colin_Powell_0134.jpg,24e0d5257438154227f0dec3fb95410aee0eeae4877c5e1e4f0377f9d727b937,250,250
434,Colin_Powell,validation,Colin_Powell_0107.jpg,data/evaluation/validation/Colin_Powell/Colin_Powell_0107.jpg,2fb2e3b4200d0ca3f2d9982554ffd99f48afc0e2bf9915185890dfbf7f10b073,250,250
435,Colin_Powell,validation,Colin_Powell_0056.jpg,data/evaluation/validation/Colin_Powell/Colin_Powell_0056.jpg,4e3de7c21a94551bff8bb1255dd17f3ab5a6c30a5318f8790d0350d3a501df31,250,250
436,Colin_Powell,validation,Colin_Powell_0213.jpg,data/evaluation/validation/Colin_Powell/Colin_Powell_0213.jpg,455b3fcc48574c1150cc704501fd591fd3541069d8b35051661a8205755c1fe2,250,250
437,Colin_Powell,validation,Colin_Powell_0193.jpg,data/evaluation/validation/Colin_Powell/Colin_Powell_0193.jpg,ede559838ec603acb956085f6f27432182773ef64fd9a04fad0db56bea6f837f,250,250
438,Colin_Powell,validation,Colin_Powell_0005.jpg,data/evaluation/validation/Colin_Powell/Colin_Powell_0005.jpg,5e14f98a2596b1701fb6de997342ef3dc8eee65b60a38fe39ee3d398336bbf3f,250,250
439,Colin_Powell,validation,Colin_Powell_0132.jpg,data/evaluation/validation/Colin_Powell/Colin_Powell_0132.jpg,6e512812db2ca04a57fc759cc3744813a5efff00c28f3bdc64b8c3af327334a5,250,250
440,Colin_Powell,validation,Colin_Powell_0075.jpg,data/evaluation/validation/Colin_Powell/Colin_Powell_0075.jpg,c269af54e9e95f78aa0b2952fe1f62236687f3ff6b403c46b2759e1439054b05,250,250
441,Colin_Powell,validation,Colin_Powell_0023.jpg,data/evaluation/validation/Colin_Powell/Colin_Powell_0023.jpg,ba02ce98aa7589f27d7e8029793583c66b83c5d55760fc8cdc9150ad6a4bc048,250,250
442,Colin_Powell,validation,Colin_Powell_0190.jpg,data/evaluation/validation/Colin_Powell/Colin_Powell_0190.jpg,c0299fa228ad2ae99d23d1b14c1e879cd719d92bf62eaa09f264bddcf7f0992e,250,250
443,Colin_Powell,validation,Colin_Powell_0015.jpg,data/evaluation/validation/Colin_Powell/Colin_Powell_0015.jpg,015c23eff504a6f66530177e161efb90e3bb15cd4f7e01f8c848eae073946a44,250,250
444,Colin_Powell,validation,Colin_Powell_0117.jpg,data/evaluation/validation/Colin_Powell/Colin_Powell_0117.jpg,e2ad5ab48f044561f92ad31123a51393d7a904f5f8068421baf231a77a22d08e,250,250
445,Colin_Powell,validation,Colin_Powell_0219.jpg,data/evaluation/validation/Colin_Powell/Colin_Powell_0219.jpg,f9857fb650a2310465e57017522b9d7ce55de1862f76151c17576a423badb2ba,250,250
446,Colin_Powell,validation,Colin_Powell_0135.jpg,data/evaluation/validation/Colin_Powell/Colin_Powell_0135.jpg,99151c1f875827c20d705e28a40e4d942bc2c404000025e008c20555a0464529,250,250
447,Colin_Powell,validation,Colin_Powell_0087.jpg,data/evaluation/validation/Colin_Powell/Colin_Powell_0087.jpg,db6a9542c133622e4bc49f7ab5feade259bcfc65625314f2b88fb24afae0dd79,250,250
448,Colin_Powell,validation,Colin_Powell_0172.jpg,data/evaluation/validation/Colin_Powell/Colin_Powell_0172.jpg,c8a276e03adb3796fa0727dff112a2027142aa25350cff1f9792513979b0a192,250,250
449,Colin_Powell,validation,Colin_Powell_0066.jpg,data/evaluation/validation/Colin_Powell/Colin_Powell_0066.jpg,03b902aa8380ec5c6ffc864bc0d016adf39c42c0cc3d9e508ec0a5fe35d8bd16,250,250
450,Colin_Powell,validation,Colin_Powell_0083.jpg,data/evaluation/validation/Colin_Powell/Colin_Powell_0083.jpg,ae82e88e0c3f7959386fbd2a7658c59f61c39cf38bde68a2a00c487c613843e6,250,250
451,Colin_Powell,validation,Colin_Powell_0124.jpg,data/evaluation/validation/Colin_Powell/Colin_Powell_0124.jpg,5a00618f594a92b3c8de9d78418e531e200f82f4e2957291aa914fec55225847,250,250
452,Colin_Powell,validation,Colin_Powell_0120.jpg,data/evaluation/validation/Colin_Powell/Colin_Powell_0120.jpg,db8170e2dc635c330f1f05f2ca76830253e7f2aa67749c93cd1a0f53376cee27,250,250
453,Colin_Powell,validation,Colin_Powell_0099.jpg,data/evaluation/validation/Colin_Powell/Colin_Powell_0099.jpg,ebfae69d5f8dc306a7cf05e44bf926925d940cf319f8824c02cdfc17b3b35a6b,250,250
454,Colin_Powell,validation,Colin_Powell_0009.jpg,data/evaluation/validation/Colin_Powell/Colin_Powell_0009.jpg,cc6e7e6a6e3bbb17a3efd47f0ee71c73236a2888d72428f515903dbbdb295abf,250,250
455,Colin_Powell,validation,Colin_Powell_0158.jpg,data/evaluation/validation/Colin_Powell/Colin_Powell_0158.jpg,3d67f5254950ff9625396532b57c0695e1076092953ba0d1a6fa85b53445ce89,250,250
456,Colin_Powell,validation,Colin_Powell_0036.jpg,data/evaluation/validation/Colin_Powell/Colin_Powell_0036.jpg,f22fa5a6861dfadc511cb583462f10f7f6e5b4abd8f1a1e4e98100d5f42e4bf9,250,250
457,Colin_Powell,validation,Colin_Powell_0043.jpg,data/evaluation/validation/Colin_Powell/Colin_Powell_0043.jpg,6de3ea1967ca1c86ee6794b3bffa1adb5425c7e81f9eef6d33350ce082ef3082,250,250
458,Colin_Powell,validation,Colin_Powell_0128.jpg,data/evaluation/validation/Colin_Powell/Colin_Powell_0128.jpg,edd5e52be29e16131b63004c676caca30f5f2d4f56fd1ad2a4fc16d64c4e94fd,250,250
459,Colin_Powell,validation,Colin_Powell_0025.jpg,data/evaluation/validation/Colin_Powell/Colin_Powell_0025.jpg,dc25dcffaaec96b54f9b7288620b272d5326ba12862cce847fe60a042fa00bc0,250,250
460,Colin_Powell,validation,Colin_Powell_0085.jpg,data/evaluation/validation/Colin_Powell/Colin_Powell_0085.jpg,985d6cbdeee443534db291a6143034065054a85e711a14c219d5d27155790c09,250,250
461,Colin_Powell,validation,Colin_Powell_0004.jpg,data/evaluation/validation/Colin_Powell/Colin_Powell_0004.jpg,030024462c07c0c02158a2f8ddb9dc1c28923104a5960a9d72ed4b5d728eea79,250,250
462,Colin_Powell,validation,Colin_Powell_0167.jpg,data/evaluation/validation/Colin_Powell/Colin_Powell_0167.jpg,74a0cc1bdbd0e895c0651fbefcf3b23cf16b9a30c785e6606560b5c0edbf2a8e,250,250
463,Colin_Powell,validation,Colin_Powell_0202.jpg,data/evaluation/validation/Colin_Powell/Colin_Powell_0202.jpg,8b2e6f3fd86fd0c45f0bf58f91c21cb39ced8971c529b34685a575510b1f231c,250,250
464,Colin_Powell,test,Colin_Powell_0112.jpg,data/evaluation/test/Colin_Powell/Colin_Powell_0112.jpg,7d76c2b5118a70935df30593fe40a87f0cb445860efeff37ff16735ec26df3c1,250,250
465,Colin_Powell,test,Colin_Powell_0102.jpg,data/evaluation/test/Colin_Powell/Colin_Powell_0102.jpg,882ebf7ec45958c6b835c2e4a0129cd683a427e6cc98257632e59e4c322198aa,250,250
466,Colin_Powell,test,Colin_Powell_0137.jpg,data/evaluation/test/Colin_Powell/Colin_Powell_0137.jpg,bdd1e666a9fc7d4aa34787bcd8a701ea226fef17aa35a97aef95517bd6203ab9,250,250
467,Colin_Powell,test,Colin_Powell_0233.jpg,data/evaluation/test/Colin_Powell/Colin_Powell_0233.jpg,86212c0d4ecde260f86a0b2f8e1682f0c3074180e91c4c4c9fdbd0b9000aa6fb,250,250
468,Colin_Powell,test,Colin_Powell_0045.jpg,data/evaluation/test/Colin_Powell/Colin_Powell_0045.jpg,b382c5496f81eeacba32c9b4c317f9d94e56cb3104ce035c7132099575c79ea2,250,250
469,Colin_Powell,test,Colin_Powell_0059.jpg,data/evaluation/test/Colin_Powell/Colin_Powell_0059.jpg,ea1a45e7bb4b79fc1b7d1782dacaa06383ce8e521ffc73f9db6d2bee67558f3d,250,250
470,Colin_Powell,test,Colin_Powell_0235.jpg,data/evaluation/test/Colin_Powell/Colin_Powell_0235.jpg,6fc4202d14144e842e5ccf99c9e6a370b02fc82849f37b14a0c211eba2e95bf9,250,250
471,Colin_Powell,test,Colin_Powell_0146.jpg,data/evaluation/test/Colin_Powell/Colin_Powell_0146.jpg,e5b314cfe068d5de5b32c2d4cdc2f64e2a6fe6d912c4bebc93034380b3a08010,250,250
472,Colin_Powell,test,Colin_Powell_0052.jpg,data/evaluation/test/Colin_Powell/Colin_Powell_0052.jpg,c870abf663c92cd7ae71eef278c21f7ea406ceed846b22ef165df5ab293f275e,250,250
473,Colin_Powell,test,Colin_Powell_0057.jpg,data/evaluation/test/Colin_Powell/Colin_Powell_0057.jpg,a50e21cedeade400ebafba87f9764b1770c0a0505b4bbd715657f97b05885604,250,250
474,Colin_Powell,test,Colin_Powell_0121.jpg,data/evaluation/test/Colin_Powell/Colin_Powell_0121.jpg,12dc1b4ce66c0c44050d8d7616d980d5e94e915299eb902e357fae9cdabb556d,250,250
475,Colin_Powell,test,Colin_Powell_0182.jpg,data/evaluation/test/Colin_Powell/Colin_Powell_0182.jpg,f7661ec07ba99f01f33a58e74af0676555a2af06c23d8b180ed0aaa2a4bf8529,250,250
476,Colin_Powell,test,Colin_Powell_0098.jpg,data/evaluation/test/Colin_Powell/Colin_Powell_0098.jpg,c10983ba07253affcf858ce8f80ef66a8e4bb831fd3a11c2122c04517d1b86d9,250,250
477,Colin_Powell,test,Colin_Powell_0201.jpg,data/evaluation/test/Colin_Powell/Colin_Powell_0201.jpg,37b1c19b416c646cafb6b7a6caffa9a5eafc22bdd20ebad710214bf27abf2ab4,250,250
478,Colin_Powell,test,Colin_Powell_0220.jpg,data/evaluation/test/Colin_Powell/Colin_Powell_0220.jpg,75cb04ca2b5699f3e995e336197ac64d9b775e14302b3851babc2462e39121c9,250,250
479,Colin_Powell,test,Colin_Powell_0069.jpg,data/evaluation/test/Colin_Powell/Colin_Powell_0069.jpg,cad7d3f0b4bd3b450192c350f665215c305c52c84138a622743833438a766b18,250,250
480,Colin_Powell,test,Colin_Powell_0161.jpg,data/evaluation/test/Colin_Powell/Colin_Powell_0161.jpg,a859dbe07f0913813c6aa5f7f6ee21ee9ea490b2c0695154a90a19a4bdd4af30,250,250
481,Colin_Powell,test,Colin_Powell_0141.jpg,data/evaluation/test/Colin_Powell/Colin_Powell_0141.jpg,5ed93be93581e7f9c324ca86800f5e124ca172ad9191abfc4ae5ddeadfcadad6,250,250
482,Colin_Powell,test,Colin_Powell_0177.jpg,data/evaluation/test/Colin_Powell/Colin_Powell_0177.jpg,9848d3011e7aacc692cad942744c45346fc8d9af0acb9b8f1a50eb54475f870c,250,250
483,Colin_Powell,test,Colin_Powell_0234.jpg,data/evaluation/test/Colin_Powell/Colin_Powell_0234.jpg,0e66851b286e65488d8639d48abf0a1f8ba8005520c2f31c5f4035ac631a7d66,250,250
484,Colin_Powell,test,Colin_Powell_0007.jpg,data/evaluation/test/Colin_Powell/Colin_Powell_0007.jpg,22b4f98ca8ac457fcea139ba3a70c15bfbc9b392d150b199aa95ca8541f007c4,250,250
485,Colin_Powell,test,Colin_Powell_0106.jpg,data/evaluation/test/Colin_Powell/Colin_Powell_0106.jpg,b63c7cae02bdbeae11aa63784e49c9ebad493a2f57456b7143e6dce182073b0a,250,250
486,Colin_Powell,test,Colin_Powell_0046.jpg,data/evaluation/test/Colin_Powell/Colin_Powell_0046.jpg,e8a62e52dd84fccfab66778610cbc44e08e13b89226106edffb31020614ffc31,250,250
487,Colin_Powell,test,Colin_Powell_0173.jpg,data/evaluation/test/Colin_Powell/Colin_Powell_0173.jpg,b889b9afb1f8b5d9d9c5f45a6871e9a10e587cff2b9adae3ca51aa7cd9b104d1,250,250
488,Colin_Powell,test,Colin_Powell_0061.jpg,data/evaluation/test/Colin_Powell/Colin_Powell_0061.jpg,204cec3e75b3dec466d326e2355207c670126a03d64bb1189c7471adf91356b2,250,250
489,Colin_Powell,test,Colin_Powell_0198.jpg,data/evaluation/test/Colin_Powell/Colin_Powell_0198.jpg,63ea5497732d6fd5847b6318735f0e2aaa22483f467dfe1de5d542692e262408,250,250
490,Colin_Powell,test,Colin_Powell_0105.jpg,data/evaluation/test/Colin_Powell/Colin_Powell_0105.jpg,e426700d043e619521f521cdeea5bc646f15e0431250c4ad49cabd1e157a20c7,250,250
491,Colin_Powell,test,Colin_Powell_0169.jpg,data/evaluation/test/Colin_Powell/Colin_Powell_0169.jpg,129a0a626e212ec632669fbf70887e497b1856873172e0078a8d1ea0e5709a2a,250,250
492,Colin_Powell,test,Colin_Powell_0091.jpg,data/evaluation/test/Colin_Powell/Colin_Powell_0091.jpg,8392bbf024c2243c0174214adf09eddf6fe1c6aa755dfb24588df2051324a5ab,250,250
493,Colin_Powell,test,Colin_Powell_0205.jpg,data/evaluation/test/Colin_Powell/Colin_Powell_0205.jpg,9a4b8100c47513560ebdc1967b353a31002de293d0d4561d33269d97c03b3617,250,250
494,Colin_Powell,test,Colin_Powell_0064.jpg,data/evaluation/test/Colin_Powell/Colin_Powell_0064.jpg,8ce6d848ff1be5bf55a2c5b9abdbe37f04842a6025117d176212a9b51044e6cd,250,250
495,Colin_Powell,test,Colin_Powell_0194.jpg,data/evaluation/test/Colin_Powell/Colin_Powell_0194.jpg,e8cefa2b69643cd1f6b9be9d93dc7c59b4b36e3a4dcb170c7f72890afbc549aa,250,250
496,Colin_Powell,test,Colin_Powell_0092.jpg,data/evaluation/test/Colin_Powell/Colin_Powell_0092.jpg,5aede76dc76a5ea1d2200a191a8938da942cb3fea578a725abb2b2581ec7cc90,250,250
497,Colin_Powell,test,Colin_Powell_0156.jpg,data/evaluation/test/Colin_Powell/Colin_Powell_0156.jpg,f6c981043e7380c6e404b5caa68603c92d82c638339ecd1194d460970c143939,250,250
498,Colin_Powell,test,Colin_Powell_0094.jpg,data/evaluation/test/Colin_Powell/Colin_Powell_0094.jpg,44527af08bfb14f34b31b52939b00c6e8243f77b3bc2e4bc674db901c50658bf,250,250
499,Colin_Powell,test,Colin_Powell_0079.jpg,data/evaluation/test/Colin_Powell/Colin_Powell_0079.jpg,446a5d00380e911d35494ce20015be85d231641ff1184688a1e2e14c87bf182e,250,250
500,Colin_Powell,test,Colin_Powell_0011.jpg,data/evaluation/test/Colin_Powell/Colin_Powell_0011.jpg,b81fbcaa34fea708ba6f209091484c79a8c4b673bdb936898642edd3023cff65,250,250
501,Colin_Powell,test,Colin_Powell_0033.jpg,data/evaluation/test/Colin_Powell/Colin_Powell_0033.jpg,73d0ab7f7727287012a8f80c29e1d70ef078f54aae60825864c4e1b57254c37f,250,250
502,Colin_Powell,test,Colin_Powell_0111.jpg,data/evaluation/test/Colin_Powell/Colin_Powell_0111.jpg,fbe62bd5e65dbe2f442c8ce25721792cc5c754a451ab104188523f8fd3f6b300,250,250
503,Colin_Powell,test,Colin_Powell_0038.jpg,data/evaluation/test/Colin_Powell/Colin_Powell_0038.jpg,990354712406d048b4a9584345aa003d78b6465a73761e04d6fb5b9a563cd6e8,250,250
504,Colin_Powell,test,Colin_Powell_0209.jpg,data/evaluation/test/Colin_Powell/Colin_Powell_0209.jpg,4f2f9b4cc612f3bfb8d6eeb6cd6f286ec2a706c33c2793157437d240c1beb969,250,250
505,Colin_Powell,test,Colin_Powell_0150.jpg,data/evaluation/test/Colin_Powell/Colin_Powell_0150.jpg,5d7a38955374315b56af59f12b625a8e4fc7e193ac3c5e1b7bfa2f978e696792,250,250
506,Colin_Powell,test,Colin_Powell_0222.jpg,data/evaluation/test/Colin_Powell/Colin_Powell_0222.jpg,48399d599971c0ebd645cee675a13d0becd1b004a24013ccc8d7b40427a6c95d,250,250
507,Colin_Powell,test,Colin_Powell_0010.jpg,data/evaluation/test/Colin_Powell/Colin_Powell_0010.jpg,ec035384e837af5fdded589637786f9f24f9fc377fa5522d34afe65fd4f19290,250,250
508,Colin_Powell,test,Colin_Powell_0217.jpg,data/evaluation/test/Colin_Powell/Colin_Powell_0217.jpg,189ff33b2ef0c8d90ff00b307849e895bc6722167e886d69021f4fcce804c1eb,250,250
509,Colin_Powell,test,Colin_Powell_0039.jpg,data/evaluation/test/Colin_Powell/Colin_Powell_0039.jpg,564295407bd8c281414ee021baf4ffef89c21550a40e6d736cb2ba86677ace57,250,250
510,Colin_Powell,test,Colin_Powell_0020.jpg,data/evaluation/test/Colin_Powell/Colin_Powell_0020.jpg,9ea2b93d7335a29a92d15d6c8e8378ccdb8ea8f12620f582d9b17e0826efe971,250,250
511,Colin_Powell,test,Colin_Powell_0029.jpg,data/evaluation/test/Colin_Powell/Colin_Powell_0029.jpg,043fbc55f0a300561732a445704311a4631f5df6fc9ee5419d87e4cc592e06bb,250,250
512,Colin_Powell,test,Colin_Powell_0210.jpg,data/evaluation/test/Colin_Powell/Colin_Powell_0210.jpg,75a850e8587ce32dfbd6dc04a14595b5bcae57c882dae77de8ef4d41f946cce2,250,250
513,Colin_Powell,test,Colin_Powell_0144.jpg,data/evaluation/test/Colin_Powell/Colin_Powell_0144.jpg,1671a7134bb1404531aac7cf5226ab75d93a0c53bcc7dc8282cd3d5abe3ab078,250,250
514,Colin_Powell,test,Colin_Powell_0110.jpg,data/evaluation/test/Colin_Powell/Colin_Powell_0110.jpg,dbbcc9e557dfda2eba89daf60dbbaede719365afe3c19998b5371536482af004,250,250
515,Colin_Powell,test,Colin_Powell_0199.jpg,data/evaluation/test/Colin_Powell/Colin_Powell_0199.jpg,66ca0e19069c4123ec985466f5ac7e1e342a813f4972f07ffa6dedbc68701df4,250,250
516,Colin_Powell,test,Colin_Powell_0114.jpg,data/evaluation/test/Colin_Powell/Colin_Powell_0114.jpg,cffd386ae0cec7ea806d43c989213e8f21eb014e2d42aaa718e64ae79fcbbbf9,250,250
517,Colin_Powell,test,Colin_Powell_0042.jpg,data/evaluation/test/Colin_Powell/Colin_Powell_0042.jpg,e35e2510509b3edfcd8518e7f825df3ad5d3abe0a3298eaf2f25ad44af695658,250,250
518,Colin_Powell,test,Colin_Powell_0188.jpg,data/evaluation/test/Colin_Powell/Colin_Powell_0188.jpg,d2ed15544896791117f98f37fa27af909f20a79701c1a323eedb81946f14fab0,250,250
519,Colin_Powell,test,Colin_Powell_0164.jpg,data/evaluation/test/Colin_Powell/Colin_Powell_0164.jpg,7ad29b0fed7660a92928b6cc4388a334668d631c87d3d2f949dab886109a1631,250,250
520,Colin_Powell,test,Colin_Powell_0226.jpg,data/evaluation/test/Colin_Powell/Colin_Powell_0226.jpg,d165ef138aa7e2168126f3ad5ba7d2ff3bbb1655532358a4ed3ee42e527ecd08,250,250
521,Colin_Powell,test,Colin_Powell_0086.jpg,data/evaluation/test/Colin_Powell/Colin_Powell_0086.jpg,e5ccbe63b02b58badc5b2e184b660f651e06b3e0eb01dc4c5d6e9b04af79cdbf,250,250
522,Colin_Powell,test,Colin_Powell_0001.jpg,data/evaluation/test/Colin_Powell/Colin_Powell_0001.jpg,4aeed009e3eebba5e1a145156e0c98eda275cc00df74365c31200906d09d3595,250,250
523,Colin_Powell,test,Colin_Powell_0012.jpg,data/evaluation/test/Colin_Powell/Colin_Powell_0012.jpg,c8303134535d92f44b7beb15ff50a3bc6405598e628e93bd27b6ab776628598b,250,250
524,Colin_Powell,test,Colin_Powell_0071.jpg,data/evaluation/test/Colin_Powell/Colin_Powell_0071.jpg,84e4fab40122879440a3c55ad078007bd862a2b77144495eedb479aca7f66246,250,250
525,Colin_Powell,test,Colin_Powell_0109.jpg,data/evaluation/test/Colin_Powell/Colin_Powell_0109.jpg,0df33bc697885e38e0279490b22dd3019a32a6037351ab4c731b2490c9b1a869,250,250
526,Colin_Powell,test,Colin_Powell_0189.jpg,data/evaluation/test/Colin_Powell/Colin_Powell_0189.jpg,d3d8857bbc37c902a25b34b3112fd1b57dfde5326f6285d548f0caf75b789507,250,250
527,Colin_Powell,test,Colin_Powell_0024.jpg,data/evaluation/test/Colin_Powell/Colin_Powell_0024.jpg,cf124c9c7813b7bffef82dc9ba412bb7b62d017ba861a185557ed67d50f37e22,250,250
528,Colin_Powell,test,Colin_Powell_0014.jpg,data/evaluation/test/Colin_Powell/Colin_Powell_0014.jpg,539758830215742eb8e4d8eec466bdf4389a77afcb037d0bcd9266a784dd960c,250,250
529,Colin_Powell,test,Colin_Powell_0065.jpg,data/evaluation/test/Colin_Powell/Colin_Powell_0065.jpg,271a375b7dea64fe12352cf2ba2526545e213a189d6bfdb94435e4f68d324b1b,250,250
530,Colin_Powell,test,Colin_Powell_0126.jpg,data/evaluation/test/Colin_Powell/Colin_Powell_0126.jpg,472e6575c147e320c85a29d2c8e995d29a5e9e85d28e6a7fb71306ff4ee58a21,250,250
531,Colin_Powell,test,Colin_Powell_0228.jpg,data/evaluation/test/Colin_Powell/Colin_Powell_0228.jpg,c12f25ddf43f929fadedb72ae414e3b989546cfc18f9ae6a080f8e47160b9ea3,250,250
532,Colin_Powell,test,Colin_Powell_0203.jpg,data/evaluation/test/Colin_Powell/Colin_Powell_0203.jpg,ff846548e8b34a7060314d42d67bfa0bd48cebdd34d69681ff8c1b5cd7e57780,250,250
533,Colin_Powell,test,Colin_Powell_0163.jpg,data/evaluation/test/Colin_Powell/Colin_Powell_0163.jpg,7ccbbaa85e8834305a0cf7c7928970ead03ed24328d07550e3602c09720b5ebf,250,250
534,Colin_Powell,test,Colin_Powell_0176.jpg,data/evaluation/test/Colin_Powell/Colin_Powell_0176.jpg,b8fc5f765af947efb4c7f9043af6816cae802972267bb5c8d4dcef1e4b9eaaf7,250,250
535,Colin_Powell,test,Colin_Powell_0053.jpg,data/evaluation/test/Colin_Powell/Colin_Powell_0053.jpg,6c6c66c316df5d9543b2c235f90938bfb64d38fdaa177c0596ca9af8050b02a8,250,250
536,Colin_Powell,test,Colin_Powell_0088.jpg,data/evaluation/test/Colin_Powell/Colin_Powell_0088.jpg,1fd98e76fe78d0781b27c00bebf0c8f699e8776ba74e2294e8fc79f6c86ec3a0,250,250
537,Colin_Powell,test,Colin_Powell_0184.jpg,data/evaluation/test/Colin_Powell/Colin_Powell_0184.jpg,c84577aa4d413951e4e26b951eecaadb6d875c6d3cbdcd22c9541ad3945f4dae,250,250
538,Colin_Powell,test,Colin_Powell_0054.jpg,data/evaluation/test/Colin_Powell/Colin_Powell_0054.jpg,f9755387a09db1191bf7e81b985bef54a9bece87b08a3be638cb76ffa00c8347,250,250
539,Colin_Powell,test,Colin_Powell_0155.jpg,data/evaluation/test/Colin_Powell/Colin_Powell_0155.jpg,ce6d20551fe6abff337b723fc5ab806036725a747cf9a5dbe23dee5ad62e9a13,250,250
540,Colin_Powell,test,Colin_Powell_0221.jpg,data/evaluation/test/Colin_Powell/Colin_Powell_0221.jpg,e75e9e466d2d14dc98712ef6acc5b431163af14c54aaa7f18d941acd22a8f6a8,250,250
541,Colin_Powell,test,Colin_Powell_0070.jpg,data/evaluation/test/Colin_Powell/Colin_Powell_0070.jpg,bde2e8a0ffb20d94c6fb39c526fcda0d6791c8f38d5b35b7fe656dea2631f773,250,250
542,Colin_Powell,test,Colin_Powell_0040.jpg,data/evaluation/test/Colin_Powell/Colin_Powell_0040.jpg,bd001d3a28f8097b84ba9256f825ee55cbecc583640147536948965c9b752e44,250,250
543,Colin_Powell,test,Colin_Powell_0208.jpg,data/evaluation/test/Colin_Powell/Colin_Powell_0208.jpg,58eff8d4c7d5a0f09a2b6bc2871f01fd9ee59657589182d30f29b9d02b86a26c,250,250
544,Colin_Powell,test,Colin_Powell_0191.jpg,data/evaluation/test/Colin_Powell/Colin_Powell_0191.jpg,cc186d4070afbe3b765ed4d562ee5209e5469861f60504b5b8271f8936ef7d7b,250,250
545,Colin_Powell,test,Colin_Powell_0028.jpg,data/evaluation/test/Colin_Powell/Colin_Powell_0028.jpg,a0e1d3de3681707183dd840e9586a646694fb3c84041c1aea11a3d05fefce4f7,250,250
546,Colin_Powell,test,Colin_Powell_0030.jpg,data/evaluation/test/Colin_Powell/Colin_Powell_0030.jpg,b3bffee1eb9b456ee316576da7c8089ba35d2b82491cf9a7592ae97584153d4e,250,250
547,Colin_Powell,test,Colin_Powell_0227.jpg,data/evaluation/test/Colin_Powell/Colin_Powell_0227.jpg,84eeb83fc490353874f8db0d6267dac8ee19f2758cfc7345b8cd1d1af44aefbf,250,250
548,Colin_Powell,test,Colin_Powell_0035.jpg,data/evaluation/test/Colin_Powell/Colin_Powell_0035.jpg,37ba64c811c378b10d82a86de65edb3b918f33463c5d2ba07df54a1fbefe9141,250,250
549,Colin_Powell,test,Colin_Powell_0027.jpg,data/evaluation/test/Colin_Powell/Colin_Powell_0027.jpg,6d995ef91d4b001edea8d8ce406b145f8c963a83e74c861c2012cc0ab4679622,250,250
550,Colin_Powell,test,Colin_Powell_0170.jpg,data/evaluation/test/Colin_Powell/Colin_Powell_0170.jpg,dae18fe63283b3f695877813751202579ebb7f07d05bf420cba54e30e6a90aa1,250,250
551,Colin_Powell,test,Colin_Powell_0077.jpg,data/evaluation/test/Colin_Powell/Colin_Powell_0077.jpg,1fb5b767f7ec313c0de15d0a81e28106d5454771f4f04fdc74a0e7c38cf19d57,250,250
552,Colin_Powell,test,Colin_Powell_0142.jpg,data/evaluation/test/Colin_Powell/Colin_Powell_0142.jpg,121c7e9f8bc59df2465f1dd83c882bd506840180cfe7b5530aa9e8a54b2e11f9,250,250
553,Colin_Powell,test,Colin_Powell_0171.jpg,data/evaluation/test/Colin_Powell/Colin_Powell_0171.jpg,1cb8d054f38eafd92bb399aed0de3c4c5367efa6bcbc69fcae2187891d58c07b,250,250
554,Colin_Powell,test,Colin_Powell_0236.jpg,data/evaluation/test/Colin_Powell/Colin_Powell_0236.jpg,f4877e4a8e8401c93d1a11c736ed0407852c659bd3278b3197a02b8b8557f52d,250,250
555,Colin_Powell,test,Colin_Powell_0136.jpg,data/evaluation/test/Colin_Powell/Colin_Powell_0136.jpg,eff5c1a6cc1a6e3dc386543a90f1f496806f1bee066bb9b7cfe057125892d9a6,250,250
556,Colin_Powell,test,Colin_Powell_0168.jpg,data/evaluation/test/Colin_Powell/Colin_Powell_0168.jpg,3522c8d54f4db7b7b0ca5d4297757f641a13104a57e36d32dc624072f04ae3d2,250,250
557,Colin_Powell,test,Colin_Powell_0207.jpg,data/evaluation/test/Colin_Powell/Colin_Powell_0207.jpg,930d73b913a068d0c2e330f17710181abf122a3d39731e9b000fe16083025d93,250,250
558,Colin_Powell,test,Colin_Powell_0157.jpg,data/evaluation/test/Colin_Powell/Colin_Powell_0157.jpg,973e7949eae7b247fe0a8301da3da6c10ef43ad5618319cf5521653738e15a96,250,250
559,Colin_Powell,test,Colin_Powell_0078.jpg,data/evaluation/test/Colin_Powell/Colin_Powell_0078.jpg,09cb4e09c5680cc2364d47548256428f3fab71b92ed5d5d1f856c13f2f955526,250,250
560,Colin_Powell,test,Colin_Powell_0181.jpg,data/evaluation/test/Colin_Powell/Colin_Powell_0181.jpg,85f418f5a7827af89a60b73c2c7cc72d0f6800055c5a1ce8c339d89e003944a3,250,250
561,Colin_Powell,test,Colin_Powell_0140.jpg,data/evaluation/test/Colin_Powell/Colin_Powell_0140.jpg,eb5c0e004ade31cb78b9be9cd169f56eb33485fb093f0e11a9fda5c20ac4f9c6,250,250
562,Colin_Powell,test,Colin_Powell_0214.jpg,data/evaluation/test/Colin_Powell/Colin_Powell_0214.jpg,5035797e2db72ea4dbc96cb85c536205c7a16b3749979f8f04735ac1c8701a88,250,250
563,Colin_Powell,test,Colin_Powell_0113.jpg,data/evaluation/test/Colin_Powell/Colin_Powell_0113.jpg,1df89e1278d84a1fef65fe5f2446bae9200d9a5698d3e51112ab5a9f8062b7d8,250,250
564,Colin_Powell,test,Colin_Powell_0041.jpg,data/evaluation/test/Colin_Powell/Colin_Powell_0041.jpg,a0c30da863bb6c0dfb340134db4f4ab627a0a8557d6fb35b4b12e38db39cf0cd,250,250
565,Colin_Powell,test,Colin_Powell_0073.jpg,data/evaluation/test/Colin_Powell/Colin_Powell_0073.jpg,bb2e578cc0aca7854c2c4968bd7d842f1f6b96ce8a3106e5ed7d1dd9434caf66,250,250
566,Colin_Powell,test,Colin_Powell_0095.jpg,data/evaluation/test/Colin_Powell/Colin_Powell_0095.jpg,5a632f72d0393f151760118a6eeaf23f8601462eae90b9409184677123765169,250,250
567,Colin_Powell,test,Colin_Powell_0063.jpg,data/evaluation/test/Colin_Powell/Colin_Powell_0063.jpg,0ffb4aa84d89091057188280dd7ae66fbdc11416479c60f9b54afc7d39eb36af,250,250
568,Colin_Powell,test,Colin_Powell_0018.jpg,data/evaluation/test/Colin_Powell/Colin_Powell_0018.jpg,8f6608ee64b9e7d5f6d2a08182df1e7f0c319513e3dfd74de920b213590c822f,250,250
569,Colin_Powell,test,Colin_Powell_0090.jpg,data/evaluation/test/Colin_Powell/Colin_Powell_0090.jpg,ad7dcfe8421cd5edfaf340c6999421d0e0a0d6866e72605fcb51ecf8a77dcfbc,250,250
570,Colin_Powell,test,Colin_Powell_0034.jpg,data/evaluation/test/Colin_Powell/Colin_Powell_0034.jpg,27a74fcea4f408c2d5e3c1b0e333c28556961a2bf50e201571dc8269ae1ca1da,250,250
571,Colin_Powell,test,Colin_Powell_0068.jpg,data/evaluation/test/Colin_Powell/Colin_Powell_0068.jpg,1b18a5210bc383155d7ddca20b58599c66c33592cf98dfed747db1f3dfa41098,250,250
572,Colin_Powell,test,Colin_Powell_0130.jpg,data/evaluation/test/Colin_Powell/Colin_Powell_0130.jpg,d7a19ed1de23021964c533eb42f7aa7da5e870775f58e2605e2f2d030eeca6b3,250,250
573,Colin_Powell,test,Colin_Powell_0055.jpg,data/evaluation/test/Colin_Powell/Colin_Powell_0055.jpg,a8589e976cefc315f630e01223e2bdd70767a9cc9197cb507adccc8d9b023b70,250,250
574,Colin_Powell,test,Colin_Powell_0138.jpg,data/evaluation/test/Colin_Powell/Colin_Powell_0138.jpg,985a752e968116f0768079fdb1569590fcc680abdf767b2cebf03d07ac13b8a2,250,250
575,Colin_Powell,test,Colin_Powell_0019.jpg,data/evaluation/test/Colin_Powell/Colin_Powell_0019.jpg,1fa637ffd0cdd34323278a1c36a0f82cfb5d016d056858139d1127e2a7656b0c,250,250
576,Colin_Powell,test,Colin_Powell_0026.jpg,data/evaluation/test/Colin_Powell/Colin_Powell_0026.jpg,d8537ba14f6546ec811503870574406d46c4da26097d0fd4a464f6f23704dabe,250,250
577,Colin_Powell,test,Colin_Powell_0145.jpg,data/evaluation/test/Colin_Powell/Colin_Powell_0145.jpg,caead33043e3078669789927073bed5470f0e0f86fa78625f83bf37ae9c310c0,250,250
578,Colin_Powell,test,Colin_Powell_0160.jpg,data/evaluation/test/Colin_Powell/Colin_Powell_0160.jpg,873aa0329f57a2f450f0976a5c2725d25d8986e24d82d94901d81d473cd35a94,250,250
579,Colin_Powell,test,Colin_Powell_0118.jpg,data/evaluation/test/Colin_Powell/Colin_Powell_0118.jpg,d6f2ecf367145432f593d9dc1e7c99097d0ac87b9318476e2519f98245cf630c,250,250
580,Colin_Powell,test,Colin_Powell_0003.jpg,data/evaluation/test/Colin_Powell/Colin_Powell_0003.jpg,9d48cb4a2bba1b487e42b8ef0803c8d4e6f9c279c5ed2a9e17b2f93b83c98cc7,250,250
581,David_Beckham,enrollment,David_Beckham_0001.jpg,data/evaluation/enrollment/David_Beckham/David_Beckham_0001.jpg,9192b40a53959fdeacbde779ec4cbd3980d10931169e166a7fa4b06b44c57ad8,250,250
582,David_Beckham,enrollment,David_Beckham_0020.jpg,data/evaluation/enrollment/David_Beckham/David_Beckham_0020.jpg,fb369121d8b03b29643c39414aaa9a3e0ef34ac889cf2cb15f3c545a5c97119f,250,250
583,David_Beckham,validation,David_Beckham_0016.jpg,data/evaluation/validation/David_Beckham/David_Beckham_0016.jpg,083acbac082221edf7034426859c5127f84730dc8bf266f45d6d3e3102693afe,250,250
584,David_Beckham,validation,David_Beckham_0022.jpg,data/evaluation/validation/David_Beckham/David_Beckham_0022.jpg,e932163d7b575c3837b665da84730667e9bac234faaa2663dbccf6494e3120ed,250,250
585,David_Beckham,validation,David_Beckham_0007.jpg,data/evaluation/validation/David_Beckham/David_Beckham_0007.jpg,68c4367f4023e693159a6043415baa1b77140955ec6c562827befbc64fda12a0,250,250
586,David_Beckham,validation,David_Beckham_0010.jpg,data/evaluation/validation/David_Beckham/David_Beckham_0010.jpg,d718ccaf8b27bef1bf785074e47591ecd270c0128e9d9ca3f074a4c3a4670c08,250,250
587,David_Beckham,validation,David_Beckham_0005.jpg,data/evaluation/validation/David_Beckham/David_Beckham_0005.jpg,eefd4da37c74ac08f7397eb8296dda03552c2847679b26811ffa47f3f4319468,250,250
588,David_Beckham,validation,David_Beckham_0026.jpg,data/evaluation/validation/David_Beckham/David_Beckham_0026.jpg,8123c403cf871834620c153163d8ed045ef5d26e766746b5bda2d82e91f78427,250,250
589,David_Beckham,validation,David_Beckham_0023.jpg,data/evaluation/validation/David_Beckham/David_Beckham_0023.jpg,21fca2166fcd01c25377afb811a886366e037c3a0b219b9616a808f7f1c23585,250,250
590,David_Beckham,validation,David_Beckham_0012.jpg,data/evaluation/validation/David_Beckham/David_Beckham_0012.jpg,ef25f16165d598f0f700208054daeb5289e48e5a0c45ff767f2a8f1a1546d6ab,250,250
591,David_Beckham,validation,David_Beckham_0009.jpg,data/evaluation/validation/David_Beckham/David_Beckham_0009.jpg,83b5ea71ae3bf4ea932fe0989866e85fce67cb356e35d41cf0de9d3584a57946,250,250
592,David_Beckham,validation,David_Beckham_0011.jpg,data/evaluation/validation/David_Beckham/David_Beckham_0011.jpg,dbec5280560d1e82cffb3446ed62631231be7d26b33697cf61b9c1ecd81334e3,250,250
593,David_Beckham,validation,David_Beckham_0019.jpg,data/evaluation/validation/David_Beckham/David_Beckham_0019.jpg,eac4f95676eda41bcf1a81632b2051c5a654bd0fb7c1ed30fd29881d979d3587,250,250
594,David_Beckham,validation,David_Beckham_0013.jpg,data/evaluation/validation/David_Beckham/David_Beckham_0013.jpg,ce4b4229ae285d85cbd64d3bffe15bb196509342b66c692a702d9b9c8e86d3e1,250,250
595,David_Beckham,validation,David_Beckham_0003.jpg,data/evaluation/validation/David_Beckham/David_Beckham_0003.jpg,8e07b81da43c18905ebdd2c1ad01f1ed12c51a8d88364a5801cdc49c9838044c,250,250
596,David_Beckham,validation,David_Beckham_0021.jpg,data/evaluation/validation/David_Beckham/David_Beckham_0021.jpg,35b9fb751070f01d607882a78395fd68bfcd9b15212694118b84510cd79acabe,250,250
597,David_Beckham,test,David_Beckham_0027.jpg,data/evaluation/test/David_Beckham/David_Beckham_0027.jpg,5b4cc1048c3c1a9b6619911be895d9f001d5bd87e64b2534bde89b882760ddaf,250,250
598,David_Beckham,test,David_Beckham_0024.jpg,data/evaluation/test/David_Beckham/David_Beckham_0024.jpg,5f7d7e0cd8031faec8e20275a0d76a6ea9b05a64637ef19db58652c5e6d79841,250,250
599,David_Beckham,test,David_Beckham_0018.jpg,data/evaluation/test/David_Beckham/David_Beckham_0018.jpg,bc5354c78686c2080bcbff1ce19326785bafa2037ed9b2461c40455208f18eaa,250,250
600,David_Beckham,test,David_Beckham_0002.jpg,data/evaluation/test/David_Beckham/David_Beckham_0002.jpg,3df2696d683ec93c66f947089bf33258571dc0e72ffcb50f18087bdd580c0525,250,250
601,David_Beckham,test,David_Beckham_0015.jpg,data/evaluation/test/David_Beckham/David_Beckham_0015.jpg,9d194caa189707efb7faef259d93c4a4a2590a39cd5529ed080707824d745675,250,250
602,David_Beckham,test,David_Beckham_0017.jpg,data/evaluation/test/David_Beckham/David_Beckham_0017.jpg,e0fad7230d3ff3b18ffc09390a779297f7457033e690b55c66299f65c2591456,250,250
603,David_Beckham,test,David_Beckham_0006.jpg,data/evaluation/test/David_Beckham/David_Beckham_0006.jpg,cad3d3f074d4657eae1a7de164b0abbe716c477cc264526430d77c05c3f2e4b8,250,250
604,David_Beckham,test,David_Beckham_0008.jpg,data/evaluation/test/David_Beckham/David_Beckham_0008.jpg,f50f7633af984208d0eba5bdc60d08467872242b1d44af86469e477fc0257dae,250,250
605,David_Beckham,test,David_Beckham_0014.jpg,data/evaluation/test/David_Beckham/David_Beckham_0014.jpg,1187a035873cae837d5fa9666039a7dda09f4c4bda39b150e51b99eb71490158,250,250
606,David_Beckham,test,David_Beckham_0031.jpg,data/evaluation/test/David_Beckham/David_Beckham_0031.jpg,6116ed5fb17be37eced21d872f795f112122b296c20f70f47166e646a1d1bcc5,250,250
607,David_Beckham,test,David_Beckham_0004.jpg,data/evaluation/test/David_Beckham/David_Beckham_0004.jpg,7270eba2dfa3ef91c49e7adf0c93749ccb6cb3783b3f4c8386bd1f8f28e57be0,250,250
608,David_Beckham,test,David_Beckham_0030.jpg,data/evaluation/test/David_Beckham/David_Beckham_0030.jpg,421dc76ce579c41cd9ded7f3506ae808c5f449316ad6ee6d868cf765af537089,250,250
609,David_Beckham,test,David_Beckham_0028.jpg,data/evaluation/test/David_Beckham/David_Beckham_0028.jpg,96aed32d729be93869d2fd224948ad924d08b134a38a3393cb23ef394bee8fae,250,250
610,David_Beckham,test,David_Beckham_0025.jpg,data/evaluation/test/David_Beckham/David_Beckham_0025.jpg,bf9c6ac7a8be0735b92149bf3c0b1c42d2ad17dad6467b4ea5cb66ecba0d99f4,250,250
611,David_Beckham,test,David_Beckham_0029.jpg,data/evaluation/test/David_Beckham/David_Beckham_0029.jpg,64770f3ec0b812e0632a1414477c716d731321ed611917e164cbd494cf0b2ea7,250,250
612,Donald_Rumsfeld,enrollment,Donald_Rumsfeld_0033.jpg,data/evaluation/enrollment/Donald_Rumsfeld/Donald_Rumsfeld_0033.jpg,98e986f0311998aad65dc21225d0a55e124341e94c2115385f42bd250397a4cd,250,250
613,Donald_Rumsfeld,enrollment,Donald_Rumsfeld_0116.jpg,data/evaluation/enrollment/Donald_Rumsfeld/Donald_Rumsfeld_0116.jpg,930b8e2ed064fbaa138571c12639dd51e0d58465d8f91923a1aea75f461c7de7,250,250
614,Donald_Rumsfeld,validation,Donald_Rumsfeld_0095.jpg,data/evaluation/validation/Donald_Rumsfeld/Donald_Rumsfeld_0095.jpg,23918401a01a16ae7654de4a675d960f0a25d3dfa80bf890835013d76677f119,250,250
615,Donald_Rumsfeld,validation,Donald_Rumsfeld_0024.jpg,data/evaluation/validation/Donald_Rumsfeld/Donald_Rumsfeld_0024.jpg,8647eb1cb0f2fbb6a25642cfccdd3e118c4887c81271106620cf3923fdd137f1,250,250
616,Donald_Rumsfeld,validation,Donald_Rumsfeld_0005.jpg,data/evaluation/validation/Donald_Rumsfeld/Donald_Rumsfeld_0005.jpg,95e694ea737f809a0c0af5b417c74846ddee6eb77d7f878e036ba9dbeb32ee22,250,250
617,Donald_Rumsfeld,validation,Donald_Rumsfeld_0101.jpg,data/evaluation/validation/Donald_Rumsfeld/Donald_Rumsfeld_0101.jpg,b836af882c9ee991e68b6d598ef44f3ea060d1102f6be7fefe52c7cf3ce88a03,250,250
618,Donald_Rumsfeld,validation,Donald_Rumsfeld_0007.jpg,data/evaluation/validation/Donald_Rumsfeld/Donald_Rumsfeld_0007.jpg,c4cc6e3c1a42f36c87a68f80a8c1870c33a378c4910b2ae3af64e7daf515e068,250,250
619,Donald_Rumsfeld,validation,Donald_Rumsfeld_0023.jpg,data/evaluation/validation/Donald_Rumsfeld/Donald_Rumsfeld_0023.jpg,f6960506f14d4d493b301cc6150644c1bb0fec00383dd884ebb1b98b60b5b588,250,250
620,Donald_Rumsfeld,validation,Donald_Rumsfeld_0103.jpg,data/evaluation/validation/Donald_Rumsfeld/Donald_Rumsfeld_0103.jpg,a71fe790a9e6bc3cf0a3e3e47c63b4287fecefc1f8414c54f615f88b4bf2fd93,250,250
621,Donald_Rumsfeld,validation,Donald_Rumsfeld_0048.jpg,data/evaluation/validation/Donald_Rumsfeld/Donald_Rumsfeld_0048.jpg,2fb8ff11e08870f0d5ac87c9aad19fca0d242079c2b35f18d58afee8f8f5aa5d,250,250
622,Donald_Rumsfeld,validation,Donald_Rumsfeld_0088.jpg,data/evaluation/validation/Donald_Rumsfeld/Donald_Rumsfeld_0088.jpg,ccba7b38185cda9f53b7a7167bf46cf412e67abc5f361828be1bae7ead426d9d,250,250
623,Donald_Rumsfeld,validation,Donald_Rumsfeld_0098.jpg,data/evaluation/validation/Donald_Rumsfeld/Donald_Rumsfeld_0098.jpg,924bf1677824f0f268908bf71b2bc4272fdce48ae222983fb335f41ac1f43acf,250,250
624,Donald_Rumsfeld,validation,Donald_Rumsfeld_0078.jpg,data/evaluation/validation/Donald_Rumsfeld/Donald_Rumsfeld_0078.jpg,9bd9d625df92dcafc0d73d105f4dfa7144a3cb6127d13180476bef724635d6ad,250,250
625,Donald_Rumsfeld,validation,Donald_Rumsfeld_0019.jpg,data/evaluation/validation/Donald_Rumsfeld/Donald_Rumsfeld_0019.jpg,43e43ba35abaef073a15106f1b7014387eaf80794c11b2f372f7269857cb45f0,250,250
626,Donald_Rumsfeld,validation,Donald_Rumsfeld_0064.jpg,data/evaluation/validation/Donald_Rumsfeld/Donald_Rumsfeld_0064.jpg,9a42518c25b20a718526c5fdb12922b05ac3d221ccedd319611ba95e29f41213,250,250
627,Donald_Rumsfeld,validation,Donald_Rumsfeld_0079.jpg,data/evaluation/validation/Donald_Rumsfeld/Donald_Rumsfeld_0079.jpg,748b7f43e174d99c42574ed2fe89e9ffd78c5415f438daa524cabc376f50ce0e,250,250
628,Donald_Rumsfeld,validation,Donald_Rumsfeld_0056.jpg,data/evaluation/validation/Donald_Rumsfeld/Donald_Rumsfeld_0056.jpg,7c14f3ce8bcf4e0a7600b8f09bab3feb31d147e2afc798b0db08ec25de60d7e7,250,250
629,Donald_Rumsfeld,validation,Donald_Rumsfeld_0042.jpg,data/evaluation/validation/Donald_Rumsfeld/Donald_Rumsfeld_0042.jpg,2a55e97adb82e7a63f53ef1d40d44859ee2241ec0ce4d20c66927b9ce6bbba1d,250,250
630,Donald_Rumsfeld,validation,Donald_Rumsfeld_0065.jpg,data/evaluation/validation/Donald_Rumsfeld/Donald_Rumsfeld_0065.jpg,77bf30d1f4cc228cccde78cc7c984848ac5ad8d5d782c481b2570fb9be79d1e7,250,250
631,Donald_Rumsfeld,validation,Donald_Rumsfeld_0071.jpg,data/evaluation/validation/Donald_Rumsfeld/Donald_Rumsfeld_0071.jpg,3265409b580bf8951119c194014fb6ca52be0867df44536acf1631e4dec6291b,250,250
632,Donald_Rumsfeld,validation,Donald_Rumsfeld_0016.jpg,data/evaluation/validation/Donald_Rumsfeld/Donald_Rumsfeld_0016.jpg,2834a578da84709bb29994afe6f3be722e263d3a9e6251be632ba6403c1a8f38,250,250
633,Donald_Rumsfeld,validation,Donald_Rumsfeld_0074.jpg,data/evaluation/validation/Donald_Rumsfeld/Donald_Rumsfeld_0074.jpg,05b9f03eeffaf54c16cf91084becfb870fc6df23a25c6dc9a97125aae228576b,250,250
634,Donald_Rumsfeld,validation,Donald_Rumsfeld_0118.jpg,data/evaluation/validation/Donald_Rumsfeld/Donald_Rumsfeld_0118.jpg,cafb9e176944a975c47ac473dde3d07cd03c9faea5393d92d1ec4d3b6f5ec916,250,250
635,Donald_Rumsfeld,validation,Donald_Rumsfeld_0117.jpg,data/evaluation/validation/Donald_Rumsfeld/Donald_Rumsfeld_0117.jpg,2289ddf922ea2d358750db85618febd92bfce2c2ce3b40be82c00a646110c32e,250,250
636,Donald_Rumsfeld,validation,Donald_Rumsfeld_0073.jpg,data/evaluation/validation/Donald_Rumsfeld/Donald_Rumsfeld_0073.jpg,b5ea472a35caf08eb233a46f62b25db2ad4152d5c6cf6171d08e50949324deba,250,250
637,Donald_Rumsfeld,validation,Donald_Rumsfeld_0069.jpg,data/evaluation/validation/Donald_Rumsfeld/Donald_Rumsfeld_0069.jpg,45a496cd3de3d93708f2bf8146fea1799f392035bb6e858aefe36629320f570c,250,250
638,Donald_Rumsfeld,validation,Donald_Rumsfeld_0013.jpg,data/evaluation/validation/Donald_Rumsfeld/Donald_Rumsfeld_0013.jpg,37741a4fc365667f257686d1da59aeea22e11ec895a6354964b8754ccd600766,250,250
639,Donald_Rumsfeld,validation,Donald_Rumsfeld_0121.jpg,data/evaluation/validation/Donald_Rumsfeld/Donald_Rumsfeld_0121.jpg,9c5effb83bb9e7f65f5c2af09ccc7c0913151ba592f3fa34a3e2ee0ba207aeb7,250,250
640,Donald_Rumsfeld,validation,Donald_Rumsfeld_0045.jpg,data/evaluation/validation/Donald_Rumsfeld/Donald_Rumsfeld_0045.jpg,b26e6839a78aabf9e29d976cbf97aa49ce0c6b51d3b5da858f6745e8e1e4d26c,250,250
641,Donald_Rumsfeld,validation,Donald_Rumsfeld_0055.jpg,data/evaluation/validation/Donald_Rumsfeld/Donald_Rumsfeld_0055.jpg,83f762b247ac903231f02de69e0950fef537447b3d185070468adbf07e7224d4,250,250
642,Donald_Rumsfeld,validation,Donald_Rumsfeld_0015.jpg,data/evaluation/validation/Donald_Rumsfeld/Donald_Rumsfeld_0015.jpg,d1a9456d27d3dbb3ca927cc7a5ede134744880bba8832ac8c8dc0a2e483dfead,250,250
643,Donald_Rumsfeld,validation,Donald_Rumsfeld_0014.jpg,data/evaluation/validation/Donald_Rumsfeld/Donald_Rumsfeld_0014.jpg,0194adc80fcb29c627d66e78c5ba2e428a7b76de7ad39d1eb62ed3799cfa6b14,250,250
644,Donald_Rumsfeld,validation,Donald_Rumsfeld_0120.jpg,data/evaluation/validation/Donald_Rumsfeld/Donald_Rumsfeld_0120.jpg,35ab24742041be926e803cb901ee09710186876ac46ab6afacf12fc9dd63bf42,250,250
645,Donald_Rumsfeld,validation,Donald_Rumsfeld_0059.jpg,data/evaluation/validation/Donald_Rumsfeld/Donald_Rumsfeld_0059.jpg,17b2efa6fb5818074264e1b15a4ecd5fe6311d05f2b0ae074372cc36262abb51,250,250
646,Donald_Rumsfeld,validation,Donald_Rumsfeld_0017.jpg,data/evaluation/validation/Donald_Rumsfeld/Donald_Rumsfeld_0017.jpg,4bb1212609b6c5056983643818141ec9e3114a8f5f5135e48e0efb1217bde9bf,250,250
647,Donald_Rumsfeld,validation,Donald_Rumsfeld_0004.jpg,data/evaluation/validation/Donald_Rumsfeld/Donald_Rumsfeld_0004.jpg,97e8bf3b9fa4a29d07fb8cbdf5a091730e01a097634a2b9f2bd29e59432aab7b,250,250
648,Donald_Rumsfeld,validation,Donald_Rumsfeld_0012.jpg,data/evaluation/validation/Donald_Rumsfeld/Donald_Rumsfeld_0012.jpg,3d720da2644e0276c970195008a93f243ed8b2c04a22a2b21887959542bc1e5c,250,250
649,Donald_Rumsfeld,validation,Donald_Rumsfeld_0051.jpg,data/evaluation/validation/Donald_Rumsfeld/Donald_Rumsfeld_0051.jpg,0763e5c64d60245499d2f9894d901af80701d3244c136834c46d10f504307ad8,250,250
650,Donald_Rumsfeld,validation,Donald_Rumsfeld_0068.jpg,data/evaluation/validation/Donald_Rumsfeld/Donald_Rumsfeld_0068.jpg,de07abbe2a08503cd2061582821a3fc95c82750bea8c3cb2aae1f4ed65b5ff2b,250,250
651,Donald_Rumsfeld,validation,Donald_Rumsfeld_0072.jpg,data/evaluation/validation/Donald_Rumsfeld/Donald_Rumsfeld_0072.jpg,29baf3da7af0a9da1b8468ea66fe290730950d4782ad12ff862cb757e7110d2e,250,250
652,Donald_Rumsfeld,validation,Donald_Rumsfeld_0006.jpg,data/evaluation/validation/Donald_Rumsfeld/Donald_Rumsfeld_0006.jpg,2866d952e0325f7a29dc4ff2a6a2157d1fd9bdd0e98cb37892dec5e14ab41e61,250,250
653,Donald_Rumsfeld,validation,Donald_Rumsfeld_0084.jpg,data/evaluation/validation/Donald_Rumsfeld/Donald_Rumsfeld_0084.jpg,8182c9773fc412dddba0aa34e384cc00d112d8ceb102a2a29571042e471e5822,250,250
654,Donald_Rumsfeld,validation,Donald_Rumsfeld_0102.jpg,data/evaluation/validation/Donald_Rumsfeld/Donald_Rumsfeld_0102.jpg,55a7e6ee912181ee222fd4c3805d7840612f6f53a8880c80900978b3c1c25902,250,250
655,Donald_Rumsfeld,validation,Donald_Rumsfeld_0109.jpg,data/evaluation/validation/Donald_Rumsfeld/Donald_Rumsfeld_0109.jpg,4d021afa8bb6bff1c8a80720ce85c484ebc10019a6b7cec7bcfd89696d5cc60e,250,250
656,Donald_Rumsfeld,validation,Donald_Rumsfeld_0038.jpg,data/evaluation/validation/Donald_Rumsfeld/Donald_Rumsfeld_0038.jpg,cd98f3e5271a35a96da7a730949f2f4881c4fa48c2cc5183ac1e4299aa710f14,250,250
657,Donald_Rumsfeld,validation,Donald_Rumsfeld_0107.jpg,data/evaluation/validation/Donald_Rumsfeld/Donald_Rumsfeld_0107.jpg,ba618b94e9a993c87f3672925757eecbbef27d0cba6f1976dc83fd316a381705,250,250
658,Donald_Rumsfeld,validation,Donald_Rumsfeld_0105.jpg,data/evaluation/validation/Donald_Rumsfeld/Donald_Rumsfeld_0105.jpg,d49344bec7caae02204d0c5e0c9f73ce0d667f2d4dea2b51a1c6fbb900a5e7b2,250,250
659,Donald_Rumsfeld,validation,Donald_Rumsfeld_0114.jpg,data/evaluation/validation/Donald_Rumsfeld/Donald_Rumsfeld_0114.jpg,abcbfd0a44733b0fc776497c3c078db6777c33ee4a2897f463223e5595e5b2dd,250,250
660,Donald_Rumsfeld,validation,Donald_Rumsfeld_0040.jpg,data/evaluation/validation/Donald_Rumsfeld/Donald_Rumsfeld_0040.jpg,b423ddd205ff6228cdc13dfbb5c0611d7f4b8d4fe3b9734e92aa8753c2b88a5c,250,250
661,Donald_Rumsfeld,validation,Donald_Rumsfeld_0086.jpg,data/evaluation/validation/Donald_Rumsfeld/Donald_Rumsfeld_0086.jpg,240857de651e625584686c10c6f8da986e8957e739432418f3a14917c5fa10c7,250,250
662,Donald_Rumsfeld,validation,Donald_Rumsfeld_0090.jpg,data/evaluation/validation/Donald_Rumsfeld/Donald_Rumsfeld_0090.jpg,528336e7be1126ead08942f76e60a2e8c1ff9cdd19591db6fba6165c104207b9,250,250
663,Donald_Rumsfeld,validation,Donald_Rumsfeld_0093.jpg,data/evaluation/validation/Donald_Rumsfeld/Donald_Rumsfeld_0093.jpg,83874f0c64224b39f68c6f072cb07b6f5297dee173232d7ff18ab601f45e1ffb,250,250
664,Donald_Rumsfeld,validation,Donald_Rumsfeld_0047.jpg,data/evaluation/validation/Donald_Rumsfeld/Donald_Rumsfeld_0047.jpg,37d5fed6eb8ad0f87a201b2e574830fbe357f1125a9d72891713a94acf998a9a,250,250
665,Donald_Rumsfeld,validation,Donald_Rumsfeld_0026.jpg,data/evaluation/validation/Donald_Rumsfeld/Donald_Rumsfeld_0026.jpg,4be79470145624d4d024cc8156a99e74362262e6ea088625c4295b8ef1d067ff,250,250
666,Donald_Rumsfeld,validation,Donald_Rumsfeld_0052.jpg,data/evaluation/validation/Donald_Rumsfeld/Donald_Rumsfeld_0052.jpg,c9f02c9997c7be7fd7549f75b7eddf84970fcee3af07763bd12ae1fb13866f86,250,250
667,Donald_Rumsfeld,validation,Donald_Rumsfeld_0044.jpg,data/evaluation/validation/Donald_Rumsfeld/Donald_Rumsfeld_0044.jpg,7615c3b34831b81a7e95d279607ba3c4d7096de9806bcad1ecd29971380b1195,250,250
668,Donald_Rumsfeld,validation,Donald_Rumsfeld_0083.jpg,data/evaluation/validation/Donald_Rumsfeld/Donald_Rumsfeld_0083.jpg,c67175ae4aad4b89eccf5812e24c6e1f136007c25f102c1dc258b7ae24633072,250,250
669,Donald_Rumsfeld,validation,Donald_Rumsfeld_0022.jpg,data/evaluation/validation/Donald_Rumsfeld/Donald_Rumsfeld_0022.jpg,5f44d3cee58921f746aaccacfe6efb744bbf887c388fd409848b76fb8ae250f8,250,250
670,Donald_Rumsfeld,validation,Donald_Rumsfeld_0025.jpg,data/evaluation/validation/Donald_Rumsfeld/Donald_Rumsfeld_0025.jpg,3b46e74b11ad0685da57835553e902ef4d6e98402d7f8bf05b20eb0d04d9bfe7,250,250
671,Donald_Rumsfeld,validation,Donald_Rumsfeld_0002.jpg,data/evaluation/validation/Donald_Rumsfeld/Donald_Rumsfeld_0002.jpg,e0a36ab30fa9ee3689d7cf2b8434a08d93e2e89581b8fa53f98ad151ca3eabe3,250,250
672,Donald_Rumsfeld,validation,Donald_Rumsfeld_0113.jpg,data/evaluation/validation/Donald_Rumsfeld/Donald_Rumsfeld_0113.jpg,52e15d18546e711228e69c936e726f78b9984aee8a72f256582d1b6cb5f9feac,250,250
673,Donald_Rumsfeld,test,Donald_Rumsfeld_0087.jpg,data/evaluation/test/Donald_Rumsfeld/Donald_Rumsfeld_0087.jpg,f803c0a23ef3ecd86f9098186e5c11191d16f29f7dc9d56d371389a1e9887939,250,250
674,Donald_Rumsfeld,test,Donald_Rumsfeld_0112.jpg,data/evaluation/test/Donald_Rumsfeld/Donald_Rumsfeld_0112.jpg,3efe5ffaaadae2b8a938ab2e155329f64c942f81dc03977145efc3155cb899eb,250,250
675,Donald_Rumsfeld,test,Donald_Rumsfeld_0066.jpg,data/evaluation/test/Donald_Rumsfeld/Donald_Rumsfeld_0066.jpg,f442c4ed9a96839540100f37f296c5fbf2317ee3f2a9a62a1da7384176baa209,250,250
676,Donald_Rumsfeld,test,Donald_Rumsfeld_0106.jpg,data/evaluation/test/Donald_Rumsfeld/Donald_Rumsfeld_0106.jpg,f75ab5e8f374a5a2cd6a4de92b00b14bc9c5c3967f9094b5ac66dcee30926949,250,250
677,Donald_Rumsfeld,test,Donald_Rumsfeld_0029.jpg,data/evaluation/test/Donald_Rumsfeld/Donald_Rumsfeld_0029.jpg,96c6eb93f57dacd4494352dcd1893d192e118a529fb53659175b964fdaadf5eb,250,250
678,Donald_Rumsfeld,test,Donald_Rumsfeld_0077.jpg,data/evaluation/test/Donald_Rumsfeld/Donald_Rumsfeld_0077.jpg,905da1664cda191006960d91caae059ac3ab9d78a15887f717876b8c3a3c7bee,250,250
679,Donald_Rumsfeld,test,Donald_Rumsfeld_0076.jpg,data/evaluation/test/Donald_Rumsfeld/Donald_Rumsfeld_0076.jpg,030e017d53dae5885646d40746bcf1479c8b9f893c8de9328a31b93a602cc777,250,250
680,Donald_Rumsfeld,test,Donald_Rumsfeld_0039.jpg,data/evaluation/test/Donald_Rumsfeld/Donald_Rumsfeld_0039.jpg,36b9c64a278c057914f9c9a9b24bde04cb03789c6149275241d1b3043db46992,250,250
681,Donald_Rumsfeld,test,Donald_Rumsfeld_0046.jpg,data/evaluation/test/Donald_Rumsfeld/Donald_Rumsfeld_0046.jpg,974a5cb458a79000c79a4f6a3351b887b85d3fb0755752aaaa68232b640fa432,250,250
682,Donald_Rumsfeld,test,Donald_Rumsfeld_0001.jpg,data/evaluation/test/Donald_Rumsfeld/Donald_Rumsfeld_0001.jpg,3fdc3333d0761645299885959ac0a6ee2d9932c98900f482c1fb796b97ab6ded,250,250
683,Donald_Rumsfeld,test,Donald_Rumsfeld_0062.jpg,data/evaluation/test/Donald_Rumsfeld/Donald_Rumsfeld_0062.jpg,7d6f8f2cf1c84803a78c8593d308a2070fbaeed5848b14babcbaa406bbab3ac2,250,250
684,Donald_Rumsfeld,test,Donald_Rumsfeld_0049.jpg,data/evaluation/test/Donald_Rumsfeld/Donald_Rumsfeld_0049.jpg,8b0db04c509befd26a05f67242981e423158e9d23e237287b610906f7ebae625,250,250
685,Donald_Rumsfeld,test,Donald_Rumsfeld_0003.jpg,data/evaluation/test/Donald_Rumsfeld/Donald_Rumsfeld_0003.jpg,b0e34bcb452c08ae389e5935d135d8eb267a1ed34f0fafe6dcd949f0959e65cb,250,250
686,Donald_Rumsfeld,test,Donald_Rumsfeld_0075.jpg,data/evaluation/test/Donald_Rumsfeld/Donald_Rumsfeld_0075.jpg,efc5d0659d0a568a826fa61cc434091e9cbc77084f791359b782346a08b4a0c1,250,250
687,Donald_Rumsfeld,test,Donald_Rumsfeld_0089.jpg,data/evaluation/test/Donald_Rumsfeld/Donald_Rumsfeld_0089.jpg,4a8ec3c02da034daf364f53d77eda713e3a49b8953f702fec60f7953d0e93afb,250,250
688,Donald_Rumsfeld,test,Donald_Rumsfeld_0080.jpg,data/evaluation/test/Donald_Rumsfeld/Donald_Rumsfeld_0080.jpg,49c97a50b11f5ca8645314224926fcdd5d39a8b68f98044bb2400c683d26e531,250,250
689,Donald_Rumsfeld,test,Donald_Rumsfeld_0027.jpg,data/evaluation/test/Donald_Rumsfeld/Donald_Rumsfeld_0027.jpg,934822096055d3e29122f3f0709046e31c1841373804e42ca585a5ef287a189e,250,250
690,Donald_Rumsfeld,test,Donald_Rumsfeld_0008.jpg,data/evaluation/test/Donald_Rumsfeld/Donald_Rumsfeld_0008.jpg,a50bfae558ab9b08274938d9b8a7b837f4cb4125f614fa64c725b74d6826d3e4,250,250
691,Donald_Rumsfeld,test,Donald_Rumsfeld_0085.jpg,data/evaluation/test/Donald_Rumsfeld/Donald_Rumsfeld_0085.jpg,1dbf8e174622a8871d91f203dee466b14fd8146dff0f9db1bfb577b4cc73ba51,250,250
692,Donald_Rumsfeld,test,Donald_Rumsfeld_0060.jpg,data/evaluation/test/Donald_Rumsfeld/Donald_Rumsfeld_0060.jpg,4c402c149dc34f09aa611cd901b19014bb0b32def81b7c10dfb8b2309e9895ba,250,250
693,Donald_Rumsfeld,test,Donald_Rumsfeld_0094.jpg,data/evaluation/test/Donald_Rumsfeld/Donald_Rumsfeld_0094.jpg,9f349a6c65e1947c0f4d58352a7da1ed6bf5200195fe0a27784a418daad3c1e1,250,250
694,Donald_Rumsfeld,test,Donald_Rumsfeld_0119.jpg,data/evaluation/test/Donald_Rumsfeld/Donald_Rumsfeld_0119.jpg,4a2a8126a78639e1906480e304b3737667af082043a7e0b28f0193d6fc1c4f1a,250,250
695,Donald_Rumsfeld,test,Donald_Rumsfeld_0053.jpg,data/evaluation/test/Donald_Rumsfeld/Donald_Rumsfeld_0053.jpg,6dad2437d0be4c3cdfe34a1499ff11b5e1aa06921188776bdd12a58b5bca37d4,250,250
696,Donald_Rumsfeld,test,Donald_Rumsfeld_0054.jpg,data/evaluation/test/Donald_Rumsfeld/Donald_Rumsfeld_0054.jpg,f8cc4ea6bfa40e5fb8d23c22272dd5277665194368bfe3dc7e379426268e6a01,250,250
697,Donald_Rumsfeld,test,Donald_Rumsfeld_0009.jpg,data/evaluation/test/Donald_Rumsfeld/Donald_Rumsfeld_0009.jpg,d5da4b104f09d0eed87fa5bc8939bddcef48082b1068d5a1af29b6e260638c49,250,250
698,Donald_Rumsfeld,test,Donald_Rumsfeld_0028.jpg,data/evaluation/test/Donald_Rumsfeld/Donald_Rumsfeld_0028.jpg,5f600b9d91baf5c6ea52e149de7ab818c15c8a0145fbf99883cb0ff25f3f3c03,250,250
699,Donald_Rumsfeld,test,Donald_Rumsfeld_0091.jpg,data/evaluation/test/Donald_Rumsfeld/Donald_Rumsfeld_0091.jpg,69037cb093e5a697e93a64e38984c5bd2ce6e20bf209092e76506d09cc4a0f14,250,250
700,Donald_Rumsfeld,test,Donald_Rumsfeld_0050.jpg,data/evaluation/test/Donald_Rumsfeld/Donald_Rumsfeld_0050.jpg,4e95cc72aa2c918d8dbdca5bc2a3976ffd731a57e84888408ae3156603b57af8,250,250
701,Donald_Rumsfeld,test,Donald_Rumsfeld_0030.jpg,data/evaluation/test/Donald_Rumsfeld/Donald_Rumsfeld_0030.jpg,0140c743c924deb5f3378e68b7390dc1371fddd356dfe0190563815354c8565d,250,250
702,Donald_Rumsfeld,test,Donald_Rumsfeld_0020.jpg,data/evaluation/test/Donald_Rumsfeld/Donald_Rumsfeld_0020.jpg,afae427bb5a6d016908d1600e898dcd138b566ddcb63f62ba86a6187da6cd8df,250,250
703,Donald_Rumsfeld,test,Donald_Rumsfeld_0018.jpg,data/evaluation/test/Donald_Rumsfeld/Donald_Rumsfeld_0018.jpg,a2e30354b8daabd22d0a4b84b3321c4ccd5e86be60cbc500c0b63047e204a67e,250,250
704,Donald_Rumsfeld,test,Donald_Rumsfeld_0011.jpg,data/evaluation/test/Donald_Rumsfeld/Donald_Rumsfeld_0011.jpg,db324d9a5f28346eda7018b49f1f1a75ba5f398e5584beb414ffad0ab1a404d3,250,250
705,Donald_Rumsfeld,test,Donald_Rumsfeld_0070.jpg,data/evaluation/test/Donald_Rumsfeld/Donald_Rumsfeld_0070.jpg,881a9985577d647d392738580270014ca5057506e8cc69b40584790a1fa7d458,250,250
706,Donald_Rumsfeld,test,Donald_Rumsfeld_0041.jpg,data/evaluation/test/Donald_Rumsfeld/Donald_Rumsfeld_0041.jpg,71581d1961477eff4563b0c2819b4ec13d5024f9f8e0b637efce205e0c14fc3b,250,250
707,Donald_Rumsfeld,test,Donald_Rumsfeld_0043.jpg,data/evaluation/test/Donald_Rumsfeld/Donald_Rumsfeld_0043.jpg,9e814f96e646ce950cc021aadfedd217fb8b03db74cd4356f1b7966946391cbc,250,250
708,Donald_Rumsfeld,test,Donald_Rumsfeld_0035.jpg,data/evaluation/test/Donald_Rumsfeld/Donald_Rumsfeld_0035.jpg,a68cba1bf9b467315ef443fff53a311e0506585b6c59da8c77ffb6f75d86f182,250,250
709,Donald_Rumsfeld,test,Donald_Rumsfeld_0104.jpg,data/evaluation/test/Donald_Rumsfeld/Donald_Rumsfeld_0104.jpg,018facaf4b7286057a299f7a92b7ed3902f1767e4b8d7c1502bb5937c0a536f5,250,250
710,Donald_Rumsfeld,test,Donald_Rumsfeld_0037.jpg,data/evaluation/test/Donald_Rumsfeld/Donald_Rumsfeld_0037.jpg,e3876a65c99476a7dd6e9a6d42a2dd289e005c5b40dbfcaa86c61fdfbd2bae5f,250,250
711,Donald_Rumsfeld,test,Donald_Rumsfeld_0092.jpg,data/evaluation/test/Donald_Rumsfeld/Donald_Rumsfeld_0092.jpg,f5cdeef9582b626ae1014d580ba782ce500f8e0258462ae0b598110f5df6b74e,250,250
712,Donald_Rumsfeld,test,Donald_Rumsfeld_0010.jpg,data/evaluation/test/Donald_Rumsfeld/Donald_Rumsfeld_0010.jpg,b9dbfc6c3fc2060b9dc26655b6c7ca73faa6453a7298ad7ae1df8d62cc7f30f3,250,250
713,Donald_Rumsfeld,test,Donald_Rumsfeld_0057.jpg,data/evaluation/test/Donald_Rumsfeld/Donald_Rumsfeld_0057.jpg,6d66b77159807eb30c6a48a4ce1f8cd8f6f8cf5442eda6c0ff313a9985ee280b,250,250
714,Donald_Rumsfeld,test,Donald_Rumsfeld_0110.jpg,data/evaluation/test/Donald_Rumsfeld/Donald_Rumsfeld_0110.jpg,92f2b0f8da37ed6fe2909b7c29d30d35aa5f64ac12e5abe16e41472ee97fa1ee,250,250
715,Donald_Rumsfeld,test,Donald_Rumsfeld_0031.jpg,data/evaluation/test/Donald_Rumsfeld/Donald_Rumsfeld_0031.jpg,929801d515cde77ce1bfff0137ec1bdfda148a8aeef74da07a48da214c18331d,250,250
716,Donald_Rumsfeld,test,Donald_Rumsfeld_0081.jpg,data/evaluation/test/Donald_Rumsfeld/Donald_Rumsfeld_0081.jpg,7e80658c57de84529552480c64931ebb7236ca0a2a1b989b1516544c65eae2c7,250,250
717,Donald_Rumsfeld,test,Donald_Rumsfeld_0063.jpg,data/evaluation/test/Donald_Rumsfeld/Donald_Rumsfeld_0063.jpg,42b5dba69bcd8761e6780222a6c7efa0fa78f3777af54e45a9dbd9127fd6a580,250,250
718,Donald_Rumsfeld,test,Donald_Rumsfeld_0067.jpg,data/evaluation/test/Donald_Rumsfeld/Donald_Rumsfeld_0067.jpg,8838da5885541e59cdbf0a50f8f812e4083381013794af89ac6504326195ba5a,250,250
719,Donald_Rumsfeld,test,Donald_Rumsfeld_0100.jpg,data/evaluation/test/Donald_Rumsfeld/Donald_Rumsfeld_0100.jpg,96fe7a20e47317193b67c7e4f74449b75b102a931c648e11ac9ee574daaa357c,250,250
720,Donald_Rumsfeld,test,Donald_Rumsfeld_0099.jpg,data/evaluation/test/Donald_Rumsfeld/Donald_Rumsfeld_0099.jpg,9f3e8fa3b1506fbaf26d8cb806506f2a6d671d3e73e40c7aebba73cea3b5f499,250,250
721,Donald_Rumsfeld,test,Donald_Rumsfeld_0036.jpg,data/evaluation/test/Donald_Rumsfeld/Donald_Rumsfeld_0036.jpg,d27e4a8e141938615dab9e28b2f8bbd9986f8eeedfb29e537fda03d5171ab31d,250,250
722,Donald_Rumsfeld,test,Donald_Rumsfeld_0082.jpg,data/evaluation/test/Donald_Rumsfeld/Donald_Rumsfeld_0082.jpg,255ecd768f11743cf31e436e919d00655eb2298f204748276c840e2ad8a98946,250,250
723,Donald_Rumsfeld,test,Donald_Rumsfeld_0108.jpg,data/evaluation/test/Donald_Rumsfeld/Donald_Rumsfeld_0108.jpg,378186e319b80604678816fbc6e4d92f29e36da8c817337c56e8b6096c61c683,250,250
724,Donald_Rumsfeld,test,Donald_Rumsfeld_0032.jpg,data/evaluation/test/Donald_Rumsfeld/Donald_Rumsfeld_0032.jpg,c64c89e9a96bfb8399a72afe76fa00715ce7fb4f47f523899cada607e1da0583,250,250
725,Donald_Rumsfeld,test,Donald_Rumsfeld_0097.jpg,data/evaluation/test/Donald_Rumsfeld/Donald_Rumsfeld_0097.jpg,3a652a99970d523a874bf6dee8ff57491678411c48a0fe2af0ee9449979188fd,250,250
726,Donald_Rumsfeld,test,Donald_Rumsfeld_0034.jpg,data/evaluation/test/Donald_Rumsfeld/Donald_Rumsfeld_0034.jpg,789f2a1128576a461a664bc95cd4330d25b36d736139afd19dbfdbd55863f29d,250,250
727,Donald_Rumsfeld,test,Donald_Rumsfeld_0058.jpg,data/evaluation/test/Donald_Rumsfeld/Donald_Rumsfeld_0058.jpg,616e4be87f317cec31d57d81ea6c314b89edca73f86bdf4464d2ebcbcb8e44c6,250,250
728,Donald_Rumsfeld,test,Donald_Rumsfeld_0061.jpg,data/evaluation/test/Donald_Rumsfeld/Donald_Rumsfeld_0061.jpg,2986aa23c3f5d7adaa7e5d654e7b6a17a5e481a731d889a57bdfb1755085db8c,250,250
729,Donald_Rumsfeld,test,Donald_Rumsfeld_0111.jpg,data/evaluation/test/Donald_Rumsfeld/Donald_Rumsfeld_0111.jpg,ad65e1a48e6c6e22f7bec7a0c1ad001fe7d236c3af2c9b42811b7c52f624f955,250,250
730,Donald_Rumsfeld,test,Donald_Rumsfeld_0096.jpg,data/evaluation/test/Donald_Rumsfeld/Donald_Rumsfeld_0096.jpg,ba63b2e618f1e189232676a3477b6d09f926210e4a8e199ab737903348377c33,250,250
731,Donald_Rumsfeld,test,Donald_Rumsfeld_0021.jpg,data/evaluation/test/Donald_Rumsfeld/Donald_Rumsfeld_0021.jpg,6c2a1cae6034d22d06edcb51dd7a65f993f80bbefb4f71cd065827a69a68cf26,250,250
732,Donald_Rumsfeld,test,Donald_Rumsfeld_0115.jpg,data/evaluation/test/Donald_Rumsfeld/Donald_Rumsfeld_0115.jpg,5c43f6d2c3a45970cd3518632aea1923979a0ca098406ab5f7c85b378afae0b9,250,250
733,George_Robertson,enrollment,George_Robertson_0020.jpg,data/evaluation/enrollment/George_Robertson/George_Robertson_0020.jpg,5ff40b2062eba99962fab3131232d39070afb1734cbc9bf509cd935067813613,250,250
734,George_Robertson,enrollment,George_Robertson_0006.jpg,data/evaluation/enrollment/George_Robertson/George_Robertson_0006.jpg,444e02e27fe3be092759f9bdf67366b57e8c5ce244661bb5f6b9f8499f2a65ff,250,250
735,George_Robertson,validation,George_Robertson_0008.jpg,data/evaluation/validation/George_Robertson/George_Robertson_0008.jpg,eb1a88d0b2c0392c807eb1bff01688fc929ebf270dd1fea9fe74ce5d79834f03,250,250
736,George_Robertson,validation,George_Robertson_0021.jpg,data/evaluation/validation/George_Robertson/George_Robertson_0021.jpg,1169b9d5de94089096a09f0bb2da893024a841726155790fe5aa34929aadd402,250,250
737,George_Robertson,validation,George_Robertson_0013.jpg,data/evaluation/validation/George_Robertson/George_Robertson_0013.jpg,05d40321df5bbaff39cd4f7c8133bc5275dc976cdd0784ff8fbf7c5dbd754156,250,250
738,George_Robertson,validation,George_Robertson_0001.jpg,data/evaluation/validation/George_Robertson/George_Robertson_0001.jpg,b53c5ac189f650dd96395b48f9b382e404882655487ed540ca69a15bf9450e17,250,250
739,George_Robertson,validation,George_Robertson_0017.jpg,data/evaluation/validation/George_Robertson/George_Robertson_0017.jpg,5cbf49f72c6611a689eece3b31c30b584ce6aee2bc42f10ca16bf864e083d1a5,250,250
740,George_Robertson,validation,George_Robertson_0011.jpg,data/evaluation/validation/George_Robertson/George_Robertson_0011.jpg,8009deea0a2b74b09ffc7a263349796e34b52a89644e5259625c78b8dd59ae06,250,250
741,George_Robertson,validation,George_Robertson_0005.jpg,data/evaluation/validation/George_Robertson/George_Robertson_0005.jpg,aae0edbe35be201753d4b1d1de87481d84ccebfa2b9215daa104aa2a034a9ed6,250,250
742,George_Robertson,validation,George_Robertson_0018.jpg,data/evaluation/validation/George_Robertson/George_Robertson_0018.jpg,81a03e1c3a90c0dbb0048a2e6079c066c878756bdf7426287acd5906e9b44971,250,250
743,George_Robertson,validation,George_Robertson_0002.jpg,data/evaluation/validation/George_Robertson/George_Robertson_0002.jpg,626b70f2f4b9599cdfc062694173e0fa40a0bbe7e0ca3f64b794270c35821a21,250,250
744,George_Robertson,validation,George_Robertson_0022.jpg,data/evaluation/validation/George_Robertson/George_Robertson_0022.jpg,184d4974fd547272f6906950b2f13ecfd606995ba79d493a3924fba69fb205f5,250,250
745,George_Robertson,test,George_Robertson_0014.jpg,data/evaluation/test/George_Robertson/George_Robertson_0014.jpg,76095c0713f428ebc004b3b4776608ecd73973a253137d5e7325ede8be11348e,250,250
746,George_Robertson,test,George_Robertson_0010.jpg,data/evaluation/test/George_Robertson/George_Robertson_0010.jpg,42a01029f05b5b12e70ccdae6e827958ec02ca7cc380ce733c368778f9962b6c,250,250
747,George_Robertson,test,George_Robertson_0003.jpg,data/evaluation/test/George_Robertson/George_Robertson_0003.jpg,2610489020f8f43b9802abf74a1cdf7ff2b46396e84299111c7faebb72b992f0,250,250
748,George_Robertson,test,George_Robertson_0012.jpg,data/evaluation/test/George_Robertson/George_Robertson_0012.jpg,b644113cba0dc3968fe04b7428a4717a577d220ad1e40e5896da114cf9ab0697,250,250
749,George_Robertson,test,George_Robertson_0009.jpg,data/evaluation/test/George_Robertson/George_Robertson_0009.jpg,598e8307f24d16fd5700df31e23cbd5d343752c3ee0f363d697cea751f519c94,250,250
750,George_Robertson,test,George_Robertson_0015.jpg,data/evaluation/test/George_Robertson/George_Robertson_0015.jpg,a641632e3d4167a9775ec05571d8a73da63149a460d17cd7148027dc8ee43919,250,250
751,George_Robertson,test,George_Robertson_0007.jpg,data/evaluation/test/George_Robertson/George_Robertson_0007.jpg,f8f180368050cc9ea610eebc7d6dc043e74ac5016f25482429a4c7998b7bf146,250,250
752,George_Robertson,test,George_Robertson_0019.jpg,data/evaluation/test/George_Robertson/George_Robertson_0019.jpg,7b7c852849630d7b175dacd6286a97a3b91c597d4a62f07a600f5dff7795ac5b,250,250
753,George_Robertson,test,George_Robertson_0004.jpg,data/evaluation/test/George_Robertson/George_Robertson_0004.jpg,72d6a09df1c8fbc06219b8451442783335c6a05b17ba012eb008fa7b4dad0d60,250,250
754,George_Robertson,test,George_Robertson_0016.jpg,data/evaluation/test/George_Robertson/George_Robertson_0016.jpg,efe9629ca11b469690c004a27a2413cf38ccde76bc0df9b47c24c77478369539,250,250
755,George_W_Bush,enrollment,George_W_Bush_0450.jpg,data/evaluation/enrollment/George_W_Bush/George_W_Bush_0450.jpg,2153638dd529657f679e3c7a72f57af08621f509eb461c2f302a31252215d233,250,250
756,George_W_Bush,enrollment,George_W_Bush_0258.jpg,data/evaluation/enrollment/George_W_Bush/George_W_Bush_0258.jpg,a924e0e40dda3c6f6ea93575913b56c42e687f6a561f0ee478df4f5cb798b4e4,250,250
757,George_W_Bush,validation,George_W_Bush_0520.jpg,data/evaluation/validation/George_W_Bush/George_W_Bush_0520.jpg,4da424efa07675a7026a6e3d67ab09edf5d46fffc7741797faf528ee4afecee9,250,250
758,George_W_Bush,validation,George_W_Bush_0003.jpg,data/evaluation/validation/George_W_Bush/George_W_Bush_0003.jpg,5635325f83adca89af58dce827cff2177a920a2cbafa7505ebc0a1cfb19071dd,250,250
759,George_W_Bush,validation,George_W_Bush_0180.jpg,data/evaluation/validation/George_W_Bush/George_W_Bush_0180.jpg,69f72bdf1cb14dfe7c49d0899342c1f83b717763af309c8337f5f09f424000c7,250,250
760,George_W_Bush,validation,George_W_Bush_0386.jpg,data/evaluation/validation/George_W_Bush/George_W_Bush_0386.jpg,898c8b9ea9b070b027abcff4b7d53cec704009e2750864b66a57cf3e47f9a2c0,250,250
761,George_W_Bush,validation,George_W_Bush_0165.jpg,data/evaluation/validation/George_W_Bush/George_W_Bush_0165.jpg,68c10628c902c5b3601b6d633b301c40b2144318e4b9e97accae45af0c90f43e,250,250
762,George_W_Bush,validation,George_W_Bush_0507.jpg,data/evaluation/validation/George_W_Bush/George_W_Bush_0507.jpg,3ddefd77b150d2208300d752bd9ad00992a5a8ca89cfd133c9ede6d37f5df240,250,250
763,George_W_Bush,validation,George_W_Bush_0469.jpg,data/evaluation/validation/George_W_Bush/George_W_Bush_0469.jpg,1a3709ee19a4670b8c07329307d063a8f492cf93e6a9c94b39bfeb456181ecab,250,250
764,George_W_Bush,validation,George_W_Bush_0108.jpg,data/evaluation/validation/George_W_Bush/George_W_Bush_0108.jpg,ab8292fe8402086d65dfcaf04366639c5cb1818b3d48c25e1ccf85532a9caa38,250,250
765,George_W_Bush,validation,George_W_Bush_0229.jpg,data/evaluation/validation/George_W_Bush/George_W_Bush_0229.jpg,6c9bc86a3d21bd74259ebf9cd5e7e1e5527125ee8de394a2949437e16c705046,250,250
766,George_W_Bush,validation,George_W_Bush_0448.jpg,data/evaluation/validation/George_W_Bush/George_W_Bush_0448.jpg,dce82a56090e73356ddab0cee72c5e3ff9fbeaa8bc620e05232280af8a6b0ff2,250,250
767,George_W_Bush,validation,George_W_Bush_0066.jpg,data/evaluation/validation/George_W_Bush/George_W_Bush_0066.jpg,90a05818f600578d751f3320d0c701e92fe43e140e7d26fc897d96047b5d6806,250,250
768,George_W_Bush,validation,George_W_Bush_0266.jpg,data/evaluation/validation/George_W_Bush/George_W_Bush_0266.jpg,5d99ef8a2580f7ebe1c5f4332ee2ca96b9fd198917caf44f08d0697a5a3e9d93,250,250
769,George_W_Bush,validation,George_W_Bush_0067.jpg,data/evaluation/validation/George_W_Bush/George_W_Bush_0067.jpg,a4336765bd365fa29136b67ff19a1fac87bda9ed73d9648c477d2f7aac0a9bc2,250,250
770,George_W_Bush,validation,George_W_Bush_0393.jpg,data/evaluation/validation/George_W_Bush/George_W_Bush_0393.jpg,e6e960553d881ddfb63b681d5727f03843046a4c67cdb1b7876ae6328149f010,250,250
771,George_W_Bush,validation,George_W_Bush_0424.jpg,data/evaluation/validation/George_W_Bush/George_W_Bush_0424.jpg,ba3847f6de5d303a6cf7ee69f3724ad9ae5bd33261121b094816e61bb5a17073,250,250
772,George_W_Bush,validation,George_W_Bush_0454.jpg,data/evaluation/validation/George_W_Bush/George_W_Bush_0454.jpg,4c8cb225ccc362f4299d1e49de24cd2c71e8a8543b5da626712cb9429b0a14e7,250,250
773,George_W_Bush,validation,George_W_Bush_0026.jpg,data/evaluation/validation/George_W_Bush/George_W_Bush_0026.jpg,0d7dbed34ec46e30831ee70156dba2d5b52e40c52092b875cd620d239c3dfffa,250,250
774,George_W_Bush,validation,George_W_Bush_0072.jpg,data/evaluation/validation/George_W_Bush/George_W_Bush_0072.jpg,44487a3dd9e064f8edcd10f694a0b392bd1d7ed4749546ba3647196421839d5d,250,250
775,George_W_Bush,validation,George_W_Bush_0303.jpg,data/evaluation/validation/George_W_Bush/George_W_Bush_0303.jpg,4c5772b1c2992967b2be1c669f7f8a5da5045d27991012dc1470270f24c54276,250,250
776,George_W_Bush,validation,George_W_Bush_0054.jpg,data/evaluation/validation/George_W_Bush/George_W_Bush_0054.jpg,2965ddf4e2cfe42835b1206d4e62fea16bd7d5836b285d48ab510854c2b41fc8,250,250
777,George_W_Bush,validation,George_W_Bush_0228.jpg,data/evaluation/validation/George_W_Bush/George_W_Bush_0228.jpg,958280d911a48516646ec964431dcbed1c46d9231ccd6331ea9453d60ee95023,250,250
778,George_W_Bush,validation,George_W_Bush_0418.jpg,data/evaluation/validation/George_W_Bush/George_W_Bush_0418.jpg,9332d970b81a5e787292776b21f02b86de74f6ca75673a9f7c3b58fd334f216e,250,250
779,George_W_Bush,validation,George_W_Bush_0187.jpg,data/evaluation/validation/George_W_Bush/George_W_Bush_0187.jpg,91335cffa01948f84f755fa1051eb0acba5c398a90101c87c4e88c6ec7054a7a,250,250
780,George_W_Bush,validation,George_W_Bush_0427.jpg,data/evaluation/validation/George_W_Bush/George_W_Bush_0427.jpg,f1373e41c4d79fa5d40a16000c00471f6ae5c5939340db5a20d4816378825102,250,250
781,George_W_Bush,validation,George_W_Bush_0204.jpg,data/evaluation/validation/George_W_Bush/George_W_Bush_0204.jpg,88d3f26af9567a369594c7af880fbc956e47402db1750234d56039f9c9db2279,250,250
782,George_W_Bush,validation,George_W_Bush_0330.jpg,data/evaluation/validation/George_W_Bush/George_W_Bush_0330.jpg,a55d918c1e71f883fa77cdd6cb94ff986c4844318f02e7eed1ffec1424bd05d6,250,250
783,George_W_Bush,validation,George_W_Bush_0508.jpg,data/evaluation/validation/George_W_Bush/George_W_Bush_0508.jpg,18fb52613e9e05dd910b3dcbbcc40cf3c77e4de98624591b8200219d36746ca0,250,250
784,George_W_Bush,validation,George_W_Bush_0036.jpg,data/evaluation/validation/George_W_Bush/George_W_Bush_0036.jpg,c124b59f399b897fedb5a57b53e9adb69e592352585f42dab647d705f0a2d659,250,250
785,George_W_Bush,validation,George_W_Bush_0110.jpg,data/evaluation/validation/George_W_Bush/George_W_Bush_0110.jpg,9ff4d10bf9b78fedc4e51a8607963241b3636d19c889f099d07bffb2534277c0,250,250
786,George_W_Bush,validation,George_W_Bush_0523.jpg,data/evaluation/validation/George_W_Bush/George_W_Bush_0523.jpg,983992fd17a05b16d238a6aa320717f2d68bbc60079bc19365138bea13f1b958,250,250
787,George_W_Bush,validation,George_W_Bush_0446.jpg,data/evaluation/validation/George_W_Bush/George_W_Bush_0446.jpg,4feada58d3e7b3ba0d1fda4c95d22e17222d45cd8ea3130b537b1941b9af92f0,250,250
788,George_W_Bush,validation,George_W_Bush_0485.jpg,data/evaluation/validation/George_W_Bush/George_W_Bush_0485.jpg,9a97791b3dce1cdfeb9f1ea5079e41e9e0ed449e15de7bec218ede542954a86e,250,250
789,George_W_Bush,validation,George_W_Bush_0164.jpg,data/evaluation/validation/George_W_Bush/George_W_Bush_0164.jpg,6b10cb23231873950eebe4b325a385a44f5612f82c4d6e1341d591c700049a34,250,250
790,George_W_Bush,validation,George_W_Bush_0351.jpg,data/evaluation/validation/George_W_Bush/George_W_Bush_0351.jpg,de032bd7b71f05cdd59e0ddaa626383afff339e94e8538d8417f1708919f8903,250,250
791,George_W_Bush,validation,George_W_Bush_0211.jpg,data/evaluation/validation/George_W_Bush/George_W_Bush_0211.jpg,ab35c46e6571110113f259b8ffa0551ec6ef1fb4a4169ff073fb08acf8441b53,250,250
792,George_W_Bush,validation,George_W_Bush_0055.jpg,data/evaluation/validation/George_W_Bush/George_W_Bush_0055.jpg,6dfa21571d48c4eaa1a73f4bdd559a16e24d4593aeef61aa22613f1e3237ab1e,250,250
793,George_W_Bush,validation,George_W_Bush_0447.jpg,data/evaluation/validation/George_W_Bush/George_W_Bush_0447.jpg,45569f06326bb446cc13d4d7e05821508fdcccf660666e48ba2c75e826c9ff73,250,250
794,George_W_Bush,validation,George_W_Bush_0029.jpg,data/evaluation/validation/George_W_Bush/George_W_Bush_0029.jpg,cda7921dd7b78f8a42d7125fa5e9a41ccfc4fb5d84e20f5cf56e51ac3d1ed6a3,250,250
795,George_W_Bush,validation,George_W_Bush_0362.jpg,data/evaluation/validation/George_W_Bush/George_W_Bush_0362.jpg,301e2040270b4457aa1d2746d076b87e8be27a53e84b589e0d0557b6e0f77d03,250,250
796,George_W_Bush,validation,George_W_Bush_0299.jpg,data/evaluation/validation/George_W_Bush/George_W_Bush_0299.jpg,5c31dfe66b2b3ad756b9803862c8ba7c2bf4b31c9f43a93507f3f2054208d011,250,250
797,George_W_Bush,validation,George_W_Bush_0183.jpg,data/evaluation/validation/George_W_Bush/George_W_Bush_0183.jpg,b99f55b9f5bb0dcc78278f9a4e7df14df6633d63c0d076c67e7deadf0e639762,250,250
798,George_W_Bush,validation,George_W_Bush_0217.jpg,data/evaluation/validation/George_W_Bush/George_W_Bush_0217.jpg,a9b705c091988fd491e92717445d0186d34bd227dfbfaef770437c974cad8f22,250,250
799,George_W_Bush,validation,George_W_Bush_0134.jpg,data/evaluation/validation/George_W_Bush/George_W_Bush_0134.jpg,d8036ac005690f35be3014f4f7af9e3209ce96206275463f7e977246e2727d96,250,250
800,George_W_Bush,validation,George_W_Bush_0159.jpg,data/evaluation/validation/George_W_Bush/George_W_Bush_0159.jpg,3b1067feff571606d811c5c1325c25be9b56a0644664bde3553cd73116cc26f1,250,250
801,George_W_Bush,validation,George_W_Bush_0308.jpg,data/evaluation/validation/George_W_Bush/George_W_Bush_0308.jpg,21968bfe6c6bd37b95b939499720c8da8b311fcbb8d98f9e440ff7735fed7453,250,250
802,George_W_Bush,validation,George_W_Bush_0050.jpg,data/evaluation/validation/George_W_Bush/George_W_Bush_0050.jpg,83165f676121f7e37885e7e6e8394e15c66f6d573bcb8d400e50143502013ba3,250,250
803,George_W_Bush,validation,George_W_Bush_0394.jpg,data/evaluation/validation/George_W_Bush/George_W_Bush_0394.jpg,c96e431793568a37f67e877a47f209d9d1b9885e142f669ed21a93bf16e3cbb9,250,250
804,George_W_Bush,validation,George_W_Bush_0307.jpg,data/evaluation/validation/George_W_Bush/George_W_Bush_0307.jpg,b0e27447d7d67d6ba6c8ab90e178bb714a1b155d3e2eb915889a8ef717455c31,250,250
805,George_W_Bush,validation,George_W_Bush_0492.jpg,data/evaluation/validation/George_W_Bush/George_W_Bush_0492.jpg,b5913b682cb4953db851bbca7ce70c43e65b74e95bb7be2b1591a9d1042d6b9f,250,250
806,George_W_Bush,validation,George_W_Bush_0287.jpg,data/evaluation/validation/George_W_Bush/George_W_Bush_0287.jpg,64e2fc04c65a6cfab46cd031af7bc25b8381720225029d96d6278bab135c4044,250,250
807,George_W_Bush,validation,George_W_Bush_0473.jpg,data/evaluation/validation/George_W_Bush/George_W_Bush_0473.jpg,5e146ab3e24759c3981c4de871bb12184c1d1d9b8d91e71e663192378653181c,250,250
808,George_W_Bush,validation,George_W_Bush_0400.jpg,data/evaluation/validation/George_W_Bush/George_W_Bush_0400.jpg,6daac652a9fc13683d53a50b7224c4d2fe514a959aeb7ab5c965550d2c460af9,250,250
809,George_W_Bush,validation,George_W_Bush_0288.jpg,data/evaluation/validation/George_W_Bush/George_W_Bush_0288.jpg,9ae8d5bd7221daf5f75b86973213f7703572c9b27d6e9b17a2812929d8533099,250,250
810,George_W_Bush,validation,George_W_Bush_0421.jpg,data/evaluation/validation/George_W_Bush/George_W_Bush_0421.jpg,e4dbf491201fa50d549e7877ad75e96ae7591864c3fd5fb23694e1cb0f079366,250,250
811,George_W_Bush,validation,George_W_Bush_0016.jpg,data/evaluation/validation/George_W_Bush/George_W_Bush_0016.jpg,36d4fb7e0e3ab1ff8433df17e6f74dc225686b402ec08650c8d59a4dca814542,250,250
812,George_W_Bush,validation,George_W_Bush_0163.jpg,data/evaluation/validation/George_W_Bush/George_W_Bush_0163.jpg,be32840f6ad40fd4fbec76a6fe73175f1efc78693bd04d4e91f17af93569df25,250,250
813,George_W_Bush,validation,George_W_Bush_0524.jpg,data/evaluation/validation/George_W_Bush/George_W_Bush_0524.jpg,5b23ca6033b76e601f70d0b0ff92014bc840373e9d0966affcbab70dcd51d7e9,250,250
814,George_W_Bush,validation,George_W_Bush_0025.jpg,data/evaluation/validation/George_W_Bush/George_W_Bush_0025.jpg,1e1026dd6c2f77f8c65d12ca3d59ccc94f849b103056260b24bdec91fe2de396,250,250
815,George_W_Bush,validation,George_W_Bush_0301.jpg,data/evaluation/validation/George_W_Bush/George_W_Bush_0301.jpg,d588be819870148bffffecb976059a8fe8ab8ccf386e2e02750a51c5770b743a,250,250
816,George_W_Bush,validation,George_W_Bush_0312.jpg,data/evaluation/validation/George_W_Bush/George_W_Bush_0312.jpg,d6d3ed6d662553d8cbf0f9e260c58ef7bc9c5ea76a3f0748dd519210a827ac0c,250,250
817,George_W_Bush,validation,George_W_Bush_0076.jpg,data/evaluation/validation/George_W_Bush/George_W_Bush_0076.jpg,c476bcbfad1494f8d78db110d81dc4ec0cb6d2cc1f4fc8f63e5fea7abf612a91,250,250
818,George_W_Bush,validation,George_W_Bush_0235.jpg,data/evaluation/validation/George_W_Bush/George_W_Bush_0235.jpg,b49152247df2e5eb977bdd133cf6fbad2f924c150aeeb257ee3bfe1cb4681102,250,250
819,George_W_Bush,validation,George_W_Bush_0510.jpg,data/evaluation/validation/George_W_Bush/George_W_Bush_0510.jpg,df83e7cb079fb10882bc53d9ed91236095971b079766207f788f9f0346cbaeef,250,250
820,George_W_Bush,validation,George_W_Bush_0188.jpg,data/evaluation/validation/George_W_Bush/George_W_Bush_0188.jpg,28f8f4616d3bd0116fc1dfb69a0d99ffbfce516923867d2ee5e7c5a6a3f3af7b,250,250
821,George_W_Bush,validation,George_W_Bush_0388.jpg,data/evaluation/validation/George_W_Bush/George_W_Bush_0388.jpg,c7d0a35d25a48a0b32e7cf3fb400bd72e2f780ca3f273944346a724cad7ef538,250,250
822,George_W_Bush,validation,George_W_Bush_0200.jpg,data/evaluation/validation/George_W_Bush/George_W_Bush_0200.jpg,c7b6721503a85f70fd130d60f8dcec02d58707564c3a08e6da4b25e071baf009,250,250
823,George_W_Bush,validation,George_W_Bush_0295.jpg,data/evaluation/validation/George_W_Bush/George_W_Bush_0295.jpg,0cfb96baddfd2eb99c565aabddc64fac05607c575f2520cdabe0ddfcf89b7ab8,250,250
824,George_W_Bush,validation,George_W_Bush_0280.jpg,data/evaluation/validation/George_W_Bush/George_W_Bush_0280.jpg,cea0846987e2178b002f97bfdf439509660405ad27fa22f0ca61608da43e19ce,250,250
825,George_W_Bush,validation,George_W_Bush_0500.jpg,data/evaluation/validation/George_W_Bush/George_W_Bush_0500.jpg,10f1742663e7e3767aa73b8578ede55ae76bbd103375566eda8bab5623a8abff,250,250
826,George_W_Bush,validation,George_W_Bush_0046.jpg,data/evaluation/validation/George_W_Bush/George_W_Bush_0046.jpg,7aae1ded466d79764e8ee83fcc18380376c42877ba975d020329c0a3984d53ca,250,250
827,George_W_Bush,validation,George_W_Bush_0171.jpg,data/evaluation/validation/George_W_Bush/George_W_Bush_0171.jpg,8230c3411d1633c59483c18988d07ad51baecbf930131ac522a169ccb840c1d4,250,250
828,George_W_Bush,validation,George_W_Bush_0199.jpg,data/evaluation/validation/George_W_Bush/George_W_Bush_0199.jpg,013e83b0336b6a5319961d2dddf5b98df8cb5fc34ce347dedfc36ca061b4fa1e,250,250
829,George_W_Bush,validation,George_W_Bush_0529.jpg,data/evaluation/validation/George_W_Bush/George_W_Bush_0529.jpg,2706c887f8bdd8363f0a8fe839db47d0276ce1e5e2583badf1c3ac6b51aea77c,250,250
830,George_W_Bush,validation,George_W_Bush_0455.jpg,data/evaluation/validation/George_W_Bush/George_W_Bush_0455.jpg,9362da3a08a611c04c76e7f4324d881b0a61b6825acb738c9e4f06d2dfd7cc7e,250,250
831,George_W_Bush,validation,George_W_Bush_0191.jpg,data/evaluation/validation/George_W_Bush/George_W_Bush_0191.jpg,ebf0b132ffa8ad3390bc3b1439de0b170f63ebc1572b802069820c0acebf58a5,250,250
832,George_W_Bush,validation,George_W_Bush_0263.jpg,data/evaluation/validation/George_W_Bush/George_W_Bush_0263.jpg,ae60f4319dc9a2d5158a984ab979a2d60ff196fa37607371cf7c3e63ade24306,250,250
833,George_W_Bush,validation,George_W_Bush_0022.jpg,data/evaluation/validation/George_W_Bush/George_W_Bush_0022.jpg,00b0a321bca6df12eb257780d2d5bcee32b00778f3ee597ac32915f7fcae3094,250,250
834,George_W_Bush,validation,George_W_Bush_0328.jpg,data/evaluation/validation/George_W_Bush/George_W_Bush_0328.jpg,8d93b546522df3fb41ec42df682705b2a938362270dca46bb1d53c1706ac4dc3,250,250
835,George_W_Bush,validation,George_W_Bush_0262.jpg,data/evaluation/validation/George_W_Bush/George_W_Bush_0262.jpg,5b73d3139b92ceca2f500d0de5ea3412797dd11dd77586e174941daa89f81eff,250,250
836,George_W_Bush,validation,George_W_Bush_0300.jpg,data/evaluation/validation/George_W_Bush/George_W_Bush_0300.jpg,34c16fe66b418abf96f320e85cbaaa7f255f2227e25c241e553bc896d92026ae,250,250
837,George_W_Bush,validation,George_W_Bush_0135.jpg,data/evaluation/validation/George_W_Bush/George_W_Bush_0135.jpg,483b155604363b212fd75d47e77aec44050025e390693a7d64567beaf3a78a7a,250,250
838,George_W_Bush,validation,George_W_Bush_0056.jpg,data/evaluation/validation/George_W_Bush/George_W_Bush_0056.jpg,e207f63f34159ee89e58a20b7b1f9864aac9542e7172b9fc3cf15800fd08407e,250,250
839,George_W_Bush,validation,George_W_Bush_0293.jpg,data/evaluation/validation/George_W_Bush/George_W_Bush_0293.jpg,0a523b66a7055257f561d3f31104c3c610f26432cabbac5b7089135ac50546d8,250,250
840,George_W_Bush,validation,George_W_Bush_0186.jpg,data/evaluation/validation/George_W_Bush/George_W_Bush_0186.jpg,9b415c8f6b51cb9cc989fefd241b5bfa989d45c8345f5c033a87247791ffd1d9,250,250
841,George_W_Bush,validation,George_W_Bush_0291.jpg,data/evaluation/validation/George_W_Bush/George_W_Bush_0291.jpg,019075a3542a1f1e6da40f600dc270386a6c89dc5f18bd032dd722a743f5d269,250,250
842,George_W_Bush,validation,George_W_Bush_0096.jpg,data/evaluation/validation/George_W_Bush/George_W_Bush_0096.jpg,e78498e74e8a01cfd936e49f685046583b87dca64eedb72c5094f0ebe79eefbe,250,250
843,George_W_Bush,validation,George_W_Bush_0184.jpg,data/evaluation/validation/George_W_Bush/George_W_Bush_0184.jpg,273d4adaaea452440d57d18e6396e0d1e33f18afa17421e3df1472e9a1b90df3,250,250
844,George_W_Bush,validation,George_W_Bush_0489.jpg,data/evaluation/validation/George_W_Bush/George_W_Bush_0489.jpg,bcbe22dd8e819e1a58cd6bb7e402a6018e7533782631a82926e7f8683239b050,250,250
845,George_W_Bush,validation,George_W_Bush_0197.jpg,data/evaluation/validation/George_W_Bush/George_W_Bush_0197.jpg,22b90cf47c360f918165f9fad9a0367b04540346e8e9fbd0f9e13cc7dc294809,250,250
846,George_W_Bush,validation,George_W_Bush_0005.jpg,data/evaluation/validation/George_W_Bush/George_W_Bush_0005.jpg,9c320a2c00672e031470f9657fbecfa447053462e0ce2b16d2f4926105fe6cb2,250,250
847,George_W_Bush,validation,George_W_Bush_0441.jpg,data/evaluation/validation/George_W_Bush/George_W_Bush_0441.jpg,074206e9649d3ebe007b11a14f1f69a256553fbbcd50f0d7aaacd5ebcf5cbbf9,250,250
848,George_W_Bush,validation,George_W_Bush_0174.jpg,data/evaluation/validation/George_W_Bush/George_W_Bush_0174.jpg,2855215e85196c72941e664a93c13789899f12c03c2bdfed0792d76184616963,250,250
849,George_W_Bush,validation,George_W_Bush_0480.jpg,data/evaluation/validation/George_W_Bush/George_W_Bush_0480.jpg,c84c4bca5311cb84967ba480fc341557240404ad2c71155165128a37c9983af5,250,250
850,George_W_Bush,validation,George_W_Bush_0234.jpg,data/evaluation/validation/George_W_Bush/George_W_Bush_0234.jpg,ebf0650529b114c033b11fa3903c9729b52cc60d00bf89f3bd91509633f702dc,250,250
851,George_W_Bush,validation,George_W_Bush_0342.jpg,data/evaluation/validation/George_W_Bush/George_W_Bush_0342.jpg,3f5968a1b09f88d7edb84ef82b744a4ed09e29054e0aef2d0aa74242fc8bd17c,250,250
852,George_W_Bush,validation,George_W_Bush_0147.jpg,data/evaluation/validation/George_W_Bush/George_W_Bush_0147.jpg,d1f2bd8cefcb4030482e5c1f1aadf9f1acc7d633c7d507723eb96d06a3ffc3c9,250,250
853,George_W_Bush,validation,George_W_Bush_0215.jpg,data/evaluation/validation/George_W_Bush/George_W_Bush_0215.jpg,3e692c5bbab63fd931282a37aa8b62678bcfd6a0fea44e30bff65fc0aada8c2e,250,250
854,George_W_Bush,validation,George_W_Bush_0087.jpg,data/evaluation/validation/George_W_Bush/George_W_Bush_0087.jpg,e271003e45e8e7926f07039bd1b1d19883fe9549ea9af618facb0da7327d718b,250,250
855,George_W_Bush,validation,George_W_Bush_0525.jpg,data/evaluation/validation/George_W_Bush/George_W_Bush_0525.jpg,5e213d7cd84ed2db855c4c5ed38afd327059b5b0a000a5826863dd1243fd3dde,250,250
856,George_W_Bush,validation,George_W_Bush_0337.jpg,data/evaluation/validation/George_W_Bush/George_W_Bush_0337.jpg,7f1cc36085011b46d34e4c0d7230c03f4dc042dc8207da80e3e8d3b9f180534f,250,250
857,George_W_Bush,validation,George_W_Bush_0203.jpg,data/evaluation/validation/George_W_Bush/George_W_Bush_0203.jpg,c08621caf7e2197c9749f6dfbc222fe8344824b3fa47b98d75546144651382d1,250,250
858,George_W_Bush,validation,George_W_Bush_0325.jpg,data/evaluation/validation/George_W_Bush/George_W_Bush_0325.jpg,b438dc6364b890ca008b106cf19298e5ce9727393700d5b432401b8a8af54172,250,250
859,George_W_Bush,validation,George_W_Bush_0384.jpg,data/evaluation/validation/George_W_Bush/George_W_Bush_0384.jpg,f100e92aefeafa8c877a143ccef97821d5ca0f18189ea24787126ff503516745,250,250
860,George_W_Bush,validation,George_W_Bush_0193.jpg,data/evaluation/validation/George_W_Bush/George_W_Bush_0193.jpg,74d899e4261c9b74730ba907fa1532cf7eb45bab313333d79a7cb8aac124e80c,250,250
861,George_W_Bush,validation,George_W_Bush_0346.jpg,data/evaluation/validation/George_W_Bush/George_W_Bush_0346.jpg,fd3d8030e8841e6a04468c9a4bbb3a1f08735ac7753deb02a15243e58862cd38,250,250
862,George_W_Bush,validation,George_W_Bush_0205.jpg,data/evaluation/validation/George_W_Bush/George_W_Bush_0205.jpg,366b16aef3f8e7b3aec8d64802dd045d38c88a91156ebeddc40ee7334a3edbb9,250,250
863,George_W_Bush,validation,George_W_Bush_0101.jpg,data/evaluation/validation/George_W_Bush/George_W_Bush_0101.jpg,85928ddd288bdc489de4a7c429d27bddcbb7db0e97b825a95636660ae8e79cb9,250,250
864,George_W_Bush,validation,George_W_Bush_0344.jpg,data/evaluation/validation/George_W_Bush/George_W_Bush_0344.jpg,436d3701060b4f37b9696dd82e7dccd16dd3f9ffb396e06fce4e9eec55ce4ac5,250,250
865,George_W_Bush,validation,George_W_Bush_0364.jpg,data/evaluation/validation/George_W_Bush/George_W_Bush_0364.jpg,a53f8b125f904bdf0139ccc2216a171230b2df2729198ae836f00c75efebbbfb,250,250
866,George_W_Bush,validation,George_W_Bush_0020.jpg,data/evaluation/validation/George_W_Bush/George_W_Bush_0020.jpg,a03de7e5490ff8aee37acb07da8c75af22bd41b698228495b50bb07c00876aa4,250,250
867,George_W_Bush,validation,George_W_Bush_0084.jpg,data/evaluation/validation/George_W_Bush/George_W_Bush_0084.jpg,7fdb69c6e905464b27e5dbba384a558efe90f3e39a5736c478d9ff86c6f7b27c,250,250
868,George_W_Bush,validation,George_W_Bush_0201.jpg,data/evaluation/validation/George_W_Bush/George_W_Bush_0201.jpg,96d75fe5640eac76ab60945609e5c3dc4ff6ed96a5e8c3ae16c6e31a5cfe2f14,250,250
869,George_W_Bush,validation,George_W_Bush_0433.jpg,data/evaluation/validation/George_W_Bush/George_W_Bush_0433.jpg,a490c832ca014b7264261a2aa1b157af5e19245533b2ea9dea604f38f43f4e5b,250,250
870,George_W_Bush,validation,George_W_Bush_0019.jpg,data/evaluation/validation/George_W_Bush/George_W_Bush_0019.jpg,a6fd11c18dabcb74935735333cb21289513e62cf75bb2281cfea85dd0f5917cd,250,250
871,George_W_Bush,validation,George_W_Bush_0216.jpg,data/evaluation/validation/George_W_Bush/George_W_Bush_0216.jpg,72feccad97a115a064c027c245fe3346f07e8f8e7e60f297a24141520b8dd97d,250,250
872,George_W_Bush,validation,George_W_Bush_0326.jpg,data/evaluation/validation/George_W_Bush/George_W_Bush_0326.jpg,d4a43a34a77061858585ffb82bc4afc70f2866584a2552a80a3e63ff900e8bc7,250,250
873,George_W_Bush,validation,George_W_Bush_0297.jpg,data/evaluation/validation/George_W_Bush/George_W_Bush_0297.jpg,2809faeb5bf8c917fc37b430783e46bbe26989bf47365d48b925fae951486c29,250,250
874,George_W_Bush,validation,George_W_Bush_0462.jpg,data/evaluation/validation/George_W_Bush/George_W_Bush_0462.jpg,c626ffc7b397900abfbdf70044918736dd764da37517144a58964917f8c63baa,250,250
875,George_W_Bush,validation,George_W_Bush_0068.jpg,data/evaluation/validation/George_W_Bush/George_W_Bush_0068.jpg,f27cfbd377deac005e70892bd96ed11ad6aed30d4ce1d68514d9ad1dfe9ec34a,250,250
876,George_W_Bush,validation,George_W_Bush_0168.jpg,data/evaluation/validation/George_W_Bush/George_W_Bush_0168.jpg,b597499a19a307243f68d7ecf0e6826c45af896a9628bc4f0a0dcb3e6c8a773a,250,250
877,George_W_Bush,validation,George_W_Bush_0057.jpg,data/evaluation/validation/George_W_Bush/George_W_Bush_0057.jpg,9923ed06a1dc571467b2c43f1beed2887ca3ba24fb47a268f9754ffa422f47d0,250,250
878,George_W_Bush,validation,George_W_Bush_0322.jpg,data/evaluation/validation/George_W_Bush/George_W_Bush_0322.jpg,7f420a2037e611bc85d64536245dc931b17fef796a4f15ac4eaf13139c5bbd21,250,250
879,George_W_Bush,validation,George_W_Bush_0470.jpg,data/evaluation/validation/George_W_Bush/George_W_Bush_0470.jpg,f9b2e0c7566611748b08bb6826e337e1280a5384ad481be143b499b596d7e999,250,250
880,George_W_Bush,validation,George_W_Bush_0518.jpg,data/evaluation/validation/George_W_Bush/George_W_Bush_0518.jpg,e5dded31f881afe04fd09faea5dcff7227b63980ee7123f0a57d9fc2a34abc0e,250,250
881,George_W_Bush,validation,George_W_Bush_0112.jpg,data/evaluation/validation/George_W_Bush/George_W_Bush_0112.jpg,65a4076b127e61da561a95e57d4cbcd5c886fb54f4f296513efd6c1fb2f45349,250,250
882,George_W_Bush,validation,George_W_Bush_0398.jpg,data/evaluation/validation/George_W_Bush/George_W_Bush_0398.jpg,13016049566b1f7d4f7f1bac56989b2414af9db6b329b55975eb2f193eebc703,250,250
883,George_W_Bush,validation,George_W_Bush_0033.jpg,data/evaluation/validation/George_W_Bush/George_W_Bush_0033.jpg,9178aaee0e95eae0c9a1e2b3a67620c0bb42f1b78c4a3e73ed05997a8603fc2f,250,250
884,George_W_Bush,validation,George_W_Bush_0237.jpg,data/evaluation/validation/George_W_Bush/George_W_Bush_0237.jpg,70c46a8499e49270661469795ac67e3a54decd210a29fffb1ab1dd1510bcbd19,250,250
885,George_W_Bush,validation,George_W_Bush_0359.jpg,data/evaluation/validation/George_W_Bush/George_W_Bush_0359.jpg,0a755334ec0a0fb203683494f576c95560918b607a3df48ebff0f96fb26081d6,250,250
886,George_W_Bush,validation,George_W_Bush_0333.jpg,data/evaluation/validation/George_W_Bush/George_W_Bush_0333.jpg,2e6af38c37d6709984840a1d668fb296f55e0a661fde248727d04d719d10506c,250,250
887,George_W_Bush,validation,George_W_Bush_0367.jpg,data/evaluation/validation/George_W_Bush/George_W_Bush_0367.jpg,7f865811a36c296c81dea7c269850eb052c5a0ec8bbed6b6f5d623d66b7e2a57,250,250
888,George_W_Bush,validation,George_W_Bush_0453.jpg,data/evaluation/validation/George_W_Bush/George_W_Bush_0453.jpg,10277110f1b4f40019e4983778cfa0ea231008de576ec371f922e5f175d92694,250,250
889,George_W_Bush,validation,George_W_Bush_0122.jpg,data/evaluation/validation/George_W_Bush/George_W_Bush_0122.jpg,8ddc53dc6d7371c28bab2e8f1a6738fc0b9a3c966f715f79bfc9bf608a8c32f4,250,250
890,George_W_Bush,validation,George_W_Bush_0082.jpg,data/evaluation/validation/George_W_Bush/George_W_Bush_0082.jpg,7911c7b92400d0b3c6f98ff36b2a70398a34aeff5a778ca53f217a92e7391aa4,250,250
891,George_W_Bush,validation,George_W_Bush_0012.jpg,data/evaluation/validation/George_W_Bush/George_W_Bush_0012.jpg,b675de863dbba3aaa352f5da72298c3a2fa9ee73a3240859af0ec74e135137cd,250,250
892,George_W_Bush,validation,George_W_Bush_0468.jpg,data/evaluation/validation/George_W_Bush/George_W_Bush_0468.jpg,b12a5b412556ff0e316452614a2eb9650eedf1d82d8e824d1e8378348dc6068a,250,250
893,George_W_Bush,validation,George_W_Bush_0060.jpg,data/evaluation/validation/George_W_Bush/George_W_Bush_0060.jpg,e67173aa267a2de22a93d607a4cddaf8fc3584e65c813656e872aa659149cdc5,250,250
894,George_W_Bush,validation,George_W_Bush_0487.jpg,data/evaluation/validation/George_W_Bush/George_W_Bush_0487.jpg,ea05dedc3eaa914c977e670d346170f66a6a064f829bc5d1ebdcd4e4b8992d64,250,250
895,George_W_Bush,validation,George_W_Bush_0196.jpg,data/evaluation/validation/George_W_Bush/George_W_Bush_0196.jpg,3cf0dca1f106192662a538d124ca2565d0d12c1d52b7638012b17a5d0b59e145,250,250
896,George_W_Bush,validation,George_W_Bush_0260.jpg,data/evaluation/validation/George_W_Bush/George_W_Bush_0260.jpg,f973b367a9d98d59b99c79d606e408aac6f885c8ba1c0c645cc82e5cb4ce57b3,250,250
897,George_W_Bush,validation,George_W_Bush_0232.jpg,data/evaluation/validation/George_W_Bush/George_W_Bush_0232.jpg,2b856e4d4c858e5faf03ba4a458983c68de7b5fbc52282b8d48e2736ba79f478,250,250
898,George_W_Bush,validation,George_W_Bush_0474.jpg,data/evaluation/validation/George_W_Bush/George_W_Bush_0474.jpg,161af4cb4a4a0d6ad6cdf0c614cc8a28f8d78478911d8df45265f790496f53c7,250,250
899,George_W_Bush,validation,George_W_Bush_0097.jpg,data/evaluation/validation/George_W_Bush/George_W_Bush_0097.jpg,b6407de98cf5f4a007ecebb3058aa2ceddc44edd73254240a32751c3de41cf85,250,250
900,George_W_Bush,validation,George_W_Bush_0281.jpg,data/evaluation/validation/George_W_Bush/George_W_Bush_0281.jpg,fad9b3a618e29cfdef8f8b0b17d3b4e1bb2e10e5a912f1da130a2b77d36b8cec,250,250
901,George_W_Bush,validation,George_W_Bush_0259.jpg,data/evaluation/validation/George_W_Bush/George_W_Bush_0259.jpg,fec23374fe0f0bc894a4a859e94db1c1fef91017e7b2bafabb17927345dcf5d1,250,250
902,George_W_Bush,validation,George_W_Bush_0472.jpg,data/evaluation/validation/George_W_Bush/George_W_Bush_0472.jpg,b30ce220671504d7919d1f4e85e8d15d6845f0da96cfd003249b816ec0536162,250,250
903,George_W_Bush,validation,George_W_Bush_0339.jpg,data/evaluation/validation/George_W_Bush/George_W_Bush_0339.jpg,76d78fa5f295d62ed4cc2ab6c851f459152909d061169a8859360b2408bd5a7c,250,250
904,George_W_Bush,validation,George_W_Bush_0176.jpg,data/evaluation/validation/George_W_Bush/George_W_Bush_0176.jpg,133d3295204a6a314a7e7849580d85c6a94cd42fbcb65f53765f8817a0fe4dc0,250,250
905,George_W_Bush,validation,George_W_Bush_0267.jpg,data/evaluation/validation/George_W_Bush/George_W_Bush_0267.jpg,33d71c3ad12da78b136747ae42e09e7f768067f94afb8d07a8501f321c993234,250,250
906,George_W_Bush,validation,George_W_Bush_0115.jpg,data/evaluation/validation/George_W_Bush/George_W_Bush_0115.jpg,80c07bb1754ad41bc983c651030d75ccbea1add40c07dcf946e10043dce98a22,250,250
907,George_W_Bush,validation,George_W_Bush_0315.jpg,data/evaluation/validation/George_W_Bush/George_W_Bush_0315.jpg,a26eaed0024df03884c1da260c032b2f02b67d136bd9d14df43467de5d71d128,250,250
908,George_W_Bush,validation,George_W_Bush_0488.jpg,data/evaluation/validation/George_W_Bush/George_W_Bush_0488.jpg,152a594ccf23f381370d24dcaeb433c4a2e39119b3e01047169b14cbc41c7f63,250,250
909,George_W_Bush,validation,George_W_Bush_0149.jpg,data/evaluation/validation/George_W_Bush/George_W_Bush_0149.jpg,6acb24dfdecaa6400705d82a5978ffb6c9871d492b7c5afb801a464c910c90ff,250,250
910,George_W_Bush,validation,George_W_Bush_0435.jpg,data/evaluation/validation/George_W_Bush/George_W_Bush_0435.jpg,e735c0dc55e0a2b731eef732040ef05f1a92cbf25b4cd794aa8974ff7579ab45,250,250
911,George_W_Bush,validation,George_W_Bush_0368.jpg,data/evaluation/validation/George_W_Bush/George_W_Bush_0368.jpg,e66b09589212a27ca9b6435a57553686f3dfbd941ed2443f3e1b2336da44afec,250,250
912,George_W_Bush,validation,George_W_Bush_0329.jpg,data/evaluation/validation/George_W_Bush/George_W_Bush_0329.jpg,1cf23c146c973beacd671a1d93e0a452e063c61ef52aeb16759e10fa90f09e9e,250,250
913,George_W_Bush,validation,George_W_Bush_0353.jpg,data/evaluation/validation/George_W_Bush/George_W_Bush_0353.jpg,e5f78c75cf9043f14bdf8533ae350d7547de548b257d09b944dd56d5a368f294,250,250
914,George_W_Bush,validation,George_W_Bush_0420.jpg,data/evaluation/validation/George_W_Bush/George_W_Bush_0420.jpg,4f12d1a2d9dec8fb8f972fc620b650606a31e4c0da7fb7fd94b9f0fefb65c715,250,250
915,George_W_Bush,validation,George_W_Bush_0417.jpg,data/evaluation/validation/George_W_Bush/George_W_Bush_0417.jpg,1e52793035a7a6eb46fff67ea2ba61addbc3edfabf6bff5f89b732e8fd94f8c7,250,250
916,George_W_Bush,validation,George_W_Bush_0088.jpg,data/evaluation/validation/George_W_Bush/George_W_Bush_0088.jpg,24c20b761656229fa65c0a4ccfe4000872bf0f75413c5119567935236f71726d,250,250
917,George_W_Bush,validation,George_W_Bush_0494.jpg,data/evaluation/validation/George_W_Bush/George_W_Bush_0494.jpg,4aaa2c74337be195da43f1ef75b9bfac38e4f9c000ce2a69ce33231f1f2847ca,250,250
918,George_W_Bush,validation,George_W_Bush_0521.jpg,data/evaluation/validation/George_W_Bush/George_W_Bush_0521.jpg,ba400bfa2af17a2d89880197a9414d6fee6bfffceae8985a5126917bbf1ee90d,250,250
919,George_W_Bush,validation,George_W_Bush_0018.jpg,data/evaluation/validation/George_W_Bush/George_W_Bush_0018.jpg,3613c3f9ccf4c08df4ffcd17979788b8a085dc3ebf6344a1773672604714e636,250,250
920,George_W_Bush,validation,George_W_Bush_0035.jpg,data/evaluation/validation/George_W_Bush/George_W_Bush_0035.jpg,c5c5ea13ecd54ee23f56c432300b22bb3e575fda87bdd2561f4dbf3ad25a47b1,250,250
921,George_W_Bush,validation,George_W_Bush_0202.jpg,data/evaluation/validation/George_W_Bush/George_W_Bush_0202.jpg,7c05671ae9c0a8c107a19877e8a75ad4de82fc12cb82bff19f34a9874a2dc432,250,250
922,George_W_Bush,validation,George_W_Bush_0154.jpg,data/evaluation/validation/George_W_Bush/George_W_Bush_0154.jpg,0e058bcc306046edad3114773a9bb798e133c457615bf5c3d282118022c28ee0,250,250
923,George_W_Bush,validation,George_W_Bush_0428.jpg,data/evaluation/validation/George_W_Bush/George_W_Bush_0428.jpg,54d750c53beb4a9733d0b762f0c0b3e3d805abd9e4de55742a0d17754cb2e10b,250,250
924,George_W_Bush,validation,George_W_Bush_0401.jpg,data/evaluation/validation/George_W_Bush/George_W_Bush_0401.jpg,d5f3cd1f012209c750d77e30751dd192eb8e839e313f72bc62531c273b8e09c7,250,250
925,George_W_Bush,validation,George_W_Bush_0403.jpg,data/evaluation/validation/George_W_Bush/George_W_Bush_0403.jpg,7cf4702ca4c1bd953fb2adad0d9267f9f4b412d40d73c7398df28fb5a7881271,250,250
926,George_W_Bush,validation,George_W_Bush_0190.jpg,data/evaluation/validation/George_W_Bush/George_W_Bush_0190.jpg,32ad78ed60f47391cde2a3c42a49efbeb9c92c07d36960eb382afde3d629e078,250,250
927,George_W_Bush,validation,George_W_Bush_0236.jpg,data/evaluation/validation/George_W_Bush/George_W_Bush_0236.jpg,09709230bdec3ff28e4b1f90bcac1ece60328eedf9818d4936706e1a39f0f2d5,250,250
928,George_W_Bush,validation,George_W_Bush_0063.jpg,data/evaluation/validation/George_W_Bush/George_W_Bush_0063.jpg,351f0b7ec873576886ebba092b09262f4b9f5a57ecbe2b06196167c7d0cf847c,250,250
929,George_W_Bush,validation,George_W_Bush_0121.jpg,data/evaluation/validation/George_W_Bush/George_W_Bush_0121.jpg,764d1c01a6975ba7599277bf636f4fc1af138cabd9047480338c9afa24818f63,250,250
930,George_W_Bush,validation,George_W_Bush_0445.jpg,data/evaluation/validation/George_W_Bush/George_W_Bush_0445.jpg,74dc96d28fc8c4a325fa72083eb1e2620646ccc59210f6dea319d7ee8f2b2def,250,250
931,George_W_Bush,validation,George_W_Bush_0324.jpg,data/evaluation/validation/George_W_Bush/George_W_Bush_0324.jpg,31545cab7594047c16875a770b7bd4b03351c82e97cf827a70753445d48a959f,250,250
932,George_W_Bush,validation,George_W_Bush_0070.jpg,data/evaluation/validation/George_W_Bush/George_W_Bush_0070.jpg,11891d6062e219e309e6f2742a7d1cd5578a89001c56ef27bbcb03504aafce4c,250,250
933,George_W_Bush,validation,George_W_Bush_0131.jpg,data/evaluation/validation/George_W_Bush/George_W_Bush_0131.jpg,ee8ad1e020feca66382718236e4e62cca951b8fd352a09e78ed602b4d130f094,250,250
934,George_W_Bush,validation,George_W_Bush_0075.jpg,data/evaluation/validation/George_W_Bush/George_W_Bush_0075.jpg,3d1455012f3c05d75a719193884edfa0ff1dbb7ab342fad1e308c90f6f2e998b,250,250
935,George_W_Bush,validation,George_W_Bush_0213.jpg,data/evaluation/validation/George_W_Bush/George_W_Bush_0213.jpg,b5cb3ef550b6a4103fcb315ecdf5dd82575b3d26749dec116e2e6fd9c4ee0f9c,250,250
936,George_W_Bush,validation,George_W_Bush_0040.jpg,data/evaluation/validation/George_W_Bush/George_W_Bush_0040.jpg,195c5caead1a7461f4aa82304ab43bb2c06d46b7df3960c13e8cbc09caabebfb,250,250
937,George_W_Bush,validation,George_W_Bush_0273.jpg,data/evaluation/validation/George_W_Bush/George_W_Bush_0273.jpg,305f138ffdbc94732be2e9ed8f6b183cc5e49efc78d6f95d530d30777c762595,250,250
938,George_W_Bush,validation,George_W_Bush_0290.jpg,data/evaluation/validation/George_W_Bush/George_W_Bush_0290.jpg,76a6c773c53ec2029ee8df66fb592ec808e6846949bd86844938ce03fe7a291c,250,250
939,George_W_Bush,validation,George_W_Bush_0221.jpg,data/evaluation/validation/George_W_Bush/George_W_Bush_0221.jpg,b921f7137a880cfac5597f308aa6e5d19fa60cbf764e7a4c179bb3dfa144aeb0,250,250
940,George_W_Bush,validation,George_W_Bush_0341.jpg,data/evaluation/validation/George_W_Bush/George_W_Bush_0341.jpg,8256df7abdb6163e5526aee0b95e9485999b216cb9772736a9454838514ff9a6,250,250
941,George_W_Bush,validation,George_W_Bush_0058.jpg,data/evaluation/validation/George_W_Bush/George_W_Bush_0058.jpg,2679b09d2946cc51f146e1e1d2869328b638cff877a909ac99fff47d8b26c7f1,250,250
942,George_W_Bush,validation,George_W_Bush_0378.jpg,data/evaluation/validation/George_W_Bush/George_W_Bush_0378.jpg,71cd90cb6ce849264673c96e6d2391687f31fd7db0545e6d48b53a04b7e47e30,250,250
943,George_W_Bush,validation,George_W_Bush_0255.jpg,data/evaluation/validation/George_W_Bush/George_W_Bush_0255.jpg,d2ea52f87aca8b5f580fbdb6964698f15953ef670c20dd508c5e1387786d6523,250,250
944,George_W_Bush,validation,George_W_Bush_0192.jpg,data/evaluation/validation/George_W_Bush/George_W_Bush_0192.jpg,c221286e478ee3190f4c7800d41de5c648009f56dfb2ed0a971bd6a492070a74,250,250
945,George_W_Bush,validation,George_W_Bush_0004.jpg,data/evaluation/validation/George_W_Bush/George_W_Bush_0004.jpg,80ac8ec8feaabb13a7fed80f2c8b3f7ad437bc3e67ca1394a0631196e19a8fea,250,250
946,George_W_Bush,validation,George_W_Bush_0498.jpg,data/evaluation/validation/George_W_Bush/George_W_Bush_0498.jpg,dc014febec1ca3365ca2436206988b6067a8c2eca5b4789b3ff0e56b85dd4ff0,250,250
947,George_W_Bush,validation,George_W_Bush_0080.jpg,data/evaluation/validation/George_W_Bush/George_W_Bush_0080.jpg,fe88cbf4492aeeee216b3a87c01bc7d4e19a2466881b5a1ee35d9fa999451082,250,250
948,George_W_Bush,validation,George_W_Bush_0041.jpg,data/evaluation/validation/George_W_Bush/George_W_Bush_0041.jpg,5f79514d8479d8601650235a50b8b7f0611a8218af0bd0b8d11ddd4499d036e2,250,250
949,George_W_Bush,validation,George_W_Bush_0466.jpg,data/evaluation/validation/George_W_Bush/George_W_Bush_0466.jpg,91171ce157d9a00c5cbf0f08db0b8f936b5e2097d40ae7e5b9c36bdd74601c3e,250,250
950,George_W_Bush,validation,George_W_Bush_0407.jpg,data/evaluation/validation/George_W_Bush/George_W_Bush_0407.jpg,51ec3dc1a4ab3eba37a9e4b42dba8392ec3f840dc7dcc7a48a9c665d02f19fe9,250,250
951,George_W_Bush,validation,George_W_Bush_0516.jpg,data/evaluation/validation/George_W_Bush/George_W_Bush_0516.jpg,51ad9d4df273d9fcde8c20092b7a70ad635202902c6cdf1882d6279bd82a0b91,250,250
952,George_W_Bush,validation,George_W_Bush_0408.jpg,data/evaluation/validation/George_W_Bush/George_W_Bush_0408.jpg,0f668d9cb3a7ed7348ee6f64c6cd426fa961b4aff159a8f40c11c6d6a8a46522,250,250
953,George_W_Bush,validation,George_W_Bush_0383.jpg,data/evaluation/validation/George_W_Bush/George_W_Bush_0383.jpg,3fca5d4970a6137752f0fd95c335cf8f32538f1b860a439d6f96a89dbc7cff9d,250,250
954,George_W_Bush,validation,George_W_Bush_0032.jpg,data/evaluation/validation/George_W_Bush/George_W_Bush_0032.jpg,685a0786c34b9c244250592adc41a468ae40d71209037ca7a256c07ae658fc05,250,250
955,George_W_Bush,validation,George_W_Bush_0517.jpg,data/evaluation/validation/George_W_Bush/George_W_Bush_0517.jpg,722304a86f10bb8db373631aebf55b780b2d862082a3d773494ade288e36b64b,250,250
956,George_W_Bush,validation,George_W_Bush_0256.jpg,data/evaluation/validation/George_W_Bush/George_W_Bush_0256.jpg,5e1eef3f61bc858abac1f055f14f44f6ecc86b9a451f60a7a83508dbcf3b0261,250,250
957,George_W_Bush,validation,George_W_Bush_0113.jpg,data/evaluation/validation/George_W_Bush/George_W_Bush_0113.jpg,7af53253983d92b1261d740a2a230538e5e6ce900a7df2c570eee1e0b14d8c6c,250,250
958,George_W_Bush,validation,George_W_Bush_0443.jpg,data/evaluation/validation/George_W_Bush/George_W_Bush_0443.jpg,4ffe58f9b26afc358e3136560da723027d7355a1fd3c1cd1295d3a64cfcbb825,250,250
959,George_W_Bush,validation,George_W_Bush_0357.jpg,data/evaluation/validation/George_W_Bush/George_W_Bush_0357.jpg,e903a499a12a8130e00198a82f49655a1aa2db6f8d09dfb97a671f0c8be4f8a0,250,250
960,George_W_Bush,validation,George_W_Bush_0486.jpg,data/evaluation/validation/George_W_Bush/George_W_Bush_0486.jpg,df1c27816b71b93a31a69e0188293ea015b9889e3ecaf4bb6e879fc5769489bb,250,250
961,George_W_Bush,validation,George_W_Bush_0069.jpg,data/evaluation/validation/George_W_Bush/George_W_Bush_0069.jpg,286c408f1a419eecb116c1a529e274cb20dbbf66423ba86267837578929bd4d0,250,250
962,George_W_Bush,validation,George_W_Bush_0410.jpg,data/evaluation/validation/George_W_Bush/George_W_Bush_0410.jpg,dc52b5d22203ebba1b790ba9da84db901ca940bc4aa05d2e9e94e9f85cb5e763,250,250
963,George_W_Bush,validation,George_W_Bush_0219.jpg,data/evaluation/validation/George_W_Bush/George_W_Bush_0219.jpg,af1e4a2325595655502e56978ebe8f0799e7fd3b607bf12357b8aef847b108a6,250,250
964,George_W_Bush,validation,George_W_Bush_0496.jpg,data/evaluation/validation/George_W_Bush/George_W_Bush_0496.jpg,a275b549a74ff962acf0c80c7cbccacec638836253fa265f345cdf6150ecf3d5,250,250
965,George_W_Bush,validation,George_W_Bush_0434.jpg,data/evaluation/validation/George_W_Bush/George_W_Bush_0434.jpg,62fdd1250fbe1afe761c2152ae66eece53511f44839ed327da690555c299e4ec,250,250
966,George_W_Bush,validation,George_W_Bush_0161.jpg,data/evaluation/validation/George_W_Bush/George_W_Bush_0161.jpg,ed144e0d44c1a1f0902e9c63488b6dc0768d6c6956db17b48cba26d75f0f7b58,250,250
967,George_W_Bush,validation,George_W_Bush_0345.jpg,data/evaluation/validation/George_W_Bush/George_W_Bush_0345.jpg,4914024e6556f49f91725fc35e28de56cc029327f1ebac3cecee856a343e6b3b,250,250
968,George_W_Bush,validation,George_W_Bush_0194.jpg,data/evaluation/validation/George_W_Bush/George_W_Bush_0194.jpg,6b06133e5d0d43dab178744e1d898efeacbbfa21585809e672a04d5dae740b8e,250,250
969,George_W_Bush,validation,George_W_Bush_0160.jpg,data/evaluation/validation/George_W_Bush/George_W_Bush_0160.jpg,62de21b0d1093920a6fa3bb6e46078c58a1f1621187a3469549ccb3bde6d6803,250,250
970,George_W_Bush,validation,George_W_Bush_0261.jpg,data/evaluation/validation/George_W_Bush/George_W_Bush_0261.jpg,f68052e86097f02f2c457ca17158ab69335f7e75f6222fc8cd4d376c33539b68,250,250
971,George_W_Bush,validation,George_W_Bush_0464.jpg,data/evaluation/validation/George_W_Bush/George_W_Bush_0464.jpg,a95331a3539d16ac139efd370b336f5b43fee1f51435c7ae99f792818c545395,250,250
972,George_W_Bush,validation,George_W_Bush_0049.jpg,data/evaluation/validation/George_W_Bush/George_W_Bush_0049.jpg,75354a5f6b9fa5a74f633f6fb3b5fae1bef72d02e1b8d26f3257e8838e518326,250,250
973,George_W_Bush,validation,George_W_Bush_0271.jpg,data/evaluation/validation/George_W_Bush/George_W_Bush_0271.jpg,841b9f5f7bcd45a4506132348b093b3b75d703406315dbb4d219007727c781cc,250,250
974,George_W_Bush,validation,George_W_Bush_0247.jpg,data/evaluation/validation/George_W_Bush/George_W_Bush_0247.jpg,87eafba88a9d645b9617959c64e7687ff93076512bd1bc43d91b88fd8e981b8b,250,250
975,George_W_Bush,validation,George_W_Bush_0429.jpg,data/evaluation/validation/George_W_Bush/George_W_Bush_0429.jpg,56fb1723b6110a4cff59cd0ead415fa34dcdc4d4e10176bf97ab679283015da0,250,250
976,George_W_Bush,validation,George_W_Bush_0415.jpg,data/evaluation/validation/George_W_Bush/George_W_Bush_0415.jpg,20c35c765d5e9b08860d88e054fcbfaf3722a1cc884e443121d845b29d436b8f,250,250
977,George_W_Bush,validation,George_W_Bush_0509.jpg,data/evaluation/validation/George_W_Bush/George_W_Bush_0509.jpg,354befcb278e00d8cec087e73ad6d1d07e4e3ff2b8210f9385ee4a180ac6fba0,250,250
978,George_W_Bush,validation,George_W_Bush_0169.jpg,data/evaluation/validation/George_W_Bush/George_W_Bush_0169.jpg,6bb2ee01820f80be9c35248c39fbbc08f57561e96c5391660dd1a25910e7e76a,250,250
979,George_W_Bush,validation,George_W_Bush_0001.jpg,data/evaluation/validation/George_W_Bush/George_W_Bush_0001.jpg,510120e700dcd1e6565551ebb1f328e6c98a80ea2f37dab645a577de43cb922d,250,250
980,George_W_Bush,validation,George_W_Bush_0212.jpg,data/evaluation/validation/George_W_Bush/George_W_Bush_0212.jpg,403f30589e746025b5f2c18befe88995e7c112ec117931272ae07b6a07b187eb,250,250
981,George_W_Bush,validation,George_W_Bush_0132.jpg,data/evaluation/validation/George_W_Bush/George_W_Bush_0132.jpg,acaf3169daabf30fa0a0cbafbaca1b826990bc37927ff0c090c91edf34b87037,250,250
982,George_W_Bush,validation,George_W_Bush_0438.jpg,data/evaluation/validation/George_W_Bush/George_W_Bush_0438.jpg,dc7aa39bbfcdd9b5343ef2eb244d4b2bbd6938173f6b1ef6712ca1bbd74380d8,250,250
983,George_W_Bush,validation,George_W_Bush_0104.jpg,data/evaluation/validation/George_W_Bush/George_W_Bush_0104.jpg,7e1f9418fc459cf5834b80356de88e37dd4ed117f57c45a5830feff7aa306d0e,250,250
984,George_W_Bush,validation,George_W_Bush_0198.jpg,data/evaluation/validation/George_W_Bush/George_W_Bush_0198.jpg,bac61d790ee260661ef8da3030098d589afc2faf85f98f1e5e6e915972c759d1,250,250
985,George_W_Bush,validation,George_W_Bush_0030.jpg,data/evaluation/validation/George_W_Bush/George_W_Bush_0030.jpg,64c75773707a4361c10ec050230ccdc29704c2a6e388fcfc46f7b52184b3c37b,250,250
986,George_W_Bush,validation,George_W_Bush_0278.jpg,data/evaluation/validation/George_W_Bush/George_W_Bush_0278.jpg,f35f2feacca170de33765ecdf51020e2d093bb8c52135b10712fba50dceaabe7,250,250
987,George_W_Bush,validation,George_W_Bush_0373.jpg,data/evaluation/validation/George_W_Bush/George_W_Bush_0373.jpg,f7826701e0cf628ce2af43736a9e6f1019c9d05661c5997784a662eac9ae4fa3,250,250
988,George_W_Bush,validation,George_W_Bush_0314.jpg,data/evaluation/validation/George_W_Bush/George_W_Bush_0314.jpg,820fa0056a63a5af9447b5c7853cae1a50f2c99e9288bafb5646c120324ad48e,250,250
989,George_W_Bush,validation,George_W_Bush_0023.jpg,data/evaluation/validation/George_W_Bush/George_W_Bush_0023.jpg,b060598ba2c58b6dc2cddd239800c510faf05a89a3252c8aedc3dd0df3c9f9e7,250,250
990,George_W_Bush,validation,George_W_Bush_0387.jpg,data/evaluation/validation/George_W_Bush/George_W_Bush_0387.jpg,af38f8221d62d825048b8aff8bc6fcaedd5690250746590e40afa66e6c20c3f5,250,250
991,George_W_Bush,validation,George_W_Bush_0010.jpg,data/evaluation/validation/George_W_Bush/George_W_Bush_0010.jpg,664a86d1b4bcb551b5f9eee6360edb2acb550c7cb393b20cc88088a855258f04,250,250
992,George_W_Bush,validation,George_W_Bush_0399.jpg,data/evaluation/validation/George_W_Bush/George_W_Bush_0399.jpg,52bee386913e78a26d3029f2510dc2bc2e0911ba2923ac6a64ae107f5f6fd7ed,250,250
993,George_W_Bush,validation,George_W_Bush_0336.jpg,data/evaluation/validation/George_W_Bush/George_W_Bush_0336.jpg,b1e50cdb01947a3779463f60fcd1740efb014ba46e2cdec839e14b6847cc103e,250,250
994,George_W_Bush,validation,George_W_Bush_0449.jpg,data/evaluation/validation/George_W_Bush/George_W_Bush_0449.jpg,9f7185f79b588a674dc263c64e7f513d9f93e7937e8f493f582fc10d941b66be,250,250
995,George_W_Bush,validation,George_W_Bush_0103.jpg,data/evaluation/validation/George_W_Bush/George_W_Bush_0103.jpg,bca26a4aa494a2a928e243725b4bff721e7ffc8eeea92bf58c8c6c022d1e3d3c,250,250
996,George_W_Bush,validation,George_W_Bush_0242.jpg,data/evaluation/validation/George_W_Bush/George_W_Bush_0242.jpg,8725d51aaed21b28d5b11e60f69268e4e785d5c95616ecda51c4dcda56e09fff,250,250
997,George_W_Bush,validation,George_W_Bush_0419.jpg,data/evaluation/validation/George_W_Bush/George_W_Bush_0419.jpg,909021b4e2d27177f42d7e192cf1ab343797b563615e97580b8ddf3a86ac946e,250,250
998,George_W_Bush,validation,George_W_Bush_0074.jpg,data/evaluation/validation/George_W_Bush/George_W_Bush_0074.jpg,2807f14c97157f6178f2fa478f83f88f01b374a08336e363ecacd66ea28cdbbb,250,250
999,George_W_Bush,validation,George_W_Bush_0127.jpg,data/evaluation/validation/George_W_Bush/George_W_Bush_0127.jpg,a3b146e8f4e02819961f08651b78e451b960ae2c808afd750b70c8c84bfc37e0,250,250
1000,George_W_Bush,validation,George_W_Bush_0178.jpg,data/evaluation/validation/George_W_Bush/George_W_Bush_0178.jpg,0df5ea79c41494d962653e55916d05f6a29e7a37a2255a2cf4a93d4fab3ac158,250,250
1001,George_W_Bush,validation,George_W_Bush_0106.jpg,data/evaluation/validation/George_W_Bush/George_W_Bush_0106.jpg,f6722197eab5c79091147e7cb2530bb0fd9a51998484a57e8a83896fad90f5e6,250,250
1002,George_W_Bush,validation,George_W_Bush_0348.jpg,data/evaluation/validation/George_W_Bush/George_W_Bush_0348.jpg,b8e1fa474223a1d8233359055b84e2ffd6057813871d6474254f8f7cbe154b71,250,250
1003,George_W_Bush,validation,George_W_Bush_0499.jpg,data/evaluation/validation/George_W_Bush/George_W_Bush_0499.jpg,8120e217abe4e842dea18de3a064c8e168553aae2bbe514b4fa861afdc415bef,250,250
1004,George_W_Bush,validation,George_W_Bush_0442.jpg,data/evaluation/validation/George_W_Bush/George_W_Bush_0442.jpg,6509b17ec1d030de8c7b42671f3be55e4fdd37dec6f3d9b537716e2f1783dd92,250,250
1005,George_W_Bush,validation,George_W_Bush_0361.jpg,data/evaluation/validation/George_W_Bush/George_W_Bush_0361.jpg,00d2bf1c5692a796674b88dd7799d8f077107c2880969f7add125ec3325a747e,250,250
1006,George_W_Bush,validation,George_W_Bush_0172.jpg,data/evaluation/validation/George_W_Bush/George_W_Bush_0172.jpg,1379324dfe5f5c01f633c34b4fc2d6892995175cea934aa91a8c1969d283f05d,250,250
1007,George_W_Bush,validation,George_W_Bush_0083.jpg,data/evaluation/validation/George_W_Bush/George_W_Bush_0083.jpg,b789c81183027b5df85a02690e26c00331ae734a3dd8941bda123a260662f03a,250,250
1008,George_W_Bush,validation,George_W_Bush_0086.jpg,data/evaluation/validation/George_W_Bush/George_W_Bush_0086.jpg,dc3004fb92184b49a3c5ae04adac8bbd3d8ec412db7cbd16eaedb765341a7089,250,250
1009,George_W_Bush,validation,George_W_Bush_0528.jpg,data/evaluation/validation/George_W_Bush/George_W_Bush_0528.jpg,6eb541130d11c4b3972873ed299b2712016955ab9e8065d97eff34d17358153a,250,250
1010,George_W_Bush,validation,George_W_Bush_0179.jpg,data/evaluation/validation/George_W_Bush/George_W_Bush_0179.jpg,2501fd7f9910d26dd5557d44a46a1925b52e0d9b900100c661c3132c288f446b,250,250
1011,George_W_Bush,validation,George_W_Bush_0264.jpg,data/evaluation/validation/George_W_Bush/George_W_Bush_0264.jpg,3e6014e31f3aadf7c9f9ffced2df03b658d1522d155926f7ca77935665926bb8,250,250
1012,George_W_Bush,validation,George_W_Bush_0270.jpg,data/evaluation/validation/George_W_Bush/George_W_Bush_0270.jpg,138d8d36bd470664dfde3d85a237e693d01c0592d9a34770568aec5c41346956,250,250
1013,George_W_Bush,validation,George_W_Bush_0432.jpg,data/evaluation/validation/George_W_Bush/George_W_Bush_0432.jpg,51536df32ca36c5dfd3c5adad172a4bbd035e7b099c96443e57f464347471f82,250,250
1014,George_W_Bush,validation,George_W_Bush_0505.jpg,data/evaluation/validation/George_W_Bush/George_W_Bush_0505.jpg,9c8141d378515a635949d0f3ff56c0c3ba65602c7ecc9ca98dda113dc4a5e64e,250,250
1015,George_W_Bush,validation,George_W_Bush_0093.jpg,data/evaluation/validation/George_W_Bush/George_W_Bush_0093.jpg,21fddefe7b734e27a2df1262a04ca80b55304b94bc1f636e450f0372d650c967,250,250
1016,George_W_Bush,validation,George_W_Bush_0484.jpg,data/evaluation/validation/George_W_Bush/George_W_Bush_0484.jpg,26e7c0da000dab55393b12b006ce6bc2f248317df8f0774d9ce3f6897e1b7a20,250,250
1017,George_W_Bush,validation,George_W_Bush_0504.jpg,data/evaluation/validation/George_W_Bush/George_W_Bush_0504.jpg,ec8b372c19634705959428790c0f542c563966b71adbd8f9ab9e906260362b41,250,250
1018,George_W_Bush,validation,George_W_Bush_0527.jpg,data/evaluation/validation/George_W_Bush/George_W_Bush_0527.jpg,652195491615121cd7f42983c05330e2c54a14058c83689f79db7d6ea8c704fe,250,250
1019,George_W_Bush,validation,George_W_Bush_0090.jpg,data/evaluation/validation/George_W_Bush/George_W_Bush_0090.jpg,77543c2b6f6ae2f369685895fee9887aefaacafb988b8b677ed3894085eeb8ec,250,250
1020,George_W_Bush,validation,George_W_Bush_0405.jpg,data/evaluation/validation/George_W_Bush/George_W_Bush_0405.jpg,e0308710b1061924c63c6576e82d024aac5bfe693f72faeee640a0f3ec92af82,250,250
1021,George_W_Bush,test,George_W_Bush_0491.jpg,data/evaluation/test/George_W_Bush/George_W_Bush_0491.jpg,dc13ad5cf6c55584f6272081cb1759de9bc54c06fb6171dea36405b72817d25e,250,250
1022,George_W_Bush,test,George_W_Bush_0011.jpg,data/evaluation/test/George_W_Bush/George_W_Bush_0011.jpg,0ed7f76c8669e30ba437410108251d06aef0925fc925f6cf4b0846969a9be173,250,250
1023,George_W_Bush,test,George_W_Bush_0118.jpg,data/evaluation/test/George_W_Bush/George_W_Bush_0118.jpg,b48c3678058d0fc8df618de8c63616e1467d822f86c7e29bda869ec0e751c103,250,250
1024,George_W_Bush,test,George_W_Bush_0047.jpg,data/evaluation/test/George_W_Bush/George_W_Bush_0047.jpg,b6194c10a3ab103feea25ddaaec2367d961fa2088c4a297d9c1d12ebdc72cd28,250,250
1025,George_W_Bush,test,George_W_Bush_0014.jpg,data/evaluation/test/George_W_Bush/George_W_Bush_0014.jpg,97ec9cfb83fbf4732cff1193110a02f9c3dc586d2a90741b1d6f6b4d9c7f69cc,250,250
1026,George_W_Bush,test,George_W_Bush_0413.jpg,data/evaluation/test/George_W_Bush/George_W_Bush_0413.jpg,d2e737dacec88d59076ab240a2001103f013f983abc15133e6007161ae49d7f1,250,250
1027,George_W_Bush,test,George_W_Bush_0490.jpg,data/evaluation/test/George_W_Bush/George_W_Bush_0490.jpg,2adc0dce7a1539930927536c4895f490bea8aa6886e9a3c751ebe707557511ef,250,250
1028,George_W_Bush,test,George_W_Bush_0222.jpg,data/evaluation/test/George_W_Bush/George_W_Bush_0222.jpg,a8c07297befd2d555eb029108ed22bfb79bfdb09e28e1f1ba820d6886c15e11a,250,250
1029,George_W_Bush,test,George_W_Bush_0021.jpg,data/evaluation/test/George_W_Bush/George_W_Bush_0021.jpg,9f008ec50c5453f3122ab98376425ae01f65ab79b6fd6d0bb5ce1291d6e6b7df,250,250
1030,George_W_Bush,test,George_W_Bush_0320.jpg,data/evaluation/test/George_W_Bush/George_W_Bush_0320.jpg,f3f8bdbc1b79e3bc49e8f59f35364d75d62432cea2e915221afb62c7de689081,250,250
1031,George_W_Bush,test,George_W_Bush_0476.jpg,data/evaluation/test/George_W_Bush/George_W_Bush_0476.jpg,c3ea0423fecfd4201a6d8543d75009cf81bf0f0ba36f8d941d246e48c2def44b,250,250
1032,George_W_Bush,test,George_W_Bush_0253.jpg,data/evaluation/test/George_W_Bush/George_W_Bush_0253.jpg,68aaad719dec88e13b2dbb1771d43d4ff4cf624a0ca9a6afc7f83bfdf381eb62,250,250
1033,George_W_Bush,test,George_W_Bush_0277.jpg,data/evaluation/test/George_W_Bush/George_W_Bush_0277.jpg,59bd4fee84f0d4d49cfe5c74f8d9f7f5cfe8aa2963b170eb08a2e7c26e869dac,250,250
1034,George_W_Bush,test,George_W_Bush_0257.jpg,data/evaluation/test/George_W_Bush/George_W_Bush_0257.jpg,43a86d06f061978e4ff0188c9d2ad24a5f12369343fca745e8e3bfc860f359b8,250,250
1035,George_W_Bush,test,George_W_Bush_0140.jpg,data/evaluation/test/George_W_Bush/George_W_Bush_0140.jpg,7f930c3a4fb2895c16ecfbda4ec4d6e8d20b060bfacb87de709b0678a517cf74,250,250
1036,George_W_Bush,test,George_W_Bush_0207.jpg,data/evaluation/test/George_W_Bush/George_W_Bush_0207.jpg,96ebfc443c8e8e7ad19ccdfbb1f2fce67497d40eb53f4b0ed6213c18336d4d4a,250,250
1037,George_W_Bush,test,George_W_Bush_0347.jpg,data/evaluation/test/George_W_Bush/George_W_Bush_0347.jpg,2dc561c6265ee5030e4a8e9bf66adbb9f9189e8671cb9b52d69ad12bafe37eac,250,250
1038,George_W_Bush,test,George_W_Bush_0240.jpg,data/evaluation/test/George_W_Bush/George_W_Bush_0240.jpg,d418ce31c83f668f06a781cd3681d7a1ca87d76ef34b691a22661a5c6ed993d6,250,250
1039,George_W_Bush,test,George_W_Bush_0064.jpg,data/evaluation/test/George_W_Bush/George_W_Bush_0064.jpg,2dcd7435fc555568ac3dc77607a505b899425a240055bc38826d913e26c7c5fd,250,250
1040,George_W_Bush,test,George_W_Bush_0225.jpg,data/evaluation/test/George_W_Bush/George_W_Bush_0225.jpg,def92e9c2af166bd023a3f712922871b212b9fe5d819989e3bc8cdc7fadc789a,250,250
1041,George_W_Bush,test,George_W_Bush_0310.jpg,data/evaluation/test/George_W_Bush/George_W_Bush_0310.jpg,a6e361ea9eda8b95d4975bd6803829e43d21510c2b09ecf4fa935c79506b99cb,250,250
1042,George_W_Bush,test,George_W_Bush_0158.jpg,data/evaluation/test/George_W_Bush/George_W_Bush_0158.jpg,ee9319871dda2ceb6db8e12dcb11b392318eee10430281c6ea85095089b4e855,250,250
1043,George_W_Bush,test,George_W_Bush_0085.jpg,data/evaluation/test/George_W_Bush/George_W_Bush_0085.jpg,4b87455639590a8f1550bbadc48cb44bbdddd51e469860086f6e23041944eafe,250,250
1044,George_W_Bush,test,George_W_Bush_0372.jpg,data/evaluation/test/George_W_Bush/George_W_Bush_0372.jpg,ee797246c30b01ba93dda0b8f4ae7a469f8dc242e276143b6550107e8a8a59ba,250,250
1045,George_W_Bush,test,George_W_Bush_0332.jpg,data/evaluation/test/George_W_Bush/George_W_Bush_0332.jpg,fbf292b491aa647c670e8dc64224d9a9c97a366a21de9d230927e0ccd27d8ef3,250,250
1046,George_W_Bush,test,George_W_Bush_0073.jpg,data/evaluation/test/George_W_Bush/George_W_Bush_0073.jpg,d89a7f12f1ef841422b061cd9e919f82c7d91d41d2db8340f135b9d08d289fa0,250,250
1047,George_W_Bush,test,George_W_Bush_0137.jpg,data/evaluation/test/George_W_Bush/George_W_Bush_0137.jpg,a198d4a8794d2f133fe4a6e6d5284afc352b1e8019dad250fb40fc231300b4d8,250,250
1048,George_W_Bush,test,George_W_Bush_0349.jpg,data/evaluation/test/George_W_Bush/George_W_Bush_0349.jpg,d36f97d8946b7ab62573c1bd6a3a3650442f415d2949d1bba51b80e574fdf8d5,250,250
1049,George_W_Bush,test,George_W_Bush_0338.jpg,data/evaluation/test/George_W_Bush/George_W_Bush_0338.jpg,f886278fe657632d5b46cba0f97764f436de0d52304977d2b245c22674bb233d,250,250
1050,George_W_Bush,test,George_W_Bush_0279.jpg,data/evaluation/test/George_W_Bush/George_W_Bush_0279.jpg,0a822142d01c42c07d575817bf24758a7ae00301c75a8795e5700144d6a3881b,250,250
1051,George_W_Bush,test,George_W_Bush_0374.jpg,data/evaluation/test/George_W_Bush/George_W_Bush_0374.jpg,9b399dd0636ff3c8d5eb0ccf4ad3cd21193db330bc65c8c88c2e0b1b6b8c81a6,250,250
1052,George_W_Bush,test,George_W_Bush_0422.jpg,data/evaluation/test/George_W_Bush/George_W_Bush_0422.jpg,f206cd9c83396c12c7ec782bec6dba3796c8837fd514a704a2a73672b98fcc24,250,250
1053,George_W_Bush,test,George_W_Bush_0102.jpg,data/evaluation/test/George_W_Bush/George_W_Bush_0102.jpg,6abc2cfdd636e46b21c9dc0ae0c78c9d42e0df32d366fbc6c2d56e0e133835b0,250,250
1054,George_W_Bush,test,George_W_Bush_0352.jpg,data/evaluation/test/George_W_Bush/George_W_Bush_0352.jpg,9731e555ae28af48d0c4252299aa3a9cb02a9d97ce0d971050ff6f0edd42f051,250,250
1055,George_W_Bush,test,George_W_Bush_0120.jpg,data/evaluation/test/George_W_Bush/George_W_Bush_0120.jpg,fcae12fee03d4cc1dae93860687db1cb630c23f8d74376e7f437748802b18846,250,250
1056,George_W_Bush,test,George_W_Bush_0037.jpg,data/evaluation/test/George_W_Bush/George_W_Bush_0037.jpg,e1f9f87dcfacaa1c8685cb8f1b0c65e5d9869f40db2e054b069c18f33196fda7,250,250
1057,George_W_Bush,test,George_W_Bush_0416.jpg,data/evaluation/test/George_W_Bush/George_W_Bush_0416.jpg,e4bcc975bdb3e0a2c3257ef5924532e3c8d799017b49221503b36ad0eb9ddde4,250,250
1058,George_W_Bush,test,George_W_Bush_0404.jpg,data/evaluation/test/George_W_Bush/George_W_Bush_0404.jpg,da2b6a74e3c0a4feae9f15282cea8c8afc3d9349ecbce017b5c0c04a02fe2061,250,250
1059,George_W_Bush,test,George_W_Bush_0148.jpg,data/evaluation/test/George_W_Bush/George_W_Bush_0148.jpg,9141d4e778c3e456f33d8798db614016b0f6ff8e553e06e886581b3c6a20e641,250,250
1060,George_W_Bush,test,George_W_Bush_0412.jpg,data/evaluation/test/George_W_Bush/George_W_Bush_0412.jpg,213c2c4615e784531fce701148559bdd28be7e8169177ebe5f2b84755d6264dc,250,250
1061,George_W_Bush,test,George_W_Bush_0017.jpg,data/evaluation/test/George_W_Bush/George_W_Bush_0017.jpg,447ddbdf1baaae77bfdae67e06f1536f6a8b9a213de7a7eb8c2e185e9490f62b,250,250
1062,George_W_Bush,test,George_W_Bush_0493.jpg,data/evaluation/test/George_W_Bush/George_W_Bush_0493.jpg,cd89f289fb70a221b04ea3c5968a1d01e2fc4c01ba156e1e2e5ace3f3a9ab923,250,250
1063,George_W_Bush,test,George_W_Bush_0366.jpg,data/evaluation/test/George_W_Bush/George_W_Bush_0366.jpg,625b044970ff1960c06b96d183eb25adfa1506529041d4fa2cbd2b89fa1f5865,250,250
1064,George_W_Bush,test,George_W_Bush_0305.jpg,data/evaluation/test/George_W_Bush/George_W_Bush_0305.jpg,62df1238aa5439341162be73d2479dc869a724e4c6dfb44e9a115ba3ac4947ad,250,250
1065,George_W_Bush,test,George_W_Bush_0335.jpg,data/evaluation/test/George_W_Bush/George_W_Bush_0335.jpg,9b643c13ebc6577120d792d6d3eadc137ff4b2ccec88cfbd4203c67a80b7d36e,250,250
1066,George_W_Bush,test,George_W_Bush_0210.jpg,data/evaluation/test/George_W_Bush/George_W_Bush_0210.jpg,ef88a8035a602d427ffafc7ffeab60d9cf8a90f552958d3a938d97194a9ec88e,250,250
1067,George_W_Bush,test,George_W_Bush_0002.jpg,data/evaluation/test/George_W_Bush/George_W_Bush_0002.jpg,7addb2046daea612f7c90cf697f0e8b24b1125255c85ae9fe27eaadbed7a68c5,250,250
1068,George_W_Bush,test,George_W_Bush_0319.jpg,data/evaluation/test/George_W_Bush/George_W_Bush_0319.jpg,5ef0a923db673c847d676a8be5eec6d7af4217189f3bef1accfabc069c5fd0af,250,250
1069,George_W_Bush,test,George_W_Bush_0039.jpg,data/evaluation/test/George_W_Bush/George_W_Bush_0039.jpg,35ba512628352f1700b71226feb6bdda966636134bc3ffbe6abf84c2dc8d894a,250,250
1070,George_W_Bush,test,George_W_Bush_0283.jpg,data/evaluation/test/George_W_Bush/George_W_Bush_0283.jpg,feef4f393cdfdeca479200cf44c7512ce7a234502aebdcdbb59ab7a9a0f3fb38,250,250
1071,George_W_Bush,test,George_W_Bush_0089.jpg,data/evaluation/test/George_W_Bush/George_W_Bush_0089.jpg,2b255a10921cbc140967b077c0ae485c4ac98d5651cd837a3523a3dfb9ad063a,250,250
1072,George_W_Bush,test,George_W_Bush_0123.jpg,data/evaluation/test/George_W_Bush/George_W_Bush_0123.jpg,74e698448fdcdf36242b0276a17ba7604472e264adddc502d56fce1be3580f2c,250,250
1073,George_W_Bush,test,George_W_Bush_0081.jpg,data/evaluation/test/George_W_Bush/George_W_Bush_0081.jpg,59891392a2fe0e12b6021c411c9a0152950a48a68733b871e7baa0f5be404fec,250,250
1074,George_W_Bush,test,George_W_Bush_0042.jpg,data/evaluation/test/George_W_Bush/George_W_Bush_0042.jpg,81164fc57a88648c5c7dd739a553f1580bd3f0ac2f4d2e36b11bc2ea7c44c7dd,250,250
1075,George_W_Bush,test,George_W_Bush_0136.jpg,data/evaluation/test/George_W_Bush/George_W_Bush_0136.jpg,e8e9c8b351345292cc91ee73583b83725182d0223b4ee5868128081d4c0fa34e,250,250
1076,George_W_Bush,test,George_W_Bush_0467.jpg,data/evaluation/test/George_W_Bush/George_W_Bush_0467.jpg,2a519993df73370107646028fd24485ffc6886d57e4bd2f8fd48f036b02c92c6,250,250
1077,George_W_Bush,test,George_W_Bush_0321.jpg,data/evaluation/test/George_W_Bush/George_W_Bush_0321.jpg,28c24e46cf37a88ac6782ed0065e6bcecce922b56a3ffa88c6015c9fa17dc014,250,250
1078,George_W_Bush,test,George_W_Bush_0107.jpg,data/evaluation/test/George_W_Bush/George_W_Bush_0107.jpg,fa8dd89c3556995a252a443e07b392e0403d47c1d1521a2133ae10f7e939a5aa,250,250
1079,George_W_Bush,test,George_W_Bush_0051.jpg,data/evaluation/test/George_W_Bush/George_W_Bush_0051.jpg,1b88a6fcc1032e236bd6891ee410897d66b597b0b00a46f8a5f660f63fc1b950,250,250
1080,George_W_Bush,test,George_W_Bush_0477.jpg,data/evaluation/test/George_W_Bush/George_W_Bush_0477.jpg,c39ad13bab0a0fd3cd964ea46f0df23e4d275c47e542b49f297128b915ed16f4,250,250
1081,George_W_Bush,test,George_W_Bush_0031.jpg,data/evaluation/test/George_W_Bush/George_W_Bush_0031.jpg,4d4fd6537ac85ae627a426a7d67498ba40987f0e4b38c996086061766fc10d18,250,250
1082,George_W_Bush,test,George_W_Bush_0318.jpg,data/evaluation/test/George_W_Bush/George_W_Bush_0318.jpg,15cee12f14388af319acfd564792966083e35a3885fa827c204899ebf6d811ad,250,250
1083,George_W_Bush,test,George_W_Bush_0478.jpg,data/evaluation/test/George_W_Bush/George_W_Bush_0478.jpg,57679dd2041fda31e390ba84b4eba5c08121d37fe10be6fe4887f658f5fd71d0,250,250
1084,George_W_Bush,test,George_W_Bush_0501.jpg,data/evaluation/test/George_W_Bush/George_W_Bush_0501.jpg,7f46c00540868fa6ddc1a10735ef8a1e2c2a0cd8cfaa6108a963eeb006a80e34,250,250
1085,George_W_Bush,test,George_W_Bush_0220.jpg,data/evaluation/test/George_W_Bush/George_W_Bush_0220.jpg,cc1f890625a9951c108d5bdc67938f955bb610a2502d61c5bb9df67088c07130,250,250
1086,George_W_Bush,test,George_W_Bush_0395.jpg,data/evaluation/test/George_W_Bush/George_W_Bush_0395.jpg,530fd44f575c94c2fa0242bca693aef20bc2b8b1418169e92c905522fec9d353,250,250
1087,George_W_Bush,test,George_W_Bush_0153.jpg,data/evaluation/test/George_W_Bush/George_W_Bush_0153.jpg,a4790f93daa20cecac0b341b240ce8176cd8de7497a5fcd1e120e96b4f0ade33,250,250
1088,George_W_Bush,test,George_W_Bush_0227.jpg,data/evaluation/test/George_W_Bush/George_W_Bush_0227.jpg,313765e4d5f3ba3c2655c0b56a69e500815def5bb9f4287dad6861865aecdc3c,250,250
1089,George_W_Bush,test,George_W_Bush_0482.jpg,data/evaluation/test/George_W_Bush/George_W_Bush_0482.jpg,6860106e3d0d2402d740d38c40a1c68edd029dfe79a12b9a46f37e222d0c9a47,250,250
1090,George_W_Bush,test,George_W_Bush_0475.jpg,data/evaluation/test/George_W_Bush/George_W_Bush_0475.jpg,745b75b3feb247f47399aa3a0961ded89973db07041a5ec8ff0797f34acfaa9b,250,250
1091,George_W_Bush,test,George_W_Bush_0506.jpg,data/evaluation/test/George_W_Bush/George_W_Bush_0506.jpg,3e4031c9ffbbf428c3e8a924e0c0137ad9f83592971d053a0a23f9dad30f6931,250,250
1092,George_W_Bush,test,George_W_Bush_0116.jpg,data/evaluation/test/George_W_Bush/George_W_Bush_0116.jpg,f24c5b7349969d50f110f02efeef2f1601f014b9f93e28fb78d6443067434143,250,250
1093,George_W_Bush,test,George_W_Bush_0317.jpg,data/evaluation/test/George_W_Bush/George_W_Bush_0317.jpg,0932d3df7e27b33b76265287a191a4c0ca7a1354c9e7cb3c9cea189e05e39459,250,250
1094,George_W_Bush,test,George_W_Bush_0392.jpg,data/evaluation/test/George_W_Bush/George_W_Bush_0392.jpg,2e13cfebf8d039e5b0cc64c1bc6649f211a848bdb7f902776f72c4ffb0348283,250,250
1095,George_W_Bush,test,George_W_Bush_0311.jpg,data/evaluation/test/George_W_Bush/George_W_Bush_0311.jpg,7953fc2f2d962fae605cd0849ada32c8d68a1c244360dd3eb76c29a3e0548b86,250,250
1096,George_W_Bush,test,George_W_Bush_0214.jpg,data/evaluation/test/George_W_Bush/George_W_Bush_0214.jpg,53a4bb00b56bb3299ff0bc1439deca8791bf14332d9246ab1b326bd6f271cd2e,250,250
1097,George_W_Bush,test,George_W_Bush_0286.jpg,data/evaluation/test/George_W_Bush/George_W_Bush_0286.jpg,fa2967b96ab49ee2ee5b89cd1540fb94d84c736135f219b766f1ba97825faa18,250,250
1098,George_W_Bush,test,George_W_Bush_0061.jpg,data/evaluation/test/George_W_Bush/George_W_Bush_0061.jpg,8a04ba59944ffe3266e48c5320b559aaf93484f76be579f45a2f5732fd0dd142,250,250
1099,George_W_Bush,test,George_W_Bush_0128.jpg,data/evaluation/test/George_W_Bush/George_W_Bush_0128.jpg,715edd310f7b511e920f303e38e924bd2dc4e27cec8b64904264db42b5c5c129,250,250
1100,George_W_Bush,test,George_W_Bush_0483.jpg,data/evaluation/test/George_W_Bush/George_W_Bush_0483.jpg,6d721bc336e7e732d1185ffa06600e35071ed08aefc744ff487fe3b5b489786a,250,250
1101,George_W_Bush,test,George_W_Bush_0156.jpg,data/evaluation/test/George_W_Bush/George_W_Bush_0156.jpg,f8d66653f0911f60148e063c25f22a33e1bc8d730b0cdc3e218a04f59ac3c80d,250,250
1102,George_W_Bush,test,George_W_Bush_0289.jpg,data/evaluation/test/George_W_Bush/George_W_Bush_0289.jpg,6ee4d2837a5e0516a6fb2df3b76ca6f88c1b91affd55710489aae5925d569683,250,250
1103,George_W_Bush,test,George_W_Bush_0077.jpg,data/evaluation/test/George_W_Bush/George_W_Bush_0077.jpg,8507423be2f126b0d4b1147f87feec4979954be034bd4cc9aaff01b87cf10e0e,250,250
1104,George_W_Bush,test,George_W_Bush_0530.jpg,data/evaluation/test/George_W_Bush/George_W_Bush_0530.jpg,5930d3995e6b8b3c75a80ad26fb3a48e3ee1d93a813d06ffc8291310775a8c87,250,250
1105,George_W_Bush,test,George_W_Bush_0377.jpg,data/evaluation/test/George_W_Bush/George_W_Bush_0377.jpg,17b2524bfb01e9f077c986eb7a613f5fff23260b48beafc721d3a8bdbe42859c,250,250
1106,George_W_Bush,test,George_W_Bush_0323.jpg,data/evaluation/test/George_W_Bush/George_W_Bush_0323.jpg,f94da3d8213ef8a0c0fded037a1540d372f1ee1d5f37b06e110e228367af82b7,250,250
1107,George_W_Bush,test,George_W_Bush_0296.jpg,data/evaluation/test/George_W_Bush/George_W_Bush_0296.jpg,d146a8b85c85a9938aaf87fe34791037df97f583b2a59e6315ef1c061e28e93f,250,250
1108,George_W_Bush,test,George_W_Bush_0038.jpg,data/evaluation/test/George_W_Bush/George_W_Bush_0038.jpg,c8cdb593592f0239ab7445e9c53ca097d06f11153ae827281e55a05875e80308,250,250
1109,George_W_Bush,test,George_W_Bush_0396.jpg,data/evaluation/test/George_W_Bush/George_W_Bush_0396.jpg,d39ad0d78e14971f7a44b993b8e7f5cd1c43776a3657c311299faec8f6be4eb7,250,250
1110,George_W_Bush,test,George_W_Bush_0206.jpg,data/evaluation/test/George_W_Bush/George_W_Bush_0206.jpg,cae4486dcc7393ca52c3cc2a1489a402c67af47d457f9b335f1ac1176a2bddef,250,250
1111,George_W_Bush,test,George_W_Bush_0034.jpg,data/evaluation/test/George_W_Bush/George_W_Bush_0034.jpg,ace6cceee28cbc9d046b8eb61192fae32d9197b8dbaa0a0cd1217c80e329a6cd,250,250
1112,George_W_Bush,test,George_W_Bush_0059.jpg,data/evaluation/test/George_W_Bush/George_W_Bush_0059.jpg,b4d2c74474d9d7e436fbb94be12a517581b03c29783fe16c62a8ae742b3697a2,250,250
1113,George_W_Bush,test,George_W_Bush_0245.jpg,data/evaluation/test/George_W_Bush/George_W_Bush_0245.jpg,ee49e0a7c39b0eb828fdad2424de2f0c5bb8223cc4bfa3d9edabeae9a990f690,250,250
1114,George_W_Bush,test,George_W_Bush_0130.jpg,data/evaluation/test/George_W_Bush/George_W_Bush_0130.jpg,6828cb8a045963ca42693986cb4073b15000e77bf16b8983764dcbb3bb5c13d0,250,250
1115,George_W_Bush,test,George_W_Bush_0027.jpg,data/evaluation/test/George_W_Bush/George_W_Bush_0027.jpg,b5e169ac69690f257dd8d3dd7cc75d1819e412e586ecaa27157577817d1684bc,250,250
1116,George_W_Bush,test,George_W_Bush_0402.jpg,data/evaluation/test/George_W_Bush/George_W_Bush_0402.jpg,0864b8240d1e89e102444d27dd46237858595ec6b54b5efa6d7de7cc2df98179,250,250
1117,George_W_Bush,test,George_W_Bush_0463.jpg,data/evaluation/test/George_W_Bush/George_W_Bush_0463.jpg,0ec10c8e8d9ec04121ceab95bc0dba0e050493d0482ae9eadf5b259b24eabc7a,250,250
1118,George_W_Bush,test,George_W_Bush_0226.jpg,data/evaluation/test/George_W_Bush/George_W_Bush_0226.jpg,ccccfece1157d9b44caad6926f5fa923269471be3bc32be820cd41d22f3c0039,250,250
1119,George_W_Bush,test,George_W_Bush_0246.jpg,data/evaluation/test/George_W_Bush/George_W_Bush_0246.jpg,dd282a0bb9f69ac90a9fd561b4d5ca454d3a1aac22704d7bd5e5d9fbf79839df,250,250
1120,George_W_Bush,test,George_W_Bush_0241.jpg,data/evaluation/test/George_W_Bush/George_W_Bush_0241.jpg,aa3fcbeb25f49d743ba1f53a2dd1ddb07154eef26badfe84ab7b728cc4fefecd,250,250
1121,George_W_Bush,test,George_W_Bush_0146.jpg,data/evaluation/test/George_W_Bush/George_W_Bush_0146.jpg,06e7df9476097becaf1702cdbc7d23be0683f19360fe9d37b3d93b4876fdc3ed,250,250
1122,George_W_Bush,test,George_W_Bush_0294.jpg,data/evaluation/test/George_W_Bush/George_W_Bush_0294.jpg,bb380f36eda65058ca2c343b80b0e51c91be16920aef110c1077618b9b4839a8,250,250
1123,George_W_Bush,test,George_W_Bush_0007.jpg,data/evaluation/test/George_W_Bush/George_W_Bush_0007.jpg,72b9904179a1591e58c2fc62d7a16121d202d0d7dcf953c6fe7cf77446b1017d,250,250
1124,George_W_Bush,test,George_W_Bush_0053.jpg,data/evaluation/test/George_W_Bush/George_W_Bush_0053.jpg,b64e569258a8538dbde00034b200a53b265c2fb70b17fbbfcfabeadf99fcf2d9,250,250
1125,George_W_Bush,test,George_W_Bush_0440.jpg,data/evaluation/test/George_W_Bush/George_W_Bush_0440.jpg,13083f127f5c0dca594e39b3c54bc08c3140e542cf2cdd4d13d278cd18c1354c,250,250
1126,George_W_Bush,test,George_W_Bush_0327.jpg,data/evaluation/test/George_W_Bush/George_W_Bush_0327.jpg,13763793201aa51bceef53541f4714dca006039a26768fd44597f373d69cd6a4,250,250
1127,George_W_Bush,test,George_W_Bush_0522.jpg,data/evaluation/test/George_W_Bush/George_W_Bush_0522.jpg,f9bc9c4140b294016d7fd5673336d94bcba4e8494d9c5b8ea0094b299d62df97,250,250
1128,George_W_Bush,test,George_W_Bush_0358.jpg,data/evaluation/test/George_W_Bush/George_W_Bush_0358.jpg,f62475fd057aafa6fb2a47e8446b8244f0a5707d4093e39ecb5826cafc49ff69,250,250
1129,George_W_Bush,test,George_W_Bush_0150.jpg,data/evaluation/test/George_W_Bush/George_W_Bush_0150.jpg,719b64b98acd6bcd3ae50edb5f3d2a28aa04e4b87fe0fc9f0be5e791ce53e64e,250,250
1130,George_W_Bush,test,George_W_Bush_0425.jpg,data/evaluation/test/George_W_Bush/George_W_Bush_0425.jpg,0be75547c60827f00e9f06b5d5b06e32943656271f4357d72cd7c61f6e75037a,250,250
1131,George_W_Bush,test,George_W_Bush_0028.jpg,data/evaluation/test/George_W_Bush/George_W_Bush_0028.jpg,3428dcfa5663a0c012b17b26c1dc07d2e579e5f5c69b022f49e781ae1f6b2b6f,250,250
1132,George_W_Bush,test,George_W_Bush_0024.jpg,data/evaluation/test/George_W_Bush/George_W_Bush_0024.jpg,e4c6396d73df9f0dbd68f422b76b05daa3c1e04b745f8980d978e5fdf1c363dc,250,250
1133,George_W_Bush,test,George_W_Bush_0141.jpg,data/evaluation/test/George_W_Bush/George_W_Bush_0141.jpg,5fef2c70f80118ffe50366ffa758a38dc093e04501a83780b6c83bc7df74b29e,250,250
1134,George_W_Bush,test,George_W_Bush_0065.jpg,data/evaluation/test/George_W_Bush/George_W_Bush_0065.jpg,66b1332dc08345183a3c5ff26ef2037afda91c3dde09dd26a5ab710eb15c4842,250,250
1135,George_W_Bush,test,George_W_Bush_0274.jpg,data/evaluation/test/George_W_Bush/George_W_Bush_0274.jpg,c07afffda07d143b3835652174607b7844ed1cea2b12f06719e47c38697bb948,250,250
1136,George_W_Bush,test,George_W_Bush_0511.jpg,data/evaluation/test/George_W_Bush/George_W_Bush_0511.jpg,b8dd3ab832f9c5d3ef1c7dfbf963365fc22b2d343e9718ea8d604c85b28c0d50,250,250
1137,George_W_Bush,test,George_W_Bush_0008.jpg,data/evaluation/test/George_W_Bush/George_W_Bush_0008.jpg,6fa2c9495369c69d9c8446d4af05cff268051559c2d2fb631459f4eb37da52cf,250,250
1138,George_W_Bush,test,George_W_Bush_0155.jpg,data/evaluation/test/George_W_Bush/George_W_Bush_0155.jpg,280ff31d58c20174002c0b6f24d5d23a61013273c15650f38dca79645f35547c,250,250
1139,George_W_Bush,test,George_W_Bush_0092.jpg,data/evaluation/test/George_W_Bush/George_W_Bush_0092.jpg,4a8fc30d6e145fdd5e7160984619b8d6512c2cc24e68d857a3c4e4b244f034b4,250,250
1140,George_W_Bush,test,George_W_Bush_0185.jpg,data/evaluation/test/George_W_Bush/George_W_Bush_0185.jpg,4126f148f6b02b7db223a368280c6ddd5163abfd5b53afea23eefd64f7c9ef0f,250,250
1141,George_W_Bush,test,George_W_Bush_0117.jpg,data/evaluation/test/George_W_Bush/George_W_Bush_0117.jpg,fc16fcdd70b621ecfbeecaf394e90316c9a70993f67d625418beca1199244349,250,250
1142,George_W_Bush,test,George_W_Bush_0152.jpg,data/evaluation/test/George_W_Bush/George_W_Bush_0152.jpg,b1eb515d9f705ad4488dcfaccbcd793b9b828467df0e3b301eeb70ced583832a,250,250
1143,George_W_Bush,test,George_W_Bush_0100.jpg,data/evaluation/test/George_W_Bush/George_W_Bush_0100.jpg,f838295555c786a0450b4efdf4e4a34672306c653b3014cf6c6ef8b401ece392,250,250
1144,George_W_Bush,test,George_W_Bush_0052.jpg,data/evaluation/test/George_W_Bush/George_W_Bush_0052.jpg,f731ee537cfeb2207185ca7dc2e7ec2339249caed678b9eade9a49d57f80cc45,250,250
1145,George_W_Bush,test,George_W_Bush_0145.jpg,data/evaluation/test/George_W_Bush/George_W_Bush_0145.jpg,2845ed6ba09fad8121c0809c4c016ee11302356be4afe6b34d4124213eaab39e,250,250
1146,George_W_Bush,test,George_W_Bush_0460.jpg,data/evaluation/test/George_W_Bush/George_W_Bush_0460.jpg,4134bbb4be011aaceb29fed68bd710ab57ec79b35b5d37364bae85c3156f6b24,250,250
1147,George_W_Bush,test,George_W_Bush_0269.jpg,data/evaluation/test/George_W_Bush/George_W_Bush_0269.jpg,23ac5c4f5d2c090b3bb267de20b08823aded4c20b72e3b118914c2553db39f73,250,250
1148,George_W_Bush,test,George_W_Bush_0390.jpg,data/evaluation/test/George_W_Bush/George_W_Bush_0390.jpg,e98ab01d502b958f93f20872db27faa3c907ed690642d8b8c67a2bce78221353,250,250
1149,George_W_Bush,test,George_W_Bush_0302.jpg,data/evaluation/test/George_W_Bush/George_W_Bush_0302.jpg,4636229c23d436a594cdcd8176ee20830bad781d8b6956cf5e34e65113689321,250,250
1150,George_W_Bush,test,George_W_Bush_0513.jpg,data/evaluation/test/George_W_Bush/George_W_Bush_0513.jpg,a38580c5cb89991e1371f46c1fdeb20a532fdb74122d8a6e9a945b8374e249e5,250,250
1151,George_W_Bush,test,George_W_Bush_0457.jpg,data/evaluation/test/George_W_Bush/George_W_Bush_0457.jpg,6fc816378e5b2cf78ddd3579345ef72fc0e75403237c033299cd5a8d779344dc,250,250
1152,George_W_Bush,test,George_W_Bush_0497.jpg,data/evaluation/test/George_W_Bush/George_W_Bush_0497.jpg,3e10ad2de70155b1331cdea482c7c96d6153eb68e4152b34884e0e39521235f5,250,250
1153,George_W_Bush,test,George_W_Bush_0379.jpg,data/evaluation/test/George_W_Bush/George_W_Bush_0379.jpg,829889c2d8304ff6804ad353b56a69cb2dfbca1be208713c69ba6719cab78f44,250,250
1154,George_W_Bush,test,George_W_Bush_0111.jpg,data/evaluation/test/George_W_Bush/George_W_Bush_0111.jpg,6244381c0e76aeee9e6a2e43c20bdf4fe0d4620fe9bec14931c6d25cdaf9592a,250,250
1155,George_W_Bush,test,George_W_Bush_0465.jpg,data/evaluation/test/George_W_Bush/George_W_Bush_0465.jpg,42b18cfefdc0b0fbbe86a51d56f450e6f4f6df1cbcbe241cdaf1476975333d87,250,250
1156,George_W_Bush,test,George_W_Bush_0095.jpg,data/evaluation/test/George_W_Bush/George_W_Bush_0095.jpg,631a81594070b4253a47e16fc1cbc0a4bb4194a1de89dd47ef5cbac6648f5c66,250,250
1157,George_W_Bush,test,George_W_Bush_0514.jpg,data/evaluation/test/George_W_Bush/George_W_Bush_0514.jpg,6aec19c6c332eac3e6cfac4899f57c081916d3b1fbfcaf27d7486247e3987447,250,250
1158,George_W_Bush,test,George_W_Bush_0391.jpg,data/evaluation/test/George_W_Bush/George_W_Bush_0391.jpg,8ed72607c949a32731568acee286a5f2deccf065dccb9b6e094b671bcbdd0f29,250,250
1159,George_W_Bush,test,George_W_Bush_0275.jpg,data/evaluation/test/George_W_Bush/George_W_Bush_0275.jpg,df4e3f4dc4e44fa3b6a38ff93a4a2a575b458b27ec5d8608133bf9bf8351f70e,250,250
1160,George_W_Bush,test,George_W_Bush_0381.jpg,data/evaluation/test/George_W_Bush/George_W_Bush_0381.jpg,12e8695ec89ef04d67f729f61359c9353c6ce6c62beb77934ee3c6f6204d8356,250,250
1161,George_W_Bush,test,George_W_Bush_0411.jpg,data/evaluation/test/George_W_Bush/George_W_Bush_0411.jpg,d54827b2af7ac1b404d8a0661dfd0bae34641be14010b84d5270e58e0d93d66d,250,250
1162,George_W_Bush,test,George_W_Bush_0162.jpg,data/evaluation/test/George_W_Bush/George_W_Bush_0162.jpg,995d5d2fe4dbf642682f901da2cfc029109fc5f01e55256b65c3fa9d06bf650e,250,250
1163,George_W_Bush,test,George_W_Bush_0099.jpg,data/evaluation/test/George_W_Bush/George_W_Bush_0099.jpg,6b7f571ec6ea64039a2ce63f3b86dcde48b74afaaaa1e7838b74ae2f3cbbb937,250,250
1164,George_W_Bush,test,George_W_Bush_0370.jpg,data/evaluation/test/George_W_Bush/George_W_Bush_0370.jpg,5adca65c87ed9d0bc4d4be36e81f58c9d7eff0dd9098bc09c9611b463c2505ba,250,250
1165,George_W_Bush,test,George_W_Bush_0062.jpg,data/evaluation/test/George_W_Bush/George_W_Bush_0062.jpg,2205f3933c0ff04d3009bfab33e8b4cbea6ff888ff1c9177c146941adec39c5e,250,250
1166,George_W_Bush,test,George_W_Bush_0119.jpg,data/evaluation/test/George_W_Bush/George_W_Bush_0119.jpg,8e12dfd0856a059bbc63f7908e85a9a94030c5a71da8dff2e9e22c746267f612,250,250
1167,George_W_Bush,test,George_W_Bush_0129.jpg,data/evaluation/test/George_W_Bush/George_W_Bush_0129.jpg,0c39fefc46d273c77554d041d6a5958855b967f8c71bfc30c8086e78d2f48e0b,250,250
1168,George_W_Bush,test,George_W_Bush_0430.jpg,data/evaluation/test/George_W_Bush/George_W_Bush_0430.jpg,31cf72e80c5f6ae8c4a88c8de958babd02bbf7b963d6fe123c1efa9f6be736c6,250,250
1169,George_W_Bush,test,George_W_Bush_0503.jpg,data/evaluation/test/George_W_Bush/George_W_Bush_0503.jpg,233e13a0d9455c945e8a664cf4a804d480247329780706bdb2849404aa3e3b1e,250,250
1170,George_W_Bush,test,George_W_Bush_0233.jpg,data/evaluation/test/George_W_Bush/George_W_Bush_0233.jpg,e7a6fb52b57e15bc74a93fbc173112286ca048c7573c70567f2c459d0b02b57d,250,250
1171,George_W_Bush,test,George_W_Bush_0459.jpg,data/evaluation/test/George_W_Bush/George_W_Bush_0459.jpg,951a6ba66822ef04e7d3188fb0a6bc2eeaed3caddc7bf652e89683b488a33781,250,250
1172,George_W_Bush,test,George_W_Bush_0181.jpg,data/evaluation/test/George_W_Bush/George_W_Bush_0181.jpg,62042a28c651112b25052b13ae1f848ff25051328886d5b87618ee410dada041,250,250
1173,George_W_Bush,test,George_W_Bush_0170.jpg,data/evaluation/test/George_W_Bush/George_W_Bush_0170.jpg,72ea014ab9327f5c029c8a55f3bbce3d2261d2643922918244030003d2d8ec56,250,250
1174,George_W_Bush,test,George_W_Bush_0282.jpg,data/evaluation/test/George_W_Bush/George_W_Bush_0282.jpg,7d88b865490c5e742b203589c0d8c982fdda5cfdc57cd02996ecfcbe41c0806f,250,250
1175,George_W_Bush,test,George_W_Bush_0382.jpg,data/evaluation/test/George_W_Bush/George_W_Bush_0382.jpg,7e13ba04e8eeb9d7c5c8216051c80e46a5a1350a12509e8aa5b53a4f7b0d43d0,250,250
1176,George_W_Bush,test,George_W_Bush_0218.jpg,data/evaluation/test/George_W_Bush/George_W_Bush_0218.jpg,4c37ab4950d9ab78ac1240ae7af953a20cc34fdd373eb2362a07ac85569d7bd3,250,250
1177,George_W_Bush,test,George_W_Bush_0177.jpg,data/evaluation/test/George_W_Bush/George_W_Bush_0177.jpg,c4a2c37be2c124fc7a6b76bf2f38a09e8828cbd35057169e0b0883de844eb58d,250,250
1178,George_W_Bush,test,George_W_Bush_0272.jpg,data/evaluation/test/George_W_Bush/George_W_Bush_0272.jpg,da84b419dd44b6f6b17a00875acf32a9b6761ce7c42a53d3d36164c3392bc19c,250,250
1179,George_W_Bush,test,George_W_Bush_0284.jpg,data/evaluation/test/George_W_Bush/George_W_Bush_0284.jpg,63022e805391a066f69394318eb8348f8ed04a6f09bb3c9b9e7d0d651ab2fffd,250,250
1180,George_W_Bush,test,George_W_Bush_0243.jpg,data/evaluation/test/George_W_Bush/George_W_Bush_0243.jpg,382c903fa35ea21fe46f9350fd4286cb01302870949eff3f7d960814dad3b433,250,250
1181,George_W_Bush,test,George_W_Bush_0189.jpg,data/evaluation/test/George_W_Bush/George_W_Bush_0189.jpg,af8ad411afbfde700aa4787fb9629a94b75ab1bc2d415de709e2d59ae5b307c3,250,250
1182,George_W_Bush,test,George_W_Bush_0298.jpg,data/evaluation/test/George_W_Bush/George_W_Bush_0298.jpg,76376a4ca43869cf3d7bce7cbc049c4f4864f71a268d3bf5af2492f202d7e175,250,250
1183,George_W_Bush,test,George_W_Bush_0340.jpg,data/evaluation/test/George_W_Bush/George_W_Bush_0340.jpg,85c2ea73093115a323f9d593e2db22f00582a521fa420b0c039a2b4c867e2664,250,250
1184,George_W_Bush,test,George_W_Bush_0157.jpg,data/evaluation/test/George_W_Bush/George_W_Bush_0157.jpg,626a47ef520fefb37ed07c44be125ea1644d797e078950171354c88892210b54,250,250
1185,George_W_Bush,test,George_W_Bush_0481.jpg,data/evaluation/test/George_W_Bush/George_W_Bush_0481.jpg,d75973754c2cff29d3f5deb0fda7854b9be64149839d389368c175a7e9f71c70,250,250
1186,George_W_Bush,test,George_W_Bush_0355.jpg,data/evaluation/test/George_W_Bush/George_W_Bush_0355.jpg,691d8e511c511a804e3d33574883506dde9024db987123a5e497336c4105af26,250,250
1187,George_W_Bush,test,George_W_Bush_0208.jpg,data/evaluation/test/George_W_Bush/George_W_Bush_0208.jpg,a1ba0c75e3e30761efb383ab5a296ba30bf70c2b04e8facfb9d3cf638a062e92,250,250
1188,George_W_Bush,test,George_W_Bush_0114.jpg,data/evaluation/test/George_W_Bush/George_W_Bush_0114.jpg,4b1d91175ea8a1ff7a7dcbac7a9008ee8dfdd4c63434b7d77915377b57ffd0a9,250,250
1189,George_W_Bush,test,George_W_Bush_0151.jpg,data/evaluation/test/George_W_Bush/George_W_Bush_0151.jpg,35b58297d11a9f751e6ab0ff645183f7c944f3b4e1d3d1e7289fb6bee8ae40b7,250,250
1190,George_W_Bush,test,George_W_Bush_0048.jpg,data/evaluation/test/George_W_Bush/George_W_Bush_0048.jpg,592effc70d677d572c2cd0f16e78c87489f37a65838419d8aab0510d116f0a5d,250,250
1191,George_W_Bush,test,George_W_Bush_0009.jpg,data/evaluation/test/George_W_Bush/George_W_Bush_0009.jpg,124cfb51effd27162abf452f61b9c132fd2bd2b6d16d586eb8e0c39b711da37a,250,250
1192,George_W_Bush,test,George_W_Bush_0406.jpg,data/evaluation/test/George_W_Bush/George_W_Bush_0406.jpg,2a8baf1338b70160c4c4a8211fae596a21a63e15dddf4f43daeabae45809c0cf,250,250
1193,George_W_Bush,test,George_W_Bush_0230.jpg,data/evaluation/test/George_W_Bush/George_W_Bush_0230.jpg,f1e6b11f0f08e66518f1785ca644885f64131a7a854dfec959d715bed2080539,250,250
1194,George_W_Bush,test,George_W_Bush_0252.jpg,data/evaluation/test/George_W_Bush/George_W_Bush_0252.jpg,76bb1641e0f463d1fbdbe0ff2dc0355f03984afc13891c9731193e09d07d869d,250,250
1195,George_W_Bush,test,George_W_Bush_0365.jpg,data/evaluation/test/George_W_Bush/George_W_Bush_0365.jpg,8cfb200ba0b57b8ba7d24faa74ab11af1fd2d6f96f8b593f0c95b80da1426702,250,250
1196,George_W_Bush,test,George_W_Bush_0331.jpg,data/evaluation/test/George_W_Bush/George_W_Bush_0331.jpg,af58fcccf06802e26faaa2dfc95756aa9631dfd1e4c9959aecf4a2e63233625b,250,250
1197,George_W_Bush,test,George_W_Bush_0244.jpg,data/evaluation/test/George_W_Bush/George_W_Bush_0244.jpg,b89ddd44c56529bfa591be362c47485e146a465540fd8f2e0844eacda5b8a821,250,250
1198,George_W_Bush,test,George_W_Bush_0354.jpg,data/evaluation/test/George_W_Bush/George_W_Bush_0354.jpg,93d50a3884dd4f69d976b18501a5fce2d0e6eb715830ab6bf3e6bd346387e78e,250,250
1199,George_W_Bush,test,George_W_Bush_0458.jpg,data/evaluation/test/George_W_Bush/George_W_Bush_0458.jpg,96d97f59f185af2d71cabaa5f6b89f10f4d684295fd1185f3e47a3d2291c843f,250,250
1200,George_W_Bush,test,George_W_Bush_0389.jpg,data/evaluation/test/George_W_Bush/George_W_Bush_0389.jpg,6f9d6a05f959ea3ccca96a8945a6f6a88c819bc8e24299a594e96a6c3b2c4362,250,250
1201,George_W_Bush,test,George_W_Bush_0456.jpg,data/evaluation/test/George_W_Bush/George_W_Bush_0456.jpg,734f21aeaba2440f5ac37b1a6c9bac3555ea81644e8a3fa0ca36ff08f9fec9de,250,250
1202,George_W_Bush,test,George_W_Bush_0251.jpg,data/evaluation/test/George_W_Bush/George_W_Bush_0251.jpg,84aa762f0cf5455830c38186bed95ab9d86583332a83172fafa781d743282a4c,250,250
1203,George_W_Bush,test,George_W_Bush_0209.jpg,data/evaluation/test/George_W_Bush/George_W_Bush_0209.jpg,52d870cd1cbfc86e93ecf5016662f2814ff03452601a7fe0a4f603bf6aa1fbbc,250,250
1204,George_W_Bush,test,George_W_Bush_0369.jpg,data/evaluation/test/George_W_Bush/George_W_Bush_0369.jpg,8e65c8d44c1e93ef1bae9a9995a85f6338ccea68c986bf08ab072bbaada01cab,250,250
1205,George_W_Bush,test,George_W_Bush_0526.jpg,data/evaluation/test/George_W_Bush/George_W_Bush_0526.jpg,d84ed14f504c4045a12a88707e555968ec3261c4fca1536d00ed0f9ed6017d7b,250,250
1206,George_W_Bush,test,George_W_Bush_0044.jpg,data/evaluation/test/George_W_Bush/George_W_Bush_0044.jpg,03d8c699bfaa9bf9aced09c3262465d59a68aab5b5f563497be938d9ccee78c3,250,250
1207,George_W_Bush,test,George_W_Bush_0098.jpg,data/evaluation/test/George_W_Bush/George_W_Bush_0098.jpg,9c899aeb63c51e33182167f3111d68f1d865d7a3df706acd94e9973d1655f608,250,250
1208,George_W_Bush,test,George_W_Bush_0265.jpg,data/evaluation/test/George_W_Bush/George_W_Bush_0265.jpg,b0ab9dcdf854371d37b63b16ab8685a59faa3a406d16a352d17ca7d822070af2,250,250
1209,George_W_Bush,test,George_W_Bush_0006.jpg,data/evaluation/test/George_W_Bush/George_W_Bush_0006.jpg,9bb9fbc5ba97453710d43639dea029ecc544393315d4b84286b78acb24ea4df7,250,250
1210,George_W_Bush,test,George_W_Bush_0285.jpg,data/evaluation/test/George_W_Bush/George_W_Bush_0285.jpg,266cc0ff8ebc5980f5abae85adff6825b736bcc427db1e9af9de686ecf5c9382,250,250
1211,George_W_Bush,test,George_W_Bush_0142.jpg,data/evaluation/test/George_W_Bush/George_W_Bush_0142.jpg,7eaf85eba27d54b515036b7cc6952ff30345a45b3b65e9cf9f39170a55aac103,250,250
1212,George_W_Bush,test,George_W_Bush_0461.jpg,data/evaluation/test/George_W_Bush/George_W_Bush_0461.jpg,8762385b477ec738b93479ab926de79d8f5119f94bdb5d1d0700ec5fa02d1bef,250,250
1213,George_W_Bush,test,George_W_Bush_0360.jpg,data/evaluation/test/George_W_Bush/George_W_Bush_0360.jpg,c412970561733c37bdec1f347f6d595faddf7b86389998da780bbd7d5e98f55b,250,250
1214,George_W_Bush,test,George_W_Bush_0306.jpg,data/evaluation/test/George_W_Bush/George_W_Bush_0306.jpg,148da7fbd8686ff6d4b8cf02a74b2834cda1a9ba3988203e7ab42934842b0a02,250,250
1215,George_W_Bush,test,George_W_Bush_0451.jpg,data/evaluation/test/George_W_Bush/George_W_Bush_0451.jpg,cf4b3f8338ecb6b760731ad2ce516aba255e573c1cfc03628022101bab59e4b1,250,250
1216,George_W_Bush,test,George_W_Bush_0144.jpg,data/evaluation/test/George_W_Bush/George_W_Bush_0144.jpg,daf7553d2048ca74d590aecdc00fcba6fa3e0cd68246a1eaea3e31f63b717c36,250,250
1217,George_W_Bush,test,George_W_Bush_0175.jpg,data/evaluation/test/George_W_Bush/George_W_Bush_0175.jpg,3717dce5e18a4b97218b207f2b281d5c4f2f809467664daf6cc8dce1b7bf0bec,250,250
1218,George_W_Bush,test,George_W_Bush_0133.jpg,data/evaluation/test/George_W_Bush/George_W_Bush_0133.jpg,f46d90c31106bea7b4ac86f016811337d55f834fa9a2cdd42f81d5d741dd59f9,250,250
1219,George_W_Bush,test,George_W_Bush_0409.jpg,data/evaluation/test/George_W_Bush/George_W_Bush_0409.jpg,91a176564792aa9a762711ad2346f3112aa81230685df63d88eff9450f452eee,250,250
1220,George_W_Bush,test,George_W_Bush_0182.jpg,data/evaluation/test/George_W_Bush/George_W_Bush_0182.jpg,3f5de532656b2b2872aad8ef1f092a3fb9afa5028df0c3eaa877da4235025f5d,250,250
1221,George_W_Bush,test,George_W_Bush_0515.jpg,data/evaluation/test/George_W_Bush/George_W_Bush_0515.jpg,102d01fe08647c28cd5ba977db244225e24cce86071af74d12d049dd1affa9ec,250,250
1222,George_W_Bush,test,George_W_Bush_0250.jpg,data/evaluation/test/George_W_Bush/George_W_Bush_0250.jpg,4cca379930790217fa73b717cd0e96a309a98a19891e1318df87c35892af35e8,250,250
1223,George_W_Bush,test,George_W_Bush_0094.jpg,data/evaluation/test/George_W_Bush/George_W_Bush_0094.jpg,0966eb5876f7292e605c64b030ea2e55aaba4ef7a4408ed19e16d7d45049af97,250,250
1224,George_W_Bush,test,George_W_Bush_0167.jpg,data/evaluation/test/George_W_Bush/George_W_Bush_0167.jpg,e99d1856b40fd14330cc8d720c2a611de189b0e0f4e37c9378ed4304fb8f4599,250,250
1225,George_W_Bush,test,George_W_Bush_0436.jpg,data/evaluation/test/George_W_Bush/George_W_Bush_0436.jpg,058814e3f1c0015731a454f3b87788f5f280a9b738f818e26156aca4471667d8,250,250
1226,George_W_Bush,test,George_W_Bush_0254.jpg,data/evaluation/test/George_W_Bush/George_W_Bush_0254.jpg,0769029daa88587ee8d2083fe206a815c93ad976df974591da69ba1c3bd9a109,250,250
1227,George_W_Bush,test,George_W_Bush_0015.jpg,data/evaluation/test/George_W_Bush/George_W_Bush_0015.jpg,0c4fc4b62cddd2f14762577e066059238961223d42ee97d488e777e6568e5294,250,250
1228,George_W_Bush,test,George_W_Bush_0173.jpg,data/evaluation/test/George_W_Bush/George_W_Bush_0173.jpg,7034d77fc53c9fc19ec0ba81ab9e3a2bd143fcb9dd9fd7ed703bb51eec4cf2f6,250,250
1229,George_W_Bush,test,George_W_Bush_0195.jpg,data/evaluation/test/George_W_Bush/George_W_Bush_0195.jpg,1660aa3cd387a9576c58c1f73dfed86f6403ac296d883737d8829e89f6a24bb6,250,250
1230,George_W_Bush,test,George_W_Bush_0343.jpg,data/evaluation/test/George_W_Bush/George_W_Bush_0343.jpg,c5e0c909faa74765b417cb83f5d86c4a78b6088f6af3823ae164dc82501f14c5,250,250
1231,George_W_Bush,test,George_W_Bush_0313.jpg,data/evaluation/test/George_W_Bush/George_W_Bush_0313.jpg,5ae3c87f42960a1e788013ad90d25625c250eb768e15a0147e872911292c55fb,250,250
1232,George_W_Bush,test,George_W_Bush_0292.jpg,data/evaluation/test/George_W_Bush/George_W_Bush_0292.jpg,1bbc9e737c98e2e86428118dc800e819ef3a90a08507ec830121a89aa6ca24ed,250,250
1233,George_W_Bush,test,George_W_Bush_0238.jpg,data/evaluation/test/George_W_Bush/George_W_Bush_0238.jpg,7cc763c3f3e3b3c1d8dd5268ba556ab02c4f1772a0ee14759e5d5f66c365bf67,250,250
1234,George_W_Bush,test,George_W_Bush_0385.jpg,data/evaluation/test/George_W_Bush/George_W_Bush_0385.jpg,1916e3c454e208479eeba107ad1f19046216fbe0dc9a496a0c1cc7a6a927f15f,250,250
1235,George_W_Bush,test,George_W_Bush_0125.jpg,data/evaluation/test/George_W_Bush/George_W_Bush_0125.jpg,b2718c93d00755ea9475881bf0b1594a6c59afd9cb8bb1aa20ece0e24b85fe1c,250,250
1236,George_W_Bush,test,George_W_Bush_0231.jpg,data/evaluation/test/George_W_Bush/George_W_Bush_0231.jpg,613b1707481153eae637932d06c318e60d5f37f85082276c048c513160ddd316,250,250
1237,George_W_Bush,test,George_W_Bush_0452.jpg,data/evaluation/test/George_W_Bush/George_W_Bush_0452.jpg,779b28b0bb4c7b0119769dd6de13458b05ad22b74daf78cb46fbc6976f734571,250,250
1238,George_W_Bush,test,George_W_Bush_0143.jpg,data/evaluation/test/George_W_Bush/George_W_Bush_0143.jpg,ebda8ba1d5717c414211ae4c7f5fa5f5a20dda97640b0215c6fa6788821294e3,250,250
1239,George_W_Bush,test,George_W_Bush_0045.jpg,data/evaluation/test/George_W_Bush/George_W_Bush_0045.jpg,4c6b66666e1bc01a311e70e262b86c45c3b30590fb40c623de16b87506b00465,250,250
1240,George_W_Bush,test,George_W_Bush_0479.jpg,data/evaluation/test/George_W_Bush/George_W_Bush_0479.jpg,4733b9bb66a8d9c5321926621e11a088c51bbf08b18be4045c5e10ca818f038a,250,250
1241,George_W_Bush,test,George_W_Bush_0426.jpg,data/evaluation/test/George_W_Bush/George_W_Bush_0426.jpg,e47ebd2c6f36b93c59cf951152b287de34ea5d42d2079e88b6c2677ac5593773,250,250
1242,George_W_Bush,test,George_W_Bush_0126.jpg,data/evaluation/test/George_W_Bush/George_W_Bush_0126.jpg,4c5c87717993e6faa73bbc6b125e88169f43da6f9209ced43f9cced11059a132,250,250
1243,George_W_Bush,test,George_W_Bush_0437.jpg,data/evaluation/test/George_W_Bush/George_W_Bush_0437.jpg,436bb293c5df7b2f7074ac33e84ef4f199fd7f4fa6a43752a0bb7b66329770fc,250,250
1244,George_W_Bush,test,George_W_Bush_0166.jpg,data/evaluation/test/George_W_Bush/George_W_Bush_0166.jpg,f0eddc9c1284d0c5cf3e661aaf9273224c20c0cec26fe582c0fb8df9e7b3773d,250,250
1245,George_W_Bush,test,George_W_Bush_0138.jpg,data/evaluation/test/George_W_Bush/George_W_Bush_0138.jpg,15c83c833313a7c16ba7121ef7c25d5b6836ab15f945a7a4daafa5050a9cbf3f,250,250
1246,George_W_Bush,test,George_W_Bush_0304.jpg,data/evaluation/test/George_W_Bush/George_W_Bush_0304.jpg,93a909d964f9b2d66e9449a5da192ac7b474391e5137ca325fe61ee7646f1d22,250,250
1247,George_W_Bush,test,George_W_Bush_0375.jpg,data/evaluation/test/George_W_Bush/George_W_Bush_0375.jpg,7575ba979a378c24e74fc86c7ab6804637e23236ac25e46a56b51f9f281da508,250,250
1248,George_W_Bush,test,George_W_Bush_0423.jpg,data/evaluation/test/George_W_Bush/George_W_Bush_0423.jpg,ae44a3ac01bed263f7a7d873eaec73305cec0c9d2683cfafc27e9fc91d379275,250,250
1249,George_W_Bush,test,George_W_Bush_0224.jpg,data/evaluation/test/George_W_Bush/George_W_Bush_0224.jpg,43b3251da3a5b052f5bb2c365fdd80790f57e875f34a4a7d1678a2bceb8632ac,250,250
1250,George_W_Bush,test,George_W_Bush_0239.jpg,data/evaluation/test/George_W_Bush/George_W_Bush_0239.jpg,f1609a05095a9f740094aa0ae47bebfe6ecd63adb160177a110debceb2f714ae,250,250
1251,George_W_Bush,test,George_W_Bush_0248.jpg,data/evaluation/test/George_W_Bush/George_W_Bush_0248.jpg,2cdd82e7e96feb242a1c5c8fb06c339ea153ca57c9ed6337aabdc2bc24977c1d,250,250
1252,George_W_Bush,test,George_W_Bush_0397.jpg,data/evaluation/test/George_W_Bush/George_W_Bush_0397.jpg,255894d25b3a782e39551b13189e765dea0b6c30796ed6a39ccb262a123db6e3,250,250
1253,George_W_Bush,test,George_W_Bush_0276.jpg,data/evaluation/test/George_W_Bush/George_W_Bush_0276.jpg,29505c9eac171e0ed6db4e14cf2f861a45bbae06c4dc106ef74bce2a9accff75,250,250
1254,George_W_Bush,test,George_W_Bush_0512.jpg,data/evaluation/test/George_W_Bush/George_W_Bush_0512.jpg,4e40c3f9f2c17cf524ee53550dd2f516a1e47a8c5edf79213bc07ae7292e4c96,250,250
1255,George_W_Bush,test,George_W_Bush_0414.jpg,data/evaluation/test/George_W_Bush/George_W_Bush_0414.jpg,aace3006734f40689a0abfe855055582a837444c2330812e034145d40b79de7d,250,250
1256,George_W_Bush,test,George_W_Bush_0316.jpg,data/evaluation/test/George_W_Bush/George_W_Bush_0316.jpg,d06e473ec858d3709a7b39e1b5f24c9b310607bd9209bc4eb45dc3bb8929bb3f,250,250
1257,George_W_Bush,test,George_W_Bush_0139.jpg,data/evaluation/test/George_W_Bush/George_W_Bush_0139.jpg,fca8c9474e1ebc22229355e979bf67c54b604cd5020a6002bbff39bb17f2bce8,250,250
1258,George_W_Bush,test,George_W_Bush_0334.jpg,data/evaluation/test/George_W_Bush/George_W_Bush_0334.jpg,664e29a0d77d21065285061935a76bdf7ae3e4a5649f8bd6eab9988ed42f767d,250,250
1259,George_W_Bush,test,George_W_Bush_0495.jpg,data/evaluation/test/George_W_Bush/George_W_Bush_0495.jpg,39ec4958e738d4a39b1ba10a82e0a493dd52fc3fcf92519004935b2f0833ace6,250,250
1260,George_W_Bush,test,George_W_Bush_0268.jpg,data/evaluation/test/George_W_Bush/George_W_Bush_0268.jpg,3a4413e6a5ae382d9bd2fc5bfe99816701a7981afb69792a8450f344fd8d1f30,250,250
1261,George_W_Bush,test,George_W_Bush_0376.jpg,data/evaluation/test/George_W_Bush/George_W_Bush_0376.jpg,f00e496a14052c93b4aed8e5a4af8d55121c4bf16097812c7848d2a696df6dd4,250,250
1262,George_W_Bush,test,George_W_Bush_0091.jpg,data/evaluation/test/George_W_Bush/George_W_Bush_0091.jpg,f3e66de10067037495843fc9b2e2075bcd4adb28b0ad2f1057b535f330a59f16,250,250
1263,George_W_Bush,test,George_W_Bush_0223.jpg,data/evaluation/test/George_W_Bush/George_W_Bush_0223.jpg,55aff4ad055994c0cc07dfc345c73f8b3f3723228029272fc595cb51b845a5d1,250,250
1264,George_W_Bush,test,George_W_Bush_0079.jpg,data/evaluation/test/George_W_Bush/George_W_Bush_0079.jpg,78e55b92a54decdd15abc81d5fd2a3f6b3e47aa3e979a6e693974075a31ee11e,250,250
1265,George_W_Bush,test,George_W_Bush_0363.jpg,data/evaluation/test/George_W_Bush/George_W_Bush_0363.jpg,7f8395a347513999094c4db2821acfdae096a59533ab0ff31ac36979227f1266,250,250
1266,George_W_Bush,test,George_W_Bush_0471.jpg,data/evaluation/test/George_W_Bush/George_W_Bush_0471.jpg,babe2fc8a9a7dd6188d2c88a1356389dcf0a16948fe848ea53e8ff0a69b0db04,250,250
1267,George_W_Bush,test,George_W_Bush_0371.jpg,data/evaluation/test/George_W_Bush/George_W_Bush_0371.jpg,3ba3e2026d0d5c29e296d720c2c6ff291b51fbf989c5820906366d0a0d317ee4,250,250
1268,George_W_Bush,test,George_W_Bush_0444.jpg,data/evaluation/test/George_W_Bush/George_W_Bush_0444.jpg,0d813cbe2b6a4d2342bb26be70ea77245478d84b1edf9d0c2e04d354baa4f526,250,250
1269,George_W_Bush,test,George_W_Bush_0109.jpg,data/evaluation/test/George_W_Bush/George_W_Bush_0109.jpg,18a2825e4925407f635a3d912f2953d7901e41f85471017702b0121978fb50bc,250,250
1270,George_W_Bush,test,George_W_Bush_0502.jpg,data/evaluation/test/George_W_Bush/George_W_Bush_0502.jpg,83a111c713e93d03a0270d8c35c1959be0da385c3af67fd124377708cdbc0e82,250,250
1271,George_W_Bush,test,George_W_Bush_0431.jpg,data/evaluation/test/George_W_Bush/George_W_Bush_0431.jpg,05ca3888ecfc02ecdbb8e87467f745465fc989e693b69160d87d09b7dd0268b9,250,250
1272,George_W_Bush,test,George_W_Bush_0013.jpg,data/evaluation/test/George_W_Bush/George_W_Bush_0013.jpg,70d6401a7e8169ae329572748a36ea263338d4e99621ddc214959a07580b5725,250,250
1273,George_W_Bush,test,George_W_Bush_0350.jpg,data/evaluation/test/George_W_Bush/George_W_Bush_0350.jpg,f8d5a68c3d301480c4a589beb5818aa66d5c02cdbec35c81b9bbca9899d1a456,250,250
1274,George_W_Bush,test,George_W_Bush_0519.jpg,data/evaluation/test/George_W_Bush/George_W_Bush_0519.jpg,ade962f5b1d5aebcd0e2ebecb80c0c4c0afda842c409d6bfe64e5c3ca4cbe200,250,250
1275,George_W_Bush,test,George_W_Bush_0071.jpg,data/evaluation/test/George_W_Bush/George_W_Bush_0071.jpg,5a49d4c165f30d11ea8043d8f1bb728e38aaf6122d754c789a6b148a65f72597,250,250
1276,George_W_Bush,test,George_W_Bush_0380.jpg,data/evaluation/test/George_W_Bush/George_W_Bush_0380.jpg,0868ccad075f1445fd0cf151de2a5ccf3e5249817209afe1d721e0830cb96275,250,250
1277,George_W_Bush,test,George_W_Bush_0439.jpg,data/evaluation/test/George_W_Bush/George_W_Bush_0439.jpg,c94c15edd4068503211dde6e1f34a75d506e4a4b5579720f5bd6b192d06c5892,250,250
1278,George_W_Bush,test,George_W_Bush_0356.jpg,data/evaluation/test/George_W_Bush/George_W_Bush_0356.jpg,f184e035e9bef4acc9e671d9a86d53d863f044c5c5143ebc4ea10ad36922be24,250,250
1279,George_W_Bush,test,George_W_Bush_0043.jpg,data/evaluation/test/George_W_Bush/George_W_Bush_0043.jpg,5192167c237fbff885340501a43350c867247edff2d9d3222bc47cf2e8541f4b,250,250
1280,George_W_Bush,test,George_W_Bush_0124.jpg,data/evaluation/test/George_W_Bush/George_W_Bush_0124.jpg,cc11c0cd72d85deb54d0f2be9d2436b395b5cc6f9140ace6d1542dde532fb51e,250,250
1281,George_W_Bush,test,George_W_Bush_0309.jpg,data/evaluation/test/George_W_Bush/George_W_Bush_0309.jpg,91b9982e24583cf66aa2e5cba20c4b1183d594bcf4b03d8f79db6dc97f06ab11,250,250
1282,George_W_Bush,test,George_W_Bush_0105.jpg,data/evaluation/test/George_W_Bush/George_W_Bush_0105.jpg,7fd8abc1310210fd415cf10e2a708e7413dcfc35a31b01d51b3d7be93d770293,250,250
1283,George_W_Bush,test,George_W_Bush_0249.jpg,data/evaluation/test/George_W_Bush/George_W_Bush_0249.jpg,4f3426420eed019278c231d39635d3de175f70fce5c1e98315e989afb52add8b,250,250
1284,George_W_Bush,test,George_W_Bush_0078.jpg,data/evaluation/test/George_W_Bush/George_W_Bush_0078.jpg,f7bb8a135ffebd8ab1e2d40ff74130a2cdf3dfa8d5d1d2aa07d03b23f0dbfe75,250,250
1285,Gerhard_Schroeder,enrollment,Gerhard_Schroeder_0077.jpg,data/evaluation/enrollment/Gerhard_Schroeder/Gerhard_Schroeder_0077.jpg,6a673fa6b9dfb2ee9cfe3164e5199c3749b8b6f9edf40a7f0e260923e0c70926,250,250
1286,Gerhard_Schroeder,enrollment,Gerhard_Schroeder_0011.jpg,data/evaluation/enrollment/Gerhard_Schroeder/Gerhard_Schroeder_0011.jpg,7f85a31da765f2164f5d260a5ec4f5614f938c4fa507a544e8c503342442cbb5,250,250
1287,Gerhard_Schroeder,validation,Gerhard_Schroeder_0001.jpg,data/evaluation/validation/Gerhard_Schroeder/Gerhard_Schroeder_0001.jpg,4677ea7bbec0f998e4831215350ad725024969e07c7f1be1a898fb8236d296c0,250,250
1288,Gerhard_Schroeder,validation,Gerhard_Schroeder_0064.jpg,data/evaluation/validation/Gerhard_Schroeder/Gerhard_Schroeder_0064.jpg,8b7d5365d759ae42e4fe85d360786d110c1f70b53a78f195f026b8ea9faccce5,250,250
1289,Gerhard_Schroeder,validation,Gerhard_Schroeder_0028.jpg,data/evaluation/validation/Gerhard_Schroeder/Gerhard_Schroeder_0028.jpg,da8202055dbd2d8826ad11c4f97e222668c598007528073ce03df0424d38d09c,250,250
1290,Gerhard_Schroeder,validation,Gerhard_Schroeder_0063.jpg,data/evaluation/validation/Gerhard_Schroeder/Gerhard_Schroeder_0063.jpg,50c2fa5c718b6f3dd48bf4347fe493418f566dbb65d146eff51953e126adac7b,250,250
1291,Gerhard_Schroeder,validation,Gerhard_Schroeder_0090.jpg,data/evaluation/validation/Gerhard_Schroeder/Gerhard_Schroeder_0090.jpg,687462ed0988ceed944be00f7cb2c958de976e9a45efb7ece7aea47da31dde3b,250,250
1292,Gerhard_Schroeder,validation,Gerhard_Schroeder_0091.jpg,data/evaluation/validation/Gerhard_Schroeder/Gerhard_Schroeder_0091.jpg,029764570524472e5995ce8569b0722d19a9ae41a35e6ceb33280d7f5784e713,250,250
1293,Gerhard_Schroeder,validation,Gerhard_Schroeder_0082.jpg,data/evaluation/validation/Gerhard_Schroeder/Gerhard_Schroeder_0082.jpg,45a1f2fde3a43a5f8086d1105a292c4fe99ae01955346dd42750b28150aad7f1,250,250
1294,Gerhard_Schroeder,validation,Gerhard_Schroeder_0055.jpg,data/evaluation/validation/Gerhard_Schroeder/Gerhard_Schroeder_0055.jpg,fdbf408ab45603ed1744878e05d16bc404c8630182b0e38555d5347352a03204,250,250
1295,Gerhard_Schroeder,validation,Gerhard_Schroeder_0045.jpg,data/evaluation/validation/Gerhard_Schroeder/Gerhard_Schroeder_0045.jpg,1814b6068aed4c994c7ad7acc435665781b3cbc15481b6aaaae0928bd6da3ced,250,250
1296,Gerhard_Schroeder,validation,Gerhard_Schroeder_0085.jpg,data/evaluation/validation/Gerhard_Schroeder/Gerhard_Schroeder_0085.jpg,ed77d090ab80c22c1cd3d9af390d2215cf962a973e2d0bbc073111ef41cbc207,250,250
1297,Gerhard_Schroeder,validation,Gerhard_Schroeder_0037.jpg,data/evaluation/validation/Gerhard_Schroeder/Gerhard_Schroeder_0037.jpg,a852a688ba681d02f5396f16b6fb137d9e9827dee495599f9277fae8aefffc8b,250,250
1298,Gerhard_Schroeder,validation,Gerhard_Schroeder_0105.jpg,data/evaluation/validation/Gerhard_Schroeder/Gerhard_Schroeder_0105.jpg,faf242e0a0e4ed86feabe5064ba16bd84e46637fc8d0aafbf92412002867c778,250,250
1299,Gerhard_Schroeder,validation,Gerhard_Schroeder_0100.jpg,data/evaluation/validation/Gerhard_Schroeder/Gerhard_Schroeder_0100.jpg,102f5240197c49b290a989db1cb25cc857b826993d261c7e31f1003fc5fe2826,250,250
1300,Gerhard_Schroeder,validation,Gerhard_Schroeder_0093.jpg,data/evaluation/validation/Gerhard_Schroeder/Gerhard_Schroeder_0093.jpg,3c7b21cbb20ac17ed21b6dd5532a7f6b8f0a7dba72b8bfd09b7ffa38d2344a2b,250,250
1301,Gerhard_Schroeder,validation,Gerhard_Schroeder_0052.jpg,data/evaluation/validation/Gerhard_Schroeder/Gerhard_Schroeder_0052.jpg,bd5ded7ff308e513b6c7137fc18e2923bd1c191ef9651b013ede6c552076ea3e,250,250
1302,Gerhard_Schroeder,validation,Gerhard_Schroeder_0089.jpg,data/evaluation/validation/Gerhard_Schroeder/Gerhard_Schroeder_0089.jpg,194da11998da64cd4e16670d208d64089f443c3532887289e3877b57b294f745,250,250
1303,Gerhard_Schroeder,validation,Gerhard_Schroeder_0106.jpg,data/evaluation/validation/Gerhard_Schroeder/Gerhard_Schroeder_0106.jpg,65b10aa19e65e804f23e85ce6e81e5be088c81ee349a93f9e58daff7b9c78a08,250,250
1304,Gerhard_Schroeder,validation,Gerhard_Schroeder_0004.jpg,data/evaluation/validation/Gerhard_Schroeder/Gerhard_Schroeder_0004.jpg,eee6564f62ef3b0ec3c0f9f6aad827a8057157c9cf52fdbef4f43c906f0e6922,250,250
1305,Gerhard_Schroeder,validation,Gerhard_Schroeder_0043.jpg,data/evaluation/validation/Gerhard_Schroeder/Gerhard_Schroeder_0043.jpg,6d7bdffcdd321c6d28c0a3780c8d389196a766e6290f44842dd1f434af78e31d,250,250
1306,Gerhard_Schroeder,validation,Gerhard_Schroeder_0073.jpg,data/evaluation/validation/Gerhard_Schroeder/Gerhard_Schroeder_0073.jpg,4d68e360026b1973835ede4cc1f12c0c9c8f492ce19adb37c4cd0b7064237497,250,250
1307,Gerhard_Schroeder,validation,Gerhard_Schroeder_0076.jpg,data/evaluation/validation/Gerhard_Schroeder/Gerhard_Schroeder_0076.jpg,f8cbfc2c9f923530187c8ec4d85acedec49f159eac4a6592c46078178f306a9d,250,250
1308,Gerhard_Schroeder,validation,Gerhard_Schroeder_0014.jpg,data/evaluation/validation/Gerhard_Schroeder/Gerhard_Schroeder_0014.jpg,eb87891a18505e01509c26dc13ea7d5550909093e6e2215aa01cefcce88aca2b,250,250
1309,Gerhard_Schroeder,validation,Gerhard_Schroeder_0018.jpg,data/evaluation/validation/Gerhard_Schroeder/Gerhard_Schroeder_0018.jpg,1cc8960f54a1f263e156745b6188cfcbfe02435fe1d860bf850aedd2c2d34f45,250,250
1310,Gerhard_Schroeder,validation,Gerhard_Schroeder_0092.jpg,data/evaluation/validation/Gerhard_Schroeder/Gerhard_Schroeder_0092.jpg,17f8a965cc78cd3619f8fc7c8d5b5c9e75cc3e1a5aac1df2d6f898c80a12fa93,250,250
1311,Gerhard_Schroeder,validation,Gerhard_Schroeder_0066.jpg,data/evaluation/validation/Gerhard_Schroeder/Gerhard_Schroeder_0066.jpg,6d13a0726035cef91edff2552f111f5bcb4d9ce6fb62ca3bdc36278c6972f6b9,250,250
1312,Gerhard_Schroeder,validation,Gerhard_Schroeder_0084.jpg,data/evaluation/validation/Gerhard_Schroeder/Gerhard_Schroeder_0084.jpg,82d9898b5f81620b0c46ef8b796e99a27c07c7fce127ad64aa6b01e44f5bd8e7,250,250
1313,Gerhard_Schroeder,validation,Gerhard_Schroeder_0071.jpg,data/evaluation/validation/Gerhard_Schroeder/Gerhard_Schroeder_0071.jpg,e337409cc867e45c4cecc9811c68be4bc22a3f2978a879230d9f4dea946a79f0,250,250
1314,Gerhard_Schroeder,validation,Gerhard_Schroeder_0049.jpg,data/evaluation/validation/Gerhard_Schroeder/Gerhard_Schroeder_0049.jpg,dab41fc031d9f9e12d3a36ea17e74f8f795ecc1569060ec07821bd14879d50d0,250,250
1315,Gerhard_Schroeder,validation,Gerhard_Schroeder_0108.jpg,data/evaluation/validation/Gerhard_Schroeder/Gerhard_Schroeder_0108.jpg,806360c2fe3946887177e0a2844d11b75d2ce197f041bcf2b945ac1dd56dfdd1,250,250
1316,Gerhard_Schroeder,validation,Gerhard_Schroeder_0050.jpg,data/evaluation/validation/Gerhard_Schroeder/Gerhard_Schroeder_0050.jpg,5c55928c058fa728165432e8eabab225e50a1a37420361ff6b1933e51f2e087b,250,250
1317,Gerhard_Schroeder,validation,Gerhard_Schroeder_0067.jpg,data/evaluation/validation/Gerhard_Schroeder/Gerhard_Schroeder_0067.jpg,865d82d35cfb267ac82f9a61f9e8db4d254324d7d14712d88d86f8a5a7758e4c,250,250
1318,Gerhard_Schroeder,validation,Gerhard_Schroeder_0058.jpg,data/evaluation/validation/Gerhard_Schroeder/Gerhard_Schroeder_0058.jpg,46607396ae2bec0693d99fd2d3c8e278d872a97435c4b614747632c5da82d8a8,250,250
1319,Gerhard_Schroeder,validation,Gerhard_Schroeder_0046.jpg,data/evaluation/validation/Gerhard_Schroeder/Gerhard_Schroeder_0046.jpg,9af3053c13677cdf325e1fdf56e105baa0684137bcf9124f41ca510126e33427,250,250
1320,Gerhard_Schroeder,validation,Gerhard_Schroeder_0032.jpg,data/evaluation/validation/Gerhard_Schroeder/Gerhard_Schroeder_0032.jpg,2c70f1169db563063ea2fb888efc9fc5223fa847f1e68a43fdf9c90a7f3ccb3a,250,250
1321,Gerhard_Schroeder,validation,Gerhard_Schroeder_0102.jpg,data/evaluation/validation/Gerhard_Schroeder/Gerhard_Schroeder_0102.jpg,d68b73380755d1b8426ac6b1a27e2cab951de45a030aac1b03e95f3b614d03d0,250,250
1322,Gerhard_Schroeder,validation,Gerhard_Schroeder_0039.jpg,data/evaluation/validation/Gerhard_Schroeder/Gerhard_Schroeder_0039.jpg,f764bccd35180e14da0aa3542cb31c1a17332ad8f62850398ff1f193c11440c2,250,250
1323,Gerhard_Schroeder,validation,Gerhard_Schroeder_0003.jpg,data/evaluation/validation/Gerhard_Schroeder/Gerhard_Schroeder_0003.jpg,f4b8de98125f1fbe44c50737daacaf1cb9c4d6c420be884b042da2e2e3080ae0,250,250
1324,Gerhard_Schroeder,validation,Gerhard_Schroeder_0009.jpg,data/evaluation/validation/Gerhard_Schroeder/Gerhard_Schroeder_0009.jpg,81098c5822eb4c78ea33d0afa78fe95d769714cbd3347d449a5152c342e9f2f3,250,250
1325,Gerhard_Schroeder,validation,Gerhard_Schroeder_0008.jpg,data/evaluation/validation/Gerhard_Schroeder/Gerhard_Schroeder_0008.jpg,fdc2e9c1627b76b701b365fd80eb4e0cce3ddb34f1c1da273747c2d359b5a5bb,250,250
1326,Gerhard_Schroeder,validation,Gerhard_Schroeder_0027.jpg,data/evaluation/validation/Gerhard_Schroeder/Gerhard_Schroeder_0027.jpg,ec5d4aa1165240aa2446e7672c1cf77be8c378a339079c10de4c40cddb2d1065,250,250
1327,Gerhard_Schroeder,validation,Gerhard_Schroeder_0086.jpg,data/evaluation/validation/Gerhard_Schroeder/Gerhard_Schroeder_0086.jpg,d44fee3d2651d9c94cc779d749296fa27f5fdf64db5660be54a0a14d826a4078,250,250
1328,Gerhard_Schroeder,validation,Gerhard_Schroeder_0020.jpg,data/evaluation/validation/Gerhard_Schroeder/Gerhard_Schroeder_0020.jpg,aac127d9d94ee76e720151e0137ee83ceed75f0a08a9894d969e6c0eff62397a,250,250
1329,Gerhard_Schroeder,validation,Gerhard_Schroeder_0030.jpg,data/evaluation/validation/Gerhard_Schroeder/Gerhard_Schroeder_0030.jpg,1cdbb55a35befa44fdb4f2f7c0b84c94c532d27158e51b1e56f03e560d792885,250,250
1330,Gerhard_Schroeder,validation,Gerhard_Schroeder_0078.jpg,data/evaluation/validation/Gerhard_Schroeder/Gerhard_Schroeder_0078.jpg,90e77b74928593509c736e7068dd758134556c048541be9d5ca5506d20a5d52e,250,250
1331,Gerhard_Schroeder,validation,Gerhard_Schroeder_0103.jpg,data/evaluation/validation/Gerhard_Schroeder/Gerhard_Schroeder_0103.jpg,7db0770a7a9d9461bae95450e0d018963c76f15121b080cf3f5c11825cf7596f,250,250
1332,Gerhard_Schroeder,validation,Gerhard_Schroeder_0098.jpg,data/evaluation/validation/Gerhard_Schroeder/Gerhard_Schroeder_0098.jpg,60910333d3031b11cc4c2a3ae28ea417fdc5fec698f8688914a49a60fbdf29fd,250,250
1333,Gerhard_Schroeder,validation,Gerhard_Schroeder_0056.jpg,data/evaluation/validation/Gerhard_Schroeder/Gerhard_Schroeder_0056.jpg,7f55ea2758316dea0db9317ae4290490a0b1d5e29629b178ddbb2cd8aafc659b,250,250
1334,Gerhard_Schroeder,validation,Gerhard_Schroeder_0061.jpg,data/evaluation/validation/Gerhard_Schroeder/Gerhard_Schroeder_0061.jpg,4a3af29b0f38bdd6903b1a43ba52fead822c1499ac9830f88ce0cf93a6ec8c74,250,250
1335,Gerhard_Schroeder,validation,Gerhard_Schroeder_0021.jpg,data/evaluation/validation/Gerhard_Schroeder/Gerhard_Schroeder_0021.jpg,ba82aad378395b0bd8fc0273aba0ebda784c4bc836a7eca67b0db11f2ff70bc6,250,250
1336,Gerhard_Schroeder,validation,Gerhard_Schroeder_0036.jpg,data/evaluation/validation/Gerhard_Schroeder/Gerhard_Schroeder_0036.jpg,e1d81fa955dde04f13d4398525d2aac9f6f7a70747f7c5245f2332ffe48e6710,250,250
1337,Gerhard_Schroeder,validation,Gerhard_Schroeder_0104.jpg,data/evaluation/validation/Gerhard_Schroeder/Gerhard_Schroeder_0104.jpg,129fcbb89ba5c82747fd045289969162fe5567dd07c8dad1f037a2a1c8295e02,250,250
1338,Gerhard_Schroeder,validation,Gerhard_Schroeder_0069.jpg,data/evaluation/validation/Gerhard_Schroeder/Gerhard_Schroeder_0069.jpg,3d81ee7a2fc1b8a258b620408b7a5c2ba1a7522b6f785c7a32bd1d0f5bc11e5a,250,250
1339,Gerhard_Schroeder,validation,Gerhard_Schroeder_0031.jpg,data/evaluation/validation/Gerhard_Schroeder/Gerhard_Schroeder_0031.jpg,ae2cffaf81323b3e42b17a1ad73cb2aaec1a24116685bb8381928dcad2ff0513,250,250
1340,Gerhard_Schroeder,test,Gerhard_Schroeder_0079.jpg,data/evaluation/test/Gerhard_Schroeder/Gerhard_Schroeder_0079.jpg,2e2a115a9c1d2863ed1bb4ae20fca17989c109825e5aa03b91ade417b87b8313,250,250
1341,Gerhard_Schroeder,test,Gerhard_Schroeder_0080.jpg,data/evaluation/test/Gerhard_Schroeder/Gerhard_Schroeder_0080.jpg,66967a955dbf110ac009f94af4a317358996c7174cc7b8777dc85745e2517d49,250,250
1342,Gerhard_Schroeder,test,Gerhard_Schroeder_0007.jpg,data/evaluation/test/Gerhard_Schroeder/Gerhard_Schroeder_0007.jpg,f043e6d98c5e5ee2a281e7c949dbbc0af4567cdd9c49255e4c804f94e3900539,250,250
1343,Gerhard_Schroeder,test,Gerhard_Schroeder_0024.jpg,data/evaluation/test/Gerhard_Schroeder/Gerhard_Schroeder_0024.jpg,e1d4f17250626d8840f8b8cd294503f108ab8e2742f1bdb0a2f0dad887bfbfa1,250,250
1344,Gerhard_Schroeder,test,Gerhard_Schroeder_0041.jpg,data/evaluation/test/Gerhard_Schroeder/Gerhard_Schroeder_0041.jpg,0dabd69a875950aa6b84ccedcc7645bd5e629f2cae6f9452338b0b4c64bb4ee9,250,250
1345,Gerhard_Schroeder,test,Gerhard_Schroeder_0053.jpg,data/evaluation/test/Gerhard_Schroeder/Gerhard_Schroeder_0053.jpg,8024d6a2b357b5ac5fdb1797a08883ec3d3a9a5e535505e151b6f2e4a2b0b7e7,250,250
1346,Gerhard_Schroeder,test,Gerhard_Schroeder_0025.jpg,data/evaluation/test/Gerhard_Schroeder/Gerhard_Schroeder_0025.jpg,691e12d2f34f2c2dd14174a95b61fdc02ac0e37774ab0e24a2ba268ebfb44f68,250,250
1347,Gerhard_Schroeder,test,Gerhard_Schroeder_0107.jpg,data/evaluation/test/Gerhard_Schroeder/Gerhard_Schroeder_0107.jpg,b9c2dbc94f49b0c6d77c43418c66806bdcfb6e93290a8848c06e252304fe0cb7,250,250
1348,Gerhard_Schroeder,test,Gerhard_Schroeder_0087.jpg,data/evaluation/test/Gerhard_Schroeder/Gerhard_Schroeder_0087.jpg,e4d1eebce2720516caffc7335ef5a01abb2e9fe2fb43b52fac63210e7f0ae39e,250,250
1349,Gerhard_Schroeder,test,Gerhard_Schroeder_0048.jpg,data/evaluation/test/Gerhard_Schroeder/Gerhard_Schroeder_0048.jpg,a1997616cc09b1e143066b8b17ed2c775d609ac9004349de14fe1ee461a98e91,250,250
1350,Gerhard_Schroeder,test,Gerhard_Schroeder_0059.jpg,data/evaluation/test/Gerhard_Schroeder/Gerhard_Schroeder_0059.jpg,c9b45712329f5658cf5d827f84def89c0cd42b1763afa9aeb393a7e9d3303662,250,250
1351,Gerhard_Schroeder,test,Gerhard_Schroeder_0016.jpg,data/evaluation/test/Gerhard_Schroeder/Gerhard_Schroeder_0016.jpg,babcc1198accf1cbdb4a098c3f0d707c95f4fd2732605ec6ab58f91d06884022,250,250
1352,Gerhard_Schroeder,test,Gerhard_Schroeder_0034.jpg,data/evaluation/test/Gerhard_Schroeder/Gerhard_Schroeder_0034.jpg,a7de0bd89e64164dcbda055a8adf1b5bd820f4ea66da1bb5444f51de38a38b37,250,250
1353,Gerhard_Schroeder,test,Gerhard_Schroeder_0002.jpg,data/evaluation/test/Gerhard_Schroeder/Gerhard_Schroeder_0002.jpg,90def3b1125826a4e425378787edc469e8248de6d9ba28eada3db24430d239e3,250,250
1354,Gerhard_Schroeder,test,Gerhard_Schroeder_0074.jpg,data/evaluation/test/Gerhard_Schroeder/Gerhard_Schroeder_0074.jpg,6ed85c6bfdde6b35507439ac312ad299fe7f90a7d17cfdeb0f5a41859486249b,250,250
1355,Gerhard_Schroeder,test,Gerhard_Schroeder_0096.jpg,data/evaluation/test/Gerhard_Schroeder/Gerhard_Schroeder_0096.jpg,0ce08df22cd8edfc342b15d873ecd8034354dc34580e4e0b33041baff5340ea0,250,250
1356,Gerhard_Schroeder,test,Gerhard_Schroeder_0088.jpg,data/evaluation/test/Gerhard_Schroeder/Gerhard_Schroeder_0088.jpg,f34618e11386fd0c19864958689040bf037e51eeee6dcf1df795765ae7337232,250,250
1357,Gerhard_Schroeder,test,Gerhard_Schroeder_0072.jpg,data/evaluation/test/Gerhard_Schroeder/Gerhard_Schroeder_0072.jpg,e7125d2b37560f212dac6c536583b4a5cc12e19f81f65162a2a22e2fcc85beb3,250,250
1358,Gerhard_Schroeder,test,Gerhard_Schroeder_0051.jpg,data/evaluation/test/Gerhard_Schroeder/Gerhard_Schroeder_0051.jpg,9668277aea099d34cd0906d4710f920d76ba2c8bcbdcfe23592cdd75307bb8ab,250,250
1359,Gerhard_Schroeder,test,Gerhard_Schroeder_0029.jpg,data/evaluation/test/Gerhard_Schroeder/Gerhard_Schroeder_0029.jpg,ffeae761c81fe7e038d7aeb43e0d6ad254a80dc4f334569a8014ec587a5d5ae9,250,250
1360,Gerhard_Schroeder,test,Gerhard_Schroeder_0019.jpg,data/evaluation/test/Gerhard_Schroeder/Gerhard_Schroeder_0019.jpg,be55886c45d46c023e1648841d3a9068eb6d44ba203d724e1ce68c3e0e8ed8af,250,250
1361,Gerhard_Schroeder,test,Gerhard_Schroeder_0010.jpg,data/evaluation/test/Gerhard_Schroeder/Gerhard_Schroeder_0010.jpg,1358216fec885bcebf74b4b87fef648ab097f1d3fdc8c4090df4ed7712e42e13,250,250
1362,Gerhard_Schroeder,test,Gerhard_Schroeder_0060.jpg,data/evaluation/test/Gerhard_Schroeder/Gerhard_Schroeder_0060.jpg,10a91aba99e0212a1bee8c288d3150acc0428ea6ce80fc1d4aae412c6e665fe2,250,250
1363,Gerhard_Schroeder,test,Gerhard_Schroeder_0015.jpg,data/evaluation/test/Gerhard_Schroeder/Gerhard_Schroeder_0015.jpg,76eec2104fce064b6b9abffe1da014aee672e6ae45804957b3d0030743fafebf,250,250
1364,Gerhard_Schroeder,test,Gerhard_Schroeder_0044.jpg,data/evaluation/test/Gerhard_Schroeder/Gerhard_Schroeder_0044.jpg,7c84ba4deb265b2ffa5f95f02f79aaf87db7602bc25cc254ab4af6d8f7245f96,250,250
1365,Gerhard_Schroeder,test,Gerhard_Schroeder_0095.jpg,data/evaluation/test/Gerhard_Schroeder/Gerhard_Schroeder_0095.jpg,3b426eff98d367420778752f4ee23d7c16b25c88b6465b24856493c0cff13114,250,250
1366,Gerhard_Schroeder,test,Gerhard_Schroeder_0062.jpg,data/evaluation/test/Gerhard_Schroeder/Gerhard_Schroeder_0062.jpg,3b9ed19eee51b696f0881652086b931c35463f89e4307222bc99747c6fefc30f,250,250
1367,Gerhard_Schroeder,test,Gerhard_Schroeder_0033.jpg,data/evaluation/test/Gerhard_Schroeder/Gerhard_Schroeder_0033.jpg,2572495c0c030b256972edb88d127126e3d50486986098da0d7d504227f4df9d,250,250
1368,Gerhard_Schroeder,test,Gerhard_Schroeder_0022.jpg,data/evaluation/test/Gerhard_Schroeder/Gerhard_Schroeder_0022.jpg,c75fcd866ff58b7ce83a99a81042bd7efe3defbdfa9a34cb5138b8220b6df4bf,250,250
1369,Gerhard_Schroeder,test,Gerhard_Schroeder_0035.jpg,data/evaluation/test/Gerhard_Schroeder/Gerhard_Schroeder_0035.jpg,6eba30b7a265a69fdf95452bc11a00dce8db6a88312f4ead88a034a30e5b7165,250,250
1370,Gerhard_Schroeder,test,Gerhard_Schroeder_0065.jpg,data/evaluation/test/Gerhard_Schroeder/Gerhard_Schroeder_0065.jpg,c3b25e5cffb4463aac1756c25a5515a757dd486c37d75f066de1f077edcf61a3,250,250
1371,Gerhard_Schroeder,test,Gerhard_Schroeder_0068.jpg,data/evaluation/test/Gerhard_Schroeder/Gerhard_Schroeder_0068.jpg,73d781a34e860d7dc11d973f2ff0b200dc14eeecfff2c83dff59c3653557bd4d,250,250
1372,Gerhard_Schroeder,test,Gerhard_Schroeder_0099.jpg,data/evaluation/test/Gerhard_Schroeder/Gerhard_Schroeder_0099.jpg,8ea0ed7b2ceb4a2b395e0389d8e83067263eecefeebe443a02e9460c97a8c8b0,250,250
1373,Gerhard_Schroeder,test,Gerhard_Schroeder_0070.jpg,data/evaluation/test/Gerhard_Schroeder/Gerhard_Schroeder_0070.jpg,147b14b5db299591dc52abe63fcf442854708c2c2a23847e8216f60cb55190cb,250,250
1374,Gerhard_Schroeder,test,Gerhard_Schroeder_0097.jpg,data/evaluation/test/Gerhard_Schroeder/Gerhard_Schroeder_0097.jpg,6c9f5a1a7870601b4913df63ddcc01c454d264e3dd8d983fe52a89fe0f7ef427,250,250
1375,Gerhard_Schroeder,test,Gerhard_Schroeder_0026.jpg,data/evaluation/test/Gerhard_Schroeder/Gerhard_Schroeder_0026.jpg,5fd5ccf20f932408036e9ee9bba1e25c5618a78f2e9e8d04b27e1cfea697c084,250,250
1376,Gerhard_Schroeder,test,Gerhard_Schroeder_0023.jpg,data/evaluation/test/Gerhard_Schroeder/Gerhard_Schroeder_0023.jpg,78d56597260f1990c768b0af1325b423caf7430d0aa81602952f0ebaafd6df97,250,250
1377,Gerhard_Schroeder,test,Gerhard_Schroeder_0054.jpg,data/evaluation/test/Gerhard_Schroeder/Gerhard_Schroeder_0054.jpg,15ec91a69695cbd0d84cacaa08597085790f94c04654bb9bfbdf94acdbe00ff4,250,250
1378,Gerhard_Schroeder,test,Gerhard_Schroeder_0042.jpg,data/evaluation/test/Gerhard_Schroeder/Gerhard_Schroeder_0042.jpg,b400c99e10b2490d449242d29082fac57679fd9987bd8c974f326b25b8fa3fdf,250,250
1379,Gerhard_Schroeder,test,Gerhard_Schroeder_0038.jpg,data/evaluation/test/Gerhard_Schroeder/Gerhard_Schroeder_0038.jpg,688b57697f1a36ea3d071a04d5a7da190dd285c5ef6e1afa817e19fed771ace9,250,250
1380,Gerhard_Schroeder,test,Gerhard_Schroeder_0012.jpg,data/evaluation/test/Gerhard_Schroeder/Gerhard_Schroeder_0012.jpg,f74a1d0f3df313b1ff0d4c248c9169f67b47c453d768d3689f4ab64774cb14ab,250,250
1381,Gerhard_Schroeder,test,Gerhard_Schroeder_0017.jpg,data/evaluation/test/Gerhard_Schroeder/Gerhard_Schroeder_0017.jpg,64f330187734def979e5a37c609fc9b5ea1e5fe5ffba7f86250edb2495a71f37,250,250
1382,Gerhard_Schroeder,test,Gerhard_Schroeder_0094.jpg,data/evaluation/test/Gerhard_Schroeder/Gerhard_Schroeder_0094.jpg,c4873f8187f57766c851fdd75a36c1f4235ffbd9941fd6d187111e373433ed70,250,250
1383,Gerhard_Schroeder,test,Gerhard_Schroeder_0047.jpg,data/evaluation/test/Gerhard_Schroeder/Gerhard_Schroeder_0047.jpg,e44f4525ffe10ef4d58bd1d217722c999eab4247bf6463cff3acf1558e3a28cb,250,250
1384,Gerhard_Schroeder,test,Gerhard_Schroeder_0075.jpg,data/evaluation/test/Gerhard_Schroeder/Gerhard_Schroeder_0075.jpg,bdbbd024cb5d40d4234516bad88c63f47abd8cf48c95d9a57d2121a4d1ee588a,250,250
1385,Gerhard_Schroeder,test,Gerhard_Schroeder_0005.jpg,data/evaluation/test/Gerhard_Schroeder/Gerhard_Schroeder_0005.jpg,af15c4790d39d0dacaa451a1f930d0922c35baa3bf165eda43349293cdce53c4,250,250
1386,Gerhard_Schroeder,test,Gerhard_Schroeder_0057.jpg,data/evaluation/test/Gerhard_Schroeder/Gerhard_Schroeder_0057.jpg,cfc7a0a3e5d85322ddb416924d7a47c447bd63cd5aa0c49eac207b81103559d7,250,250
1387,Gerhard_Schroeder,test,Gerhard_Schroeder_0101.jpg,data/evaluation/test/Gerhard_Schroeder/Gerhard_Schroeder_0101.jpg,aa06f9d1cd1117fc0a1df21104e49f65fc0e90ff8ee91e1f9d449fc97fb74b89,250,250
1388,Gerhard_Schroeder,test,Gerhard_Schroeder_0040.jpg,data/evaluation/test/Gerhard_Schroeder/Gerhard_Schroeder_0040.jpg,ea605fa97adb6f71697208bdca0dc2d6f46f9dfac506ad681485888312d960b1,250,250
1389,Gerhard_Schroeder,test,Gerhard_Schroeder_0006.jpg,data/evaluation/test/Gerhard_Schroeder/Gerhard_Schroeder_0006.jpg,ee36f6643bb36aa284535d3ad5c3baebc92d1d1a8bb6a7038ffa1d41de8688de,250,250
1390,Gerhard_Schroeder,test,Gerhard_Schroeder_0083.jpg,data/evaluation/test/Gerhard_Schroeder/Gerhard_Schroeder_0083.jpg,7ed87e07f54fd8539f07b85254241abf2e9d4ba9f3a5320fac7f78ada50a39d0,250,250
1391,Gerhard_Schroeder,test,Gerhard_Schroeder_0109.jpg,data/evaluation/test/Gerhard_Schroeder/Gerhard_Schroeder_0109.jpg,674fe351aa43d9fefd74b105411ebfef5591fd56190d57a5130b6657690831fd,250,250
1392,Gerhard_Schroeder,test,Gerhard_Schroeder_0013.jpg,data/evaluation/test/Gerhard_Schroeder/Gerhard_Schroeder_0013.jpg,341056d4f5a693b95c9124785941e5c2a3c4e057789616dc7fd5ded7771404d5,250,250
1393,Gerhard_Schroeder,test,Gerhard_Schroeder_0081.jpg,data/evaluation/test/Gerhard_Schroeder/Gerhard_Schroeder_0081.jpg,ecd828a51457de036e8fd2bca72446a01fb27f8546a13dc95e4c0403200fbdb4,250,250
1394,Gloria_Macapagal_Arroyo,enrollment,Gloria_Macapagal_Arroyo_0029.jpg,data/evaluation/enrollment/Gloria_Macapagal_Arroyo/Gloria_Macapagal_Arroyo_0029.jpg,51539db68803cfc5b62e1eb8e019e40951cead9ed985f5227cb95ac396d11eee,250,250
1395,Gloria_Macapagal_Arroyo,enrollment,Gloria_Macapagal_Arroyo_0041.jpg,data/evaluation/enrollment/Gloria_Macapagal_Arroyo/Gloria_Macapagal_Arroyo_0041.jpg,c08ef1ed41da52299f90ad3eec96dc4f0e37354ddc43b9c90a530c697abb357d,250,250
1396,Gloria_Macapagal_Arroyo,validation,Gloria_Macapagal_Arroyo_0017.jpg,data/evaluation/validation/Gloria_Macapagal_Arroyo/Gloria_Macapagal_Arroyo_0017.jpg,ff76f73e2228a8428be781474fef64cbc2c33991f599dcc053380128ddd605d8,250,250
1397,Gloria_Macapagal_Arroyo,validation,Gloria_Macapagal_Arroyo_0026.jpg,data/evaluation/validation/Gloria_Macapagal_Arroyo/Gloria_Macapagal_Arroyo_0026.jpg,5157088cc4f8cda87c77c8a3b1a45e6b624c02c2c4ca41ee695e70a77d92c547,250,250
1398,Gloria_Macapagal_Arroyo,validation,Gloria_Macapagal_Arroyo_0012.jpg,data/evaluation/validation/Gloria_Macapagal_Arroyo/Gloria_Macapagal_Arroyo_0012.jpg,220ae1fca4dabe8ce04736e3fb76589133e55dfa9d194bd6bb66e439088214d2,250,250
1399,Gloria_Macapagal_Arroyo,validation,Gloria_Macapagal_Arroyo_0015.jpg,data/evaluation/validation/Gloria_Macapagal_Arroyo/Gloria_Macapagal_Arroyo_0015.jpg,58671e8425756fb251a5e251eedd5e6c998c310503347b8c23dbfad5c2b1e305,250,250
1400,Gloria_Macapagal_Arroyo,validation,Gloria_Macapagal_Arroyo_0033.jpg,data/evaluation/validation/Gloria_Macapagal_Arroyo/Gloria_Macapagal_Arroyo_0033.jpg,7dfa053c060ebd35568567f0533c64e33755cc7dd5fa51bbe10958bce6f5a7f7,250,250
1401,Gloria_Macapagal_Arroyo,validation,Gloria_Macapagal_Arroyo_0010.jpg,data/evaluation/validation/Gloria_Macapagal_Arroyo/Gloria_Macapagal_Arroyo_0010.jpg,c0d31240bb4dbde09326d8ea914fd95c65077d1e9b851c34197bf8d610d8b0b0,250,250
1402,Gloria_Macapagal_Arroyo,validation,Gloria_Macapagal_Arroyo_0037.jpg,data/evaluation/validation/Gloria_Macapagal_Arroyo/Gloria_Macapagal_Arroyo_0037.jpg,75e32c5fbf3258667e4a276ca1b43419a85950dcd183b79229ed1d7d9707aa80,250,250
1403,Gloria_Macapagal_Arroyo,validation,Gloria_Macapagal_Arroyo_0035.jpg,data/evaluation/validation/Gloria_Macapagal_Arroyo/Gloria_Macapagal_Arroyo_0035.jpg,c56adb3ab6ddcc92e2a015dcacb2c972a7be662159e01a064fd48961bd527aaa,250,250
1404,Gloria_Macapagal_Arroyo,validation,Gloria_Macapagal_Arroyo_0043.jpg,data/evaluation/validation/Gloria_Macapagal_Arroyo/Gloria_Macapagal_Arroyo_0043.jpg,b0eca828c374fdef9aee4b0d79f9800050c12c4145ff99b7331b448f30c581e1,250,250
1405,Gloria_Macapagal_Arroyo,validation,Gloria_Macapagal_Arroyo_0003.jpg,data/evaluation/validation/Gloria_Macapagal_Arroyo/Gloria_Macapagal_Arroyo_0003.jpg,89bcc7accbe980c4572f529fb7154abdd8dadee20cd2bef016ffdae0fc08ce76,250,250
1406,Gloria_Macapagal_Arroyo,validation,Gloria_Macapagal_Arroyo_0021.jpg,data/evaluation/validation/Gloria_Macapagal_Arroyo/Gloria_Macapagal_Arroyo_0021.jpg,bdcf6d47ca3fe83c2a716de8ee8f0e26a46a0264305700f5cffa339c11c622d1,250,250
1407,Gloria_Macapagal_Arroyo,validation,Gloria_Macapagal_Arroyo_0024.jpg,data/evaluation/validation/Gloria_Macapagal_Arroyo/Gloria_Macapagal_Arroyo_0024.jpg,b185053a57930e9a33f780bdc4a6b414eda530b067eac1b54c7aef52acda2f53,250,250
1408,Gloria_Macapagal_Arroyo,validation,Gloria_Macapagal_Arroyo_0038.jpg,data/evaluation/validation/Gloria_Macapagal_Arroyo/Gloria_Macapagal_Arroyo_0038.jpg,f375c8188fea84530880b2fde5515d829724ed72025fb4b6a1006d7ee3a0fc58,250,250
1409,Gloria_Macapagal_Arroyo,validation,Gloria_Macapagal_Arroyo_0040.jpg,data/evaluation/validation/Gloria_Macapagal_Arroyo/Gloria_Macapagal_Arroyo_0040.jpg,55872e5b03a0ff5596c3786b7300d4320dcd85c78d20e5875dc3ed5ead033017,250,250
1410,Gloria_Macapagal_Arroyo,validation,Gloria_Macapagal_Arroyo_0036.jpg,data/evaluation/validation/Gloria_Macapagal_Arroyo/Gloria_Macapagal_Arroyo_0036.jpg,81da262cb429bcaef47bbf41a9e0790af499722eda603682741d18a73ce090a3,250,250
1411,Gloria_Macapagal_Arroyo,validation,Gloria_Macapagal_Arroyo_0031.jpg,data/evaluation/validation/Gloria_Macapagal_Arroyo/Gloria_Macapagal_Arroyo_0031.jpg,e1e00779d161deb258d200cd2a3efe8a9cc2c0e19578916f8aae94747f76f2d1,250,250
1412,Gloria_Macapagal_Arroyo,validation,Gloria_Macapagal_Arroyo_0023.jpg,data/evaluation/validation/Gloria_Macapagal_Arroyo/Gloria_Macapagal_Arroyo_0023.jpg,a2c05784c032ac2c24bdeef45b52813c598db7bd877deedd88dfe094f1bde546,250,250
1413,Gloria_Macapagal_Arroyo,validation,Gloria_Macapagal_Arroyo_0034.jpg,data/evaluation/validation/Gloria_Macapagal_Arroyo/Gloria_Macapagal_Arroyo_0034.jpg,d94f5f6883ebf0eeb6640a7b67fd303274d1b4d524784bb455eb87187f5a3b75,250,250
1414,Gloria_Macapagal_Arroyo,validation,Gloria_Macapagal_Arroyo_0001.jpg,data/evaluation/validation/Gloria_Macapagal_Arroyo/Gloria_Macapagal_Arroyo_0001.jpg,55ace862076aabc323c4038fbce95cba1412c1a00bc5b53ff2a5643ec4f73465,250,250
1415,Gloria_Macapagal_Arroyo,validation,Gloria_Macapagal_Arroyo_0020.jpg,data/evaluation/validation/Gloria_Macapagal_Arroyo/Gloria_Macapagal_Arroyo_0020.jpg,373a6854566e9ac9e33a35414d09923303908accd58eeb295c8758745d9e53d1,250,250
1416,Gloria_Macapagal_Arroyo,validation,Gloria_Macapagal_Arroyo_0032.jpg,data/evaluation/validation/Gloria_Macapagal_Arroyo/Gloria_Macapagal_Arroyo_0032.jpg,f2d660e3129cf2a8fc97156a80a9197853e105ed04f6eb00e940b5dd8ffb6e29,250,250
1417,Gloria_Macapagal_Arroyo,test,Gloria_Macapagal_Arroyo_0011.jpg,data/evaluation/test/Gloria_Macapagal_Arroyo/Gloria_Macapagal_Arroyo_0011.jpg,e7a9bb2b76e049c5245b52460b187d4ea86609e6e0b0587c6bd43d72861cd8f9,250,250
1418,Gloria_Macapagal_Arroyo,test,Gloria_Macapagal_Arroyo_0042.jpg,data/evaluation/test/Gloria_Macapagal_Arroyo/Gloria_Macapagal_Arroyo_0042.jpg,ac6e2e6570d47ed0e97ec1c5bac9aef913500852d3587d0a962173eeca19bd9d,250,250
1419,Gloria_Macapagal_Arroyo,test,Gloria_Macapagal_Arroyo_0028.jpg,data/evaluation/test/Gloria_Macapagal_Arroyo/Gloria_Macapagal_Arroyo_0028.jpg,3bc74eef294ae107d707378c76358d6c3e8ea384ba88c102beda3217dd89c03f,250,250
1420,Gloria_Macapagal_Arroyo,test,Gloria_Macapagal_Arroyo_0019.jpg,data/evaluation/test/Gloria_Macapagal_Arroyo/Gloria_Macapagal_Arroyo_0019.jpg,6cde24b4a0312c93eff40f769a912d97c33c02d2ff2b7e37808f844ab22ee966,250,250
1421,Gloria_Macapagal_Arroyo,test,Gloria_Macapagal_Arroyo_0007.jpg,data/evaluation/test/Gloria_Macapagal_Arroyo/Gloria_Macapagal_Arroyo_0007.jpg,2419b9c996e703eca7f42961ad6f639cb0fea26549ddcd9ecc36abad2908d6d4,250,250
1422,Gloria_Macapagal_Arroyo,test,Gloria_Macapagal_Arroyo_0044.jpg,data/evaluation/test/Gloria_Macapagal_Arroyo/Gloria_Macapagal_Arroyo_0044.jpg,a7a2925e65b443c7ac21713a2654611b069380164abd02379c5f32b3744ca3b0,250,250
1423,Gloria_Macapagal_Arroyo,test,Gloria_Macapagal_Arroyo_0025.jpg,data/evaluation/test/Gloria_Macapagal_Arroyo/Gloria_Macapagal_Arroyo_0025.jpg,e85903062d977968b9a3f59b494af9ef7a88adee099d4794059d9b2d20063d25,250,250
1424,Gloria_Macapagal_Arroyo,test,Gloria_Macapagal_Arroyo_0027.jpg,data/evaluation/test/Gloria_Macapagal_Arroyo/Gloria_Macapagal_Arroyo_0027.jpg,d8199f4e0339e3ff01cb3cd4b784ba5aa4b130c8360bbcf3c10c7d5a5d41bb35,250,250
1425,Gloria_Macapagal_Arroyo,test,Gloria_Macapagal_Arroyo_0005.jpg,data/evaluation/test/Gloria_Macapagal_Arroyo/Gloria_Macapagal_Arroyo_0005.jpg,a4e6ac1486b6246e081d12f1862b9f688fc4d5173277380e7b539a48e5426195,250,250
1426,Gloria_Macapagal_Arroyo,test,Gloria_Macapagal_Arroyo_0039.jpg,data/evaluation/test/Gloria_Macapagal_Arroyo/Gloria_Macapagal_Arroyo_0039.jpg,5b00b3d952155ae48d29ada9d435e860fbeb2809eb95f2d76887a90cc95fd47a,250,250
1427,Gloria_Macapagal_Arroyo,test,Gloria_Macapagal_Arroyo_0009.jpg,data/evaluation/test/Gloria_Macapagal_Arroyo/Gloria_Macapagal_Arroyo_0009.jpg,269f812058ea78aa0bf5680df564e1637b853ae7184414c94cebe54bb9419d18,250,250
1428,Gloria_Macapagal_Arroyo,test,Gloria_Macapagal_Arroyo_0016.jpg,data/evaluation/test/Gloria_Macapagal_Arroyo/Gloria_Macapagal_Arroyo_0016.jpg,1c48a7b3990911376d65ce70e2e30d2feea161f10bf353291152d461885fefb2,250,250
1429,Gloria_Macapagal_Arroyo,test,Gloria_Macapagal_Arroyo_0022.jpg,data/evaluation/test/Gloria_Macapagal_Arroyo/Gloria_Macapagal_Arroyo_0022.jpg,deb0a820cd5f122c886e729deed23b8745e819f4e61722d1b18151530f776518,250,250
1430,Gloria_Macapagal_Arroyo,test,Gloria_Macapagal_Arroyo_0004.jpg,data/evaluation/test/Gloria_Macapagal_Arroyo/Gloria_Macapagal_Arroyo_0004.jpg,f2a1349a06caedb07aa1015012b8be8a6b0055c7759e322d7cc243eee89a7671,250,250
1431,Gloria_Macapagal_Arroyo,test,Gloria_Macapagal_Arroyo_0002.jpg,data/evaluation/test/Gloria_Macapagal_Arroyo/Gloria_Macapagal_Arroyo_0002.jpg,95282d224e6cda58f4e845607ba090cd9ddb284af45e3e0e87ecbf65575268fb,250,250
1432,Gloria_Macapagal_Arroyo,test,Gloria_Macapagal_Arroyo_0014.jpg,data/evaluation/test/Gloria_Macapagal_Arroyo/Gloria_Macapagal_Arroyo_0014.jpg,18b9e6e00e62f530746e9491f268b7408345036b5a4527591e8a5b427004159f,250,250
1433,Gloria_Macapagal_Arroyo,test,Gloria_Macapagal_Arroyo_0006.jpg,data/evaluation/test/Gloria_Macapagal_Arroyo/Gloria_Macapagal_Arroyo_0006.jpg,dcb42e78bc2221968e14435453ac19109c77dab990159b797036c422339bbb7f,250,250
1434,Gloria_Macapagal_Arroyo,test,Gloria_Macapagal_Arroyo_0030.jpg,data/evaluation/test/Gloria_Macapagal_Arroyo/Gloria_Macapagal_Arroyo_0030.jpg,71aea715e585a6b44c4e2d0d163bb03c686cc3e28711f9f8b9ff7bba26aa4faf,250,250
1435,Gloria_Macapagal_Arroyo,test,Gloria_Macapagal_Arroyo_0008.jpg,data/evaluation/test/Gloria_Macapagal_Arroyo/Gloria_Macapagal_Arroyo_0008.jpg,e7d8da55ead6ed2e5de62d1fd14b4060b31d39089c4ab73fd01a69752233ae24,250,250
1436,Gloria_Macapagal_Arroyo,test,Gloria_Macapagal_Arroyo_0013.jpg,data/evaluation/test/Gloria_Macapagal_Arroyo/Gloria_Macapagal_Arroyo_0013.jpg,9c2e6222baaeb1326fa260a92783a5a1eab4d583592ecfe4e40685c4c0d24cd5,250,250
1437,Gloria_Macapagal_Arroyo,test,Gloria_Macapagal_Arroyo_0018.jpg,data/evaluation/test/Gloria_Macapagal_Arroyo/Gloria_Macapagal_Arroyo_0018.jpg,b8ee3c98b4df32d33e1c6d3f81d9ae86042ea8ba211b07d1eb9e02a5bddf7dd8,250,250
1438,Gray_Davis,enrollment,Gray_Davis_0002.jpg,data/evaluation/enrollment/Gray_Davis/Gray_Davis_0002.jpg,0700717bd932a6a77ea26b90cce5cd8314c3d5920caaeaea37eff8f6f9de7b3c,250,250
1439,Gray_Davis,enrollment,Gray_Davis_0007.jpg,data/evaluation/enrollment/Gray_Davis/Gray_Davis_0007.jpg,a8adbb1286b2d93d82d9a4e3d30b72992d93f33f1fb5d705907e5eeb88acc9d6,250,250
1440,Gray_Davis,validation,Gray_Davis_0023.jpg,data/evaluation/validation/Gray_Davis/Gray_Davis_0023.jpg,e63973edceb726361a749efea4395d682826264812eb3f8622a094c89a696fb1,250,250
1441,Gray_Davis,validation,Gray_Davis_0019.jpg,data/evaluation/validation/Gray_Davis/Gray_Davis_0019.jpg,1915e9fc2f8e8799c2b74862ca2e8f4d858c99f09faab1e001bd55b2a3890cf4,250,250
1442,Gray_Davis,validation,Gray_Davis_0006.jpg,data/evaluation/validation/Gray_Davis/Gray_Davis_0006.jpg,256b9a981069848159310a11afea8bcd2f6a973a762e755c7e6125b2a593e634,250,250
1443,Gray_Davis,validation,Gray_Davis_0018.jpg,data/evaluation/validation/Gray_Davis/Gray_Davis_0018.jpg,d47e71046fa5e187fcefffbf5aeff78342373900a78b5ca7d03857474a1c106f,250,250
1444,Gray_Davis,validation,Gray_Davis_0013.jpg,data/evaluation/validation/Gray_Davis/Gray_Davis_0013.jpg,53450b81ef5185b99a4e4eb5c4cda04295c32ec2a472b460cc449b367f00e7e6,250,250
1445,Gray_Davis,validation,Gray_Davis_0014.jpg,data/evaluation/validation/Gray_Davis/Gray_Davis_0014.jpg,e40463a0d5b7b33be5c75d3ab1c84b7d1f7d9bec0a44d1263d89332dcd26a55f,250,250
1446,Gray_Davis,validation,Gray_Davis_0022.jpg,data/evaluation/validation/Gray_Davis/Gray_Davis_0022.jpg,a2be2856d447db0619fb6d500613415c7993a30a8d492eb69b07c1560f9bd6fd,250,250
1447,Gray_Davis,validation,Gray_Davis_0005.jpg,data/evaluation/validation/Gray_Davis/Gray_Davis_0005.jpg,34d9b7e24c0c8ebc2b122cec5893bdb83c7f4f92d5dec76d0a7b0434bd543c90,250,250
1448,Gray_Davis,validation,Gray_Davis_0009.jpg,data/evaluation/validation/Gray_Davis/Gray_Davis_0009.jpg,4d694dcf03449f720aef3441d6cba52aa4a7cdea4ef1d26f9b298e7bdf21b0a8,250,250
1449,Gray_Davis,validation,Gray_Davis_0011.jpg,data/evaluation/validation/Gray_Davis/Gray_Davis_0011.jpg,07d149ed9878113ff49ef0fa1f47963692bbd45fa87c986c875a5db880aac066,250,250
1450,Gray_Davis,validation,Gray_Davis_0020.jpg,data/evaluation/validation/Gray_Davis/Gray_Davis_0020.jpg,573ed8ce96359a7f06b1e852500c286a7e1666709c2d9e88d24e2a15666246f4,250,250
1451,Gray_Davis,validation,Gray_Davis_0001.jpg,data/evaluation/validation/Gray_Davis/Gray_Davis_0001.jpg,af66372239343fba2ec91ab5e014a08602fcea3a148c4c821679494ab758c919,250,250
1452,Gray_Davis,test,Gray_Davis_0010.jpg,data/evaluation/test/Gray_Davis/Gray_Davis_0010.jpg,e2d5b2a8b2e9dff8ab0b54bb5f273431b9072fb3d1d3b1ff0e582cac95c53fda,250,250
1453,Gray_Davis,test,Gray_Davis_0008.jpg,data/evaluation/test/Gray_Davis/Gray_Davis_0008.jpg,6cf00a4a683eca5ce925e2fe9be848981ed06ef9278de4a9657e8ae20b92bf01,250,250
1454,Gray_Davis,test,Gray_Davis_0021.jpg,data/evaluation/test/Gray_Davis/Gray_Davis_0021.jpg,e265f27fdae0448102c50d5284b4c1d2e1dd7a51a86a2ac0a949118615192972,250,250
1455,Gray_Davis,test,Gray_Davis_0025.jpg,data/evaluation/test/Gray_Davis/Gray_Davis_0025.jpg,e2a8a17d140343276a701d7ae5f8be096f8fa3f3a55136826f9b89e72eb9cd7b,250,250
1456,Gray_Davis,test,Gray_Davis_0026.jpg,data/evaluation/test/Gray_Davis/Gray_Davis_0026.jpg,21c716a67f9f3a6094753feef03bc9b3c6e099707f33ce9135850d260449ab17,250,250
1457,Gray_Davis,test,Gray_Davis_0012.jpg,data/evaluation/test/Gray_Davis/Gray_Davis_0012.jpg,ca79c3b69b57373fb6ed473b14f234413fee713bf121136fdb0aa2e88b7f8291,250,250
1458,Gray_Davis,test,Gray_Davis_0015.jpg,data/evaluation/test/Gray_Davis/Gray_Davis_0015.jpg,bf498ea807c6094719516737664148f045668105b94ab97ccc83e1d0bbc4a5ee,250,250
1459,Gray_Davis,test,Gray_Davis_0016.jpg,data/evaluation/test/Gray_Davis/Gray_Davis_0016.jpg,658eea9440c89e955e88cab2a496e3e10c45c02293523efd5a19f93ce96ec0da,250,250
1460,Gray_Davis,test,Gray_Davis_0003.jpg,data/evaluation/test/Gray_Davis/Gray_Davis_0003.jpg,61c1f2a5668e887e75580d734ff5571a5ec067efd41296c9a39400a3945613d2,250,250
1461,Gray_Davis,test,Gray_Davis_0024.jpg,data/evaluation/test/Gray_Davis/Gray_Davis_0024.jpg,5b600c47110acc7108a4658c5b7fa1429097093882ce3d6517644c0753355ed9,250,250
1462,Gray_Davis,test,Gray_Davis_0004.jpg,data/evaluation/test/Gray_Davis/Gray_Davis_0004.jpg,bafbc3b5abf3f524f8e6639b0f3f893b566cb9102649d627f699af05bf4bb8e8,250,250
1463,Gray_Davis,test,Gray_Davis_0017.jpg,data/evaluation/test/Gray_Davis/Gray_Davis_0017.jpg,9314791e9e7a400e12c07d87edbad8071fd3dc4abbeb71d8bd62dd33296f50b2,250,250
1464,Hamid_Karzai,enrollment,Hamid_Karzai_0001.jpg,data/evaluation/enrollment/Hamid_Karzai/Hamid_Karzai_0001.jpg,b4a6f1f8ccc1cefabdc7b653a126ce50986c7d4eec84ec288bfc106fa9eab165,250,250
1465,Hamid_Karzai,enrollment,Hamid_Karzai_0002.jpg,data/evaluation/enrollment/Hamid_Karzai/Hamid_Karzai_0002.jpg,f725fbe21345dd3012a19571bf9843f39051883d57c120312af5ee7b7506df68,250,250
1466,Hamid_Karzai,validation,Hamid_Karzai_0012.jpg,data/evaluation/validation/Hamid_Karzai/Hamid_Karzai_0012.jpg,f082b5df51459f870eb95949f0f22b2f2fb87d78089b10c73cd5035c37c4f918,250,250
1467,Hamid_Karzai,validation,Hamid_Karzai_0004.jpg,data/evaluation/validation/Hamid_Karzai/Hamid_Karzai_0004.jpg,96de7b60d106c6ac8e4ec09285923c204f3745fea0938344cca1fcf3358ba786,250,250
1468,Hamid_Karzai,validation,Hamid_Karzai_0021.jpg,data/evaluation/validation/Hamid_Karzai/Hamid_Karzai_0021.jpg,b97c131c66ddcdf10b8a45783191999033af0cae690d0060ccca9ffbce8e286b,250,250
1469,Hamid_Karzai,validation,Hamid_Karzai_0008.jpg,data/evaluation/validation/Hamid_Karzai/Hamid_Karzai_0008.jpg,67fcb5fec8f4dce7df0207cf64f5a043a34b0716a9567304e3a03d8bd935b147,250,250
1470,Hamid_Karzai,validation,Hamid_Karzai_0014.jpg,data/evaluation/validation/Hamid_Karzai/Hamid_Karzai_0014.jpg,0abc7eec88b5e52658b0b9d86a867cf41e24523f6fd6b7cb8926b347ea6d283d,250,250
1471,Hamid_Karzai,validation,Hamid_Karzai_0007.jpg,data/evaluation/validation/Hamid_Karzai/Hamid_Karzai_0007.jpg,f95eb7272738dd47654a09d1a1547bb99dba2ddb43f9b1bbbd13e08262a1a8a0,250,250
1472,Hamid_Karzai,validation,Hamid_Karzai_0006.jpg,data/evaluation/validation/Hamid_Karzai/Hamid_Karzai_0006.jpg,6b66fb814896a0e49d7c84d2f8ca3c988222116abf9353818289418ddd91f7a3,250,250
1473,Hamid_Karzai,validation,Hamid_Karzai_0009.jpg,data/evaluation/validation/Hamid_Karzai/Hamid_Karzai_0009.jpg,dd0dfe3ca4fdf90b624c2555fa7d539a56ec19fac9161b2b5defea7fa4290332,250,250
1474,Hamid_Karzai,validation,Hamid_Karzai_0013.jpg,data/evaluation/validation/Hamid_Karzai/Hamid_Karzai_0013.jpg,74bda090bbbf8ddf27bd71fafff97bebb65e1ce17a488e78384133677eb4a3a0,250,250
1475,Hamid_Karzai,validation,Hamid_Karzai_0018.jpg,data/evaluation/validation/Hamid_Karzai/Hamid_Karzai_0018.jpg,200cdf1be3bc012151505685d19ded8a513972ffe5942883089235922676f564,250,250
1476,Hamid_Karzai,test,Hamid_Karzai_0010.jpg,data/evaluation/test/Hamid_Karzai/Hamid_Karzai_0010.jpg,c1c9d3d4321ab355b432a141bb229d15d59bf368d9a56cd908c450ac7f4cefee,250,250
1477,Hamid_Karzai,test,Hamid_Karzai_0017.jpg,data/evaluation/test/Hamid_Karzai/Hamid_Karzai_0017.jpg,8b41d71f09aa42630a4faada88acfeda7b677ba17bf751bd09d05a56cf48f397,250,250
1478,Hamid_Karzai,test,Hamid_Karzai_0022.jpg,data/evaluation/test/Hamid_Karzai/Hamid_Karzai_0022.jpg,7bd22fc026e16c04c82cf8ba20e4ff8676867942298cd0ec20b30f9ecc4f16d4,250,250
1479,Hamid_Karzai,test,Hamid_Karzai_0019.jpg,data/evaluation/test/Hamid_Karzai/Hamid_Karzai_0019.jpg,ed738215340e4dffede6d6ebd5afec7ab36f07654bc82ab5fd76f38924553256,250,250
1480,Hamid_Karzai,test,Hamid_Karzai_0005.jpg,data/evaluation/test/Hamid_Karzai/Hamid_Karzai_0005.jpg,8f50a346acd252f46a7853e6263244b0813b330905494c78a9028ecddb41e0f7,250,250
1481,Hamid_Karzai,test,Hamid_Karzai_0011.jpg,data/evaluation/test/Hamid_Karzai/Hamid_Karzai_0011.jpg,146f4256e065b3b170fb4913d16d468027d8a4bea1efb7490845110f7c6af5fc,250,250
1482,Hamid_Karzai,test,Hamid_Karzai_0020.jpg,data/evaluation/test/Hamid_Karzai/Hamid_Karzai_0020.jpg,6e095fec1c76acd073f34456509c7ce73b9b77e5d8135deccedc8b4182acbe39,250,250
1483,Hamid_Karzai,test,Hamid_Karzai_0003.jpg,data/evaluation/test/Hamid_Karzai/Hamid_Karzai_0003.jpg,d705a09a1131070cf400d4eee2e0a352ce02e55a6236b43ea74816b4ed6abfb3,250,250
1484,Hamid_Karzai,test,Hamid_Karzai_0015.jpg,data/evaluation/test/Hamid_Karzai/Hamid_Karzai_0015.jpg,3b75ba6b7a7ea1dd01d1b6dc8802c604286279bfd8d47eba0e24c2cfad86dd89,250,250
1485,Hamid_Karzai,test,Hamid_Karzai_0016.jpg,data/evaluation/test/Hamid_Karzai/Hamid_Karzai_0016.jpg,3a9c73b454174ee4efc4eb1ba8e8185adf9aa735bbd2fa768d9f89bc0d72324e,250,250
1486,Hans_Blix,enrollment,Hans_Blix_0022.jpg,data/evaluation/enrollment/Hans_Blix/Hans_Blix_0022.jpg,5943fe2fe93eb35e88fbcac9495100279b2b82054a8694e8cb42bbf2ddbd373b,250,250
1487,Hans_Blix,enrollment,Hans_Blix_0038.jpg,data/evaluation/enrollment/Hans_Blix/Hans_Blix_0038.jpg,1c5423fde24a28f2bd17eec870560be3ce42f80e273cc2c13a6ea6dbf87e7ce8,250,250
1488,Hans_Blix,validation,Hans_Blix_0025.jpg,data/evaluation/validation/Hans_Blix/Hans_Blix_0025.jpg,6cd17b08f043ddfb82ace004209cb2ce017789c92d9c81b3491322c70ad6cb73,250,250
1489,Hans_Blix,validation,Hans_Blix_0021.jpg,data/evaluation/validation/Hans_Blix/Hans_Blix_0021.jpg,24acb3b69b7487648b430180ef5514ff928d8ee928f2ad167edd702eb96c9c2b,250,250
1490,Hans_Blix,validation,Hans_Blix_0010.jpg,data/evaluation/validation/Hans_Blix/Hans_Blix_0010.jpg,caec138020a98090805db4d8b7f8afbee05604862f81cf6f06791f0d765a7e9f,250,250
1491,Hans_Blix,validation,Hans_Blix_0020.jpg,data/evaluation/validation/Hans_Blix/Hans_Blix_0020.jpg,5441f2a7ac04d7b32743183618b2de9e8bbea23c56b1452460d424ffa819750f,250,250
1492,Hans_Blix,validation,Hans_Blix_0019.jpg,data/evaluation/validation/Hans_Blix/Hans_Blix_0019.jpg,3eb1293f65a096e652c9280ff0fe40e37a080cf9019d4711431730b751ea728d,250,250
1493,Hans_Blix,validation,Hans_Blix_0001.jpg,data/evaluation/validation/Hans_Blix/Hans_Blix_0001.jpg,262a76de78df53d857a1dd7a470009ffe428638aac7c5121981fe36aea47615f,250,250
1494,Hans_Blix,validation,Hans_Blix_0018.jpg,data/evaluation/validation/Hans_Blix/Hans_Blix_0018.jpg,65e7c8944919715a6a9ebfe6f87a983a8ae44eb7ee659915e93ab1a2144f4267,250,250
1495,Hans_Blix,validation,Hans_Blix_0006.jpg,data/evaluation/validation/Hans_Blix/Hans_Blix_0006.jpg,b372ff74f10a2101e86425e2f94a14ac8597626fa65b7ae8d74639712bc5002e,250,250
1496,Hans_Blix,validation,Hans_Blix_0035.jpg,data/evaluation/validation/Hans_Blix/Hans_Blix_0035.jpg,b838f30b8e35e23f0c5b430eafa20d9276ea023b75dc9366767f2293b29ddd89,250,250
1497,Hans_Blix,validation,Hans_Blix_0039.jpg,data/evaluation/validation/Hans_Blix/Hans_Blix_0039.jpg,d787477ab8fcd7a98383df96765afcd20af5b98f4bde02bcfe5e7f999f48c939,250,250
1498,Hans_Blix,validation,Hans_Blix_0034.jpg,data/evaluation/validation/Hans_Blix/Hans_Blix_0034.jpg,6b3c5bdf718544f63811046070006ebba122eeee12904d5c70544a749aaae942,250,250
1499,Hans_Blix,validation,Hans_Blix_0002.jpg,data/evaluation/validation/Hans_Blix/Hans_Blix_0002.jpg,96a57f4975823f7cfbe3614ff185ab8d458ac8b04d86e926aedb1f83c5ddb13a,250,250
1500,Hans_Blix,validation,Hans_Blix_0023.jpg,data/evaluation/validation/Hans_Blix/Hans_Blix_0023.jpg,c7e3fc0a2ed895072ac4df5abccf627b890cbec3afd3c7d87a4948f59cdf953d,250,250
1501,Hans_Blix,validation,Hans_Blix_0017.jpg,data/evaluation/validation/Hans_Blix/Hans_Blix_0017.jpg,519858eea82e2c3613e0d347d9b67cabace279377a30970378a611cfcd6f831b,250,250
1502,Hans_Blix,validation,Hans_Blix_0003.jpg,data/evaluation/validation/Hans_Blix/Hans_Blix_0003.jpg,d6e464b2039dd29c599d99e1b4670e0d1e701f2909c0fb07621d3502a40bd9a1,250,250
1503,Hans_Blix,validation,Hans_Blix_0016.jpg,data/evaluation/validation/Hans_Blix/Hans_Blix_0016.jpg,307a6ab5338b6d3dbbdec917c33bb0d904814e80e1b760295177e0f9564d6765,250,250
1504,Hans_Blix,validation,Hans_Blix_0005.jpg,data/evaluation/validation/Hans_Blix/Hans_Blix_0005.jpg,8c82b46b8472e6fb2a23ede618047b59dec64c641359ecc26cceb1ec5f6e9418,250,250
1505,Hans_Blix,validation,Hans_Blix_0012.jpg,data/evaluation/validation/Hans_Blix/Hans_Blix_0012.jpg,552b17b4571a689f9cfcf073199bce69adb484e466b7e02d95aa275bc443ea22,250,250
1506,Hans_Blix,test,Hans_Blix_0009.jpg,data/evaluation/test/Hans_Blix/Hans_Blix_0009.jpg,c1426830d9d9ffa8bebe478656b21105699edef3cc66f9952ddf4e88dfebf339,250,250
1507,Hans_Blix,test,Hans_Blix_0026.jpg,data/evaluation/test/Hans_Blix/Hans_Blix_0026.jpg,6cb5f8966526561ba12a6a210498ba193ebaa5670cf91834f02ece7afa5c1feb,250,250
1508,Hans_Blix,test,Hans_Blix_0030.jpg,data/evaluation/test/Hans_Blix/Hans_Blix_0030.jpg,3d5ccab6aa2780739668d65e30f63dcc5f821bc47c254123f690ee4ea4e3252f,250,250
1509,Hans_Blix,test,Hans_Blix_0031.jpg,data/evaluation/test/Hans_Blix/Hans_Blix_0031.jpg,6972ce9482c2b0a903abd542605429845ba787fcf8cc2eda3bd7ac3cd1f2839b,250,250
1510,Hans_Blix,test,Hans_Blix_0004.jpg,data/evaluation/test/Hans_Blix/Hans_Blix_0004.jpg,2965b87a2b241e8124b373e54cc1c2c50ef312c21804e2de2220e8e051ecadd6,250,250
1511,Hans_Blix,test,Hans_Blix_0024.jpg,data/evaluation/test/Hans_Blix/Hans_Blix_0024.jpg,360717707832a442dd9e17cfb9eb88c3e5be8531abf2ccb6c6f9d39c868198e9,250,250
1512,Hans_Blix,test,Hans_Blix_0037.jpg,data/evaluation/test/Hans_Blix/Hans_Blix_0037.jpg,ac8837d999024bb37325928da57057a8783ca530d8cfba2099e4e66a95d252b6,250,250
1513,Hans_Blix,test,Hans_Blix_0013.jpg,data/evaluation/test/Hans_Blix/Hans_Blix_0013.jpg,b0f0d5377b0d17b5a7e7883a3ea8ee6ccfbef4d9fa4f920f896e12182f255df6,250,250
1514,Hans_Blix,test,Hans_Blix_0033.jpg,data/evaluation/test/Hans_Blix/Hans_Blix_0033.jpg,edd568c56e31b02a96bf433c534d47bc68df599d619f83d09f171beb483317aa,250,250
1515,Hans_Blix,test,Hans_Blix_0032.jpg,data/evaluation/test/Hans_Blix/Hans_Blix_0032.jpg,c3a9f052dc242bbe4b1a329869ab72f857082135d63b77dc3b96f46d96ce34e7,250,250
1516,Hans_Blix,test,Hans_Blix_0011.jpg,data/evaluation/test/Hans_Blix/Hans_Blix_0011.jpg,25fee1577b5cd78a69bfd07e6d7e12f6b8fff52044e1bab2167a5fed4097341b,250,250
1517,Hans_Blix,test,Hans_Blix_0027.jpg,data/evaluation/test/Hans_Blix/Hans_Blix_0027.jpg,a04e674de66d0f28be4fc3cb2f7dfb6b714522b57b1bd09258dfca56a3fd7d87,250,250
1518,Hans_Blix,test,Hans_Blix_0015.jpg,data/evaluation/test/Hans_Blix/Hans_Blix_0015.jpg,9b3319d7dca6c7c5779b91d3e74498594dd582742c20381a0b672f2d49e230c2,250,250
1519,Hans_Blix,test,Hans_Blix_0029.jpg,data/evaluation/test/Hans_Blix/Hans_Blix_0029.jpg,915f40964e0796b4dd3e7a1099a4fc78f35b1e026bd185544b96126fce199d20,250,250
1520,Hans_Blix,test,Hans_Blix_0028.jpg,data/evaluation/test/Hans_Blix/Hans_Blix_0028.jpg,cabf353f3227d20c32a2fe2269be71707a8e4725edd6cb7bba6cd6eaf88d20d6,250,250
1521,Hans_Blix,test,Hans_Blix_0014.jpg,data/evaluation/test/Hans_Blix/Hans_Blix_0014.jpg,01e520527224847248c45e23f93af8b1479c0009c317054894dc3184f6ca3068,250,250
1522,Hans_Blix,test,Hans_Blix_0036.jpg,data/evaluation/test/Hans_Blix/Hans_Blix_0036.jpg,0bc580a204410cd641a9df669a31fabdd1c2c3ae01d52966e7f77df0ab21942f,250,250
1523,Hans_Blix,test,Hans_Blix_0008.jpg,data/evaluation/test/Hans_Blix/Hans_Blix_0008.jpg,4d5e100520c232fead6b5006764c8f5a0ff6be3b59920fb7860f8ee16a44fbe0,250,250
1524,Hans_Blix,test,Hans_Blix_0007.jpg,data/evaluation/test/Hans_Blix/Hans_Blix_0007.jpg,428c6321c728c5632e2ad544a6435fd35b67aa2792bcd2fa941192f4d07ea4b9,250,250
1525,Hugo_Chavez,enrollment,Hugo_Chavez_0060.jpg,data/evaluation/enrollment/Hugo_Chavez/Hugo_Chavez_0060.jpg,e6d5014fe5fccd14036b77e2c1ec425d0295b0fb265e8328f66f7aa2f44fe54d,250,250
1526,Hugo_Chavez,enrollment,Hugo_Chavez_0004.jpg,data/evaluation/enrollment/Hugo_Chavez/Hugo_Chavez_0004.jpg,259d1e3145e1f53330a29137621cd34b214a0268e44cb662d4cc2502991e5649,250,250
1527,Hugo_Chavez,validation,Hugo_Chavez_0027.jpg,data/evaluation/validation/Hugo_Chavez/Hugo_Chavez_0027.jpg,98d9e26c99341b45a042f71acaac4c9b48e10c14ab882c80fdb5faaba4f6ac76,250,250
1528,Hugo_Chavez,validation,Hugo_Chavez_0047.jpg,data/evaluation/validation/Hugo_Chavez/Hugo_Chavez_0047.jpg,32a22958ba96b2f19d061b3db8ef6b61fccbc95986580c1dee4e6e72312ef14c,250,250
1529,Hugo_Chavez,validation,Hugo_Chavez_0011.jpg,data/evaluation/validation/Hugo_Chavez/Hugo_Chavez_0011.jpg,b358424c6b2edf0f76d11d573d959a88aec7e6857789a14a6ed48bb2877d3dc0,250,250
1530,Hugo_Chavez,validation,Hugo_Chavez_0035.jpg,data/evaluation/validation/Hugo_Chavez/Hugo_Chavez_0035.jpg,0447f8b108ef8692b52122273083e82417effc0fd13cff0eef501b36a72e18f1,250,250
1531,Hugo_Chavez,validation,Hugo_Chavez_0009.jpg,data/evaluation/validation/Hugo_Chavez/Hugo_Chavez_0009.jpg,dbcacdfafbb546d0eac9a616925d82930a604d911b112136cae4018e64ede3e1,250,250
1532,Hugo_Chavez,validation,Hugo_Chavez_0026.jpg,data/evaluation/validation/Hugo_Chavez/Hugo_Chavez_0026.jpg,21e530de9f12004cc7073d2d0811d1b0e7bfacdcfec58460b99e8848f16ad953,250,250
1533,Hugo_Chavez,validation,Hugo_Chavez_0048.jpg,data/evaluation/validation/Hugo_Chavez/Hugo_Chavez_0048.jpg,874bbd8b6227ebf5a3be46d66d4555c5d59c07f953aff7d5a3ca27abf3c8d05e,250,250
1534,Hugo_Chavez,validation,Hugo_Chavez_0041.jpg,data/evaluation/validation/Hugo_Chavez/Hugo_Chavez_0041.jpg,b577b041ab4fe0b7953cac0266739968c0d2bc4d75db59f24b152de227f75c52,250,250
1535,Hugo_Chavez,validation,Hugo_Chavez_0032.jpg,data/evaluation/validation/Hugo_Chavez/Hugo_Chavez_0032.jpg,d067a4763ac28326db5beea2cfd3b1fed182d51d3854b47ab7c82e5ffbe8ee90,250,250
1536,Hugo_Chavez,validation,Hugo_Chavez_0016.jpg,data/evaluation/validation/Hugo_Chavez/Hugo_Chavez_0016.jpg,4d4cffa5e41bec59ad3657c0d942723c1637008e7c631c5276bf60c8f6115e43,250,250
1537,Hugo_Chavez,validation,Hugo_Chavez_0034.jpg,data/evaluation/validation/Hugo_Chavez/Hugo_Chavez_0034.jpg,68114a0bb88f4560551b007c53e90b2f81c3cd3d2d580ab456fefbbd938e9349,250,250
1538,Hugo_Chavez,validation,Hugo_Chavez_0030.jpg,data/evaluation/validation/Hugo_Chavez/Hugo_Chavez_0030.jpg,8b4169b70f9ba6be1b84435a6d23f007c2ce53dd7bc85dff5f381e86c77ae802,250,250
1539,Hugo_Chavez,validation,Hugo_Chavez_0051.jpg,data/evaluation/validation/Hugo_Chavez/Hugo_Chavez_0051.jpg,94cf5b9f84012967f7425bab13e7e0a0a439dcb9c6c0cc78e24889fa3d40edd9,250,250
1540,Hugo_Chavez,validation,Hugo_Chavez_0061.jpg,data/evaluation/validation/Hugo_Chavez/Hugo_Chavez_0061.jpg,de215adb6347ce0142dbe4f75d56111f1ad74789fa3d79283ab3ca7d8f90f7b8,250,250
1541,Hugo_Chavez,validation,Hugo_Chavez_0025.jpg,data/evaluation/validation/Hugo_Chavez/Hugo_Chavez_0025.jpg,95b6e54168d0e02dc28c0e3b6e60ae9965aecda2dfd0f9903d8c3b64308131cc,250,250
1542,Hugo_Chavez,validation,Hugo_Chavez_0056.jpg,data/evaluation/validation/Hugo_Chavez/Hugo_Chavez_0056.jpg,12d0c6a6bd70ceb7f001f310a507df3bf1b13d005739266c4de736add24734e0,250,250
1543,Hugo_Chavez,validation,Hugo_Chavez_0017.jpg,data/evaluation/validation/Hugo_Chavez/Hugo_Chavez_0017.jpg,263fe55925558473cde3d62345c7e17fadf08cf375eb313366c66fe8109afac4,250,250
1544,Hugo_Chavez,validation,Hugo_Chavez_0052.jpg,data/evaluation/validation/Hugo_Chavez/Hugo_Chavez_0052.jpg,302eefe58e71720d5deb7fab6a4efcf96ceb7cac3d02bc4b9773dd32dd460963,250,250
1545,Hugo_Chavez,validation,Hugo_Chavez_0058.jpg,data/evaluation/validation/Hugo_Chavez/Hugo_Chavez_0058.jpg,2f1cdbdcc59bb25e7e1f4aaf86319242380830ee2b1f0ef933f481d146b6110c,250,250
1546,Hugo_Chavez,validation,Hugo_Chavez_0021.jpg,data/evaluation/validation/Hugo_Chavez/Hugo_Chavez_0021.jpg,8c4aa6b5ea233802fadcf9bf7a634dcc067c1cf3a6e79dcedacd52257c769733,250,250
1547,Hugo_Chavez,validation,Hugo_Chavez_0029.jpg,data/evaluation/validation/Hugo_Chavez/Hugo_Chavez_0029.jpg,a7ac3f04bb007e50e920983e09212e33d1a8b4402fc440cd0a056f7fd247d29c,250,250
1548,Hugo_Chavez,validation,Hugo_Chavez_0003.jpg,data/evaluation/validation/Hugo_Chavez/Hugo_Chavez_0003.jpg,bc69c3bddcdf1e2768b8ec51c8176279bd70b20924d245734a146dff9ab6a071,250,250
1549,Hugo_Chavez,validation,Hugo_Chavez_0013.jpg,data/evaluation/validation/Hugo_Chavez/Hugo_Chavez_0013.jpg,2d42cd8904bbae7b522f66307c2521c0cfeef6253677ac70707d4f77b661f19a,250,250
1550,Hugo_Chavez,validation,Hugo_Chavez_0062.jpg,data/evaluation/validation/Hugo_Chavez/Hugo_Chavez_0062.jpg,1694abb1f788bd5e889a721113932f3866dac17260631e12bbc2ce606911c6f5,250,250
1551,Hugo_Chavez,validation,Hugo_Chavez_0019.jpg,data/evaluation/validation/Hugo_Chavez/Hugo_Chavez_0019.jpg,217c5941f8e469324f2016d4cc115dc161b50890276dbac10a011c4fae998b00,250,250
1552,Hugo_Chavez,validation,Hugo_Chavez_0005.jpg,data/evaluation/validation/Hugo_Chavez/Hugo_Chavez_0005.jpg,18295e970fbbfaf44d6ef63e66fbf285d36bbc0737cbe10452e7dc6e54bfe6cb,250,250
1553,Hugo_Chavez,validation,Hugo_Chavez_0065.jpg,data/evaluation/validation/Hugo_Chavez/Hugo_Chavez_0065.jpg,5893df26ef2c80e95ae533ba8e938a8c0b128a388ae89d6d6b84e3092565fc74,250,250
1554,Hugo_Chavez,validation,Hugo_Chavez_0006.jpg,data/evaluation/validation/Hugo_Chavez/Hugo_Chavez_0006.jpg,45a872f066b62e7326743f93d3f00502947b99fea8f31ddf9a7a57e229c40347,250,250
1555,Hugo_Chavez,validation,Hugo_Chavez_0001.jpg,data/evaluation/validation/Hugo_Chavez/Hugo_Chavez_0001.jpg,d9703bce629b50fe48477aec47f52438080a9c9111a9592994aaf1bc0772dd17,250,250
1556,Hugo_Chavez,validation,Hugo_Chavez_0054.jpg,data/evaluation/validation/Hugo_Chavez/Hugo_Chavez_0054.jpg,230335290c9b57f1aa44801b00252b40f06b4704c1da8bd3d93d6c7a9da70032,250,250
1557,Hugo_Chavez,validation,Hugo_Chavez_0022.jpg,data/evaluation/validation/Hugo_Chavez/Hugo_Chavez_0022.jpg,ddf897a589121dd2a47bd7312b2eb383f5e6ef8d43c6c3d9f42d3fa61b519925,250,250
1558,Hugo_Chavez,validation,Hugo_Chavez_0020.jpg,data/evaluation/validation/Hugo_Chavez/Hugo_Chavez_0020.jpg,55462fe282aac2c07c63aac3e9da255ae0ef288ca6833fc8753bab6561c82796,250,250
1559,Hugo_Chavez,validation,Hugo_Chavez_0038.jpg,data/evaluation/validation/Hugo_Chavez/Hugo_Chavez_0038.jpg,1627b4be856d816ff6be2be1cd6e2623e5af83b629c957bd0ba9e1d6da348fc0,250,250
1560,Hugo_Chavez,validation,Hugo_Chavez_0012.jpg,data/evaluation/validation/Hugo_Chavez/Hugo_Chavez_0012.jpg,3928ac7ea5063b36ba5dc2b464864a8cd5524dd29c91780d7c8385d4a9c281db,250,250
1561,Hugo_Chavez,test,Hugo_Chavez_0059.jpg,data/evaluation/test/Hugo_Chavez/Hugo_Chavez_0059.jpg,a43126fbdecd04166dbe9d200ef84743f0c8d90f6a366a67c97876f7326e95e9,250,250
1562,Hugo_Chavez,test,Hugo_Chavez_0050.jpg,data/evaluation/test/Hugo_Chavez/Hugo_Chavez_0050.jpg,8a9f58867d04241537111c6cc288fb0e485d8289cc7a594f42c95dc5481bcf56,250,250
1563,Hugo_Chavez,test,Hugo_Chavez_0039.jpg,data/evaluation/test/Hugo_Chavez/Hugo_Chavez_0039.jpg,2686a2a7128925bf4d26ac1d4fa5133ff7047d650d83c55722bc72b1700e5c18,250,250
1564,Hugo_Chavez,test,Hugo_Chavez_0002.jpg,data/evaluation/test/Hugo_Chavez/Hugo_Chavez_0002.jpg,dc63012b3304fc877672735fa8f4b5e06d08025e40e37285a332e5af9b9c2ae2,250,250
1565,Hugo_Chavez,test,Hugo_Chavez_0045.jpg,data/evaluation/test/Hugo_Chavez/Hugo_Chavez_0045.jpg,728bd89abf23e1caf8123485c69ff03e22816ae9d6b7a5494f84056a2cf0a7dc,250,250
1566,Hugo_Chavez,test,Hugo_Chavez_0042.jpg,data/evaluation/test/Hugo_Chavez/Hugo_Chavez_0042.jpg,0b6fc8c7072482036a6b554babe68c610d529ac7a2e04f7e1f1ae2bc9d008e07,250,250
1567,Hugo_Chavez,test,Hugo_Chavez_0044.jpg,data/evaluation/test/Hugo_Chavez/Hugo_Chavez_0044.jpg,d828a8f211aa34de29fe306b08e812c7151fe7f46962935521cf98670b26b16e,250,250
1568,Hugo_Chavez,test,Hugo_Chavez_0066.jpg,data/evaluation/test/Hugo_Chavez/Hugo_Chavez_0066.jpg,410a8da6c37d498e4529a6e9fc442bb2ca5922408c7841b2ecf3411da782bd3c,250,250
1569,Hugo_Chavez,test,Hugo_Chavez_0071.jpg,data/evaluation/test/Hugo_Chavez/Hugo_Chavez_0071.jpg,26eae56ad526ccd2fab3aa7327dfc2fa55e7aa769a174d11a2795b84d38d1ef0,250,250
1570,Hugo_Chavez,test,Hugo_Chavez_0028.jpg,data/evaluation/test/Hugo_Chavez/Hugo_Chavez_0028.jpg,c1d924c2e48fcfd1636f1df928aee881ef8b6b13499a1ab709c40ace4ba2e249,250,250
1571,Hugo_Chavez,test,Hugo_Chavez_0057.jpg,data/evaluation/test/Hugo_Chavez/Hugo_Chavez_0057.jpg,021a950226f359eefb6371938635fe2bff8fb3a29d786ba06d927a988f31b894,250,250
1572,Hugo_Chavez,test,Hugo_Chavez_0063.jpg,data/evaluation/test/Hugo_Chavez/Hugo_Chavez_0063.jpg,0898ee2e13040708586d04fac11196a6219754d80bc94e647f5fde361a048560,250,250
1573,Hugo_Chavez,test,Hugo_Chavez_0018.jpg,data/evaluation/test/Hugo_Chavez/Hugo_Chavez_0018.jpg,2a8548677ff4012ea52f9acb433bb1d95e111374ece0491edc238f010b53f605,250,250
1574,Hugo_Chavez,test,Hugo_Chavez_0049.jpg,data/evaluation/test/Hugo_Chavez/Hugo_Chavez_0049.jpg,28962295820630f2aa49d98e14fc8001e7ad151f6c21277ea881ce95f6c438ac,250,250
1575,Hugo_Chavez,test,Hugo_Chavez_0008.jpg,data/evaluation/test/Hugo_Chavez/Hugo_Chavez_0008.jpg,e8fa2827ec0e4fa0cabbf4adc862029109d6f8b67b2f41c34925099a01d2c6b6,250,250
1576,Hugo_Chavez,test,Hugo_Chavez_0024.jpg,data/evaluation/test/Hugo_Chavez/Hugo_Chavez_0024.jpg,ec8b2a18b36ed35f8c5ff6dbeba704439d2373a20ccc2b92e919133363ebab25,250,250
1577,Hugo_Chavez,test,Hugo_Chavez_0036.jpg,data/evaluation/test/Hugo_Chavez/Hugo_Chavez_0036.jpg,881847e44f7b1dda313ea9d2b13e4aff1b07832f156130ae9df2e9fdbc4612a9,250,250
1578,Hugo_Chavez,test,Hugo_Chavez_0023.jpg,data/evaluation/test/Hugo_Chavez/Hugo_Chavez_0023.jpg,83027e003c22a25ae80cae52b99e86522d58cce8b0acf87aa878b1da66824291,250,250
1579,Hugo_Chavez,test,Hugo_Chavez_0068.jpg,data/evaluation/test/Hugo_Chavez/Hugo_Chavez_0068.jpg,b3a43e5655dc9885fa74bffa256f0290990bb26ac6e8ec617f9c85f9f596fbd6,250,250
1580,Hugo_Chavez,test,Hugo_Chavez_0069.jpg,data/evaluation/test/Hugo_Chavez/Hugo_Chavez_0069.jpg,91bb2c48c355054cb42e1e878c52aea350c4cc03962bf47757e4551f79ed95c4,250,250
1581,Hugo_Chavez,test,Hugo_Chavez_0015.jpg,data/evaluation/test/Hugo_Chavez/Hugo_Chavez_0015.jpg,5d3e7785f439c3c023e7846fdcbad6d768f184ef215240687b7d647c5eb4f8be,250,250
1582,Hugo_Chavez,test,Hugo_Chavez_0031.jpg,data/evaluation/test/Hugo_Chavez/Hugo_Chavez_0031.jpg,bbdfd40c32be8dd83575f90d7633837d97793e4e76d1b9041b42126f7339f9eb,250,250
1583,Hugo_Chavez,test,Hugo_Chavez_0043.jpg,data/evaluation/test/Hugo_Chavez/Hugo_Chavez_0043.jpg,bdb1dc9201f2b30adfd0f5ff5313edba5a516802e97c1afc5eadcd86ab707ccd,250,250
1584,Hugo_Chavez,test,Hugo_Chavez_0010.jpg,data/evaluation/test/Hugo_Chavez/Hugo_Chavez_0010.jpg,c61d6b3e7bfded1715c64de3454730aac36b6a254957b8a925be457858ec2495,250,250
1585,Hugo_Chavez,test,Hugo_Chavez_0064.jpg,data/evaluation/test/Hugo_Chavez/Hugo_Chavez_0064.jpg,fdf0c2fe5514dc44feaf38878d48d864b62a3bd3cdf80db4680e04f85997971c,250,250
1586,Hugo_Chavez,test,Hugo_Chavez_0033.jpg,data/evaluation/test/Hugo_Chavez/Hugo_Chavez_0033.jpg,869ed104078b8e6ac3777c62ce8485a63869f5a75ec7a0780833811353799bea,250,250
1587,Hugo_Chavez,test,Hugo_Chavez_0067.jpg,data/evaluation/test/Hugo_Chavez/Hugo_Chavez_0067.jpg,4cab5587fdabab4d562f64ef8ea0b0d1cd153ad489f2851663ca5fefd66a7bcf,250,250
1588,Hugo_Chavez,test,Hugo_Chavez_0014.jpg,data/evaluation/test/Hugo_Chavez/Hugo_Chavez_0014.jpg,7750169b3258706590ee56633bfbb4c401948a3a59e08d673f9b6716c7ad90ae,250,250
1589,Hugo_Chavez,test,Hugo_Chavez_0070.jpg,data/evaluation/test/Hugo_Chavez/Hugo_Chavez_0070.jpg,c86bf04ced77111163cf0d210cd5201f4f40020696e735b5efd4e641e8128984,250,250
1590,Hugo_Chavez,test,Hugo_Chavez_0040.jpg,data/evaluation/test/Hugo_Chavez/Hugo_Chavez_0040.jpg,328f3f2aaedd0f502afb220c148072d8853eed2d01a13d90bedf4cb943dd421f,250,250
1591,Hugo_Chavez,test,Hugo_Chavez_0037.jpg,data/evaluation/test/Hugo_Chavez/Hugo_Chavez_0037.jpg,3991a356547a3910c5dd102a65111959798726b3518bcf655b04f88464ea83e0,250,250
1592,Hugo_Chavez,test,Hugo_Chavez_0007.jpg,data/evaluation/test/Hugo_Chavez/Hugo_Chavez_0007.jpg,0ba45c1408d5d5316e34463d64b9d931e90014e94d2de120559c612ff7bd40cd,250,250
1593,Hugo_Chavez,test,Hugo_Chavez_0055.jpg,data/evaluation/test/Hugo_Chavez/Hugo_Chavez_0055.jpg,e32496ca46fe53ca7dc0a4d48baaae5446aff1cd84247d0dce11d964fb348937,250,250
1594,Hugo_Chavez,test,Hugo_Chavez_0046.jpg,data/evaluation/test/Hugo_Chavez/Hugo_Chavez_0046.jpg,4391adf96bc12832cc017f5ddf86d485115490ba57678397f939d8107317d1ff,250,250
1595,Hugo_Chavez,test,Hugo_Chavez_0053.jpg,data/evaluation/test/Hugo_Chavez/Hugo_Chavez_0053.jpg,afb8a367067b7b9decb6deae78fc5004ea12c86213ef3d1952d01f8828e94a96,250,250
1596,Igor_Ivanov,enrollment,Igor_Ivanov_0001.jpg,data/evaluation/enrollment/Igor_Ivanov/Igor_Ivanov_0001.jpg,a07b19a89b5247626ff528915d6d760d273755a79ce0e1fb10ddc25d8fb0bb91,250,250
1597,Igor_Ivanov,enrollment,Igor_Ivanov_0008.jpg,data/evaluation/enrollment/Igor_Ivanov/Igor_Ivanov_0008.jpg,5a40f6015b77080556cfd9cf5aaecd32a4fe12a24be67f0c691cfe417a6c43e4,250,250
1598,Igor_Ivanov,validation,Igor_Ivanov_0012.jpg,data/evaluation/validation/Igor_Ivanov/Igor_Ivanov_0012.jpg,e1ed12e3c2439cf6ec2ebd885fc6d963cf1771e82165ceae889dbfcde60a9558,250,250
1599,Igor_Ivanov,validation,Igor_Ivanov_0013.jpg,data/evaluation/validation/Igor_Ivanov/Igor_Ivanov_0013.jpg,104203877c438a11b3efdac334757bc78f2409e23e51bdfbb2ae962dde9ff135,250,250
1600,Igor_Ivanov,validation,Igor_Ivanov_0018.jpg,data/evaluation/validation/Igor_Ivanov/Igor_Ivanov_0018.jpg,56abafc4a6bfc03dee02e909bf9883b82e68f564c062761372d0c74849d5a796,250,250
1601,Igor_Ivanov,validation,Igor_Ivanov_0010.jpg,data/evaluation/validation/Igor_Ivanov/Igor_Ivanov_0010.jpg,ad4e1c4e791f0712faf6885b1c681b3a2b07ca3892e4e97f6cede4e890349617,250,250
1602,Igor_Ivanov,validation,Igor_Ivanov_0003.jpg,data/evaluation/validation/Igor_Ivanov/Igor_Ivanov_0003.jpg,f8650385234104b31d57441037b73baef6a4d22cfd8caaaaf73bc7e8dd31050d,250,250
1603,Igor_Ivanov,validation,Igor_Ivanov_0011.jpg,data/evaluation/validation/Igor_Ivanov/Igor_Ivanov_0011.jpg,338cc9b3f8077d8bfe8d51a9d5896f2a73f35a50894a06d9be701b1d39da5ca9,250,250
1604,Igor_Ivanov,validation,Igor_Ivanov_0017.jpg,data/evaluation/validation/Igor_Ivanov/Igor_Ivanov_0017.jpg,bcc7f1c0552019f8e36f86924422cb3bac6fa76dc868001c1f9eea2b8f74887d,250,250
1605,Igor_Ivanov,validation,Igor_Ivanov_0006.jpg,data/evaluation/validation/Igor_Ivanov/Igor_Ivanov_0006.jpg,e68dba7a23615c127118df377648bab7e3fee0b9a4e8d55a55bcac13655891ec,250,250
1606,Igor_Ivanov,validation,Igor_Ivanov_0002.jpg,data/evaluation/validation/Igor_Ivanov/Igor_Ivanov_0002.jpg,f1aa620ecb948e57477179d7d9e415a3d106bbab6d57d5a2b4574971696e008a,250,250
1607,Igor_Ivanov,test,Igor_Ivanov_0020.jpg,data/evaluation/test/Igor_Ivanov/Igor_Ivanov_0020.jpg,55e984bc09e56efa1ce1a9ed4ca076b40af4d6fc6ad0e5b0b6d55ecf5078a631,250,250
1608,Igor_Ivanov,test,Igor_Ivanov_0004.jpg,data/evaluation/test/Igor_Ivanov/Igor_Ivanov_0004.jpg,118dcc714e0a959040cf0f99f5635a8ffb6bda3476a49d9a829a886752117a77,250,250
1609,Igor_Ivanov,test,Igor_Ivanov_0005.jpg,data/evaluation/test/Igor_Ivanov/Igor_Ivanov_0005.jpg,334983708c7152788ef076957708ac4232fbc0d0ad2f4ad862594a51d70e05b2,250,250
1610,Igor_Ivanov,test,Igor_Ivanov_0007.jpg,data/evaluation/test/Igor_Ivanov/Igor_Ivanov_0007.jpg,329f0fa850a292da8346c41a47af4369d48646fa3410125cb7679cedd01d28d2,250,250
1611,Igor_Ivanov,test,Igor_Ivanov_0019.jpg,data/evaluation/test/Igor_Ivanov/Igor_Ivanov_0019.jpg,8a5d4a385b24cd04190536c815416d2a1c3e2b5d4acf88e287fdedeb18f71935,250,250
1612,Igor_Ivanov,test,Igor_Ivanov_0016.jpg,data/evaluation/test/Igor_Ivanov/Igor_Ivanov_0016.jpg,ba888d8d5ecf923b33b2a8f87f1d815ebc80a9a16e9dff4e23642041de1046b3,250,250
1613,Igor_Ivanov,test,Igor_Ivanov_0014.jpg,data/evaluation/test/Igor_Ivanov/Igor_Ivanov_0014.jpg,3f0b46463a0e1cf7f2da9128be84c94e5adc1473611dc8871b4d69774f617417,250,250
1614,Igor_Ivanov,test,Igor_Ivanov_0015.jpg,data/evaluation/test/Igor_Ivanov/Igor_Ivanov_0015.jpg,e3efa3d9a179a5067cf8f0504c53658b0709e14cd4b9f17653692198fa1f4bea,250,250
1615,Igor_Ivanov,test,Igor_Ivanov_0009.jpg,data/evaluation/test/Igor_Ivanov/Igor_Ivanov_0009.jpg,f9ce31cd33baf1028ab7272543b402ed54340f1bceb2c67fdbe3f276cf9c8770,250,250
1616,Jack_Straw,enrollment,Jack_Straw_0004.jpg,data/evaluation/enrollment/Jack_Straw/Jack_Straw_0004.jpg,6764e7bfc719e0c228137b5fe5ae8f93573ee8600f32326c531ee2a2e7b0f631,250,250
1617,Jack_Straw,enrollment,Jack_Straw_0026.jpg,data/evaluation/enrollment/Jack_Straw/Jack_Straw_0026.jpg,760878ec11cc269b55f3e224abb053a08ee5b20bb1db1a88e5ab7e4f3e573d98,250,250
1618,Jack_Straw,validation,Jack_Straw_0014.jpg,data/evaluation/validation/Jack_Straw/Jack_Straw_0014.jpg,c4d8de199e8d2872258b6dc01feb8eca6cadf78cb9512851c019cd7e1f5c3ec4,250,250
1619,Jack_Straw,validation,Jack_Straw_0018.jpg,data/evaluation/validation/Jack_Straw/Jack_Straw_0018.jpg,8db902c7d360ed2c041da5be32c6e23ec5e12bce971c0baa188d95078b813f44,250,250
1620,Jack_Straw,validation,Jack_Straw_0015.jpg,data/evaluation/validation/Jack_Straw/Jack_Straw_0015.jpg,85e6dc1aee68fbef53348fcc6bd7f0e220b1551f438119b235e389d4d01d979f,250,250
1621,Jack_Straw,validation,Jack_Straw_0006.jpg,data/evaluation/validation/Jack_Straw/Jack_Straw_0006.jpg,81366e1ada4851b01754f183090c7214420f04016b459b2e60c84cc70c1711b3,250,250
1622,Jack_Straw,validation,Jack_Straw_0019.jpg,data/evaluation/validation/Jack_Straw/Jack_Straw_0019.jpg,ba398fbfe575f42d78f6d1bd6d6b03c2acec59a110dc04934f23dcd42ce3d8cd,250,250
1623,Jack_Straw,validation,Jack_Straw_0016.jpg,data/evaluation/validation/Jack_Straw/Jack_Straw_0016.jpg,f7aeef6f186cd3ed46f4beddca57d3357eb583d4b8378a62898c25209f9e59dc,250,250
1624,Jack_Straw,validation,Jack_Straw_0017.jpg,data/evaluation/validation/Jack_Straw/Jack_Straw_0017.jpg,7490da28085b91a1dafba9c4ad38d03475c297bd1579903870967745d8c6b1cb,250,250
1625,Jack_Straw,validation,Jack_Straw_0003.jpg,data/evaluation/validation/Jack_Straw/Jack_Straw_0003.jpg,fa6a0a9b656ec2f6aeb5863d0e46533713d61b0aa58d1031163bde01e4f11fd8,250,250
1626,Jack_Straw,validation,Jack_Straw_0025.jpg,data/evaluation/validation/Jack_Straw/Jack_Straw_0025.jpg,0561f52c07f1254577cb42f0ecf69406cbdd56f9728888f9cfbbeb4bbe19d641,250,250
1627,Jack_Straw,validation,Jack_Straw_0012.jpg,data/evaluation/validation/Jack_Straw/Jack_Straw_0012.jpg,98379c998600c831bc525a1eba0068339952ac37e5de48d1fb911ec11d70d575,250,250
1628,Jack_Straw,validation,Jack_Straw_0027.jpg,data/evaluation/validation/Jack_Straw/Jack_Straw_0027.jpg,c07c7e84a79318ec84c101afd0dde0c593c5de23280931aafd735876c85d815a,250,250
1629,Jack_Straw,validation,Jack_Straw_0023.jpg,data/evaluation/validation/Jack_Straw/Jack_Straw_0023.jpg,bb59321d1d6e175c4cf2937132d637df82cf0bccb15bb37be2073617c46ee0ed,250,250
1630,Jack_Straw,validation,Jack_Straw_0024.jpg,data/evaluation/validation/Jack_Straw/Jack_Straw_0024.jpg,a411cd1293aa1ae26de09fa60106a46b17d1281e5b612dd4ed91e594dde699ff,250,250
1631,Jack_Straw,test,Jack_Straw_0011.jpg,data/evaluation/test/Jack_Straw/Jack_Straw_0011.jpg,7b6f1512b8a1a8291181a6a47a33c95a78597820e8989b87a4a3b915effd73ae,250,250
1632,Jack_Straw,test,Jack_Straw_0021.jpg,data/evaluation/test/Jack_Straw/Jack_Straw_0021.jpg,fcc58fa7e2b98b5932c4fad83bbbce976c7ce94f9fcae6255162789064602830,250,250
1633,Jack_Straw,test,Jack_Straw_0009.jpg,data/evaluation/test/Jack_Straw/Jack_Straw_0009.jpg,32f1cdf1c991838c45fed362833f99bb0777c3a669f2b81ab786e3d020d08743,250,250
1634,Jack_Straw,test,Jack_Straw_0005.jpg,data/evaluation/test/Jack_Straw/Jack_Straw_0005.jpg,e3ec1567bd579ff67cc9b465cb9d6e94ccb9549858988c047b5a3f79a28f66f7,250,250
1635,Jack_Straw,test,Jack_Straw_0022.jpg,data/evaluation/test/Jack_Straw/Jack_Straw_0022.jpg,8440da7b88a606e7fd3d7de0b270ad4c314c8167f1246c41002974ed3a9648f8,250,250
1636,Jack_Straw,test,Jack_Straw_0010.jpg,data/evaluation/test/Jack_Straw/Jack_Straw_0010.jpg,3e841df3da62efca4fd12a096a2c74fba72cde5bdfe8bfc074e8df4e244c1808,250,250
1637,Jack_Straw,test,Jack_Straw_0007.jpg,data/evaluation/test/Jack_Straw/Jack_Straw_0007.jpg,d612165b2471f17da49b3d9e81ae636e23fa636921deb0feca6d09baf83e2ba9,250,250
1638,Jack_Straw,test,Jack_Straw_0001.jpg,data/evaluation/test/Jack_Straw/Jack_Straw_0001.jpg,7bca47e6f80cf3c87cadb0f7614cd2b2d6f7af4eb97fe9618a3d8849a8824425,250,250
1639,Jack_Straw,test,Jack_Straw_0028.jpg,data/evaluation/test/Jack_Straw/Jack_Straw_0028.jpg,4305c8d4801b45611e117746b1d27c1162281f707a709f635b694978f17ef51f,250,250
1640,Jack_Straw,test,Jack_Straw_0020.jpg,data/evaluation/test/Jack_Straw/Jack_Straw_0020.jpg,a3b603a65b740ba21f71cca703db7c6416bd6dad78cd10d665c55e36a8398b49,250,250
1641,Jack_Straw,test,Jack_Straw_0013.jpg,data/evaluation/test/Jack_Straw/Jack_Straw_0013.jpg,27d63107aa471a3aa103de0cdd639667e8fbae4a7ac2173e953e62a134e843a6,250,250
1642,Jack_Straw,test,Jack_Straw_0008.jpg,data/evaluation/test/Jack_Straw/Jack_Straw_0008.jpg,f7649a431bb99aab6c48e019eb5f9b19a956d7a62f4a5edc2591028a94758b88,250,250
1643,Jack_Straw,test,Jack_Straw_0002.jpg,data/evaluation/test/Jack_Straw/Jack_Straw_0002.jpg,faefbeb60722c11c4d340efba809a136ed4b862824b90455b325c495eefa0ba4,250,250
1644,Jacques_Chirac,enrollment,Jacques_Chirac_0020.jpg,data/evaluation/enrollment/Jacques_Chirac/Jacques_Chirac_0020.jpg,dca2d26758bc64daa20c67f1690177a74dfc06ccbd17357146c0729fb2bc70c4,250,250
1645,Jacques_Chirac,enrollment,Jacques_Chirac_0007.jpg,data/evaluation/enrollment/Jacques_Chirac/Jacques_Chirac_0007.jpg,74878b44730a3717b418d3a4940eb0a569f6192329156c392b20cfe7a592475b,250,250
1646,Jacques_Chirac,validation,Jacques_Chirac_0001.jpg,data/evaluation/validation/Jacques_Chirac/Jacques_Chirac_0001.jpg,ce328bc2c3e180aae4222414c48888b6019e81c4722cde694643e5d2a366b090,250,250
1647,Jacques_Chirac,validation,Jacques_Chirac_0047.jpg,data/evaluation/validation/Jacques_Chirac/Jacques_Chirac_0047.jpg,cdda9a31d45e803db3f55bc097a0ad49a12fcd820069efda5d87dc0f4ac1610a,250,250
1648,Jacques_Chirac,validation,Jacques_Chirac_0012.jpg,data/evaluation/validation/Jacques_Chirac/Jacques_Chirac_0012.jpg,12513560bc89ab831f6385d027dfd9e8e6eb81e47452c070e900815986d7f906,250,250
1649,Jacques_Chirac,validation,Jacques_Chirac_0018.jpg,data/evaluation/validation/Jacques_Chirac/Jacques_Chirac_0018.jpg,f7c853e6a09a03b2c2ac68d85cd209fbd54520738110ca548adb13807f8e816a,250,250
1650,Jacques_Chirac,validation,Jacques_Chirac_0022.jpg,data/evaluation/validation/Jacques_Chirac/Jacques_Chirac_0022.jpg,cf120a5ce4f90e0cae0170843c242303d6f57bba15b2c07b0ca106a9a081484b,250,250
1651,Jacques_Chirac,validation,Jacques_Chirac_0016.jpg,data/evaluation/validation/Jacques_Chirac/Jacques_Chirac_0016.jpg,010820e1e38820fd0c71b2b9964f620184a908817df86e1be22ff28ac57b0380,250,250
1652,Jacques_Chirac,validation,Jacques_Chirac_0029.jpg,data/evaluation/validation/Jacques_Chirac/Jacques_Chirac_0029.jpg,eb45fe71d6dfa188e72a1fda2e295942a330584f3edf3a89a198fa8575823223,250,250
1653,Jacques_Chirac,validation,Jacques_Chirac_0035.jpg,data/evaluation/validation/Jacques_Chirac/Jacques_Chirac_0035.jpg,b42240f8453e81d4511826f0875c35d7d896d87773a0053bf60ade75da20e993,250,250
1654,Jacques_Chirac,validation,Jacques_Chirac_0043.jpg,data/evaluation/validation/Jacques_Chirac/Jacques_Chirac_0043.jpg,ebaeb791484a64b962da95af6f17f6a3297941de4aaf0d1241b8b4fb47a20632,250,250
1655,Jacques_Chirac,validation,Jacques_Chirac_0015.jpg,data/evaluation/validation/Jacques_Chirac/Jacques_Chirac_0015.jpg,6064f9cf93871bf4ec7b4df0992e549e9a3b752b6a1ca919a687a59eb490d0f2,250,250
1656,Jacques_Chirac,validation,Jacques_Chirac_0023.jpg,data/evaluation/validation/Jacques_Chirac/Jacques_Chirac_0023.jpg,da5e2e5e88a2efd35f6dc505593d87703633dc0f032e4523882dc584faf5054d,250,250
1657,Jacques_Chirac,validation,Jacques_Chirac_0009.jpg,data/evaluation/validation/Jacques_Chirac/Jacques_Chirac_0009.jpg,0ffd2983398dc95c5b76648d031d71b7ed8234221d63c9cf446d75998ee492b5,250,250
1658,Jacques_Chirac,validation,Jacques_Chirac_0036.jpg,data/evaluation/validation/Jacques_Chirac/Jacques_Chirac_0036.jpg,fe44930ec00f46bb876712c95237a4b5dda6ec5875f25b35572c1239b1230b0b,250,250
1659,Jacques_Chirac,validation,Jacques_Chirac_0006.jpg,data/evaluation/validation/Jacques_Chirac/Jacques_Chirac_0006.jpg,916287f66fb6d71ff2decea6d047f50a98e52e73786ec5a4c35e971ac4e07ba8,250,250
1660,Jacques_Chirac,validation,Jacques_Chirac_0025.jpg,data/evaluation/validation/Jacques_Chirac/Jacques_Chirac_0025.jpg,23a16017e59eca6032463985a9c388b25a9d524a11a3258dceaa6a16a53c8f38,250,250
1661,Jacques_Chirac,validation,Jacques_Chirac_0040.jpg,data/evaluation/validation/Jacques_Chirac/Jacques_Chirac_0040.jpg,4550bff30a3f6dfa1f4498bd3688382d30c0331817336589b73a7e23accb52de,250,250
1662,Jacques_Chirac,validation,Jacques_Chirac_0034.jpg,data/evaluation/validation/Jacques_Chirac/Jacques_Chirac_0034.jpg,6962bbb5c61e11dc3b098ae64241dfa0b5a4882f262bb490db3835f0bba409c1,250,250
1663,Jacques_Chirac,validation,Jacques_Chirac_0010.jpg,data/evaluation/validation/Jacques_Chirac/Jacques_Chirac_0010.jpg,0d26b29160bb2c003bf6db832aeb181fb87e54bf9e6b29c713862b329a619ff0,250,250
1664,Jacques_Chirac,validation,Jacques_Chirac_0032.jpg,data/evaluation/validation/Jacques_Chirac/Jacques_Chirac_0032.jpg,0efe5568e4b74b4225aa612501faed67fa84b2b060bb87266a02726e12ca06ea,250,250
1665,Jacques_Chirac,validation,Jacques_Chirac_0031.jpg,data/evaluation/validation/Jacques_Chirac/Jacques_Chirac_0031.jpg,90cd938084a714d28e9b46cb7ad12876b071740da00f3d5dcf21fadefb2a1340,250,250
1666,Jacques_Chirac,validation,Jacques_Chirac_0017.jpg,data/evaluation/validation/Jacques_Chirac/Jacques_Chirac_0017.jpg,43d5b9d019b365b9315a4077a2575f3fed4669611e666dffb885cff6357cf192,250,250
1667,Jacques_Chirac,validation,Jacques_Chirac_0013.jpg,data/evaluation/validation/Jacques_Chirac/Jacques_Chirac_0013.jpg,1004e56a56e9ed41586e98192f12f394168f13dd953c3d68156310c1ec830f74,250,250
1668,Jacques_Chirac,validation,Jacques_Chirac_0039.jpg,data/evaluation/validation/Jacques_Chirac/Jacques_Chirac_0039.jpg,f5a12d46559e299cea8e84c22c50743b8540ddf1bb5765609190e920ad01106f,250,250
1669,Jacques_Chirac,validation,Jacques_Chirac_0033.jpg,data/evaluation/validation/Jacques_Chirac/Jacques_Chirac_0033.jpg,24e4aa5e92759383a2d0bbe70716a7c654e5fcd2a7cfda1d61246a76dd3adf48,250,250
1670,Jacques_Chirac,validation,Jacques_Chirac_0038.jpg,data/evaluation/validation/Jacques_Chirac/Jacques_Chirac_0038.jpg,c2773b4b190a1e8ed441641306d7ea2e871bc69b2790df2cd6662a8cf4c3025e,250,250
1671,Jacques_Chirac,test,Jacques_Chirac_0004.jpg,data/evaluation/test/Jacques_Chirac/Jacques_Chirac_0004.jpg,39e9ee82e993b5eb9f0b213e6eeebe3e2ab515eeb0d599605a5bf1d0c967ce43,250,250
1672,Jacques_Chirac,test,Jacques_Chirac_0044.jpg,data/evaluation/test/Jacques_Chirac/Jacques_Chirac_0044.jpg,0c4ebdca9cb4bc6f5e3a1dfb409e32faa24400b42f43b6ecfdf86aa80a8f76d4,250,250
1673,Jacques_Chirac,test,Jacques_Chirac_0014.jpg,data/evaluation/test/Jacques_Chirac/Jacques_Chirac_0014.jpg,a1ad46c45064cf4532b048dcf226b28881ca40d760843bb595c3aa4e157a7841,250,250
1674,Jacques_Chirac,test,Jacques_Chirac_0051.jpg,data/evaluation/test/Jacques_Chirac/Jacques_Chirac_0051.jpg,de30be0def65f591cf10cab9fa689a54e49db17f71b35b57d59629e4c252d691,250,250
1675,Jacques_Chirac,test,Jacques_Chirac_0024.jpg,data/evaluation/test/Jacques_Chirac/Jacques_Chirac_0024.jpg,ef3b9641e9f1891782e7fc55568acaa2a856315ed840851b448cd4ba4032e6b8,250,250
1676,Jacques_Chirac,test,Jacques_Chirac_0052.jpg,data/evaluation/test/Jacques_Chirac/Jacques_Chirac_0052.jpg,bd21e71cac580f8efd9b32869e03f117e73e765598fc0a56faec2abaea074256,250,250
1677,Jacques_Chirac,test,Jacques_Chirac_0011.jpg,data/evaluation/test/Jacques_Chirac/Jacques_Chirac_0011.jpg,4bd245f204f8dd65b5e73f374f7dfdd3c4ecbc79aade41d35d2e742a9d75d99e,250,250
1678,Jacques_Chirac,test,Jacques_Chirac_0046.jpg,data/evaluation/test/Jacques_Chirac/Jacques_Chirac_0046.jpg,efb5adfc17487f2370b941c3da736bec110276ab4adf25e175ad639de0518c65,250,250
1679,Jacques_Chirac,test,Jacques_Chirac_0049.jpg,data/evaluation/test/Jacques_Chirac/Jacques_Chirac_0049.jpg,8614b42323b69800a5937218789f3493b6a1303493b2cbfe3039b3cd758ebc82,250,250
1680,Jacques_Chirac,test,Jacques_Chirac_0042.jpg,data/evaluation/test/Jacques_Chirac/Jacques_Chirac_0042.jpg,dbbf52acd29d418498f7746a5d84d17286cd8322a322db0c20b217cd00666031,250,250
1681,Jacques_Chirac,test,Jacques_Chirac_0008.jpg,data/evaluation/test/Jacques_Chirac/Jacques_Chirac_0008.jpg,41facfcffcb6f5ef94484deef0dcfdf1c332946f05a52c0c2863e7afa21b58d2,250,250
1682,Jacques_Chirac,test,Jacques_Chirac_0019.jpg,data/evaluation/test/Jacques_Chirac/Jacques_Chirac_0019.jpg,df55caf8d603d8df565956f02bd13f08f7bdd8ca38b8967f14b390068672d939,250,250
1683,Jacques_Chirac,test,Jacques_Chirac_0027.jpg,data/evaluation/test/Jacques_Chirac/Jacques_Chirac_0027.jpg,c49daff4e9f388323f0edc57b23e6dc6a8e1f1416de4f3a014ae5f1972aafe46,250,250
1684,Jacques_Chirac,test,Jacques_Chirac_0041.jpg,data/evaluation/test/Jacques_Chirac/Jacques_Chirac_0041.jpg,779060147d7c758d99447798d1d8fa7bbfb2d46f9867cba3e29bf6c89fb2afec,250,250
1685,Jacques_Chirac,test,Jacques_Chirac_0026.jpg,data/evaluation/test/Jacques_Chirac/Jacques_Chirac_0026.jpg,41169c317a97645cacb2f7ddec20928b89bbfabee48a0b974534d899b36693e6,250,250
1686,Jacques_Chirac,test,Jacques_Chirac_0045.jpg,data/evaluation/test/Jacques_Chirac/Jacques_Chirac_0045.jpg,b4e7466b4fc18fdd74239482f427c3bc67239ffc79ccb8349d579bc1c1a3a063,250,250
1687,Jacques_Chirac,test,Jacques_Chirac_0050.jpg,data/evaluation/test/Jacques_Chirac/Jacques_Chirac_0050.jpg,00b28cb802dcf24b737367425605770d8f092a1fbef5256abe004ddf4d5a55b6,250,250
1688,Jacques_Chirac,test,Jacques_Chirac_0037.jpg,data/evaluation/test/Jacques_Chirac/Jacques_Chirac_0037.jpg,ddfe50c3e13c04db5a1b5c3bcd01a4175328a37750406ed9572dbbbe3b5fb371,250,250
1689,Jacques_Chirac,test,Jacques_Chirac_0021.jpg,data/evaluation/test/Jacques_Chirac/Jacques_Chirac_0021.jpg,a339e7c486453fd0763b89e3726b40d7fa287b218d788d2faa3dd7b07cc5d959,250,250
1690,Jacques_Chirac,test,Jacques_Chirac_0005.jpg,data/evaluation/test/Jacques_Chirac/Jacques_Chirac_0005.jpg,891141e282a2a3edc508c0ef88a21f7c2eec96926b0bb3fd0e84ece8b2bb85d9,250,250
1691,Jacques_Chirac,test,Jacques_Chirac_0030.jpg,data/evaluation/test/Jacques_Chirac/Jacques_Chirac_0030.jpg,f13b226215ab9e072c02f1c40d1e9202c115e1141c2a90dcd4a57f41a0441870,250,250
1692,Jacques_Chirac,test,Jacques_Chirac_0002.jpg,data/evaluation/test/Jacques_Chirac/Jacques_Chirac_0002.jpg,cf7ead683fc617dab4ee445fbce9a9eb7ad04ce13083016697f0e695f63bf149,250,250
1693,Jacques_Chirac,test,Jacques_Chirac_0028.jpg,data/evaluation/test/Jacques_Chirac/Jacques_Chirac_0028.jpg,5a7eaa45a5252ccf7907c738827dd960f7c10793e2ad84d5c766e6993675ff9c,250,250
1694,Jacques_Chirac,test,Jacques_Chirac_0003.jpg,data/evaluation/test/Jacques_Chirac/Jacques_Chirac_0003.jpg,57a1f79e4f8465c0691f459ee7671997e1be868d326f74ead625e39aff68c880,250,250
1695,Jacques_Chirac,test,Jacques_Chirac_0048.jpg,data/evaluation/test/Jacques_Chirac/Jacques_Chirac_0048.jpg,3ed7a939617d22672ae67e5af03a5d4e870042ef713f81fe7fe41d1f189edddd,250,250
1696,Jean_Chretien,enrollment,Jean_Chretien_0054.jpg,data/evaluation/enrollment/Jean_Chretien/Jean_Chretien_0054.jpg,28b5a796088b35ebf64a9053d96518f172a541894fd00d8ef79bf9f0425d3966,250,250
1697,Jean_Chretien,enrollment,Jean_Chretien_0006.jpg,data/evaluation/enrollment/Jean_Chretien/Jean_Chretien_0006.jpg,8c530e4c340a66e0b89de5d277fa871718d238142118afe3aac68067381bdd60,250,250
1698,Jean_Chretien,validation,Jean_Chretien_0023.jpg,data/evaluation/validation/Jean_Chretien/Jean_Chretien_0023.jpg,14c30f449b9eefe100bea952d0a2129b74faa4f8c665d00d49d9144998de3434,250,250
1699,Jean_Chretien,validation,Jean_Chretien_0004.jpg,data/evaluation/validation/Jean_Chretien/Jean_Chretien_0004.jpg,210de654d32623669e8c444359058fcb87b234989e63c6343cb28e256bc33274,250,250
1700,Jean_Chretien,validation,Jean_Chretien_0001.jpg,data/evaluation/validation/Jean_Chretien/Jean_Chretien_0001.jpg,aaa1a0d5ac0e261e1a86a1b8cd581c20a0fa2a1651a7c4953a8d7fdc9a2b55eb,250,250
1701,Jean_Chretien,validation,Jean_Chretien_0014.jpg,data/evaluation/validation/Jean_Chretien/Jean_Chretien_0014.jpg,36094fd3ba6afc1a1d626f062fe6a867a07f24a1b8bff7af21af69850c8e2729,250,250
1702,Jean_Chretien,validation,Jean_Chretien_0034.jpg,data/evaluation/validation/Jean_Chretien/Jean_Chretien_0034.jpg,e59509f53e9b387823133e9be17e826e1e72b3b16cd88b1fa60c350cf1ba4f9d,250,250
1703,Jean_Chretien,validation,Jean_Chretien_0008.jpg,data/evaluation/validation/Jean_Chretien/Jean_Chretien_0008.jpg,8fc47d605c8d1472f587dc5767654f204e452b0cd90c2346e6a50be43656e5c9,250,250
1704,Jean_Chretien,validation,Jean_Chretien_0007.jpg,data/evaluation/validation/Jean_Chretien/Jean_Chretien_0007.jpg,0c6f625ac054bdf94c8410b0afa246fb23d38516fd1eb3676d6fe7688ca2f389,250,250
1705,Jean_Chretien,validation,Jean_Chretien_0028.jpg,data/evaluation/validation/Jean_Chretien/Jean_Chretien_0028.jpg,2e9ccbfe674ae551c35f2b38e5b0f77ed0db1bdb884ad60a03647933173f8780,250,250
1706,Jean_Chretien,validation,Jean_Chretien_0024.jpg,data/evaluation/validation/Jean_Chretien/Jean_Chretien_0024.jpg,9609eeccdc9cd3d2a37d49cc8c7530fb8086b2d0d3fc6ccf167d673495e6f035,250,250
1707,Jean_Chretien,validation,Jean_Chretien_0016.jpg,data/evaluation/validation/Jean_Chretien/Jean_Chretien_0016.jpg,b70a4ba1c0db189b66987f9101cb16788efc35f8aa64385f3aa8ae3b62034338,250,250
1708,Jean_Chretien,validation,Jean_Chretien_0020.jpg,data/evaluation/validation/Jean_Chretien/Jean_Chretien_0020.jpg,c2f903abddc4feac638b59e84882904be09a114a42db04ec446dd542f439da40,250,250
1709,Jean_Chretien,validation,Jean_Chretien_0011.jpg,data/evaluation/validation/Jean_Chretien/Jean_Chretien_0011.jpg,5f8c02feb3912f4937eb4cd728338318324504513fa7e97919a98457eb2f7706,250,250
1710,Jean_Chretien,validation,Jean_Chretien_0018.jpg,data/evaluation/validation/Jean_Chretien/Jean_Chretien_0018.jpg,463a9398a7d577f2fd35f91ab0532e2593302c1e1770e2835a4472e1b158930c,250,250
1711,Jean_Chretien,validation,Jean_Chretien_0022.jpg,data/evaluation/validation/Jean_Chretien/Jean_Chretien_0022.jpg,5949d2c76fc4abcd10889660b876371fae4326e984cb9cfabd3a8dfcf69c19bb,250,250
1712,Jean_Chretien,validation,Jean_Chretien_0025.jpg,data/evaluation/validation/Jean_Chretien/Jean_Chretien_0025.jpg,3a055d9cbf4aeee99b7c0dfeafee15914e497c0b82745e03aed2045d6a1d38ad,250,250
1713,Jean_Chretien,validation,Jean_Chretien_0027.jpg,data/evaluation/validation/Jean_Chretien/Jean_Chretien_0027.jpg,90ec010d517bb5e5c121e1014180f58629e5abe012bd0f07469318a1a0a27f3c,250,250
1714,Jean_Chretien,validation,Jean_Chretien_0044.jpg,data/evaluation/validation/Jean_Chretien/Jean_Chretien_0044.jpg,28beefb1a651fbcf1d6016308600ed66aa80578f7e254646e698046e86179b92,250,250
1715,Jean_Chretien,validation,Jean_Chretien_0033.jpg,data/evaluation/validation/Jean_Chretien/Jean_Chretien_0033.jpg,0cb5901dc92cf7acd4bf8d30c171e38efa2e944cd5f590dbcdf171b91b18c212,250,250
1716,Jean_Chretien,validation,Jean_Chretien_0015.jpg,data/evaluation/validation/Jean_Chretien/Jean_Chretien_0015.jpg,cf243c8f8163b034644393a12f036109771fb8b4438bc0a3478b17d9ab3ae345,250,250
1717,Jean_Chretien,validation,Jean_Chretien_0043.jpg,data/evaluation/validation/Jean_Chretien/Jean_Chretien_0043.jpg,e95992cf241c76e2c9e71f44df4d2a8e0a5091f83304878ba3eb10780f25a5b7,250,250
1718,Jean_Chretien,validation,Jean_Chretien_0003.jpg,data/evaluation/validation/Jean_Chretien/Jean_Chretien_0003.jpg,79a66347cab3f1385d3bd2c0a66d00f9aba4cf5b4b741968db1ad499a2736377,250,250
1719,Jean_Chretien,validation,Jean_Chretien_0055.jpg,data/evaluation/validation/Jean_Chretien/Jean_Chretien_0055.jpg,a6ff871dc9668cb8a4f9d72326b01363aca97930b0b5a67cd9595e4c815c93b2,250,250
1720,Jean_Chretien,validation,Jean_Chretien_0046.jpg,data/evaluation/validation/Jean_Chretien/Jean_Chretien_0046.jpg,5409919172fdc4c0cf3e420601bff09eac7f67a4d83eba691d0a112f45531c46,250,250
1721,Jean_Chretien,validation,Jean_Chretien_0002.jpg,data/evaluation/validation/Jean_Chretien/Jean_Chretien_0002.jpg,f56fb4d9e44fbf828c80c1edb463ea41fc70534ddbcffca7bfd5be534f511cfd,250,250
1722,Jean_Chretien,validation,Jean_Chretien_0019.jpg,data/evaluation/validation/Jean_Chretien/Jean_Chretien_0019.jpg,d581840e579ad0e5b60ca080fb60413ab72a54e828032adde9b63c1e8983776e,250,250
1723,Jean_Chretien,validation,Jean_Chretien_0009.jpg,data/evaluation/validation/Jean_Chretien/Jean_Chretien_0009.jpg,f76507cd9e4c5df966c239b3e780eeaa26079b3fa09bc2b0b8a624b097edbd10,250,250
1724,Jean_Chretien,test,Jean_Chretien_0026.jpg,data/evaluation/test/Jean_Chretien/Jean_Chretien_0026.jpg,50273e390132921ec1a94d70e4fd255e87bcd8348409537128c9a3b3b1d2232b,250,250
1725,Jean_Chretien,test,Jean_Chretien_0036.jpg,data/evaluation/test/Jean_Chretien/Jean_Chretien_0036.jpg,0ff160ca9b623dca0bd6c7bfbf3bf9df6fe8eff5323e45f27b5451ea56566288,250,250
1726,Jean_Chretien,test,Jean_Chretien_0052.jpg,data/evaluation/test/Jean_Chretien/Jean_Chretien_0052.jpg,129a4506fbc8faa75508d2909b59b2beaeca1fba111ab52e0105b7559e19540f,250,250
1727,Jean_Chretien,test,Jean_Chretien_0035.jpg,data/evaluation/test/Jean_Chretien/Jean_Chretien_0035.jpg,e9a604fcbb813899be6226627c3414eca3780e7502ea42c61ca1530bb09dac96,250,250
1728,Jean_Chretien,test,Jean_Chretien_0031.jpg,data/evaluation/test/Jean_Chretien/Jean_Chretien_0031.jpg,43cede988d04f0b9270b69bfa50b3b1558fcb44d8edde498507d26ee8437428f,250,250
1729,Jean_Chretien,test,Jean_Chretien_0047.jpg,data/evaluation/test/Jean_Chretien/Jean_Chretien_0047.jpg,5ced84a9a8ee62a5f04ef7d91bdc6c62fb06c0f9b68cce1f8e0aa9b71b3ac7d8,250,250
1730,Jean_Chretien,test,Jean_Chretien_0040.jpg,data/evaluation/test/Jean_Chretien/Jean_Chretien_0040.jpg,a86f9d1f3dca8c06ca4584cec23625254e3be0b63d3a209a2177e33e34d1a229,250,250
1731,Jean_Chretien,test,Jean_Chretien_0051.jpg,data/evaluation/test/Jean_Chretien/Jean_Chretien_0051.jpg,aedc7c0323500bf22a1b64dea14877cec207a80a8016ef6e7cedb36fe006f35e,250,250
1732,Jean_Chretien,test,Jean_Chretien_0045.jpg,data/evaluation/test/Jean_Chretien/Jean_Chretien_0045.jpg,7b3a4b82418da210edb58f22a6c0acaccdde0d6a909c66cb26011fd8bcee7835,250,250
1733,Jean_Chretien,test,Jean_Chretien_0021.jpg,data/evaluation/test/Jean_Chretien/Jean_Chretien_0021.jpg,5268b520187c9a47758ad49f0a5c0c01ff727727617e2bc225f4fa17b08a68c2,250,250
1734,Jean_Chretien,test,Jean_Chretien_0048.jpg,data/evaluation/test/Jean_Chretien/Jean_Chretien_0048.jpg,28834bf02f41315f0f9a1d7f6cafbfdb972714c546c4f1defb2de95809b35578,250,250
1735,Jean_Chretien,test,Jean_Chretien_0029.jpg,data/evaluation/test/Jean_Chretien/Jean_Chretien_0029.jpg,5afe81a6d625b7977138a591ecd1664a9619cbbc8ee9498138c8acac33ff6d58,250,250
1736,Jean_Chretien,test,Jean_Chretien_0038.jpg,data/evaluation/test/Jean_Chretien/Jean_Chretien_0038.jpg,5afa50e76820fa2c45426deeed64832d2dce533a942ba2577f6407bcd3b3e0db,250,250
1737,Jean_Chretien,test,Jean_Chretien_0037.jpg,data/evaluation/test/Jean_Chretien/Jean_Chretien_0037.jpg,b996a51c49f62dd47de20fa6550b51cc3b3499b7adf3d852b3c41230952ca421,250,250
1738,Jean_Chretien,test,Jean_Chretien_0030.jpg,data/evaluation/test/Jean_Chretien/Jean_Chretien_0030.jpg,4bb2f1033f52886efddee83286b8e9bab393d50c19066a403ac41c300a6037e8,250,250
1739,Jean_Chretien,test,Jean_Chretien_0032.jpg,data/evaluation/test/Jean_Chretien/Jean_Chretien_0032.jpg,3fbd78024fc59b6a27cf8e09e416f70bee39b9704b579e7f5686a297e74f2abd,250,250
1740,Jean_Chretien,test,Jean_Chretien_0041.jpg,data/evaluation/test/Jean_Chretien/Jean_Chretien_0041.jpg,5a67a2343df23daa9c1632fa9960a88cc67dfaa408655103e4cc4bf1c295655b,250,250
1741,Jean_Chretien,test,Jean_Chretien_0053.jpg,data/evaluation/test/Jean_Chretien/Jean_Chretien_0053.jpg,34844c783178b6dde8db9776f8ad9026b42bf05b802380bb4c36b2b1339d15e3,250,250
1742,Jean_Chretien,test,Jean_Chretien_0005.jpg,data/evaluation/test/Jean_Chretien/Jean_Chretien_0005.jpg,fc767d23d55be8bda699e388762aa7e316d1a96a0854887696d9233153119abf,250,250
1743,Jean_Chretien,test,Jean_Chretien_0042.jpg,data/evaluation/test/Jean_Chretien/Jean_Chretien_0042.jpg,d80363a86cea5d5f5604bbd7f3a0f22981757ee37e7da43ec56214c880d68f75,250,250
1744,Jean_Chretien,test,Jean_Chretien_0050.jpg,data/evaluation/test/Jean_Chretien/Jean_Chretien_0050.jpg,6c3e21e90f9cdd26168f4ac8ff2e9d80f63175caf40c84c70f382941f867c048,250,250
1745,Jean_Chretien,test,Jean_Chretien_0049.jpg,data/evaluation/test/Jean_Chretien/Jean_Chretien_0049.jpg,740dc296d618fb7d66dd76840f8b5d9276db269f29d11ab91b52cf63e85985dd,250,250
1746,Jean_Chretien,test,Jean_Chretien_0010.jpg,data/evaluation/test/Jean_Chretien/Jean_Chretien_0010.jpg,662f3d4cb5006f873e803cf74885b3f9125c6111722a986c2276bad522a6e1b4,250,250
1747,Jean_Chretien,test,Jean_Chretien_0039.jpg,data/evaluation/test/Jean_Chretien/Jean_Chretien_0039.jpg,b276c3ed524ddb6fb8e5b1d50438ef61263c87621aac37ae791d71bcb12d3488,250,250
1748,Jean_Chretien,test,Jean_Chretien_0012.jpg,data/evaluation/test/Jean_Chretien/Jean_Chretien_0012.jpg,45e8598eef121c28bb13b5740bf06c211216949c11198b11b803b4484e34d73a,250,250
1749,Jean_Chretien,test,Jean_Chretien_0013.jpg,data/evaluation/test/Jean_Chretien/Jean_Chretien_0013.jpg,cf91e4acf1aa427d848174b657a2b24ef63328ec6690a15d6042d4f04139b1e4,250,250
1750,Jean_Chretien,test,Jean_Chretien_0017.jpg,data/evaluation/test/Jean_Chretien/Jean_Chretien_0017.jpg,a6ec95146c14f0f8ddad99f436136247e6da146d9871228a786a0b1940de30bc,250,250
1751,Jennifer_Aniston,enrollment,Jennifer_Aniston_0007.jpg,data/evaluation/enrollment/Jennifer_Aniston/Jennifer_Aniston_0007.jpg,9c6b86c1094cae6bf5d15aac7204c482beadc82482f719a05fccd2d77bd45ee6,250,250
1752,Jennifer_Aniston,enrollment,Jennifer_Aniston_0015.jpg,data/evaluation/enrollment/Jennifer_Aniston/Jennifer_Aniston_0015.jpg,1bcd308a6f0d0063f3f22ccb7cd565ab9976662cb7c5949e31b3db7d7eeed85c,250,250
1753,Jennifer_Aniston,validation,Jennifer_Aniston_0010.jpg,data/evaluation/validation/Jennifer_Aniston/Jennifer_Aniston_0010.jpg,dc435a84414e7992255d76cf7cd60bf08d4bf71fb0accaa03091316b77c973df,250,250
1754,Jennifer_Aniston,validation,Jennifer_Aniston_0018.jpg,data/evaluation/validation/Jennifer_Aniston/Jennifer_Aniston_0018.jpg,a3d36c66a089c33f8843aafca3f0c3751b1e9bf6c59fd8e0fe1fdcd69aa9b159,250,250
1755,Jennifer_Aniston,validation,Jennifer_Aniston_0004.jpg,data/evaluation/validation/Jennifer_Aniston/Jennifer_Aniston_0004.jpg,895412add5662e86050aa1b499ce2d93cd2600799ee1e42fcdcfcd603da3ba1f,250,250
1756,Jennifer_Aniston,validation,Jennifer_Aniston_0012.jpg,data/evaluation/validation/Jennifer_Aniston/Jennifer_Aniston_0012.jpg,3257802d04c7912e312742a0f2741609e37345fe3a0b7e616bfaa3778fd93edf,250,250
1757,Jennifer_Aniston,validation,Jennifer_Aniston_0021.jpg,data/evaluation/validation/Jennifer_Aniston/Jennifer_Aniston_0021.jpg,fbea331cea4e228fbb37b7911051c5768fa2457d34a82d059ad5c467fdd2408a,250,250
1758,Jennifer_Aniston,validation,Jennifer_Aniston_0001.jpg,data/evaluation/validation/Jennifer_Aniston/Jennifer_Aniston_0001.jpg,fc0b66fa69d1b1834b41ce2c151e386391a5053405b0f41e012c41371ab329f2,250,250
1759,Jennifer_Aniston,validation,Jennifer_Aniston_0003.jpg,data/evaluation/validation/Jennifer_Aniston/Jennifer_Aniston_0003.jpg,ab5516922e69dbd9679df95c8b9d1982b0f57b0435e4fa2aa3b3767fd5c543a2,250,250
1760,Jennifer_Aniston,validation,Jennifer_Aniston_0009.jpg,data/evaluation/validation/Jennifer_Aniston/Jennifer_Aniston_0009.jpg,467f8e0bdbc094e1bf75e494c6d08f781f710898b89d91ce5bf7a185ac70c9d8,250,250
1761,Jennifer_Aniston,validation,Jennifer_Aniston_0014.jpg,data/evaluation/validation/Jennifer_Aniston/Jennifer_Aniston_0014.jpg,748d5c429affd4ac3e6e2d58edae9f212c95e8d905828aab7e93cfac03d98e8f,250,250
1762,Jennifer_Aniston,test,Jennifer_Aniston_0006.jpg,data/evaluation/test/Jennifer_Aniston/Jennifer_Aniston_0006.jpg,41c00262b2da88c8669ee359ef5a8e944e4aab83509cf0276a56787f67a6e73d,250,250
1763,Jennifer_Aniston,test,Jennifer_Aniston_0013.jpg,data/evaluation/test/Jennifer_Aniston/Jennifer_Aniston_0013.jpg,76c0e9e05c8bea8f76ce9b9890e051d45a2a9e3d1bee83e85f1bc8527c3c2f50,250,250
1764,Jennifer_Aniston,test,Jennifer_Aniston_0019.jpg,data/evaluation/test/Jennifer_Aniston/Jennifer_Aniston_0019.jpg,f969b2430178c28210549fc201c6c75743925e5eed004f284d82861c8b87871b,250,250
1765,Jennifer_Aniston,test,Jennifer_Aniston_0008.jpg,data/evaluation/test/Jennifer_Aniston/Jennifer_Aniston_0008.jpg,bdda3d2ccd7ec7de060318a70d74737d6a0c14a6d03dedcd78b859b0ee2ba17a,250,250
1766,Jennifer_Aniston,test,Jennifer_Aniston_0002.jpg,data/evaluation/test/Jennifer_Aniston/Jennifer_Aniston_0002.jpg,e71dcd3e707b9754229d315bbe8da6c050efbf73b44f66b35e19a01a32133cb8,250,250
1767,Jennifer_Aniston,test,Jennifer_Aniston_0005.jpg,data/evaluation/test/Jennifer_Aniston/Jennifer_Aniston_0005.jpg,888dfb13313f31503dace7c6c006b5ab7ed8f6320a3abeaf95547ad8fdd3d7d3,250,250
1768,Jennifer_Aniston,test,Jennifer_Aniston_0017.jpg,data/evaluation/test/Jennifer_Aniston/Jennifer_Aniston_0017.jpg,67e13743ed7988f432ad5c3bff9d8505c8b03a79388bd47106969396ba85c3b9,250,250
1769,Jennifer_Aniston,test,Jennifer_Aniston_0016.jpg,data/evaluation/test/Jennifer_Aniston/Jennifer_Aniston_0016.jpg,2209328a71487b179a23b8d886f038fab69ff4731c1ba6a8e0e995b982bf1450,250,250
1770,Jennifer_Aniston,test,Jennifer_Aniston_0020.jpg,data/evaluation/test/Jennifer_Aniston/Jennifer_Aniston_0020.jpg,937616e9f6fdbfb313edaea780a7e6c17322c5c764fec8f64d7a1d4cceb1cb7c,250,250
1771,Jennifer_Aniston,test,Jennifer_Aniston_0011.jpg,data/evaluation/test/Jennifer_Aniston/Jennifer_Aniston_0011.jpg,7d9f6860a1525adb4d7d77909388b82b122c687c5be19af1b38960042c1fb590,250,250
1772,Jennifer_Capriati,enrollment,Jennifer_Capriati_0036.jpg,data/evaluation/enrollment/Jennifer_Capriati/Jennifer_Capriati_0036.jpg,57d0df253d128905aecc71a2f1e2f0571140551e6207065bc92a81464bc3857f,250,250
1773,Jennifer_Capriati,enrollment,Jennifer_Capriati_0008.jpg,data/evaluation/enrollment/Jennifer_Capriati/Jennifer_Capriati_0008.jpg,758dcbac311b9e9a6bb995b39c0a0bc55c21382b9dbc2ece467ffce055dc67b2,250,250
1774,Jennifer_Capriati,validation,Jennifer_Capriati_0015.jpg,data/evaluation/validation/Jennifer_Capriati/Jennifer_Capriati_0015.jpg,7e9181469805c674c9840042eb86e823ac182e59c0d7feb8814cc5879fdb12a4,250,250
1775,Jennifer_Capriati,validation,Jennifer_Capriati_0001.jpg,data/evaluation/validation/Jennifer_Capriati/Jennifer_Capriati_0001.jpg,2593e34697a705d9a5d89accad39a0785e719a00a3cb947cc1d84e358ca41651,250,250
1776,Jennifer_Capriati,validation,Jennifer_Capriati_0039.jpg,data/evaluation/validation/Jennifer_Capriati/Jennifer_Capriati_0039.jpg,d8b9bedf37eb3042199dc305612769a2cf91f1dcf9fcef6c0a8ec6029edcb499,250,250
1777,Jennifer_Capriati,validation,Jennifer_Capriati_0016.jpg,data/evaluation/validation/Jennifer_Capriati/Jennifer_Capriati_0016.jpg,0c18402d2e150a1afd08538004b5b8d89ea42b029808295e78d642d772f63667,250,250
1778,Jennifer_Capriati,validation,Jennifer_Capriati_0014.jpg,data/evaluation/validation/Jennifer_Capriati/Jennifer_Capriati_0014.jpg,d79003c50a82b91d39f5d70a192066b11756afd219638985e84ceff06365819c,250,250
1779,Jennifer_Capriati,validation,Jennifer_Capriati_0006.jpg,data/evaluation/validation/Jennifer_Capriati/Jennifer_Capriati_0006.jpg,0d660146d339344221ea57d79fc12afa70cd0d8b2d4d6b0e47e046449a64ee13,250,250
1780,Jennifer_Capriati,validation,Jennifer_Capriati_0032.jpg,data/evaluation/validation/Jennifer_Capriati/Jennifer_Capriati_0032.jpg,6840f26af9eb25284a3210d83f5b4ffcaeb0aba7c6e99781f32713448c0968a8,250,250
1781,Jennifer_Capriati,validation,Jennifer_Capriati_0038.jpg,data/evaluation/validation/Jennifer_Capriati/Jennifer_Capriati_0038.jpg,5af8a473626561ddd4891823982c7d44aedfaa2887cf9acdb63ec7baa05de60f,250,250
1782,Jennifer_Capriati,validation,Jennifer_Capriati_0026.jpg,data/evaluation/validation/Jennifer_Capriati/Jennifer_Capriati_0026.jpg,90847d9140fa7094814c610d6dd69f420eda7ec8c37ecf957dfca462c668b99e,250,250
1783,Jennifer_Capriati,validation,Jennifer_Capriati_0002.jpg,data/evaluation/validation/Jennifer_Capriati/Jennifer_Capriati_0002.jpg,b49b91a8bf5d6a4a6e0b3e0c16807ad2b75d534a3c4ac8a4259eeaf99c1efe0b,250,250
1784,Jennifer_Capriati,validation,Jennifer_Capriati_0031.jpg,data/evaluation/validation/Jennifer_Capriati/Jennifer_Capriati_0031.jpg,473dec6d2af3d46f47ac44aaa88b01a90507d44c37b31c418a77c36663a92fb3,250,250
1785,Jennifer_Capriati,validation,Jennifer_Capriati_0017.jpg,data/evaluation/validation/Jennifer_Capriati/Jennifer_Capriati_0017.jpg,8ead487b8b00881ca69ac624d82f6fc2fb22161ebdb2ccc540525356a21ed980,250,250
1786,Jennifer_Capriati,validation,Jennifer_Capriati_0021.jpg,data/evaluation/validation/Jennifer_Capriati/Jennifer_Capriati_0021.jpg,5f2c17e666394901b84b6abf3579ec04393deb577a804a6ca94ee72c1a9671c6,250,250
1787,Jennifer_Capriati,validation,Jennifer_Capriati_0029.jpg,data/evaluation/validation/Jennifer_Capriati/Jennifer_Capriati_0029.jpg,5e4073b78a4dc317a40a6399a9f32c096a54b6058002a9ee16c2ef5d7d7c7418,250,250
1788,Jennifer_Capriati,validation,Jennifer_Capriati_0028.jpg,data/evaluation/validation/Jennifer_Capriati/Jennifer_Capriati_0028.jpg,f9f3b37dfe2367dc763e89442af78591f3dfa47e522199bec1538f810951e6c5,250,250
1789,Jennifer_Capriati,validation,Jennifer_Capriati_0012.jpg,data/evaluation/validation/Jennifer_Capriati/Jennifer_Capriati_0012.jpg,5254e3bed902dfd9783b4e42589628c1924e08d6b94e475db7c041e12b029e0a,250,250
1790,Jennifer_Capriati,validation,Jennifer_Capriati_0023.jpg,data/evaluation/validation/Jennifer_Capriati/Jennifer_Capriati_0023.jpg,840cea04e3b9b04bde8c0877ed05171944868ba403f2beabdc73a098a60783c2,250,250
1791,Jennifer_Capriati,validation,Jennifer_Capriati_0040.jpg,data/evaluation/validation/Jennifer_Capriati/Jennifer_Capriati_0040.jpg,8db8c23ce2bb50e6c7b25800cddd49b15a4367cf1cfc60807c4ce892edbce764,250,250
1792,Jennifer_Capriati,validation,Jennifer_Capriati_0003.jpg,data/evaluation/validation/Jennifer_Capriati/Jennifer_Capriati_0003.jpg,00cb62fc55cd6f5312daf625d33e5535e452b5126eba36883076efef64aba360,250,250
1793,Jennifer_Capriati,validation,Jennifer_Capriati_0011.jpg,data/evaluation/validation/Jennifer_Capriati/Jennifer_Capriati_0011.jpg,679100676f0c4d0a7305326994127e371696559d0dbfe4169e05f64eadfe8579,250,250
1794,Jennifer_Capriati,test,Jennifer_Capriati_0034.jpg,data/evaluation/test/Jennifer_Capriati/Jennifer_Capriati_0034.jpg,01cfa1bc60ea3781b6aabadf84a6ade90e87dbbd45a2d02d7c2864d54ef6eb93,250,250
1795,Jennifer_Capriati,test,Jennifer_Capriati_0020.jpg,data/evaluation/test/Jennifer_Capriati/Jennifer_Capriati_0020.jpg,21f5a1a37659eb6d53f001078a58d7972c999b5508a2434547763807b60b285d,250,250
1796,Jennifer_Capriati,test,Jennifer_Capriati_0030.jpg,data/evaluation/test/Jennifer_Capriati/Jennifer_Capriati_0030.jpg,055460656f72329ee13dc23467da028ece70665104d276f70f2c9e9455f264ba,250,250
1797,Jennifer_Capriati,test,Jennifer_Capriati_0041.jpg,data/evaluation/test/Jennifer_Capriati/Jennifer_Capriati_0041.jpg,0230a1e7ca849462eed4ef2e6ba3f40255105ff8145fad7d6582978ed00d3783,250,250
1798,Jennifer_Capriati,test,Jennifer_Capriati_0009.jpg,data/evaluation/test/Jennifer_Capriati/Jennifer_Capriati_0009.jpg,6b50536063107f752c275dad1065748a3c65be938441b3616e968f68015d4753,250,250
1799,Jennifer_Capriati,test,Jennifer_Capriati_0010.jpg,data/evaluation/test/Jennifer_Capriati/Jennifer_Capriati_0010.jpg,d6dce72d6296c613722c049efc6dbe131d82210eb64bd5e50cbc53a5d090cc34,250,250
1800,Jennifer_Capriati,test,Jennifer_Capriati_0013.jpg,data/evaluation/test/Jennifer_Capriati/Jennifer_Capriati_0013.jpg,31d718ac64f036c059d6b0242fb65761e398193d7a94d07c6111080abed524b5,250,250
1801,Jennifer_Capriati,test,Jennifer_Capriati_0033.jpg,data/evaluation/test/Jennifer_Capriati/Jennifer_Capriati_0033.jpg,1cc70fdf728f354b34d80f088794fcf67376f37dbc70abaff57f68aca8836cfd,250,250
1802,Jennifer_Capriati,test,Jennifer_Capriati_0018.jpg,data/evaluation/test/Jennifer_Capriati/Jennifer_Capriati_0018.jpg,0a79e64bb2b512768facdeb2fdc57d7811009706d5de95f1ae3edb16e4e022fb,250,250
1803,Jennifer_Capriati,test,Jennifer_Capriati_0007.jpg,data/evaluation/test/Jennifer_Capriati/Jennifer_Capriati_0007.jpg,2876ba95d0d62ebdd3e9ad31ad55278a598e358c5ebec2594d0a972876ba3012,250,250
1804,Jennifer_Capriati,test,Jennifer_Capriati_0035.jpg,data/evaluation/test/Jennifer_Capriati/Jennifer_Capriati_0035.jpg,9685a11b6c076a2afa50ab48016b88e5d1cc1aa5f553adb2ce4534d6d83507fe,250,250
1805,Jennifer_Capriati,test,Jennifer_Capriati_0005.jpg,data/evaluation/test/Jennifer_Capriati/Jennifer_Capriati_0005.jpg,a144168c8d01d3ae508b1bd0cde0f63d2802cd8299d29a0f289bd4dc17d2d024,250,250
1806,Jennifer_Capriati,test,Jennifer_Capriati_0037.jpg,data/evaluation/test/Jennifer_Capriati/Jennifer_Capriati_0037.jpg,a608c51e5015bd1d94526ae6e1ed2999942e8c7ad5237257c508c12ae5856408,250,250
1807,Jennifer_Capriati,test,Jennifer_Capriati_0004.jpg,data/evaluation/test/Jennifer_Capriati/Jennifer_Capriati_0004.jpg,c1623a50436325542ded97ef95349696aac566492bb7009f8b335b2fac092109,250,250
1808,Jennifer_Capriati,test,Jennifer_Capriati_0022.jpg,data/evaluation/test/Jennifer_Capriati/Jennifer_Capriati_0022.jpg,5140ffd3039c5d7681201279f65535d9f8e75304476e6467622c4fc749ac135b,250,250
1809,Jennifer_Capriati,test,Jennifer_Capriati_0027.jpg,data/evaluation/test/Jennifer_Capriati/Jennifer_Capriati_0027.jpg,11399341399a9dfbdeb75552b687f9f549a6b17734a99f1c814c18e90ab63b99,250,250
1810,Jennifer_Capriati,test,Jennifer_Capriati_0025.jpg,data/evaluation/test/Jennifer_Capriati/Jennifer_Capriati_0025.jpg,8c583028dfbd86cebdeebcfc543d0e627c46c1d76f3772b53fd6965bbf3094b0,250,250
1811,Jennifer_Capriati,test,Jennifer_Capriati_0019.jpg,data/evaluation/test/Jennifer_Capriati/Jennifer_Capriati_0019.jpg,db90bc12795f1fd44fb9ac5205ae8b3669d0a78fe4f38feb970f46cebeead8f7,250,250
1812,Jennifer_Capriati,test,Jennifer_Capriati_0042.jpg,data/evaluation/test/Jennifer_Capriati/Jennifer_Capriati_0042.jpg,1e4166c1fc7b18dcbdccd8152748f8153e1baed75489007d6f1b78204db7eecb,250,250
1813,Jennifer_Capriati,test,Jennifer_Capriati_0024.jpg,data/evaluation/test/Jennifer_Capriati/Jennifer_Capriati_0024.jpg,5006812ab65fa1351a94a4a03386e311ef72471f5e4117de2d833b28229b8e25,250,250
1814,Jennifer_Lopez,enrollment,Jennifer_Lopez_0021.jpg,data/evaluation/enrollment/Jennifer_Lopez/Jennifer_Lopez_0021.jpg,25ce2afbae8402e168be6294c89f40e2faf1677f240f440da322b33c07e92ff3,250,250
1815,Jennifer_Lopez,enrollment,Jennifer_Lopez_0002.jpg,data/evaluation/enrollment/Jennifer_Lopez/Jennifer_Lopez_0002.jpg,66b8ec3340634d667b05d2b4ce9368348c200d12d642fd1fd0ae2d80111127c0,250,250
1816,Jennifer_Lopez,validation,Jennifer_Lopez_0014.jpg,data/evaluation/validation/Jennifer_Lopez/Jennifer_Lopez_0014.jpg,3e692a7b165c767d2dbf75b5f3dfcf0fab0ab25b82892ebf2983f5e72d0f73e9,250,250
1817,Jennifer_Lopez,validation,Jennifer_Lopez_0005.jpg,data/evaluation/validation/Jennifer_Lopez/Jennifer_Lopez_0005.jpg,033b29a2e40aa974de4f1f66573a63fe9279b9e80624c58bad02633ef58e6ae1,250,250
1818,Jennifer_Lopez,validation,Jennifer_Lopez_0007.jpg,data/evaluation/validation/Jennifer_Lopez/Jennifer_Lopez_0007.jpg,638806d5d302089fd7ebfa5053d53b4149dfeab944c3ff2d5abf5636ce039a86,250,250
1819,Jennifer_Lopez,validation,Jennifer_Lopez_0018.jpg,data/evaluation/validation/Jennifer_Lopez/Jennifer_Lopez_0018.jpg,19e4b2a910e4c3db1a792b4b09e8c86b95958ade31e744b7312a84dc0eebd31a,250,250
1820,Jennifer_Lopez,validation,Jennifer_Lopez_0019.jpg,data/evaluation/validation/Jennifer_Lopez/Jennifer_Lopez_0019.jpg,d34389322bfa68846517682aac6a4ed5301b602f7535322c0a0fd70de623c38d,250,250
1821,Jennifer_Lopez,validation,Jennifer_Lopez_0009.jpg,data/evaluation/validation/Jennifer_Lopez/Jennifer_Lopez_0009.jpg,cbf50979cd05ed278a89c53e02598abe6756a26a85228aa9c3c29432bc2e5885,250,250
1822,Jennifer_Lopez,validation,Jennifer_Lopez_0003.jpg,data/evaluation/validation/Jennifer_Lopez/Jennifer_Lopez_0003.jpg,7cad76ade9364fd6e3ff8ee5795080b6258654e5f2467dc7eabe3286de07474f,250,250
1823,Jennifer_Lopez,validation,Jennifer_Lopez_0011.jpg,data/evaluation/validation/Jennifer_Lopez/Jennifer_Lopez_0011.jpg,6c1a624a70d121bd811933b37809084e465d0362f6efdbbef9806da303ac4b44,250,250
1824,Jennifer_Lopez,validation,Jennifer_Lopez_0015.jpg,data/evaluation/validation/Jennifer_Lopez/Jennifer_Lopez_0015.jpg,8e6ae643a4936b749e2d89cf6a96dcdbaa361b5d02344a7da494de521322dec3,250,250
1825,Jennifer_Lopez,test,Jennifer_Lopez_0008.jpg,data/evaluation/test/Jennifer_Lopez/Jennifer_Lopez_0008.jpg,5112e2d33ae45d7c75ebbe31b5d56a4e55bad252a63c039f9dc0a99cc6b9ca96,250,250
1826,Jennifer_Lopez,test,Jennifer_Lopez_0013.jpg,data/evaluation/test/Jennifer_Lopez/Jennifer_Lopez_0013.jpg,c7da7fa96e706f88e1a97e3711ee8639b26d19925558e4354fffa1569cd07250,250,250
1827,Jennifer_Lopez,test,Jennifer_Lopez_0016.jpg,data/evaluation/test/Jennifer_Lopez/Jennifer_Lopez_0016.jpg,76e68195288f9e8562482676746444a76ca485547a4232f3a692ffc93c081af3,250,250
1828,Jennifer_Lopez,test,Jennifer_Lopez_0004.jpg,data/evaluation/test/Jennifer_Lopez/Jennifer_Lopez_0004.jpg,b752a4fad7cf030da58bd613a0121dafb452f3a9d6702b1f273b5b2f74c8e9a8,250,250
1829,Jennifer_Lopez,test,Jennifer_Lopez_0006.jpg,data/evaluation/test/Jennifer_Lopez/Jennifer_Lopez_0006.jpg,12554fcb287495e34821048c40dad2192e8d95c1429640b89dc786a4900e21d5,250,250
1830,Jennifer_Lopez,test,Jennifer_Lopez_0010.jpg,data/evaluation/test/Jennifer_Lopez/Jennifer_Lopez_0010.jpg,437ed294b034dc78af035b7a433378fef9161664c5e3e5b8de672c311e63ce77,250,250
1831,Jennifer_Lopez,test,Jennifer_Lopez_0020.jpg,data/evaluation/test/Jennifer_Lopez/Jennifer_Lopez_0020.jpg,92499736563de2682599562e3b6e12842ef5e7f961342096aa99d8af298c24b5,250,250
1832,Jennifer_Lopez,test,Jennifer_Lopez_0001.jpg,data/evaluation/test/Jennifer_Lopez/Jennifer_Lopez_0001.jpg,6d8cc2748713ae0e5b3659bc82202419ae888a1aa4b0f7437d6dd7bf10243b18,250,250
1833,Jennifer_Lopez,test,Jennifer_Lopez_0012.jpg,data/evaluation/test/Jennifer_Lopez/Jennifer_Lopez_0012.jpg,ad054453c710cebeffa495b899a74549ac033b727773f46ec5f72b711d0812dd,250,250
1834,Jennifer_Lopez,test,Jennifer_Lopez_0017.jpg,data/evaluation/test/Jennifer_Lopez/Jennifer_Lopez_0017.jpg,bee9ab5b26c0cc22c650ecc5586eb47a3de0cbcb61b0a034f010445a3172410b,250,250
1835,Jeremy_Greenstock,enrollment,Jeremy_Greenstock_0012.jpg,data/evaluation/enrollment/Jeremy_Greenstock/Jeremy_Greenstock_0012.jpg,3568e8fb9212f3375561ad5cf3ca5649e8aa0c0053d3341645a2b99052f5f94c,250,250
1836,Jeremy_Greenstock,enrollment,Jeremy_Greenstock_0016.jpg,data/evaluation/enrollment/Jeremy_Greenstock/Jeremy_Greenstock_0016.jpg,8fbb4fbd07436f9e2d0712adf2e67330226a3cc53180d9fc281092333e72257f,250,250
1837,Jeremy_Greenstock,validation,Jeremy_Greenstock_0021.jpg,data/evaluation/validation/Jeremy_Greenstock/Jeremy_Greenstock_0021.jpg,3a3c7c2171804e36a7717ed2b684732e4f40a90ccde1ecdc87f35261cfde3205,250,250
1838,Jeremy_Greenstock,validation,Jeremy_Greenstock_0003.jpg,data/evaluation/validation/Jeremy_Greenstock/Jeremy_Greenstock_0003.jpg,3d9cce5e06fd9b461b10a27979f083f7f1e29dd0927c3645eefa9428fca6600b,250,250
1839,Jeremy_Greenstock,validation,Jeremy_Greenstock_0014.jpg,data/evaluation/validation/Jeremy_Greenstock/Jeremy_Greenstock_0014.jpg,32cab0aee0a6692207c8a793b59b909104829e41fd614a4ed14911b311ae9fa8,250,250
1840,Jeremy_Greenstock,validation,Jeremy_Greenstock_0009.jpg,data/evaluation/validation/Jeremy_Greenstock/Jeremy_Greenstock_0009.jpg,883309514ffe86f6e044cd149626485c27844722da347da01e1d391719a77f00,250,250
1841,Jeremy_Greenstock,validation,Jeremy_Greenstock_0002.jpg,data/evaluation/validation/Jeremy_Greenstock/Jeremy_Greenstock_0002.jpg,be8a3719814b29bec07e6bfccc249591314966e67b86377bf2d12296bdf497a4,250,250
1842,Jeremy_Greenstock,validation,Jeremy_Greenstock_0010.jpg,data/evaluation/validation/Jeremy_Greenstock/Jeremy_Greenstock_0010.jpg,b5f5df0922f95249641d247e05f19b2ef0ac86fc79cc84c62bb4c18521a0fbc7,250,250
1843,Jeremy_Greenstock,validation,Jeremy_Greenstock_0022.jpg,data/evaluation/validation/Jeremy_Greenstock/Jeremy_Greenstock_0022.jpg,fe4b7ceb45f970a570efa88eef620b42dca7ccb661efc19a8502a538722f6d98,250,250
1844,Jeremy_Greenstock,validation,Jeremy_Greenstock_0008.jpg,data/evaluation/validation/Jeremy_Greenstock/Jeremy_Greenstock_0008.jpg,baa5bd05d293ef37439533ae108ab485fb092dd74febff0d302071f3e8bc3f2b,250,250
1845,Jeremy_Greenstock,validation,Jeremy_Greenstock_0004.jpg,data/evaluation/validation/Jeremy_Greenstock/Jeremy_Greenstock_0004.jpg,f88a4f47d4d05687b7d7cf254238897a6176f26d24401f5412faff86279ad206,250,250
1846,Jeremy_Greenstock,validation,Jeremy_Greenstock_0011.jpg,data/evaluation/validation/Jeremy_Greenstock/Jeremy_Greenstock_0011.jpg,15c6bfaee25761b470296734a4f60f6cdc02805117288336434c96247e1b9470,250,250
1847,Jeremy_Greenstock,validation,Jeremy_Greenstock_0017.jpg,data/evaluation/validation/Jeremy_Greenstock/Jeremy_Greenstock_0017.jpg,370001060082036d7bd3ed251ba42e93099457b58a270b820f28d77c9b329e56,250,250
1848,Jeremy_Greenstock,test,Jeremy_Greenstock_0007.jpg,data/evaluation/test/Jeremy_Greenstock/Jeremy_Greenstock_0007.jpg,bf8680bffbde575c2866c68dc0a88bef949e4461a18f4d3e8c84000780c32bf9,250,250
1849,Jeremy_Greenstock,test,Jeremy_Greenstock_0001.jpg,data/evaluation/test/Jeremy_Greenstock/Jeremy_Greenstock_0001.jpg,b0254ce00000eb6fcb36bb3aeba89d0d88556def36c371be73778cf9c5febdcd,250,250
1850,Jeremy_Greenstock,test,Jeremy_Greenstock_0015.jpg,data/evaluation/test/Jeremy_Greenstock/Jeremy_Greenstock_0015.jpg,4fcd9e2b02f9e3b469f5e3f3647778edd11cffd7914a11d8c8b51f2badaa6933,250,250
1851,Jeremy_Greenstock,test,Jeremy_Greenstock_0018.jpg,data/evaluation/test/Jeremy_Greenstock/Jeremy_Greenstock_0018.jpg,b86d906a6a4444c65074edc10e4cf41a31f12b03b1cbe7e5a293c2dfa83441bd,250,250
1852,Jeremy_Greenstock,test,Jeremy_Greenstock_0019.jpg,data/evaluation/test/Jeremy_Greenstock/Jeremy_Greenstock_0019.jpg,9cd7d2bbcd11f7f80cc7a7acd185542caa4f54e599a1ab252e4d86c3d3e29f7b,250,250
1853,Jeremy_Greenstock,test,Jeremy_Greenstock_0006.jpg,data/evaluation/test/Jeremy_Greenstock/Jeremy_Greenstock_0006.jpg,3546880abf08c3f2e09df4d9f2f2eaf8798e63670e50c4dbb3cad9b1ae9b7d79,250,250
1854,Jeremy_Greenstock,test,Jeremy_Greenstock_0023.jpg,data/evaluation/test/Jeremy_Greenstock/Jeremy_Greenstock_0023.jpg,8f89258d56cfbd4a2737e78e7fedfe1eeacb3c069ee53abdd01a59050ca78967,250,250
1855,Jeremy_Greenstock,test,Jeremy_Greenstock_0013.jpg,data/evaluation/test/Jeremy_Greenstock/Jeremy_Greenstock_0013.jpg,c1b8423bda8aa22390987eada8d935c8d7b2d3f0a1124c67372b1e1535ee748a,250,250
1856,Jeremy_Greenstock,test,Jeremy_Greenstock_0024.jpg,data/evaluation/test/Jeremy_Greenstock/Jeremy_Greenstock_0024.jpg,a1d021830ec4d014529747edc2f3059b068b7173c3a74890a52b5d5b5109d9e4,250,250
1857,Jeremy_Greenstock,test,Jeremy_Greenstock_0005.jpg,data/evaluation/test/Jeremy_Greenstock/Jeremy_Greenstock_0005.jpg,42fae3a233a87b8fd03aebc5505d79b99fe2ae21d314e9d193b8dd9b396316a5,250,250
1858,Jeremy_Greenstock,test,Jeremy_Greenstock_0020.jpg,data/evaluation/test/Jeremy_Greenstock/Jeremy_Greenstock_0020.jpg,d887095b37093a80b4a23b2b734c52c520aabfeccec8ce79918c47cf984515ca,250,250
1859,Jiang_Zemin,enrollment,Jiang_Zemin_0006.jpg,data/evaluation/enrollment/Jiang_Zemin/Jiang_Zemin_0006.jpg,375acfd933fc1ff062fafda452a54bf85d7ccde7b8cdcb319a1e6e387ddfa80d,250,250
1860,Jiang_Zemin,enrollment,Jiang_Zemin_0005.jpg,data/evaluation/enrollment/Jiang_Zemin/Jiang_Zemin_0005.jpg,4c9f09564195cc7a8e41c91b3868e88eb16fca6192441f810b690924ebe71413,250,250
1861,Jiang_Zemin,validation,Jiang_Zemin_0002.jpg,data/evaluation/validation/Jiang_Zemin/Jiang_Zemin_0002.jpg,10ec0973747e2c0b863a30496d9f6fbd41ae1b5202dab41cfab3fd837e0a543f,250,250
1862,Jiang_Zemin,validation,Jiang_Zemin_0020.jpg,data/evaluation/validation/Jiang_Zemin/Jiang_Zemin_0020.jpg,37b0b1201e399be673786f9e283775064e7b74bfd29458317a4e47628f994340,250,250
1863,Jiang_Zemin,validation,Jiang_Zemin_0001.jpg,data/evaluation/validation/Jiang_Zemin/Jiang_Zemin_0001.jpg,4b0c55714fb60754ef6f10f4bebf7851b7bc00e87959fcc6ab26d23920cceeea,250,250
1864,Jiang_Zemin,validation,Jiang_Zemin_0008.jpg,data/evaluation/validation/Jiang_Zemin/Jiang_Zemin_0008.jpg,6e879422e61caa84c718faef2bd6f0eb507d88e87e9eb89e3f34d8f44bfe2c76,250,250
1865,Jiang_Zemin,validation,Jiang_Zemin_0011.jpg,data/evaluation/validation/Jiang_Zemin/Jiang_Zemin_0011.jpg,970952c0270927f924f1991374f641f602e67a25e0bcad23bff5bb7e168c8165,250,250
1866,Jiang_Zemin,validation,Jiang_Zemin_0016.jpg,data/evaluation/validation/Jiang_Zemin/Jiang_Zemin_0016.jpg,b50f30cdd6f8d0462e0dc4c5dfe3a869e2b282cbb809ffce1aa3fd284c572003,250,250
1867,Jiang_Zemin,validation,Jiang_Zemin_0004.jpg,data/evaluation/validation/Jiang_Zemin/Jiang_Zemin_0004.jpg,13b0176b5ba94233cef3e60684eda79f2234f722e4ca360b6afc8c871e98deec,250,250
1868,Jiang_Zemin,validation,Jiang_Zemin_0003.jpg,data/evaluation/validation/Jiang_Zemin/Jiang_Zemin_0003.jpg,71e79db73783675f36ad80c096992beeb7e4ab69eb32dc8a7da16a9b72d8be10,250,250
1869,Jiang_Zemin,validation,Jiang_Zemin_0014.jpg,data/evaluation/validation/Jiang_Zemin/Jiang_Zemin_0014.jpg,bd981490a91d725c413ff6613895cda80488bbb2451711d7ad0440bcada448e1,250,250
1870,Jiang_Zemin,test,Jiang_Zemin_0017.jpg,data/evaluation/test/Jiang_Zemin/Jiang_Zemin_0017.jpg,b0757793a527e7c8d15ea62f150e642c9aa320d4cdce96f6c21bde510cf47e54,250,250
1871,Jiang_Zemin,test,Jiang_Zemin_0009.jpg,data/evaluation/test/Jiang_Zemin/Jiang_Zemin_0009.jpg,a1d08a184dfb774278eb81f5788b411356b67e92f3032d01cd6f70051abed634,250,250
1872,Jiang_Zemin,test,Jiang_Zemin_0007.jpg,data/evaluation/test/Jiang_Zemin/Jiang_Zemin_0007.jpg,bd1de2bfb8b17a49d76b929267ef15037b3e64b7808683b8d455765eeec26710,250,250
1873,Jiang_Zemin,test,Jiang_Zemin_0013.jpg,data/evaluation/test/Jiang_Zemin/Jiang_Zemin_0013.jpg,709849cb9b2ebb9c934e6a8a379fc3d0d51f7b75b940beb08f6197189cd47743,250,250
1874,Jiang_Zemin,test,Jiang_Zemin_0010.jpg,data/evaluation/test/Jiang_Zemin/Jiang_Zemin_0010.jpg,3e1c079a8b03c2b5a771e50a6895b0280fa53b64c8d66e45a4d93cbe6d715d98,250,250
1875,Jiang_Zemin,test,Jiang_Zemin_0018.jpg,data/evaluation/test/Jiang_Zemin/Jiang_Zemin_0018.jpg,57793c1803ca8fa542e9dc521431bfcbf1c61491cf9ded1cf62524d6e1dc9d74,250,250
1876,Jiang_Zemin,test,Jiang_Zemin_0015.jpg,data/evaluation/test/Jiang_Zemin/Jiang_Zemin_0015.jpg,9136a082543052d341f74fa3aea98116657df13acb0781260c6b5bf477cb8e33,250,250
1877,Jiang_Zemin,test,Jiang_Zemin_0019.jpg,data/evaluation/test/Jiang_Zemin/Jiang_Zemin_0019.jpg,9302be5895214661211ba82bd13aed78f086ad5a68f055895f7f32b5e71f9e9e,250,250
1878,Jiang_Zemin,test,Jiang_Zemin_0012.jpg,data/evaluation/test/Jiang_Zemin/Jiang_Zemin_0012.jpg,c9a4933fa93f7a8e8a6016146518f7359832f7557d9795d182d7203843db10c9,250,250
1879,John_Ashcroft,enrollment,John_Ashcroft_0007.jpg,data/evaluation/enrollment/John_Ashcroft/John_Ashcroft_0007.jpg,7fb0371d959449dcc894bcca864f08fd8cd5cbae3ea5d6a9ca95139abec0435b,250,250
1880,John_Ashcroft,enrollment,John_Ashcroft_0017.jpg,data/evaluation/enrollment/John_Ashcroft/John_Ashcroft_0017.jpg,2c6cbcc247052f8fb072fe18b714228b621f906cf78cc7a0e57a0c01bdd53be3,250,250
1881,John_Ashcroft,validation,John_Ashcroft_0014.jpg,data/evaluation/validation/John_Ashcroft/John_Ashcroft_0014.jpg,5ba16132069bf1877812c5f2598ff2f3190e1de766797f6191f75ae0a157508a,250,250
1882,John_Ashcroft,validation,John_Ashcroft_0025.jpg,data/evaluation/validation/John_Ashcroft/John_Ashcroft_0025.jpg,eaaee095c7b2b7b118b3d5d7c47473abb86768966502b3ff51c41af21a55e115,250,250
1883,John_Ashcroft,validation,John_Ashcroft_0042.jpg,data/evaluation/validation/John_Ashcroft/John_Ashcroft_0042.jpg,b2de85aeca80af3fc43adbdabcef3958a378a261d288a6044a6f57f1e9d024bd,250,250
1884,John_Ashcroft,validation,John_Ashcroft_0009.jpg,data/evaluation/validation/John_Ashcroft/John_Ashcroft_0009.jpg,d328e1e760670634e39500a9e5c9f128cff917a6c6cc8cf0d1135e781b50a57b,250,250
1885,John_Ashcroft,validation,John_Ashcroft_0030.jpg,data/evaluation/validation/John_Ashcroft/John_Ashcroft_0030.jpg,0c3396a0348e2654aec13cf5b1a87bb6870a3754017de6171b31e1cde49cef27,250,250
1886,John_Ashcroft,validation,John_Ashcroft_0022.jpg,data/evaluation/validation/John_Ashcroft/John_Ashcroft_0022.jpg,eb56d17f2760f6d0a06fcbfeaa4c233c9d22cdb977e122cb342add83a3f416c9,250,250
1887,John_Ashcroft,validation,John_Ashcroft_0050.jpg,data/evaluation/validation/John_Ashcroft/John_Ashcroft_0050.jpg,66dfbe84cd0a96b9397107f2cb313243c5d6397c812645ac740e8fb926257849,250,250
1888,John_Ashcroft,validation,John_Ashcroft_0037.jpg,data/evaluation/validation/John_Ashcroft/John_Ashcroft_0037.jpg,ee5fcc2bf6bb10b61c2a860e4ca119f1a0b284dfe14ebbb26d21c9d8793fc2f3,250,250
1889,John_Ashcroft,validation,John_Ashcroft_0047.jpg,data/evaluation/validation/John_Ashcroft/John_Ashcroft_0047.jpg,0f584b2c540e9f4bb2c5e2c39624b6d1cdf59981a3ab81a13d6e6583d055906a,250,250
1890,John_Ashcroft,validation,John_Ashcroft_0041.jpg,data/evaluation/validation/John_Ashcroft/John_Ashcroft_0041.jpg,52ead415b3f63ae758922b17054733e45f998bb73a11cce11ea62561b57ec8d7,250,250
1891,John_Ashcroft,validation,John_Ashcroft_0043.jpg,data/evaluation/validation/John_Ashcroft/John_Ashcroft_0043.jpg,65db1a2189e473a074725de87a5e645a14e6522b522a0fb4b7015813db8d12da,250,250
1892,John_Ashcroft,validation,John_Ashcroft_0040.jpg,data/evaluation/validation/John_Ashcroft/John_Ashcroft_0040.jpg,2f7e1b10d5614d534f21f2e630f7692d90119c47d3cf31f6782f769c7e69c650,250,250
1893,John_Ashcroft,validation,John_Ashcroft_0031.jpg,data/evaluation/validation/John_Ashcroft/John_Ashcroft_0031.jpg,96948d743e40f81dbbae0edd42e4dd8e8f007b5740f651bdc95fd6cc1270b59f,250,250
1894,John_Ashcroft,validation,John_Ashcroft_0020.jpg,data/evaluation/validation/John_Ashcroft/John_Ashcroft_0020.jpg,d8d74d2793d6926dbf369ea3d8b80c8129c4fe72b2644258528bec1efa49f183,250,250
1895,John_Ashcroft,validation,John_Ashcroft_0032.jpg,data/evaluation/validation/John_Ashcroft/John_Ashcroft_0032.jpg,c683b4c37ea4ac39817cf2f3046406a99ffc9bb0e71f1fddbfe5f90ea7bae10e,250,250
1896,John_Ashcroft,validation,John_Ashcroft_0044.jpg,data/evaluation/validation/John_Ashcroft/John_Ashcroft_0044.jpg,973cc2960b16fc50c5cc5a135e92c470aaeea0e38e380f53851ade6fca380f8a,250,250
1897,John_Ashcroft,validation,John_Ashcroft_0038.jpg,data/evaluation/validation/John_Ashcroft/John_Ashcroft_0038.jpg,18406ea4e6e0e9a5acf4e4b48b1d564896e5b5befbee57810e199f66ed627ddd,250,250
1898,John_Ashcroft,validation,John_Ashcroft_0052.jpg,data/evaluation/validation/John_Ashcroft/John_Ashcroft_0052.jpg,f4c06e6183fb1a0bb619debb054f9bfcf09cc90b0f43a8b0a1a2ee40e43cd75c,250,250
1899,John_Ashcroft,validation,John_Ashcroft_0005.jpg,data/evaluation/validation/John_Ashcroft/John_Ashcroft_0005.jpg,242c32a72ce91949c09d0ca81c76c0c797793487baced826dd7c9b7bc1b20c12,250,250
1900,John_Ashcroft,validation,John_Ashcroft_0035.jpg,data/evaluation/validation/John_Ashcroft/John_Ashcroft_0035.jpg,82534d37d5fa437d2bb67a943462f0551d1353effd11cd247fd516e88c4da9b9,250,250
1901,John_Ashcroft,validation,John_Ashcroft_0021.jpg,data/evaluation/validation/John_Ashcroft/John_Ashcroft_0021.jpg,49a5db18fbf4ff54b1207af02d73ef69b4d109c365f0f7c172f76875ec77687e,250,250
1902,John_Ashcroft,validation,John_Ashcroft_0039.jpg,data/evaluation/validation/John_Ashcroft/John_Ashcroft_0039.jpg,4df0cfed303c6a8bc9bc670112c40777920e76f0b56b429ff745eabd8e0ed0a9,250,250
1903,John_Ashcroft,validation,John_Ashcroft_0036.jpg,data/evaluation/validation/John_Ashcroft/John_Ashcroft_0036.jpg,df7f843c4d95c1212e278c9335014870b66828d2c4c8e576edf03b418c41999d,250,250
1904,John_Ashcroft,validation,John_Ashcroft_0048.jpg,data/evaluation/validation/John_Ashcroft/John_Ashcroft_0048.jpg,1dbade5d4654a06aaf84b96eea12ae2b833e95ace9663c7f1acf7ee82634476f,250,250
1905,John_Ashcroft,validation,John_Ashcroft_0001.jpg,data/evaluation/validation/John_Ashcroft/John_Ashcroft_0001.jpg,2fd26eae14ed0b4c04cd5656704805a0e60e833d63c56642b5c5113ed68c2d69,250,250
1906,John_Ashcroft,test,John_Ashcroft_0051.jpg,data/evaluation/test/John_Ashcroft/John_Ashcroft_0051.jpg,ba96fbd418f2c3cfdfc9c71fd55ab93f4eaf768f47b3d8007410f90d317a6006,250,250
1907,John_Ashcroft,test,John_Ashcroft_0012.jpg,data/evaluation/test/John_Ashcroft/John_Ashcroft_0012.jpg,765b417e4e7321dfabc2ce0fc78daea7e61de033f710ac8061de50078453341f,250,250
1908,John_Ashcroft,test,John_Ashcroft_0003.jpg,data/evaluation/test/John_Ashcroft/John_Ashcroft_0003.jpg,bd4b3f4a4eb0ddfe5fa7baadb114ced55b1f58bcd36cc0cfeea04d14c0b72ca2,250,250
1909,John_Ashcroft,test,John_Ashcroft_0013.jpg,data/evaluation/test/John_Ashcroft/John_Ashcroft_0013.jpg,8b5c675d03620756ebfdc32c38b089ffd01193d377e8ab164b05699db30c8c6c,250,250
1910,John_Ashcroft,test,John_Ashcroft_0016.jpg,data/evaluation/test/John_Ashcroft/John_Ashcroft_0016.jpg,ac9a8ad0df22e335aa535aecd9881efae20684577742fe7b303801ad922f2ea7,250,250
1911,John_Ashcroft,test,John_Ashcroft_0024.jpg,data/evaluation/test/John_Ashcroft/John_Ashcroft_0024.jpg,b46f9654769d4fae35cba600f787ec736a3799695b31e54cefa7fe65aa3939fa,250,250
1912,John_Ashcroft,test,John_Ashcroft_0045.jpg,data/evaluation/test/John_Ashcroft/John_Ashcroft_0045.jpg,6a1a763e9f5faf8fd132e908243969f70bc9d74c4b4d6f3821d1e416013c949e,250,250
1913,John_Ashcroft,test,John_Ashcroft_0026.jpg,data/evaluation/test/John_Ashcroft/John_Ashcroft_0026.jpg,3b50a6f7e890b1da8592628c08a626093a012661da595fcd187669152c0b28ba,250,250
1914,John_Ashcroft,test,John_Ashcroft_0004.jpg,data/evaluation/test/John_Ashcroft/John_Ashcroft_0004.jpg,50aec02b6ad2b1730885cf4a1164969edd78031bd372211c55d98b1bf6044273,250,250
1915,John_Ashcroft,test,John_Ashcroft_0027.jpg,data/evaluation/test/John_Ashcroft/John_Ashcroft_0027.jpg,f8b52ce783ba615d531b682af725692a976a3dbeb2981128d3ce1d97c6217d80,250,250
1916,John_Ashcroft,test,John_Ashcroft_0002.jpg,data/evaluation/test/John_Ashcroft/John_Ashcroft_0002.jpg,042cb1a06ac9e89ee5628b6c03e87f28524501a2047eb8ae1ae86d3f583da333,250,250
1917,John_Ashcroft,test,John_Ashcroft_0023.jpg,data/evaluation/test/John_Ashcroft/John_Ashcroft_0023.jpg,f382d3c9562528feac0036c1d61b36b40f4072b807931b579a9cc520a78596f0,250,250
1918,John_Ashcroft,test,John_Ashcroft_0053.jpg,data/evaluation/test/John_Ashcroft/John_Ashcroft_0053.jpg,7d6615ed96cdd548d6eb4583d2aa68272b893c4dafbd1dad4904274b36af9ca8,250,250
1919,John_Ashcroft,test,John_Ashcroft_0015.jpg,data/evaluation/test/John_Ashcroft/John_Ashcroft_0015.jpg,e98302d7b98411433a53683c7c21a50d6c9da03bf6686d16fb65ad9f59b4e23b,250,250
1920,John_Ashcroft,test,John_Ashcroft_0049.jpg,data/evaluation/test/John_Ashcroft/John_Ashcroft_0049.jpg,716ff43c7fb1eb2be34942c82b8c3ca2ca459e9dc509db27f0eef69cbbbd1b9e,250,250
1921,John_Ashcroft,test,John_Ashcroft_0028.jpg,data/evaluation/test/John_Ashcroft/John_Ashcroft_0028.jpg,19686db44a5a9f5ae7f42326a9ce3c573f84a7f198be81beb6b197051d38aa5b,250,250
1922,John_Ashcroft,test,John_Ashcroft_0010.jpg,data/evaluation/test/John_Ashcroft/John_Ashcroft_0010.jpg,37f991b9b1e9072046cc5d40e4013653cc030031e1db430a1b81fa2ef655c98e,250,250
1923,John_Ashcroft,test,John_Ashcroft_0033.jpg,data/evaluation/test/John_Ashcroft/John_Ashcroft_0033.jpg,3ad6b570ab6140062170d03cddf192f7059994b12784ffe7b72e82807af77830,250,250
1924,John_Ashcroft,test,John_Ashcroft_0029.jpg,data/evaluation/test/John_Ashcroft/John_Ashcroft_0029.jpg,05949e96c8d9de26150ce6ee2808e9684b13febca71e95bbeab48f5f30c7feca,250,250
1925,John_Ashcroft,test,John_Ashcroft_0018.jpg,data/evaluation/test/John_Ashcroft/John_Ashcroft_0018.jpg,297d449904d47616dbd4b41b748f0a5ed80ad4963ba14b092e65932ffbca13b7,250,250
1926,John_Ashcroft,test,John_Ashcroft_0011.jpg,data/evaluation/test/John_Ashcroft/John_Ashcroft_0011.jpg,368af9eaa1ace79cc804447f8803cd5069bb8a1b9818d6e3ecbacd35e76b0e9b,250,250
1927,John_Ashcroft,test,John_Ashcroft_0006.jpg,data/evaluation/test/John_Ashcroft/John_Ashcroft_0006.jpg,15d7afd41a0eeb6b867c74ada232377c7cce39e86fda6e17816d7c2f9ed1adb1,250,250
1928,John_Ashcroft,test,John_Ashcroft_0019.jpg,data/evaluation/test/John_Ashcroft/John_Ashcroft_0019.jpg,2fab77c7ed18b5ca3f5bd4a4995b4c591d9fec456bcd3cf179689bb7c22322d7,250,250
1929,John_Ashcroft,test,John_Ashcroft_0008.jpg,data/evaluation/test/John_Ashcroft/John_Ashcroft_0008.jpg,3ee5b8aac4c6e2fe2bc82c2b91dd2535cc18c36a6f0a7879281db4580ae2c33b,250,250
1930,John_Ashcroft,test,John_Ashcroft_0034.jpg,data/evaluation/test/John_Ashcroft/John_Ashcroft_0034.jpg,43e0f5c146a5eb332acb4da3ca674e0b492774824370516e1fb290813a53e793,250,250
1931,John_Ashcroft,test,John_Ashcroft_0046.jpg,data/evaluation/test/John_Ashcroft/John_Ashcroft_0046.jpg,03e1f69214b1cf09eb2bc01d4d8c424565a3004d8b65bfa5f8711b5459084bb0,250,250
1932,John_Negroponte,enrollment,John_Negroponte_0009.jpg,data/evaluation/enrollment/John_Negroponte/John_Negroponte_0009.jpg,fdffbe23ff07533c35911ac2abbe99cd3e67b6c73057dc8c2430f81725305fd7,250,250
1933,John_Negroponte,enrollment,John_Negroponte_0023.jpg,data/evaluation/enrollment/John_Negroponte/John_Negroponte_0023.jpg,8033bb62c288a50c75ed3b2dc11a7b7fed7cb206fcf5a68ca5602533c60f889b,250,250
1934,John_Negroponte,validation,John_Negroponte_0026.jpg,data/evaluation/validation/John_Negroponte/John_Negroponte_0026.jpg,b7ae705b108ec173e176f691c747f43a41cdc6924669a9494be041729a4b82e7,250,250
1935,John_Negroponte,validation,John_Negroponte_0011.jpg,data/evaluation/validation/John_Negroponte/John_Negroponte_0011.jpg,33cd6d4949003a60ed44063235e1c2f1446adca56b86725cbceae37754b9f09d,250,250
1936,John_Negroponte,validation,John_Negroponte_0028.jpg,data/evaluation/validation/John_Negroponte/John_Negroponte_0028.jpg,0e7417ae38deb3a243811a8c7606c9f402651fb0e994268b06960a44c4fc38b5,250,250
1937,John_Negroponte,validation,John_Negroponte_0024.jpg,data/evaluation/validation/John_Negroponte/John_Negroponte_0024.jpg,7ca502443587e4410606ef6ec4854361da8dc81903a5528dfcfb17e6da7d3db3,250,250
1938,John_Negroponte,validation,John_Negroponte_0013.jpg,data/evaluation/validation/John_Negroponte/John_Negroponte_0013.jpg,148b74b5b5b127264c9c1c0afbfc71ffaeff965b6380084e34b1511afc990b90,250,250
1939,John_Negroponte,validation,John_Negroponte_0025.jpg,data/evaluation/validation/John_Negroponte/John_Negroponte_0025.jpg,606c30dd96e81359488b0b199345e32675ca48aa722f49c1e98090999d1b95e6,250,250
1940,John_Negroponte,validation,John_Negroponte_0006.jpg,data/evaluation/validation/John_Negroponte/John_Negroponte_0006.jpg,c69ab13485fffd526ad8e097398a60e42af90c9bd6d9f290f6bf0470c98b2e87,250,250
1941,John_Negroponte,validation,John_Negroponte_0030.jpg,data/evaluation/validation/John_Negroponte/John_Negroponte_0030.jpg,646da80316cba2f5e0be78cc27bc67f3e89b34a196333571168831c00997f41f,250,250
1942,John_Negroponte,validation,John_Negroponte_0019.jpg,data/evaluation/validation/John_Negroponte/John_Negroponte_0019.jpg,b6b491cd0a8cd21d39458e6772be5b09c3240c7678b3755e781a957ba4c55a96,250,250
1943,John_Negroponte,validation,John_Negroponte_0007.jpg,data/evaluation/validation/John_Negroponte/John_Negroponte_0007.jpg,3057cbc3cf905a2641ad2c96f206c56f9b878c2c9e06c84843cda0d92d8b325d,250,250
1944,John_Negroponte,validation,John_Negroponte_0005.jpg,data/evaluation/validation/John_Negroponte/John_Negroponte_0005.jpg,86ffd25dd562e08be8f86c4cafe968e172015c051708e25edc13dc0e508e6bc0,250,250
1945,John_Negroponte,validation,John_Negroponte_0022.jpg,data/evaluation/validation/John_Negroponte/John_Negroponte_0022.jpg,e9f72b3343854d9aaf003dabcf910b56f4eca81104518483ba134b72c5b57cb3,250,250
1946,John_Negroponte,validation,John_Negroponte_0012.jpg,data/evaluation/validation/John_Negroponte/John_Negroponte_0012.jpg,6ee686921bdcc144b42575a27ac918d96898f3e638f4939f2c3f76ef846efe0b,250,250
1947,John_Negroponte,validation,John_Negroponte_0027.jpg,data/evaluation/validation/John_Negroponte/John_Negroponte_0027.jpg,fdff50983117c3751b8ca2b63dcc24a2ef48e80548352003e320da078150167f,250,250
1948,John_Negroponte,test,John_Negroponte_0017.jpg,data/evaluation/test/John_Negroponte/John_Negroponte_0017.jpg,12cbbf8b83b77db52673ade98b6d5ba3f4f30dfac948701ef11693a61b490d5b,250,250
1949,John_Negroponte,test,John_Negroponte_0001.jpg,data/evaluation/test/John_Negroponte/John_Negroponte_0001.jpg,91c4a477ddd7f5fdc6c35eb62677dbc719ee3d0c5c9724d0c22bb74567442578,250,250
1950,John_Negroponte,test,John_Negroponte_0018.jpg,data/evaluation/test/John_Negroponte/John_Negroponte_0018.jpg,5333adbb9ad6faf66ee855c75fa4a4de999d752df022d5a0ff08b0fcb016bbdb,250,250
1951,John_Negroponte,test,John_Negroponte_0016.jpg,data/evaluation/test/John_Negroponte/John_Negroponte_0016.jpg,c894cbe69f9776d330509549c40dde4b275a96cde070d4dc173afb07ff619f77,250,250
1952,John_Negroponte,test,John_Negroponte_0029.jpg,data/evaluation/test/John_Negroponte/John_Negroponte_0029.jpg,56b1c63c88b84bf9d633b77dc3662786df8b5e6c675f3a1a0f7928b59dae89f9,250,250
1953,John_Negroponte,test,John_Negroponte_0003.jpg,data/evaluation/test/John_Negroponte/John_Negroponte_0003.jpg,2b5e8aae59700901cd64a565344cac18b3302c9b100b2654acca87ef5c39c9e1,250,250
1954,John_Negroponte,test,John_Negroponte_0015.jpg,data/evaluation/test/John_Negroponte/John_Negroponte_0015.jpg,3e6bf7d947d030289d25cd127f2965ee87e7ac6b37626ca866c269cfa95fb628,250,250
1955,John_Negroponte,test,John_Negroponte_0020.jpg,data/evaluation/test/John_Negroponte/John_Negroponte_0020.jpg,5d30a6c7c973fbff8e05de63ae3264dcf6de27b795ccbeae821ac03508ffe2a8,250,250
1956,John_Negroponte,test,John_Negroponte_0021.jpg,data/evaluation/test/John_Negroponte/John_Negroponte_0021.jpg,1ef4358e5fafa363cc43be691f0c3ac8384efa402ae0a2eda7ae395c0d353449,250,250
1957,John_Negroponte,test,John_Negroponte_0014.jpg,data/evaluation/test/John_Negroponte/John_Negroponte_0014.jpg,b8604cf0d23bd220b845c32576a5d803161b079c1dd98672ebaf75d10ead0e92,250,250
1958,John_Negroponte,test,John_Negroponte_0031.jpg,data/evaluation/test/John_Negroponte/John_Negroponte_0031.jpg,17b9f91a03798aa4b1649b4356552b284ed6c3ddb4caee92bd8041e578c4760c,250,250
1959,John_Negroponte,test,John_Negroponte_0002.jpg,data/evaluation/test/John_Negroponte/John_Negroponte_0002.jpg,33af13ed3e4b6ff3810f2ae494bcbb83f3f8bab8fe681e84fb861379a7e5f7a8,250,250
1960,John_Negroponte,test,John_Negroponte_0004.jpg,data/evaluation/test/John_Negroponte/John_Negroponte_0004.jpg,6813dcc6d400bbd58c19c0fbb3b4f620d0c47bc43b2c69ceb53feb4b0816c753,250,250
1961,John_Negroponte,test,John_Negroponte_0010.jpg,data/evaluation/test/John_Negroponte/John_Negroponte_0010.jpg,aa9a9be82432cfe1ec2d066622bd556e46da8788fb3f50134d378a7d78e49bf8,250,250
1962,John_Negroponte,test,John_Negroponte_0008.jpg,data/evaluation/test/John_Negroponte/John_Negroponte_0008.jpg,1a2c77a20a3e6a70cd12baf50a11fe595cd2c1ee2e9aa4ca749a0cb74dbd1f84,250,250
1963,Jose_Maria_Aznar,enrollment,Jose_Maria_Aznar_0004.jpg,data/evaluation/enrollment/Jose_Maria_Aznar/Jose_Maria_Aznar_0004.jpg,b213344a7d05a9c07f5fdfb13fabab2a7ffafeea9585d31bb32eea7394a5f36e,250,250
1964,Jose_Maria_Aznar,enrollment,Jose_Maria_Aznar_0010.jpg,data/evaluation/enrollment/Jose_Maria_Aznar/Jose_Maria_Aznar_0010.jpg,7a6835b3ad37dff980a30ab80e03b33f9be455a6f67600a42fc7ed2f04e7c157,250,250
1965,Jose_Maria_Aznar,validation,Jose_Maria_Aznar_0009.jpg,data/evaluation/validation/Jose_Maria_Aznar/Jose_Maria_Aznar_0009.jpg,7c29e89bbef1585bf97a324a07c8d7729d1558aa80e331fe2def01a1b0639151,250,250
1966,Jose_Maria_Aznar,validation,Jose_Maria_Aznar_0002.jpg,data/evaluation/validation/Jose_Maria_Aznar/Jose_Maria_Aznar_0002.jpg,497a2388e86c8e4670366521a045a10612083d40635763ae7a407d20b229f321,250,250
1967,Jose_Maria_Aznar,validation,Jose_Maria_Aznar_0012.jpg,data/evaluation/validation/Jose_Maria_Aznar/Jose_Maria_Aznar_0012.jpg,f3a3aaaae931978199fe4976e8f986ca4ae585f3acd25c6d19ea3b4a560c5a5c,250,250
1968,Jose_Maria_Aznar,validation,Jose_Maria_Aznar_0015.jpg,data/evaluation/validation/Jose_Maria_Aznar/Jose_Maria_Aznar_0015.jpg,eabb6f78b0c56a023632f2efff0a347f7d572ed98b8fed2cb17fbbb1cedcf64b,250,250
1969,Jose_Maria_Aznar,validation,Jose_Maria_Aznar_0023.jpg,data/evaluation/validation/Jose_Maria_Aznar/Jose_Maria_Aznar_0023.jpg,ce2b385d6a8a3ef13e4638a8551cc493737e227fec69b50e40aa0a43c7fe1d1d,250,250
1970,Jose_Maria_Aznar,validation,Jose_Maria_Aznar_0016.jpg,data/evaluation/validation/Jose_Maria_Aznar/Jose_Maria_Aznar_0016.jpg,0fceb41443a6453a55968dc95ddacc24d6da543a6bd9404638ad78f83fed4726,250,250
1971,Jose_Maria_Aznar,validation,Jose_Maria_Aznar_0005.jpg,data/evaluation/validation/Jose_Maria_Aznar/Jose_Maria_Aznar_0005.jpg,a3264f207cdd825fc069d6d9eedf864594052aece800d00120301e7a6e244710,250,250
1972,Jose_Maria_Aznar,validation,Jose_Maria_Aznar_0006.jpg,data/evaluation/validation/Jose_Maria_Aznar/Jose_Maria_Aznar_0006.jpg,a236eed8abbe9aaf9ad9c7aea481bb4046b9966f9e4d5775b43a2fdffc69a61b,250,250
1973,Jose_Maria_Aznar,validation,Jose_Maria_Aznar_0007.jpg,data/evaluation/validation/Jose_Maria_Aznar/Jose_Maria_Aznar_0007.jpg,02368ed2fb0f6854a8f5bf2b7bb4b0bd9b3c62faef1190bdc52a6a9758b79e3d,250,250
1974,Jose_Maria_Aznar,validation,Jose_Maria_Aznar_0011.jpg,data/evaluation/validation/Jose_Maria_Aznar/Jose_Maria_Aznar_0011.jpg,141bfb20ca24d45aadb558abdd645dddd69e2633e74244ed3ffc899b07677a46,250,250
1975,Jose_Maria_Aznar,test,Jose_Maria_Aznar_0019.jpg,data/evaluation/test/Jose_Maria_Aznar/Jose_Maria_Aznar_0019.jpg,6119ccdb7a674ff79a232163c22f368c508a9efc21bb768f1ad01a8f560dbe5a,250,250
1976,Jose_Maria_Aznar,test,Jose_Maria_Aznar_0008.jpg,data/evaluation/test/Jose_Maria_Aznar/Jose_Maria_Aznar_0008.jpg,9a3afbd687d0f9bd9a500fd046606a5a8eee68ce9791fb16ccb8f64176802065,250,250
1977,Jose_Maria_Aznar,test,Jose_Maria_Aznar_0014.jpg,data/evaluation/test/Jose_Maria_Aznar/Jose_Maria_Aznar_0014.jpg,48119c6cc269c2f794891e1c33505b3616b0fa43e3fe5c322ea360702eba2107,250,250
1978,Jose_Maria_Aznar,test,Jose_Maria_Aznar_0013.jpg,data/evaluation/test/Jose_Maria_Aznar/Jose_Maria_Aznar_0013.jpg,0ed771564875b2e0b19fa8fa9041e671796edee5fc6d489873e87270dfd97cbe,250,250
1979,Jose_Maria_Aznar,test,Jose_Maria_Aznar_0001.jpg,data/evaluation/test/Jose_Maria_Aznar/Jose_Maria_Aznar_0001.jpg,2ff9f45f0b188174e8754b03bc031055e45ce4979ed9bbb53d0d2e004ad416b3,250,250
1980,Jose_Maria_Aznar,test,Jose_Maria_Aznar_0021.jpg,data/evaluation/test/Jose_Maria_Aznar/Jose_Maria_Aznar_0021.jpg,0dcac03ac8e5a2d0d866256832de1568fb188a92aaf5970ba6b957c4e7cf68f8,250,250
1981,Jose_Maria_Aznar,test,Jose_Maria_Aznar_0020.jpg,data/evaluation/test/Jose_Maria_Aznar/Jose_Maria_Aznar_0020.jpg,498d629d74bd6366813d683b896cb4c730f5401809f2ddb323ba2d15716d085d,250,250
1982,Jose_Maria_Aznar,test,Jose_Maria_Aznar_0022.jpg,data/evaluation/test/Jose_Maria_Aznar/Jose_Maria_Aznar_0022.jpg,17024bfb1a08d8df74bf1e95df4b68739842f823e9305926ceca85fc2534b88e,250,250
1983,Jose_Maria_Aznar,test,Jose_Maria_Aznar_0018.jpg,data/evaluation/test/Jose_Maria_Aznar/Jose_Maria_Aznar_0018.jpg,8e9f5182577cfa56aaa80524aa620f629cb345375b4ad802b338de4d9e118bb1,250,250
1984,Jose_Maria_Aznar,test,Jose_Maria_Aznar_0017.jpg,data/evaluation/test/Jose_Maria_Aznar/Jose_Maria_Aznar_0017.jpg,0a893bcfe7778975c6aa82fd34ffbf5d9ee7462227ead9296ec3b74975b14865,250,250
1985,Jose_Maria_Aznar,test,Jose_Maria_Aznar_0003.jpg,data/evaluation/test/Jose_Maria_Aznar/Jose_Maria_Aznar_0003.jpg,8551ada5dda379b353a9dd97dd4631aa6c5ba4aaa1340e46691d471cf8a00dc0,250,250
1986,Juan_Carlos_Ferrero,enrollment,Juan_Carlos_Ferrero_0004.jpg,data/evaluation/enrollment/Juan_Carlos_Ferrero/Juan_Carlos_Ferrero_0004.jpg,c97b636120476feea5e82976d0be09ab6f1f5a118a23d397620867ab551d8b0a,250,250
1987,Juan_Carlos_Ferrero,enrollment,Juan_Carlos_Ferrero_0021.jpg,data/evaluation/enrollment/Juan_Carlos_Ferrero/Juan_Carlos_Ferrero_0021.jpg,a57201c0c873aef3432983c920747b61156153776c7fcfad46c8fdd052ea0792,250,250
1988,Juan_Carlos_Ferrero,validation,Juan_Carlos_Ferrero_0010.jpg,data/evaluation/validation/Juan_Carlos_Ferrero/Juan_Carlos_Ferrero_0010.jpg,0372eaf4817b7478a16cfe9d4356e4ab00ca2eeb4f20cae9d31f8156d67ca7fb,250,250
1989,Juan_Carlos_Ferrero,validation,Juan_Carlos_Ferrero_0020.jpg,data/evaluation/validation/Juan_Carlos_Ferrero/Juan_Carlos_Ferrero_0020.jpg,f393f03c7c6694b4f645b3db10173fea19f3f8714525b4146f18d6b4bfa4015c,250,250
1990,Juan_Carlos_Ferrero,validation,Juan_Carlos_Ferrero_0007.jpg,data/evaluation/validation/Juan_Carlos_Ferrero/Juan_Carlos_Ferrero_0007.jpg,cb2b662bbae263df3d964ea76f675e7b45ebf60d75c7bc08d1b03f1f8a6be249,250,250
1991,Juan_Carlos_Ferrero,validation,Juan_Carlos_Ferrero_0009.jpg,data/evaluation/validation/Juan_Carlos_Ferrero/Juan_Carlos_Ferrero_0009.jpg,56737b9d310e4c7557467a482a01478ee1cff42e25e14475a71e6513080fb389,250,250
1992,Juan_Carlos_Ferrero,validation,Juan_Carlos_Ferrero_0017.jpg,data/evaluation/validation/Juan_Carlos_Ferrero/Juan_Carlos_Ferrero_0017.jpg,1b88fd7996d7123484c2d96dc9e91877aa742ccef437035c67457b26be8c9dd5,250,250
1993,Juan_Carlos_Ferrero,validation,Juan_Carlos_Ferrero_0023.jpg,data/evaluation/validation/Juan_Carlos_Ferrero/Juan_Carlos_Ferrero_0023.jpg,780f2ae55dcd3131d2c4c5cf5c3b5fd77ba1c9dca1b88fcf3ad284fb43093ba2,250,250
1994,Juan_Carlos_Ferrero,validation,Juan_Carlos_Ferrero_0001.jpg,data/evaluation/validation/Juan_Carlos_Ferrero/Juan_Carlos_Ferrero_0001.jpg,10aea9708843811c20e6e7378156edc61d471f47b3384681ad6520e6e47a6245,250,250
1995,Juan_Carlos_Ferrero,validation,Juan_Carlos_Ferrero_0008.jpg,data/evaluation/validation/Juan_Carlos_Ferrero/Juan_Carlos_Ferrero_0008.jpg,aeed7296cfe6f31a8da5c916032165fc1670891395fbe575f8bfaa06dfd72381,250,250
1996,Juan_Carlos_Ferrero,validation,Juan_Carlos_Ferrero_0022.jpg,data/evaluation/validation/Juan_Carlos_Ferrero/Juan_Carlos_Ferrero_0022.jpg,e3ab01526d569089588ecbcccaca077c2ac995e2ea1a237a682645604ae23ef1,250,250
1997,Juan_Carlos_Ferrero,validation,Juan_Carlos_Ferrero_0014.jpg,data/evaluation/validation/Juan_Carlos_Ferrero/Juan_Carlos_Ferrero_0014.jpg,11e3c6fe2ec6eac832fff95531b01711910987c3c3ed49d7ceb5e21d794532d8,250,250
1998,Juan_Carlos_Ferrero,validation,Juan_Carlos_Ferrero_0013.jpg,data/evaluation/validation/Juan_Carlos_Ferrero/Juan_Carlos_Ferrero_0013.jpg,3e06a4c9b2682594e33f563ce8e7d1795b2f0207a91b50a1293de7a6b0458366,250,250
1999,Juan_Carlos_Ferrero,validation,Juan_Carlos_Ferrero_0003.jpg,data/evaluation/validation/Juan_Carlos_Ferrero/Juan_Carlos_Ferrero_0003.jpg,7a57477b739137c31dab0806d68bfc972e1b95dd4f1b4cda9aa0b4c38dc1d41a,250,250
2000,Juan_Carlos_Ferrero,validation,Juan_Carlos_Ferrero_0027.jpg,data/evaluation/validation/Juan_Carlos_Ferrero/Juan_Carlos_Ferrero_0027.jpg,e98faf2f61a577dccb0876b4a5d39970a607d2955c5e7ce87a1fd3c1efe95b2b,250,250
2001,Juan_Carlos_Ferrero,test,Juan_Carlos_Ferrero_0016.jpg,data/evaluation/test/Juan_Carlos_Ferrero/Juan_Carlos_Ferrero_0016.jpg,52496dc6c879b12020da0c98531e3b333ad6f23468d022f3b6417bf110e8b55e,250,250
2002,Juan_Carlos_Ferrero,test,Juan_Carlos_Ferrero_0015.jpg,data/evaluation/test/Juan_Carlos_Ferrero/Juan_Carlos_Ferrero_0015.jpg,0ab916632184b83f0a43e0cf4b198ed1008716f5a09b60912d274e72adc299ef,250,250
2003,Juan_Carlos_Ferrero,test,Juan_Carlos_Ferrero_0006.jpg,data/evaluation/test/Juan_Carlos_Ferrero/Juan_Carlos_Ferrero_0006.jpg,0a92eecb2e97cc075dafc805ae13d045c3c7f67aa12d19a32f179ea943605671,250,250
2004,Juan_Carlos_Ferrero,test,Juan_Carlos_Ferrero_0026.jpg,data/evaluation/test/Juan_Carlos_Ferrero/Juan_Carlos_Ferrero_0026.jpg,86f7e3ba10e1f30ecf3285c2eb5f9ea7ed1bba06da61055d777fe8ba4c1e27e3,250,250
2005,Juan_Carlos_Ferrero,test,Juan_Carlos_Ferrero_0018.jpg,data/evaluation/test/Juan_Carlos_Ferrero/Juan_Carlos_Ferrero_0018.jpg,9d53d3735ea3111549d0b4e8c5bc15c5dca08f96a1d74f397e03e706c2c274c9,250,250
2006,Juan_Carlos_Ferrero,test,Juan_Carlos_Ferrero_0012.jpg,data/evaluation/test/Juan_Carlos_Ferrero/Juan_Carlos_Ferrero_0012.jpg,6b9cf1417caed9e0d33a50c8ac70b39655f5eb05367b947a8a9fe50ad35610f9,250,250
2007,Juan_Carlos_Ferrero,test,Juan_Carlos_Ferrero_0002.jpg,data/evaluation/test/Juan_Carlos_Ferrero/Juan_Carlos_Ferrero_0002.jpg,635f8afd0395c5d5678d848f199df4efe24add7f640d0de0b47386a6011a8513,250,250
2008,Juan_Carlos_Ferrero,test,Juan_Carlos_Ferrero_0005.jpg,data/evaluation/test/Juan_Carlos_Ferrero/Juan_Carlos_Ferrero_0005.jpg,14d1a1c7fd722d4ceb8025aaed612f034c4c4d6d6c642cbe74d192d112576c4c,250,250
2009,Juan_Carlos_Ferrero,test,Juan_Carlos_Ferrero_0011.jpg,data/evaluation/test/Juan_Carlos_Ferrero/Juan_Carlos_Ferrero_0011.jpg,4c713087ad13d1cebb22572563e0b4dd74861b6cc8db87492ecf67c14db4e09d,250,250
2010,Juan_Carlos_Ferrero,test,Juan_Carlos_Ferrero_0028.jpg,data/evaluation/test/Juan_Carlos_Ferrero/Juan_Carlos_Ferrero_0028.jpg,6aae9c44f3acfdc49356a89d2dd6c31b8bc4400192acf350cd3392e154d3b3a9,250,250
2011,Juan_Carlos_Ferrero,test,Juan_Carlos_Ferrero_0024.jpg,data/evaluation/test/Juan_Carlos_Ferrero/Juan_Carlos_Ferrero_0024.jpg,d1e37c1d5f812e5bee21e440ef8f8adda81eeeb67599681eca284630984e9c8b,250,250
2012,Juan_Carlos_Ferrero,test,Juan_Carlos_Ferrero_0019.jpg,data/evaluation/test/Juan_Carlos_Ferrero/Juan_Carlos_Ferrero_0019.jpg,b4d66da52a73b79ff8d06a7e27a5c7e0757b24065127aa9bfe3694e1e90a44f5,250,250
2013,Juan_Carlos_Ferrero,test,Juan_Carlos_Ferrero_0025.jpg,data/evaluation/test/Juan_Carlos_Ferrero/Juan_Carlos_Ferrero_0025.jpg,63bae57c75d849d12ad2a51a0eb4d537a0ce2750c29e45915abc829e50e82b68,250,250
2014,Junichiro_Koizumi,enrollment,Junichiro_Koizumi_0038.jpg,data/evaluation/enrollment/Junichiro_Koizumi/Junichiro_Koizumi_0038.jpg,383ff43ed729735a19e9df5768012a0d91eaf901253b4b4b767ea3802ef89173,250,250
2015,Junichiro_Koizumi,enrollment,Junichiro_Koizumi_0002.jpg,data/evaluation/enrollment/Junichiro_Koizumi/Junichiro_Koizumi_0002.jpg,5dae0c29090dde19978750c44deac425607490ec8c1aa1f2c60def90e58a9de1,250,250
2016,Junichiro_Koizumi,validation,Junichiro_Koizumi_0027.jpg,data/evaluation/validation/Junichiro_Koizumi/Junichiro_Koizumi_0027.jpg,507af4b4d9067631a8cab12e2a77a08d69922b4ed633b58c5b8dbd4ca17252ce,250,250
2017,Junichiro_Koizumi,validation,Junichiro_Koizumi_0005.jpg,data/evaluation/validation/Junichiro_Koizumi/Junichiro_Koizumi_0005.jpg,a3364a18497ca1693065a77846ea2ff2df521f3ca5d6a74759412dab079db9ee,250,250
2018,Junichiro_Koizumi,validation,Junichiro_Koizumi_0039.jpg,data/evaluation/validation/Junichiro_Koizumi/Junichiro_Koizumi_0039.jpg,eca8f11e86bc3918fc556aa89a3f6678a421be8502eeecf3ed976b8e05b2e1fa,250,250
2019,Junichiro_Koizumi,validation,Junichiro_Koizumi_0009.jpg,data/evaluation/validation/Junichiro_Koizumi/Junichiro_Koizumi_0009.jpg,be9f43460d8b00de279fb3df0a778998054ca62f5a29e99fbbfe9011f7cdffac,250,250
2020,Junichiro_Koizumi,validation,Junichiro_Koizumi_0055.jpg,data/evaluation/validation/Junichiro_Koizumi/Junichiro_Koizumi_0055.jpg,42c34432dc40416924664fbcb1a4bb182974d8b342e9fde858c22c17f931d14c,250,250
2021,Junichiro_Koizumi,validation,Junichiro_Koizumi_0007.jpg,data/evaluation/validation/Junichiro_Koizumi/Junichiro_Koizumi_0007.jpg,cf12b916a195acf5171c5b2c1c230a9977d7e058c2e0ea1724ca73cbe6b4f770,250,250
2022,Junichiro_Koizumi,validation,Junichiro_Koizumi_0016.jpg,data/evaluation/validation/Junichiro_Koizumi/Junichiro_Koizumi_0016.jpg,d6c257da422592b61cb837fea44ab52faa64795e7b4c0dd5bee85647b9182267,250,250
2023,Junichiro_Koizumi,validation,Junichiro_Koizumi_0001.jpg,data/evaluation/validation/Junichiro_Koizumi/Junichiro_Koizumi_0001.jpg,a693276de52685685498101a8b0d4b11088bc9e299face31899a87bc63882ad3,250,250
2024,Junichiro_Koizumi,validation,Junichiro_Koizumi_0051.jpg,data/evaluation/validation/Junichiro_Koizumi/Junichiro_Koizumi_0051.jpg,75926a84f20292e29a196aafc727676a8c161466af065d21aa186a0cb18f5023,250,250
2025,Junichiro_Koizumi,validation,Junichiro_Koizumi_0041.jpg,data/evaluation/validation/Junichiro_Koizumi/Junichiro_Koizumi_0041.jpg,2fba1d7ae477cd232a27775fe157c154437d703e48beccc4c09c91207390d010,250,250
2026,Junichiro_Koizumi,validation,Junichiro_Koizumi_0044.jpg,data/evaluation/validation/Junichiro_Koizumi/Junichiro_Koizumi_0044.jpg,15f4b3dd0e1d5b48b7a94f2c9f33ab499fbdaf4a5c95d8d1030c9954c1b0b87e,250,250
2027,Junichiro_Koizumi,validation,Junichiro_Koizumi_0037.jpg,data/evaluation/validation/Junichiro_Koizumi/Junichiro_Koizumi_0037.jpg,428909b32508f31dd65b90ac26fe62c0a6b6700547aacff2bfd71e2fee5fbd08,250,250
2028,Junichiro_Koizumi,validation,Junichiro_Koizumi_0021.jpg,data/evaluation/validation/Junichiro_Koizumi/Junichiro_Koizumi_0021.jpg,ac1e78ff251c5c165326bc65ce89cc2cf2702ee8849764eca1e353ae6328cb45,250,250
2029,Junichiro_Koizumi,validation,Junichiro_Koizumi_0047.jpg,data/evaluation/validation/Junichiro_Koizumi/Junichiro_Koizumi_0047.jpg,10bf8f93761efffb82b11c420b572f9ecf7647c9e5a373965e9015ba3dee1e5b,250,250
2030,Junichiro_Koizumi,validation,Junichiro_Koizumi_0015.jpg,data/evaluation/validation/Junichiro_Koizumi/Junichiro_Koizumi_0015.jpg,c54de930e7d1caa3de0638413b35784a30c1167e2380b5d1ce4cfddce8e1dcde,250,250
2031,Junichiro_Koizumi,validation,Junichiro_Koizumi_0050.jpg,data/evaluation/validation/Junichiro_Koizumi/Junichiro_Koizumi_0050.jpg,3310a18d4fd4754726d8f8ec54a1cf162310631b08f7505558e7a35bba2e9392,250,250
2032,Junichiro_Koizumi,validation,Junichiro_Koizumi_0056.jpg,data/evaluation/validation/Junichiro_Koizumi/Junichiro_Koizumi_0056.jpg,f13451c62282b557777a0565e8ae5cda0f283efc4b7caa41bdee7d7122691466,250,250
2033,Junichiro_Koizumi,validation,Junichiro_Koizumi_0058.jpg,data/evaluation/validation/Junichiro_Koizumi/Junichiro_Koizumi_0058.jpg,7cd37cfb090ddf8c5dedfe07d5658016b652233ef0bcf395682144dcc3829783,250,250
2034,Junichiro_Koizumi,validation,Junichiro_Koizumi_0040.jpg,data/evaluation/validation/Junichiro_Koizumi/Junichiro_Koizumi_0040.jpg,364bd2ab0f22f028d1471fac32062d87846b44fa266376eb192a6ca6316f236d,250,250
2035,Junichiro_Koizumi,validation,Junichiro_Koizumi_0048.jpg,data/evaluation/validation/Junichiro_Koizumi/Junichiro_Koizumi_0048.jpg,9671f76f9619df9e5d15a988c8acfd2365d7055c748db460ce15c0fb9a15283c,250,250
2036,Junichiro_Koizumi,validation,Junichiro_Koizumi_0011.jpg,data/evaluation/validation/Junichiro_Koizumi/Junichiro_Koizumi_0011.jpg,7b0d0aecb91a3fd4017dfc8d028a1478b89a5eb5ad0ccaafffafdd769547ea44,250,250
2037,Junichiro_Koizumi,validation,Junichiro_Koizumi_0010.jpg,data/evaluation/validation/Junichiro_Koizumi/Junichiro_Koizumi_0010.jpg,45c49c4405702320300a83e07d8cdbb7ca003ddaa06f967a34a7519d96c7d2cd,250,250
2038,Junichiro_Koizumi,validation,Junichiro_Koizumi_0060.jpg,data/evaluation/validation/Junichiro_Koizumi/Junichiro_Koizumi_0060.jpg,3afb38f5e129e10af85014b1b10a4b474c51b2ee8713c856b80d79e946a259cb,250,250
2039,Junichiro_Koizumi,validation,Junichiro_Koizumi_0057.jpg,data/evaluation/validation/Junichiro_Koizumi/Junichiro_Koizumi_0057.jpg,4b4ff76f79af79d8739d8f9a6fc767a62acc8457d7662b1de852354fee3b0933,250,250
2040,Junichiro_Koizumi,validation,Junichiro_Koizumi_0020.jpg,data/evaluation/validation/Junichiro_Koizumi/Junichiro_Koizumi_0020.jpg,43159143595e93bf4bfadc6b84ae5f55c506288c0d0afed1233579677fff8385,250,250
2041,Junichiro_Koizumi,validation,Junichiro_Koizumi_0030.jpg,data/evaluation/validation/Junichiro_Koizumi/Junichiro_Koizumi_0030.jpg,5ab2d6e5cc0ab165b26636a916adbff095f7e1d11f1988777778f84c7e8d7c9e,250,250
2042,Junichiro_Koizumi,validation,Junichiro_Koizumi_0054.jpg,data/evaluation/validation/Junichiro_Koizumi/Junichiro_Koizumi_0054.jpg,a5aaaa3b6953c91815e7a3c3f46a19fc005dfafa62de12f12baf8a75dc950652,250,250
2043,Junichiro_Koizumi,validation,Junichiro_Koizumi_0014.jpg,data/evaluation/validation/Junichiro_Koizumi/Junichiro_Koizumi_0014.jpg,37acd174d85ef1ad48dca223d07aa6e5655eb6cfc37d6c4c092cbc59ee7900e0,250,250
2044,Junichiro_Koizumi,validation,Junichiro_Koizumi_0034.jpg,data/evaluation/validation/Junichiro_Koizumi/Junichiro_Koizumi_0034.jpg,f5f0e410f2715e72a926f8c15f419667677ac865e89e9952906853ffefd001d4,250,250
2045,Junichiro_Koizumi,test,Junichiro_Koizumi_0006.jpg,data/evaluation/test/Junichiro_Koizumi/Junichiro_Koizumi_0006.jpg,10daa68f81b39cb70885424ba572fe2ea46dd8fd7ce635de2a603bbcbdb8a41f,250,250
2046,Junichiro_Koizumi,test,Junichiro_Koizumi_0045.jpg,data/evaluation/test/Junichiro_Koizumi/Junichiro_Koizumi_0045.jpg,7a8ee35cafe5becb296ff790761a047753edc7ec3a974f25f7d65513665a6b8a,250,250
2047,Junichiro_Koizumi,test,Junichiro_Koizumi_0043.jpg,data/evaluation/test/Junichiro_Koizumi/Junichiro_Koizumi_0043.jpg,f5fd56be425d67192211989b8ac01f5a959606dcd4ca18d8fe0a4d56873073a0,250,250
2048,Junichiro_Koizumi,test,Junichiro_Koizumi_0036.jpg,data/evaluation/test/Junichiro_Koizumi/Junichiro_Koizumi_0036.jpg,fd5d4d369acfbc2dad4fc180149d208356accf6621affb5408ca9723a992f798,250,250
2049,Junichiro_Koizumi,test,Junichiro_Koizumi_0032.jpg,data/evaluation/test/Junichiro_Koizumi/Junichiro_Koizumi_0032.jpg,eb359375d0d82d799a95ad8494a67a4cc313804a752627d9b62f97d27bfbfeb2,250,250
2050,Junichiro_Koizumi,test,Junichiro_Koizumi_0012.jpg,data/evaluation/test/Junichiro_Koizumi/Junichiro_Koizumi_0012.jpg,8462d6cb0a85fd3c6f605fa583fcd778caa6561550fb8f246a1ea3a726e701c7,250,250
2051,Junichiro_Koizumi,test,Junichiro_Koizumi_0046.jpg,data/evaluation/test/Junichiro_Koizumi/Junichiro_Koizumi_0046.jpg,f84ceb6838a145d723ca65ace4c6f460e1910b99b78f8b5d8b104f7f8cdf2401,250,250
2052,Junichiro_Koizumi,test,Junichiro_Koizumi_0025.jpg,data/evaluation/test/Junichiro_Koizumi/Junichiro_Koizumi_0025.jpg,cdc99fd456571eedb066d1f73753d38262ddb193d17d064c791c65372bebe245,250,250
2053,Junichiro_Koizumi,test,Junichiro_Koizumi_0029.jpg,data/evaluation/test/Junichiro_Koizumi/Junichiro_Koizumi_0029.jpg,b8a3eb5e016f3f6edeb610325497ad4c7c6545741bd945d7defbdc85dddadcf2,250,250
2054,Junichiro_Koizumi,test,Junichiro_Koizumi_0059.jpg,data/evaluation/test/Junichiro_Koizumi/Junichiro_Koizumi_0059.jpg,5859b2599831da5cc2694f7c98f5d8bc90abba6105c53dec3feb4f2d0708e997,250,250
2055,Junichiro_Koizumi,test,Junichiro_Koizumi_0028.jpg,data/evaluation/test/Junichiro_Koizumi/Junichiro_Koizumi_0028.jpg,5122eff5ba7538bd1e1b02c81051a5d40538414d7f82f9a591e55a8329145319,250,250
2056,Junichiro_Koizumi,test,Junichiro_Koizumi_0024.jpg,data/evaluation/test/Junichiro_Koizumi/Junichiro_Koizumi_0024.jpg,0b20aac9999899adf8ea43dc48d66f04bef9dcc30dc42677d499f992ce2d8a08,250,250
2057,Junichiro_Koizumi,test,Junichiro_Koizumi_0008.jpg,data/evaluation/test/Junichiro_Koizumi/Junichiro_Koizumi_0008.jpg,f56e47282968101fac9ad1ca2d465add53ca6b480d5a04ae8f6c98e80a107b0e,250,250
2058,Junichiro_Koizumi,test,Junichiro_Koizumi_0018.jpg,data/evaluation/test/Junichiro_Koizumi/Junichiro_Koizumi_0018.jpg,afe401098b0c732f8047da730b814aaac51df886ff5292ce75a701f79f15d64a,250,250
2059,Junichiro_Koizumi,test,Junichiro_Koizumi_0022.jpg,data/evaluation/test/Junichiro_Koizumi/Junichiro_Koizumi_0022.jpg,f5e4c35c4b3ecdf3208efe5a46c3438381ad4bde090a54851b7bff7f426e807d,250,250
2060,Junichiro_Koizumi,test,Junichiro_Koizumi_0052.jpg,data/evaluation/test/Junichiro_Koizumi/Junichiro_Koizumi_0052.jpg,561d9e120476df67b2ba11b081ef65f28dd9c276e157a66432e2c6fc2cfe5df4,250,250
2061,Junichiro_Koizumi,test,Junichiro_Koizumi_0004.jpg,data/evaluation/test/Junichiro_Koizumi/Junichiro_Koizumi_0004.jpg,c6d3a09c8b057cc23531bb4f51160c9f5d5b3309a1a0776cb833b6cc50865558,250,250
2062,Junichiro_Koizumi,test,Junichiro_Koizumi_0023.jpg,data/evaluation/test/Junichiro_Koizumi/Junichiro_Koizumi_0023.jpg,f5742297691003bde36b87566628567e1bdd54388bba550a442a936c00fcfb3a,250,250
2063,Junichiro_Koizumi,test,Junichiro_Koizumi_0019.jpg,data/evaluation/test/Junichiro_Koizumi/Junichiro_Koizumi_0019.jpg,34d5982d27d0dc3831a7423d605692b7e988d50b2c83e03b4a790d3a59f02afa,250,250
2064,Junichiro_Koizumi,test,Junichiro_Koizumi_0013.jpg,data/evaluation/test/Junichiro_Koizumi/Junichiro_Koizumi_0013.jpg,fb46a3cb08ad38f5d4a8dbaa71d587792909b42ca4965d81a6a6f20ac972a918,250,250
2065,Junichiro_Koizumi,test,Junichiro_Koizumi_0042.jpg,data/evaluation/test/Junichiro_Koizumi/Junichiro_Koizumi_0042.jpg,0668ec01f3a359e6d818d9c5375ba56a8178baf8185d6db9767c795f22bc1ea9,250,250
2066,Junichiro_Koizumi,test,Junichiro_Koizumi_0049.jpg,data/evaluation/test/Junichiro_Koizumi/Junichiro_Koizumi_0049.jpg,ec84a888157a48e66eaebfcf631fbe3ac67ecd03c3c2e877074512d63dd57776,250,250
2067,Junichiro_Koizumi,test,Junichiro_Koizumi_0003.jpg,data/evaluation/test/Junichiro_Koizumi/Junichiro_Koizumi_0003.jpg,5f397377fcc5c6a2ea695cd5975752397f6391d32833842b914566d4b20c849c,250,250
2068,Junichiro_Koizumi,test,Junichiro_Koizumi_0017.jpg,data/evaluation/test/Junichiro_Koizumi/Junichiro_Koizumi_0017.jpg,f63a9852359e79a003434b62e349841d44ad297dd402307554e7271180047262,250,250
2069,Junichiro_Koizumi,test,Junichiro_Koizumi_0031.jpg,data/evaluation/test/Junichiro_Koizumi/Junichiro_Koizumi_0031.jpg,c9e1718040f314ca290b8f7e7850c28006de80546e9e2cecc0285ec781b63523,250,250
2070,Junichiro_Koizumi,test,Junichiro_Koizumi_0035.jpg,data/evaluation/test/Junichiro_Koizumi/Junichiro_Koizumi_0035.jpg,a17f79b0f477c8c01e28c627d4f2c95d0530c46216dbc2c56d195032e8049966,250,250
2071,Junichiro_Koizumi,test,Junichiro_Koizumi_0053.jpg,data/evaluation/test/Junichiro_Koizumi/Junichiro_Koizumi_0053.jpg,fe018040a5f699ad1448bbbff7d4c1079c118bdffed931bfc718d521d3f65e02,250,250
2072,Junichiro_Koizumi,test,Junichiro_Koizumi_0026.jpg,data/evaluation/test/Junichiro_Koizumi/Junichiro_Koizumi_0026.jpg,f81ef41c8e5f29c9714568640f92278a3dccad5d51d57839380ce8452595cbfb,250,250
2073,Junichiro_Koizumi,test,Junichiro_Koizumi_0033.jpg,data/evaluation/test/Junichiro_Koizumi/Junichiro_Koizumi_0033.jpg,81914d7d6f46d21e265f207b277bc171043bc1950103db199f0629c8c29be5f5,250,250
2074,Kofi_Annan,enrollment,Kofi_Annan_0016.jpg,data/evaluation/enrollment/Kofi_Annan/Kofi_Annan_0016.jpg,00fb4a69cb98cc192485eff14ac2d092d9d177abbc4c915162a952eb1fa0a1ca,250,250
2075,Kofi_Annan,enrollment,Kofi_Annan_0023.jpg,data/evaluation/enrollment/Kofi_Annan/Kofi_Annan_0023.jpg,b1048883540f58262da158178b84314ed20b05e86274896d43c25a1d6a0ff977,250,250
2076,Kofi_Annan,validation,Kofi_Annan_0011.jpg,data/evaluation/validation/Kofi_Annan/Kofi_Annan_0011.jpg,d6a1da1ffbd0f011e1ced3ed22f8dd78cca3dec747f05cebca99100b61d2cf8b,250,250
2077,Kofi_Annan,validation,Kofi_Annan_0021.jpg,data/evaluation/validation/Kofi_Annan/Kofi_Annan_0021.jpg,1c24e33c47e2397fa7ec393a81530ec2f545d9974c2e0cf1e8e1b03209a8e73e,250,250
2078,Kofi_Annan,validation,Kofi_Annan_0029.jpg,data/evaluation/validation/Kofi_Annan/Kofi_Annan_0029.jpg,b0f2ced306207dee9b6a117a606e5daab027be3b7132c0ff059feb3ad7981345,250,250
2079,Kofi_Annan,validation,Kofi_Annan_0013.jpg,data/evaluation/validation/Kofi_Annan/Kofi_Annan_0013.jpg,bd8a955dd42a0ae1d4ab112cbe4cf716f0418362fc6913055e5e99c1673ad30d,250,250
2080,Kofi_Annan,validation,Kofi_Annan_0004.jpg,data/evaluation/validation/Kofi_Annan/Kofi_Annan_0004.jpg,29f1a99002f98bd763c31f8c7a95c63a1c1463745c598101d1d9f0467e55c229,250,250
2081,Kofi_Annan,validation,Kofi_Annan_0009.jpg,data/evaluation/validation/Kofi_Annan/Kofi_Annan_0009.jpg,1ce424d48788d325a5235730aa394665a501452073c4085678db9f44f89441ec,250,250
2082,Kofi_Annan,validation,Kofi_Annan_0027.jpg,data/evaluation/validation/Kofi_Annan/Kofi_Annan_0027.jpg,55c766fe1fff3b637c291a2c3bcef3ed1a2c68ba37ea187c209d35f0d9026eec,250,250
2083,Kofi_Annan,validation,Kofi_Annan_0018.jpg,data/evaluation/validation/Kofi_Annan/Kofi_Annan_0018.jpg,eba9f3779dcd51af893b530d9bd1bef5c9c5149a98eee5892e990ee5e1918afd,250,250
2084,Kofi_Annan,validation,Kofi_Annan_0019.jpg,data/evaluation/validation/Kofi_Annan/Kofi_Annan_0019.jpg,e60db074528f6ebe9f8be6283b37c6fe22c1dc318ea864b94339ec8051ae2868,250,250
2085,Kofi_Annan,validation,Kofi_Annan_0014.jpg,data/evaluation/validation/Kofi_Annan/Kofi_Annan_0014.jpg,ee9bef8ec1f6c3de9ac7867634130024348052e3ec8dca1c14a7ba840c167f87,250,250
2086,Kofi_Annan,validation,Kofi_Annan_0030.jpg,data/evaluation/validation/Kofi_Annan/Kofi_Annan_0030.jpg,8d9ebaa63af421b52ccf93341fd05752a1402bae75461e85fc220d4b49e8bae1,250,250
2087,Kofi_Annan,validation,Kofi_Annan_0010.jpg,data/evaluation/validation/Kofi_Annan/Kofi_Annan_0010.jpg,f16bde3d72fb9c218f85fc630debac003c3d0ea3b1cf92b91d5e1f843d5388fe,250,250
2088,Kofi_Annan,validation,Kofi_Annan_0007.jpg,data/evaluation/validation/Kofi_Annan/Kofi_Annan_0007.jpg,6e8c9112e2985c95a426574efd58f4ff2c0b3afafd372a07ab6cd309ed5ae1f5,250,250
2089,Kofi_Annan,validation,Kofi_Annan_0031.jpg,data/evaluation/validation/Kofi_Annan/Kofi_Annan_0031.jpg,5463399b3d89a2b8675d575fa24df6d2ce35a4bc9015fa5a5cb498540103a239,250,250
2090,Kofi_Annan,validation,Kofi_Annan_0012.jpg,data/evaluation/validation/Kofi_Annan/Kofi_Annan_0012.jpg,23df05c07cb8463cb6d06e5f91e9e6ce0655067691e19425dbe892cfd7bc3bd7,250,250
2091,Kofi_Annan,test,Kofi_Annan_0008.jpg,data/evaluation/test/Kofi_Annan/Kofi_Annan_0008.jpg,b4bb0f9d0e88bb165447986d38947bccebdf139e4e42e70217194b9029cbf0a0,250,250
2092,Kofi_Annan,test,Kofi_Annan_0003.jpg,data/evaluation/test/Kofi_Annan/Kofi_Annan_0003.jpg,f5b45bfb720186a5295685d3b2d5196f4ee866a60c523b3230fb360c8d808867,250,250
2093,Kofi_Annan,test,Kofi_Annan_0025.jpg,data/evaluation/test/Kofi_Annan/Kofi_Annan_0025.jpg,932f0098f291616b0204f454e830facc20a013b1ee2966961d646872b2f99018,250,250
2094,Kofi_Annan,test,Kofi_Annan_0002.jpg,data/evaluation/test/Kofi_Annan/Kofi_Annan_0002.jpg,585ac6681e368d9b86950f008978cedf89cb4a09e3f2123ce1597bb68fba603b,250,250
2095,Kofi_Annan,test,Kofi_Annan_0015.jpg,data/evaluation/test/Kofi_Annan/Kofi_Annan_0015.jpg,43941c27ded310a21f6fa9cc7af5bf48553836b556684d1eabb6e1d89291b51f,250,250
2096,Kofi_Annan,test,Kofi_Annan_0028.jpg,data/evaluation/test/Kofi_Annan/Kofi_Annan_0028.jpg,e41c86302b98a64f3357810632049917183112576967ebd841b2b02bfb9cf621,250,250
2097,Kofi_Annan,test,Kofi_Annan_0020.jpg,data/evaluation/test/Kofi_Annan/Kofi_Annan_0020.jpg,13968574c57d6f1677688a5e150beea11e02789edbb8bb865127e585c985ac05,250,250
2098,Kofi_Annan,test,Kofi_Annan_0005.jpg,data/evaluation/test/Kofi_Annan/Kofi_Annan_0005.jpg,50c64110f6df853cb279ab57234fa742fee23b0f5c995963caecb54807964cac,250,250
2099,Kofi_Annan,test,Kofi_Annan_0001.jpg,data/evaluation/test/Kofi_Annan/Kofi_Annan_0001.jpg,813bd29acef2ac2dc6f9624a1b2e5851f33e0f67c7e83b001fe851570c0c70a7,250,250
2100,Kofi_Annan,test,Kofi_Annan_0006.jpg,data/evaluation/test/Kofi_Annan/Kofi_Annan_0006.jpg,b53e88698d883b7bcb0d82eb3b118f8c94d45a976c2c1e897779b700a2eee170,250,250
2101,Kofi_Annan,test,Kofi_Annan_0022.jpg,data/evaluation/test/Kofi_Annan/Kofi_Annan_0022.jpg,b8c31b31ee2be63b9b1ba23226673835505fd0f96246f17434f3871d8f96ad0e,250,250
2102,Kofi_Annan,test,Kofi_Annan_0032.jpg,data/evaluation/test/Kofi_Annan/Kofi_Annan_0032.jpg,db3eca8bc89fe96caa6086ccdc2c7f535d521a9578573687e35d97d6330c0a74,250,250
2103,Kofi_Annan,test,Kofi_Annan_0026.jpg,data/evaluation/test/Kofi_Annan/Kofi_Annan_0026.jpg,e4e4fec84f0489808cd3d27bc19ca6b113af97136c0359ef82310d5a4c37cb7d,250,250
2104,Kofi_Annan,test,Kofi_Annan_0017.jpg,data/evaluation/test/Kofi_Annan/Kofi_Annan_0017.jpg,5b04c622794c99d3c921e5a6077eadd93c35419f1201a24be4e7a0bd6b0735f5,250,250
2105,Kofi_Annan,test,Kofi_Annan_0024.jpg,data/evaluation/test/Kofi_Annan/Kofi_Annan_0024.jpg,b6d71ad22e2ca5c50d5c5977dffdb3a69267d6a4bd65e4623d79eb89ccccc342,250,250
2106,Laura_Bush,enrollment,Laura_Bush_0013.jpg,data/evaluation/enrollment/Laura_Bush/Laura_Bush_0013.jpg,42629ac097ae5af51bece327f2baf46ef165e448a09a167c577f6f8ae32a8091,250,250
2107,Laura_Bush,enrollment,Laura_Bush_0030.jpg,data/evaluation/enrollment/Laura_Bush/Laura_Bush_0030.jpg,0a7bc5d886225d16363f49a81e977f8905cffb9ffd661e348615baee022af60d,250,250
2108,Laura_Bush,validation,Laura_Bush_0001.jpg,data/evaluation/validation/Laura_Bush/Laura_Bush_0001.jpg,2410c19b3d772b046410d37cd21339d2817c8578dd16e7ee8e464b6d17aad649,250,250
2109,Laura_Bush,validation,Laura_Bush_0029.jpg,data/evaluation/validation/Laura_Bush/Laura_Bush_0029.jpg,ed4b199088ef099569ae7e2f651b3daa13b2e9abfae9cbade13fd6fdf01bd000,250,250
2110,Laura_Bush,validation,Laura_Bush_0039.jpg,data/evaluation/validation/Laura_Bush/Laura_Bush_0039.jpg,f588977c12e7eb302c68d4db3ed2fdd4b56e86a2301d3a176807317444b6d3bf,250,250
2111,Laura_Bush,validation,Laura_Bush_0040.jpg,data/evaluation/validation/Laura_Bush/Laura_Bush_0040.jpg,8b67c71e02990a5cabd139bb63cf288dc5a723cd32b8b0d216507cc9995acf9a,250,250
2112,Laura_Bush,validation,Laura_Bush_0019.jpg,data/evaluation/validation/Laura_Bush/Laura_Bush_0019.jpg,7e0b5d731fdadefd78af06f20c94c033cb18f242e4f78885387b6d2d7a5c0b03,250,250
2113,Laura_Bush,validation,Laura_Bush_0014.jpg,data/evaluation/validation/Laura_Bush/Laura_Bush_0014.jpg,124f856732520c9d9fb541ebabda132702c03d69956ebf730ef975b80d550ef1,250,250
2114,Laura_Bush,validation,Laura_Bush_0024.jpg,data/evaluation/validation/Laura_Bush/Laura_Bush_0024.jpg,c48c03eed7dc2bd9125d3050862970dcfe5a86f49eb296f07a93c851867d14cd,250,250
2115,Laura_Bush,validation,Laura_Bush_0022.jpg,data/evaluation/validation/Laura_Bush/Laura_Bush_0022.jpg,5aecd8fa6c1a23875c0f4e6621189218057b68dd27a52a4c5cf398d16cd6aa76,250,250
2116,Laura_Bush,validation,Laura_Bush_0011.jpg,data/evaluation/validation/Laura_Bush/Laura_Bush_0011.jpg,745e0e999ead48739f8b1bc160af13d1a840a546b6b800841c4d37cc7275a7bb,250,250
2117,Laura_Bush,validation,Laura_Bush_0036.jpg,data/evaluation/validation/Laura_Bush/Laura_Bush_0036.jpg,be349c4ed4e19cab52fa860629a9c449d5eca19483ed290db3f6ada0a990b72e,250,250
2118,Laura_Bush,validation,Laura_Bush_0034.jpg,data/evaluation/validation/Laura_Bush/Laura_Bush_0034.jpg,c12ea097c01d6036f1249eaf49394769ca19ef33dd095b8b4daf19e111773b87,250,250
2119,Laura_Bush,validation,Laura_Bush_0035.jpg,data/evaluation/validation/Laura_Bush/Laura_Bush_0035.jpg,d3ef96abc920bebf1d74e36863f135b0c75179f0c44e175d137399d833c430bc,250,250
2120,Laura_Bush,validation,Laura_Bush_0017.jpg,data/evaluation/validation/Laura_Bush/Laura_Bush_0017.jpg,3f75f32d367b4ba0fbd74d44787693416975f83e90acb8b297428500ffc42ce6,250,250
2121,Laura_Bush,validation,Laura_Bush_0006.jpg,data/evaluation/validation/Laura_Bush/Laura_Bush_0006.jpg,2a9bdde20da0a23a7f20bc8f9c20296f8bc133bc482c603c52fc08e8c5fd3900,250,250
2122,Laura_Bush,validation,Laura_Bush_0027.jpg,data/evaluation/validation/Laura_Bush/Laura_Bush_0027.jpg,3f6ce3de067da7e45a65bc0c1ed481bd70f7a539aefa3d7bf992b469e27b5bd4,250,250
2123,Laura_Bush,validation,Laura_Bush_0003.jpg,data/evaluation/validation/Laura_Bush/Laura_Bush_0003.jpg,62e1d5ddb105add1132d98b3fa08b802ce65f9a8aefd9ed8749bc19e4c31ce95,250,250
2124,Laura_Bush,validation,Laura_Bush_0005.jpg,data/evaluation/validation/Laura_Bush/Laura_Bush_0005.jpg,56ec3ecff3e3742bf62c92aa3106b9cd9524e3fd791ecfe702cd33aa38e1fd51,250,250
2125,Laura_Bush,validation,Laura_Bush_0004.jpg,data/evaluation/validation/Laura_Bush/Laura_Bush_0004.jpg,5777e6baedb7d2a5a9feadc33ae7afaa7017e08620108008dbcd4702ca461ff8,250,250
2126,Laura_Bush,validation,Laura_Bush_0041.jpg,data/evaluation/validation/Laura_Bush/Laura_Bush_0041.jpg,f15c3cd0dd0befa3601c2dc619ba3b25705d71fcd20108943db325ced65b949d,250,250
2127,Laura_Bush,test,Laura_Bush_0038.jpg,data/evaluation/test/Laura_Bush/Laura_Bush_0038.jpg,e83d44e38d0b81d6188ed6cfd54bd4d803d6c70503c119da2658ec714999c160,250,250
2128,Laura_Bush,test,Laura_Bush_0028.jpg,data/evaluation/test/Laura_Bush/Laura_Bush_0028.jpg,c51e879fb7b03af17f28fe6f78afe1c61864f2cfca74154d070221c5e19b64ed,250,250
2129,Laura_Bush,test,Laura_Bush_0010.jpg,data/evaluation/test/Laura_Bush/Laura_Bush_0010.jpg,1adb781d30618a3641b3d0def0cc56e57dc6c35d9662aa47ebe9d89f21109dc8,250,250
2130,Laura_Bush,test,Laura_Bush_0020.jpg,data/evaluation/test/Laura_Bush/Laura_Bush_0020.jpg,1c87713ef7306a85464635e89143d0b1676fc049c24b2214a91a8acb0bea318e,250,250
2131,Laura_Bush,test,Laura_Bush_0007.jpg,data/evaluation/test/Laura_Bush/Laura_Bush_0007.jpg,f7ef91eced8c777fce4aa8d38af335efb3058df35ccaf666ca98dcc56c321e02,250,250
2132,Laura_Bush,test,Laura_Bush_0015.jpg,data/evaluation/test/Laura_Bush/Laura_Bush_0015.jpg,d3e104e7665a36f55f23513ac7dff720603da18942bddb8fa35d5449c2cb53bd,250,250
2133,Laura_Bush,test,Laura_Bush_0023.jpg,data/evaluation/test/Laura_Bush/Laura_Bush_0023.jpg,cce2516a91b7f632717181f554b3b0af98c6ac455d71fa7a000c8551bff67e84,250,250
2134,Laura_Bush,test,Laura_Bush_0031.jpg,data/evaluation/test/Laura_Bush/Laura_Bush_0031.jpg,09edd05b8dee45d1cd7192a5e8f75e3112b74cfbf1e12c399154ab8c79ffa169,250,250
2135,Laura_Bush,test,Laura_Bush_0033.jpg,data/evaluation/test/Laura_Bush/Laura_Bush_0033.jpg,011ba97bb30ab55d42351405868c6f97d3b776a0981840c6394e5851586a1676,250,250
2136,Laura_Bush,test,Laura_Bush_0009.jpg,data/evaluation/test/Laura_Bush/Laura_Bush_0009.jpg,b5f35f1e2f74fdc0cf339462f827b74c82f7bef5241a5afd88205d78d104d262,250,250
2137,Laura_Bush,test,Laura_Bush_0037.jpg,data/evaluation/test/Laura_Bush/Laura_Bush_0037.jpg,7196c208146da4f7629be201cff3df5b91b8d018af8ee1e9c4e2688dc6b829de,250,250
2138,Laura_Bush,test,Laura_Bush_0025.jpg,data/evaluation/test/Laura_Bush/Laura_Bush_0025.jpg,de3beb778624fa5cab7ac5bdb2e7a1a0b83f0590c0f47a5ada8bb50c17923c06,250,250
2139,Laura_Bush,test,Laura_Bush_0032.jpg,data/evaluation/test/Laura_Bush/Laura_Bush_0032.jpg,fd3953c1a0413fcca38ca37c4c0b4c316d7a30ba75dfa77bed295d61066f9198,250,250
2140,Laura_Bush,test,Laura_Bush_0012.jpg,data/evaluation/test/Laura_Bush/Laura_Bush_0012.jpg,d27c7caa765bcc743a83d6cbc6190d04a327e8b2c8a1f129c2402c5fa809ad6f,250,250
2141,Laura_Bush,test,Laura_Bush_0002.jpg,data/evaluation/test/Laura_Bush/Laura_Bush_0002.jpg,f76480e7345c90918906ea971337369f7e29176712529c94fd8fd77a7501fbad,250,250
2142,Laura_Bush,test,Laura_Bush_0008.jpg,data/evaluation/test/Laura_Bush/Laura_Bush_0008.jpg,0b462eaace43ee354e0e0f3b57bb33e11bc1ba4ed6e6d174c88fb84c4fdddf9a,250,250
2143,Laura_Bush,test,Laura_Bush_0016.jpg,data/evaluation/test/Laura_Bush/Laura_Bush_0016.jpg,66472fa43e95293935edee9448cf28fdf5cfe5086f2fc6cdd219f397927154f7,250,250
2144,Laura_Bush,test,Laura_Bush_0018.jpg,data/evaluation/test/Laura_Bush/Laura_Bush_0018.jpg,03902452ad48878123fa69b128649d336d7c5d98f82dc609abee5f90a6b96204,250,250
2145,Laura_Bush,test,Laura_Bush_0021.jpg,data/evaluation/test/Laura_Bush/Laura_Bush_0021.jpg,d1f8bf08288b73b9bc5837ef485fb307047349fa4b413b1cac9f7829c5b1f217,250,250
2146,Laura_Bush,test,Laura_Bush_0026.jpg,data/evaluation/test/Laura_Bush/Laura_Bush_0026.jpg,7a55a1dfa02aa7291446996635e8322355d5d3cb3a11175539bcbe6ee987b26b,250,250
2147,Lindsay_Davenport,enrollment,Lindsay_Davenport_0003.jpg,data/evaluation/enrollment/Lindsay_Davenport/Lindsay_Davenport_0003.jpg,072363f56c62f3be92e79c580ab2606575057af3cd4d3c9aa041bf2a545ec480,250,250
2148,Lindsay_Davenport,enrollment,Lindsay_Davenport_0011.jpg,data/evaluation/enrollment/Lindsay_Davenport/Lindsay_Davenport_0011.jpg,d94ba0d898f71f7eacd7dd7f02afcbcbb4b0fb8995bbf60189cea5074578120f,250,250
2149,Lindsay_Davenport,validation,Lindsay_Davenport_0019.jpg,data/evaluation/validation/Lindsay_Davenport/Lindsay_Davenport_0019.jpg,6fcf133d43f352daf9342b2a6cda979aabcedeadc041c22b4d362070fde74f9c,250,250
2150,Lindsay_Davenport,validation,Lindsay_Davenport_0015.jpg,data/evaluation/validation/Lindsay_Davenport/Lindsay_Davenport_0015.jpg,6e97b3bb2baee9812eb5ab885d1254940a950076cbc045c724a0129d1a71eccb,250,250
2151,Lindsay_Davenport,validation,Lindsay_Davenport_0002.jpg,data/evaluation/validation/Lindsay_Davenport/Lindsay_Davenport_0002.jpg,a89c99cb6337886ee270ce57e04c7a1383eb20da1f3fdc96848c4d09d49a1d1a,250,250
2152,Lindsay_Davenport,validation,Lindsay_Davenport_0021.jpg,data/evaluation/validation/Lindsay_Davenport/Lindsay_Davenport_0021.jpg,072dfc7a129f952938527e7fabf00a893951f51957dd500f7fbc3691dac9587e,250,250
2153,Lindsay_Davenport,validation,Lindsay_Davenport_0018.jpg,data/evaluation/validation/Lindsay_Davenport/Lindsay_Davenport_0018.jpg,8a5e372629a9413120ce72632049e3e9c7a634cabbbc590ff7bfb538b14fa37a,250,250
2154,Lindsay_Davenport,validation,Lindsay_Davenport_0014.jpg,data/evaluation/validation/Lindsay_Davenport/Lindsay_Davenport_0014.jpg,183870541cd894c4bc9537e01541f19e9b4a687891f14520e5050bd034a6e70d,250,250
2155,Lindsay_Davenport,validation,Lindsay_Davenport_0022.jpg,data/evaluation/validation/Lindsay_Davenport/Lindsay_Davenport_0022.jpg,0456626dfa6934559d4fd791b2cf234f6dfb2fc1f4770459de91ed9e56978f4b,250,250
2156,Lindsay_Davenport,validation,Lindsay_Davenport_0010.jpg,data/evaluation/validation/Lindsay_Davenport/Lindsay_Davenport_0010.jpg,f9dfd3ea6469ee84695ce23c1a3d736a5031c0cb81e5d05f3963ca50d51b0661,250,250
2157,Lindsay_Davenport,validation,Lindsay_Davenport_0009.jpg,data/evaluation/validation/Lindsay_Davenport/Lindsay_Davenport_0009.jpg,b73fce3e3fbf65c90aa6eac8bb0144238c15db96c43b282a8e143adb6fdff573,250,250
2158,Lindsay_Davenport,validation,Lindsay_Davenport_0006.jpg,data/evaluation/validation/Lindsay_Davenport/Lindsay_Davenport_0006.jpg,7ef0905624f4159dbba9f71e36daf366d10021375003e64394bceba34bad3feb,250,250
2159,Lindsay_Davenport,test,Lindsay_Davenport_0001.jpg,data/evaluation/test/Lindsay_Davenport/Lindsay_Davenport_0001.jpg,7f18b53a9ce1115a9f16da600ed59f7ef80a6b4da67b40f5d40b60446a600054,250,250
2160,Lindsay_Davenport,test,Lindsay_Davenport_0016.jpg,data/evaluation/test/Lindsay_Davenport/Lindsay_Davenport_0016.jpg,87c21235759b2494c0334e38046fc09da1f0c5e3f3282edbe181f9122287752c,250,250
2161,Lindsay_Davenport,test,Lindsay_Davenport_0013.jpg,data/evaluation/test/Lindsay_Davenport/Lindsay_Davenport_0013.jpg,9e893ffc07a987c957591befefda93ad6adb7763736bd585fe5b46ccb48d303a,250,250
2162,Lindsay_Davenport,test,Lindsay_Davenport_0020.jpg,data/evaluation/test/Lindsay_Davenport/Lindsay_Davenport_0020.jpg,13c24f6f64919b3c6212340ebcfb15dbedf84f1a6d6939990f742abf47707829,250,250
2163,Lindsay_Davenport,test,Lindsay_Davenport_0005.jpg,data/evaluation/test/Lindsay_Davenport/Lindsay_Davenport_0005.jpg,f6944a8baef095d15403e4ff51061b53b1d35217396dd0bbf6e405e0425b8c92,250,250
2164,Lindsay_Davenport,test,Lindsay_Davenport_0007.jpg,data/evaluation/test/Lindsay_Davenport/Lindsay_Davenport_0007.jpg,40eaf7768860c193329bee10185d1df47a1222d4804c41f9d2a9ea66c693c6b5,250,250
2165,Lindsay_Davenport,test,Lindsay_Davenport_0004.jpg,data/evaluation/test/Lindsay_Davenport/Lindsay_Davenport_0004.jpg,065e850478a5f0bbcceaada7f8545499e78ed0c7e84c1db1ea198d6769d927de,250,250
2166,Lindsay_Davenport,test,Lindsay_Davenport_0008.jpg,data/evaluation/test/Lindsay_Davenport/Lindsay_Davenport_0008.jpg,87d0f013d0ed112c98374212cc27b8d462d6af05b43bd0db070871930177a0e3,250,250
2167,Lindsay_Davenport,test,Lindsay_Davenport_0017.jpg,data/evaluation/test/Lindsay_Davenport/Lindsay_Davenport_0017.jpg,871f3d3d9547f83397eedd3ebea5d5fbe15e50eb5863b097203d29f871828a41,250,250
2168,Lindsay_Davenport,test,Lindsay_Davenport_0012.jpg,data/evaluation/test/Lindsay_Davenport/Lindsay_Davenport_0012.jpg,749287d48b08a5a4593dc57a047d5c2fa2789f89c224744972d2933bebf49cb8,250,250
2169,Lleyton_Hewitt,enrollment,Lleyton_Hewitt_0010.jpg,data/evaluation/enrollment/Lleyton_Hewitt/Lleyton_Hewitt_0010.jpg,2fb27004e35406760592dbe58df96fb0a5c1a3cff99ad5ada3c2e45c8b6d0aa0,250,250
2170,Lleyton_Hewitt,enrollment,Lleyton_Hewitt_0011.jpg,data/evaluation/enrollment/Lleyton_Hewitt/Lleyton_Hewitt_0011.jpg,c5d0a1f2d6a1c7782f649e8abbe000376905269d3b6d8ca7a3766026ad4d692d,250,250
2171,Lleyton_Hewitt,validation,Lleyton_Hewitt_0008.jpg,data/evaluation/validation/Lleyton_Hewitt/Lleyton_Hewitt_0008.jpg,91ba9534e4d5f7882fdcabbb27061381d159e189970fb098a378e1724b1201cd,250,250
2172,Lleyton_Hewitt,validation,Lleyton_Hewitt_0041.jpg,data/evaluation/validation/Lleyton_Hewitt/Lleyton_Hewitt_0041.jpg,0d67bd733ead24e93344c80dc139133851ebcc12dea0ac964e17719cf678d399,250,250
2173,Lleyton_Hewitt,validation,Lleyton_Hewitt_0013.jpg,data/evaluation/validation/Lleyton_Hewitt/Lleyton_Hewitt_0013.jpg,9e642bc9c12192fa2fba0583a9401503576d0242f7eac2a18f1de8828517866c,250,250
2174,Lleyton_Hewitt,validation,Lleyton_Hewitt_0001.jpg,data/evaluation/validation/Lleyton_Hewitt/Lleyton_Hewitt_0001.jpg,5424a072a2d52a6ab777b1b1b16f5506b9f89d665e3a9a156053832b99922a6a,250,250
2175,Lleyton_Hewitt,validation,Lleyton_Hewitt_0007.jpg,data/evaluation/validation/Lleyton_Hewitt/Lleyton_Hewitt_0007.jpg,8c5c467de8d65f3d84ca82a3afcc0f2a99645392ac7aea08647950669b6f75d6,250,250
2176,Lleyton_Hewitt,validation,Lleyton_Hewitt_0040.jpg,data/evaluation/validation/Lleyton_Hewitt/Lleyton_Hewitt_0040.jpg,d26f7ff5936257d74954098dc545f2fd85eb96a2185f58a8c00b150d424d9ce0,250,250
2177,Lleyton_Hewitt,validation,Lleyton_Hewitt_0035.jpg,data/evaluation/validation/Lleyton_Hewitt/Lleyton_Hewitt_0035.jpg,736522bc32d49152ea90e88bc2bb2c58b520151e9a908c64ff4b63e6e5d6e70e,250,250
2178,Lleyton_Hewitt,validation,Lleyton_Hewitt_0028.jpg,data/evaluation/validation/Lleyton_Hewitt/Lleyton_Hewitt_0028.jpg,c308959532f2961fef7d067e6dc0521b21416d327cb48d31ba1e7a8474b4a266,250,250
2179,Lleyton_Hewitt,validation,Lleyton_Hewitt_0023.jpg,data/evaluation/validation/Lleyton_Hewitt/Lleyton_Hewitt_0023.jpg,cfb8f9d6c930ca8ec6119c01720ca1ab92ba493e38e4cf509761251e0eb62c17,250,250
2180,Lleyton_Hewitt,validation,Lleyton_Hewitt_0030.jpg,data/evaluation/validation/Lleyton_Hewitt/Lleyton_Hewitt_0030.jpg,b467bc495fd137ccb6f1fe9a434549e4093de3d7072ad031fd73de5998eefa42,250,250
2181,Lleyton_Hewitt,validation,Lleyton_Hewitt_0020.jpg,data/evaluation/validation/Lleyton_Hewitt/Lleyton_Hewitt_0020.jpg,53807c1b9940fb6dd0b8184c9327eff8b54d647bbae95f6763b913ccb068ebe2,250,250
2182,Lleyton_Hewitt,validation,Lleyton_Hewitt_0003.jpg,data/evaluation/validation/Lleyton_Hewitt/Lleyton_Hewitt_0003.jpg,b407fcebe0d854484d52347a7e03ac0f2d0d493cf9e879239eb52ebe6e0a3ef2,250,250
2183,Lleyton_Hewitt,validation,Lleyton_Hewitt_0016.jpg,data/evaluation/validation/Lleyton_Hewitt/Lleyton_Hewitt_0016.jpg,8f8ffd9a6413e81b321bb3f4a9c23b64424aeddd8eea82bc356677be8e6b8dd5,250,250
2184,Lleyton_Hewitt,validation,Lleyton_Hewitt_0024.jpg,data/evaluation/validation/Lleyton_Hewitt/Lleyton_Hewitt_0024.jpg,3119aab9ff60dc04354bd0f15f805c2c55b52b4b06cb7752459a321b7b2f3ff0,250,250
2185,Lleyton_Hewitt,validation,Lleyton_Hewitt_0004.jpg,data/evaluation/validation/Lleyton_Hewitt/Lleyton_Hewitt_0004.jpg,f786c2bfd8a563b8f66b02147a0a6da4ae45186b58522ebf6365ddbd5aeaac7f,250,250
2186,Lleyton_Hewitt,validation,Lleyton_Hewitt_0002.jpg,data/evaluation/validation/Lleyton_Hewitt/Lleyton_Hewitt_0002.jpg,78c83a44a81961f950eb16c87d83d6688b67e90bfd5dbb2f5ded6a0fed2e252e,250,250
2187,Lleyton_Hewitt,validation,Lleyton_Hewitt_0032.jpg,data/evaluation/validation/Lleyton_Hewitt/Lleyton_Hewitt_0032.jpg,a580da51a60f7e10a4bbcb9d5c38d0a9931ebc4b335ffdd968ecab9745e2c750,250,250
2188,Lleyton_Hewitt,validation,Lleyton_Hewitt_0014.jpg,data/evaluation/validation/Lleyton_Hewitt/Lleyton_Hewitt_0014.jpg,3c314175f7b9a08ab42d259df2d982ef2534243e20511fd58c09183a5d063001,250,250
2189,Lleyton_Hewitt,validation,Lleyton_Hewitt_0037.jpg,data/evaluation/validation/Lleyton_Hewitt/Lleyton_Hewitt_0037.jpg,3696b36729372cde588633555b936f8bf7b032798259e89fb39aab2116cc062f,250,250
2190,Lleyton_Hewitt,test,Lleyton_Hewitt_0006.jpg,data/evaluation/test/Lleyton_Hewitt/Lleyton_Hewitt_0006.jpg,bddd1ba4b0b4fd9d77c7aea24d8ed86c677a35e982c0b72ee3f56595a2cc3be7,250,250
2191,Lleyton_Hewitt,test,Lleyton_Hewitt_0019.jpg,data/evaluation/test/Lleyton_Hewitt/Lleyton_Hewitt_0019.jpg,cf7ed730c8b73cffe874ff0f95ed7f707e1dd209d955558e2db9448177ec3eb2,250,250
2192,Lleyton_Hewitt,test,Lleyton_Hewitt_0039.jpg,data/evaluation/test/Lleyton_Hewitt/Lleyton_Hewitt_0039.jpg,703c38ad73a4e37fdcfa50b667407445e10d50f867c6725cc78786dc58604b91,250,250
2193,Lleyton_Hewitt,test,Lleyton_Hewitt_0018.jpg,data/evaluation/test/Lleyton_Hewitt/Lleyton_Hewitt_0018.jpg,42180a514a41f3542c1fb2e288b3d739b51df171308e0a193731d2ef466dacbc,250,250
2194,Lleyton_Hewitt,test,Lleyton_Hewitt_0025.jpg,data/evaluation/test/Lleyton_Hewitt/Lleyton_Hewitt_0025.jpg,a6184e5e39d4fc8c2a9353d6cb88d0d098f4ee1afb9d319f8dd83813973777bd,250,250
2195,Lleyton_Hewitt,test,Lleyton_Hewitt_0033.jpg,data/evaluation/test/Lleyton_Hewitt/Lleyton_Hewitt_0033.jpg,d8c5a57034cfc69979df225a0e4015d079b56dc093516a5de8de2683a23c455b,250,250
2196,Lleyton_Hewitt,test,Lleyton_Hewitt_0012.jpg,data/evaluation/test/Lleyton_Hewitt/Lleyton_Hewitt_0012.jpg,87ed95ce029cfeac18ad3704419cd01dfa4e1fa987aac9fe18a5842675206419,250,250
2197,Lleyton_Hewitt,test,Lleyton_Hewitt_0017.jpg,data/evaluation/test/Lleyton_Hewitt/Lleyton_Hewitt_0017.jpg,0851c5468866c5f7d5cb760623c3d4feff14b30ed5ad832393f72530332542e2,250,250
2198,Lleyton_Hewitt,test,Lleyton_Hewitt_0022.jpg,data/evaluation/test/Lleyton_Hewitt/Lleyton_Hewitt_0022.jpg,ea720d8a0a703920381e59a24ed113c1da6dd34a59ff4d0034c662cd5ebdb930,250,250
2199,Lleyton_Hewitt,test,Lleyton_Hewitt_0015.jpg,data/evaluation/test/Lleyton_Hewitt/Lleyton_Hewitt_0015.jpg,d13be50903e9da25c2d214dfb8a230d4c9ec832676dac37919fc517cd121969b,250,250
2200,Lleyton_Hewitt,test,Lleyton_Hewitt_0029.jpg,data/evaluation/test/Lleyton_Hewitt/Lleyton_Hewitt_0029.jpg,2c15a498693e6bf8982fd549b765ac28b7e2d2ee54035c0f6ee6d2767b4d1b7b,250,250
2201,Lleyton_Hewitt,test,Lleyton_Hewitt_0036.jpg,data/evaluation/test/Lleyton_Hewitt/Lleyton_Hewitt_0036.jpg,f264ea1a18ca2d31c169b7e104542a76878731dd64d6b68f3fae9c1f51c8dc3d,250,250
2202,Lleyton_Hewitt,test,Lleyton_Hewitt_0021.jpg,data/evaluation/test/Lleyton_Hewitt/Lleyton_Hewitt_0021.jpg,ff91e3cf7b3459304f706330d01b52b228880f04c8a1cb27aa4ce3d7a4742eee,250,250
2203,Lleyton_Hewitt,test,Lleyton_Hewitt_0009.jpg,data/evaluation/test/Lleyton_Hewitt/Lleyton_Hewitt_0009.jpg,94c2602fe328b22bd383d6be265449be826fac29d368cf3862a01ab39b7ae8fa,250,250
2204,Lleyton_Hewitt,test,Lleyton_Hewitt_0005.jpg,data/evaluation/test/Lleyton_Hewitt/Lleyton_Hewitt_0005.jpg,de1302046d831c60df6336292f8a49c384c43ed2fcfd22015d0bbf2a60f2eb7d,250,250
2205,Lleyton_Hewitt,test,Lleyton_Hewitt_0038.jpg,data/evaluation/test/Lleyton_Hewitt/Lleyton_Hewitt_0038.jpg,601ab88b03b455edc8b16ba3c2c9f7b6c2f0882d4b299a96a339fed519f93ab7,250,250
2206,Lleyton_Hewitt,test,Lleyton_Hewitt_0027.jpg,data/evaluation/test/Lleyton_Hewitt/Lleyton_Hewitt_0027.jpg,1e143e4b448db7c989766eaf78b8562d0762ebac6093017ac1a3446a303f378e,250,250
2207,Lleyton_Hewitt,test,Lleyton_Hewitt_0034.jpg,data/evaluation/test/Lleyton_Hewitt/Lleyton_Hewitt_0034.jpg,72baf71630620e7d5c9569063683d2fb5ea9a6f14228b19540b7eee086fec85e,250,250
2208,Lleyton_Hewitt,test,Lleyton_Hewitt_0031.jpg,data/evaluation/test/Lleyton_Hewitt/Lleyton_Hewitt_0031.jpg,3f380fe6b28894e8cd370fde26ddc971cf369fdcbc367f8b5b10390fbcd7e592,250,250
2209,Lleyton_Hewitt,test,Lleyton_Hewitt_0026.jpg,data/evaluation/test/Lleyton_Hewitt/Lleyton_Hewitt_0026.jpg,2649672e958800186a2978d77f808f9eaa71a3044b89d66c606dc0e88c0da790,250,250
2210,Luiz_Inacio_Lula_da_Silva,enrollment,Luiz_Inacio_Lula_da_Silva_0012.jpg,data/evaluation/enrollment/Luiz_Inacio_Lula_da_Silva/Luiz_Inacio_Lula_da_Silva_0012.jpg,ee14c86b5e4d54ebe82b9776a87c26ddd56e01787e879bcf61307498c3f949c4,250,250
2211,Luiz_Inacio_Lula_da_Silva,enrollment,Luiz_Inacio_Lula_da_Silva_0032.jpg,data/evaluation/enrollment/Luiz_Inacio_Lula_da_Silva/Luiz_Inacio_Lula_da_Silva_0032.jpg,0732126697601cb154cc342709422f68c720d934702f3ad27d85a1b8dede5b1e,250,250
2212,Luiz_Inacio_Lula_da_Silva,validation,Luiz_Inacio_Lula_da_Silva_0024.jpg,data/evaluation/validation/Luiz_Inacio_Lula_da_Silva/Luiz_Inacio_Lula_da_Silva_0024.jpg,a8bc511968b2a8e30bc3c1252c955f2ccce4c498177d3aa5e3c7b406efc58f84,250,250
2213,Luiz_Inacio_Lula_da_Silva,validation,Luiz_Inacio_Lula_da_Silva_0023.jpg,data/evaluation/validation/Luiz_Inacio_Lula_da_Silva/Luiz_Inacio_Lula_da_Silva_0023.jpg,aa0bd49ac35ca31e6f6d0860e01047b54806f0163c39c243de07a66859ab0210,250,250
2214,Luiz_Inacio_Lula_da_Silva,validation,Luiz_Inacio_Lula_da_Silva_0027.jpg,data/evaluation/validation/Luiz_Inacio_Lula_da_Silva/Luiz_Inacio_Lula_da_Silva_0027.jpg,2522006fd6813472edd712607468121327023f24b0c22c3466295f6eb0dc2bd1,250,250
2215,Luiz_Inacio_Lula_da_Silva,validation,Luiz_Inacio_Lula_da_Silva_0036.jpg,data/evaluation/validation/Luiz_Inacio_Lula_da_Silva/Luiz_Inacio_Lula_da_Silva_0036.jpg,17a94cea84ebf6db1ec859fc4a81c2f8fa38bbc63735ad64c63492ecff1bc5e5,250,250
2216,Luiz_Inacio_Lula_da_Silva,validation,Luiz_Inacio_Lula_da_Silva_0042.jpg,data/evaluation/validation/Luiz_Inacio_Lula_da_Silva/Luiz_Inacio_Lula_da_Silva_0042.jpg,62242a6611228b9414ff6a4a37dcc685827cc0374131f916bfabe4519417c93e,250,250
2217,Luiz_Inacio_Lula_da_Silva,validation,Luiz_Inacio_Lula_da_Silva_0034.jpg,data/evaluation/validation/Luiz_Inacio_Lula_da_Silva/Luiz_Inacio_Lula_da_Silva_0034.jpg,5e58e4fe1e909655f4651b164b137c48120a45b87a8b9ad4f9577b6ed2a3083a,250,250
2218,Luiz_Inacio_Lula_da_Silva,validation,Luiz_Inacio_Lula_da_Silva_0015.jpg,data/evaluation/validation/Luiz_Inacio_Lula_da_Silva/Luiz_Inacio_Lula_da_Silva_0015.jpg,f8f5500b0392c9948bae8960beac4c91d33c906865b6170368ca57174b2c1953,250,250
2219,Luiz_Inacio_Lula_da_Silva,validation,Luiz_Inacio_Lula_da_Silva_0005.jpg,data/evaluation/validation/Luiz_Inacio_Lula_da_Silva/Luiz_Inacio_Lula_da_Silva_0005.jpg,c6c2a4cd97b5a35345e8e48ffa2c842d888b721a3773e7e6f64e9ccc81ce5399,250,250
2220,Luiz_Inacio_Lula_da_Silva,validation,Luiz_Inacio_Lula_da_Silva_0029.jpg,data/evaluation/validation/Luiz_Inacio_Lula_da_Silva/Luiz_Inacio_Lula_da_Silva_0029.jpg,2f908d3627395334849718057de5ce8bb3cbea6d266ca150be1d2413bc885458,250,250
2221,Luiz_Inacio_Lula_da_Silva,validation,Luiz_Inacio_Lula_da_Silva_0037.jpg,data/evaluation/validation/Luiz_Inacio_Lula_da_Silva/Luiz_Inacio_Lula_da_Silva_0037.jpg,b74175b339efa4a57a67fc7e67548b667f0bb9dca09bc325339b8e24e5934607,250,250
2222,Luiz_Inacio_Lula_da_Silva,validation,Luiz_Inacio_Lula_da_Silva_0013.jpg,data/evaluation/validation/Luiz_Inacio_Lula_da_Silva/Luiz_Inacio_Lula_da_Silva_0013.jpg,a98348fae3864ddf3c95825e2c699cb96ed38fd2aea251c231d9fb2d1fde612b,250,250
2223,Luiz_Inacio_Lula_da_Silva,validation,Luiz_Inacio_Lula_da_Silva_0004.jpg,data/evaluation/validation/Luiz_Inacio_Lula_da_Silva/Luiz_Inacio_Lula_da_Silva_0004.jpg,9ed147271f39e167177cd309237e4bd3cae805d2327394f048b6d5f0024b8cc0,250,250
2224,Luiz_Inacio_Lula_da_Silva,validation,Luiz_Inacio_Lula_da_Silva_0008.jpg,data/evaluation/validation/Luiz_Inacio_Lula_da_Silva/Luiz_Inacio_Lula_da_Silva_0008.jpg,c725cac71fca63e10a3759399819e3e07db74b3e40d0eb5b031b4fc11cc6b7e1,250,250
2225,Luiz_Inacio_Lula_da_Silva,validation,Luiz_Inacio_Lula_da_Silva_0017.jpg,data/evaluation/validation/Luiz_Inacio_Lula_da_Silva/Luiz_Inacio_Lula_da_Silva_0017.jpg,1faa09467d7293613a43323fa4b1c067ce7793b2850ed173df81088c2f95dae8,250,250
2226,Luiz_Inacio_Lula_da_Silva,validation,Luiz_Inacio_Lula_da_Silva_0039.jpg,data/evaluation/validation/Luiz_Inacio_Lula_da_Silva/Luiz_Inacio_Lula_da_Silva_0039.jpg,31a8fa18e3f3222ea74b799b2ce4a97a7c1a463a3dea60c3792cdb8bb13b3751,250,250
2227,Luiz_Inacio_Lula_da_Silva,validation,Luiz_Inacio_Lula_da_Silva_0018.jpg,data/evaluation/validation/Luiz_Inacio_Lula_da_Silva/Luiz_Inacio_Lula_da_Silva_0018.jpg,976ee563d20732c7fb960f8142a2c7aa17770febfc71ab676e2b4599cc746787,250,250
2228,Luiz_Inacio_Lula_da_Silva,validation,Luiz_Inacio_Lula_da_Silva_0016.jpg,data/evaluation/validation/Luiz_Inacio_Lula_da_Silva/Luiz_Inacio_Lula_da_Silva_0016.jpg,657e22c1f72d5f949e65f0d2bb3ee40c2039f1abf1db067d2d6117fbd6eaf6bf,250,250
2229,Luiz_Inacio_Lula_da_Silva,validation,Luiz_Inacio_Lula_da_Silva_0001.jpg,data/evaluation/validation/Luiz_Inacio_Lula_da_Silva/Luiz_Inacio_Lula_da_Silva_0001.jpg,78566db8a76c797b23ca2554733d46bdac6afdcd7812975b839bf69932ef3bc3,250,250
2230,Luiz_Inacio_Lula_da_Silva,validation,Luiz_Inacio_Lula_da_Silva_0026.jpg,data/evaluation/validation/Luiz_Inacio_Lula_da_Silva/Luiz_Inacio_Lula_da_Silva_0026.jpg,5c31370c260c0b3156a112c7986bb9339a2c6729d8e122c0ac7ebf252ce58b79,250,250
2231,Luiz_Inacio_Lula_da_Silva,validation,Luiz_Inacio_Lula_da_Silva_0046.jpg,data/evaluation/validation/Luiz_Inacio_Lula_da_Silva/Luiz_Inacio_Lula_da_Silva_0046.jpg,bbcdc571c83e847fab0cfe61f25051b2b27cf4a813c2617af7734e653223d642,250,250
2232,Luiz_Inacio_Lula_da_Silva,validation,Luiz_Inacio_Lula_da_Silva_0014.jpg,data/evaluation/validation/Luiz_Inacio_Lula_da_Silva/Luiz_Inacio_Lula_da_Silva_0014.jpg,80ec78d23ff85b6e1052c3936a43a454dc1505f1f64ef2f655ec0822c3f0c5ad,250,250
2233,Luiz_Inacio_Lula_da_Silva,validation,Luiz_Inacio_Lula_da_Silva_0028.jpg,data/evaluation/validation/Luiz_Inacio_Lula_da_Silva/Luiz_Inacio_Lula_da_Silva_0028.jpg,141281d722e7f2492cc6aa3bfdb8410bfb7a3e1d36bfd9a409e1661cbe7bdd5b,250,250
2234,Luiz_Inacio_Lula_da_Silva,validation,Luiz_Inacio_Lula_da_Silva_0007.jpg,data/evaluation/validation/Luiz_Inacio_Lula_da_Silva/Luiz_Inacio_Lula_da_Silva_0007.jpg,fd89fa50e536bc751fcb304ccbf62267e37fc84de30885ab53bb494bfdd498d3,250,250
2235,Luiz_Inacio_Lula_da_Silva,test,Luiz_Inacio_Lula_da_Silva_0030.jpg,data/evaluation/test/Luiz_Inacio_Lula_da_Silva/Luiz_Inacio_Lula_da_Silva_0030.jpg,435be7108312298b98aabaff1cfedb0f54ffd2221930ae2bf25d375042dd3915,250,250
2236,Luiz_Inacio_Lula_da_Silva,test,Luiz_Inacio_Lula_da_Silva_0048.jpg,data/evaluation/test/Luiz_Inacio_Lula_da_Silva/Luiz_Inacio_Lula_da_Silva_0048.jpg,82269e5f302bafefbc2f6bb98fee5923769f455864bebf5fb52ed2f69114b23a,250,250
2237,Luiz_Inacio_Lula_da_Silva,test,Luiz_Inacio_Lula_da_Silva_0019.jpg,data/evaluation/test/Luiz_Inacio_Lula_da_Silva/Luiz_Inacio_Lula_da_Silva_0019.jpg,91f0b57bfdd27ddcfb67da8962d18f90ec5db2978b46ef906dd81f554eac03f7,250,250
2238,Luiz_Inacio_Lula_da_Silva,test,Luiz_Inacio_Lula_da_Silva_0025.jpg,data/evaluation/test/Luiz_Inacio_Lula_da_Silva/Luiz_Inacio_Lula_da_Silva_0025.jpg,05da39b9fb2dd98bb7b7a8cbede294cfd13c850a420023f95977055eed591e1d,250,250
2239,Luiz_Inacio_Lula_da_Silva,test,Luiz_Inacio_Lula_da_Silva_0021.jpg,data/evaluation/test/Luiz_Inacio_Lula_da_Silva/Luiz_Inacio_Lula_da_Silva_0021.jpg,a9d69a97259626cc8acaa0f18891d322eca448f6191d8f0cc8c4b69e30456156,250,250
2240,Luiz_Inacio_Lula_da_Silva,test,Luiz_Inacio_Lula_da_Silva_0031.jpg,data/evaluation/test/Luiz_Inacio_Lula_da_Silva/Luiz_Inacio_Lula_da_Silva_0031.jpg,f2698f485f5337a537352bce61c4ceda196f2814aa2dca0e73205a72e007d8be,250,250
2241,Luiz_Inacio_Lula_da_Silva,test,Luiz_Inacio_Lula_da_Silva_0044.jpg,data/evaluation/test/Luiz_Inacio_Lula_da_Silva/Luiz_Inacio_Lula_da_Silva_0044.jpg,7e40bf978abd552300eae37b3f1e7eb7fd4470880798a1cce4b3c77b0a96c799,250,250
2242,Luiz_Inacio_Lula_da_Silva,test,Luiz_Inacio_Lula_da_Silva_0043.jpg,data/evaluation/test/Luiz_Inacio_Lula_da_Silva/Luiz_Inacio_Lula_da_Silva_0043.jpg,d9d7a4982c14a6ae28b7e19d4a8344a00e12d8083e9fa73bb8b25beb9f8495b5,250,250
2243,Luiz_Inacio_Lula_da_Silva,test,Luiz_Inacio_Lula_da_Silva_0002.jpg,data/evaluation/test/Luiz_Inacio_Lula_da_Silva/Luiz_Inacio_Lula_da_Silva_0002.jpg,84f3ad5e3acbcd3efb987e861b51895f27f2b7c1020afc2000251e29f45f2fa3,250,250
2244,Luiz_Inacio_Lula_da_Silva,test,Luiz_Inacio_Lula_da_Silva_0003.jpg,data/evaluation/test/Luiz_Inacio_Lula_da_Silva/Luiz_Inacio_Lula_da_Silva_0003.jpg,f214bfa8d28b46415f003386ee0f7615441cdc4dc2813d40015858eaa457b015,250,250
2245,Luiz_Inacio_Lula_da_Silva,test,Luiz_Inacio_Lula_da_Silva_0022.jpg,data/evaluation/test/Luiz_Inacio_Lula_da_Silva/Luiz_Inacio_Lula_da_Silva_0022.jpg,8fef28dafc7b904b459b5a4725ee5735b6c9dd19ca89f59af62ea6d8fd8ee685,250,250
2246,Luiz_Inacio_Lula_da_Silva,test,Luiz_Inacio_Lula_da_Silva_0047.jpg,data/evaluation/test/Luiz_Inacio_Lula_da_Silva/Luiz_Inacio_Lula_da_Silva_0047.jpg,9086e599ba3650d1ea1cbc1a53fc2f9a4ae9c9e7435362a4be6e1e0c9060f92a,250,250
2247,Luiz_Inacio_Lula_da_Silva,test,Luiz_Inacio_Lula_da_Silva_0010.jpg,data/evaluation/test/Luiz_Inacio_Lula_da_Silva/Luiz_Inacio_Lula_da_Silva_0010.jpg,d8946a552462e23367f0ecf48dc733df58693b91994a6a9a6d6e4ade226e2fc3,250,250
2248,Luiz_Inacio_Lula_da_Silva,test,Luiz_Inacio_Lula_da_Silva_0045.jpg,data/evaluation/test/Luiz_Inacio_Lula_da_Silva/Luiz_Inacio_Lula_da_Silva_0045.jpg,9ac55bfe1d9d1cf8cdaed47d1ba13ea89e3dea5087e6b9a7b3ab27d5841132ad,250,250
2249,Luiz_Inacio_Lula_da_Silva,test,Luiz_Inacio_Lula_da_Silva_0038.jpg,data/evaluation/test/Luiz_Inacio_Lula_da_Silva/Luiz_Inacio_Lula_da_Silva_0038.jpg,e790cf883111e5c815f7607047799123ceec792f491746789c021607d700f6ce,250,250
2250,Luiz_Inacio_Lula_da_Silva,test,Luiz_Inacio_Lula_da_Silva_0011.jpg,data/evaluation/test/Luiz_Inacio_Lula_da_Silva/Luiz_Inacio_Lula_da_Silva_0011.jpg,7eeabec5bec30807a599fffe098b133a85df6a5d389606ded0013899e5e1d32a,250,250
2251,Luiz_Inacio_Lula_da_Silva,test,Luiz_Inacio_Lula_da_Silva_0033.jpg,data/evaluation/test/Luiz_Inacio_Lula_da_Silva/Luiz_Inacio_Lula_da_Silva_0033.jpg,c4b4633b16ba704dd1d95c823f0e060c22ce7a79efe8cf4f522a9acb58502b99,250,250
2252,Luiz_Inacio_Lula_da_Silva,test,Luiz_Inacio_Lula_da_Silva_0006.jpg,data/evaluation/test/Luiz_Inacio_Lula_da_Silva/Luiz_Inacio_Lula_da_Silva_0006.jpg,52e5ef178cd97eb4a18e28ae6465003813e36bcf8e22001828a4c4a7a102700e,250,250
2253,Luiz_Inacio_Lula_da_Silva,test,Luiz_Inacio_Lula_da_Silva_0035.jpg,data/evaluation/test/Luiz_Inacio_Lula_da_Silva/Luiz_Inacio_Lula_da_Silva_0035.jpg,00cad7bf0191b07749749ef6320856ddacb6f5415042f5aade88381bcea908a5,250,250
2254,Luiz_Inacio_Lula_da_Silva,test,Luiz_Inacio_Lula_da_Silva_0040.jpg,data/evaluation/test/Luiz_Inacio_Lula_da_Silva/Luiz_Inacio_Lula_da_Silva_0040.jpg,dc47e56b179967899ff590b7e8bc558100523222427e7d2b8f6a53f614604bbb,250,250
2255,Luiz_Inacio_Lula_da_Silva,test,Luiz_Inacio_Lula_da_Silva_0020.jpg,data/evaluation/test/Luiz_Inacio_Lula_da_Silva/Luiz_Inacio_Lula_da_Silva_0020.jpg,fe61cc0454f551e0fee36ac2ffa93c9d2cc7fd397b0ff82e307ae2f4237896dd,250,250
2256,Luiz_Inacio_Lula_da_Silva,test,Luiz_Inacio_Lula_da_Silva_0041.jpg,data/evaluation/test/Luiz_Inacio_Lula_da_Silva/Luiz_Inacio_Lula_da_Silva_0041.jpg,e5d7eda3f9e091df9c3198ad450fb9281a9dd2689581b7210fc2f670eb01ebd5,250,250
2257,Luiz_Inacio_Lula_da_Silva,test,Luiz_Inacio_Lula_da_Silva_0009.jpg,data/evaluation/test/Luiz_Inacio_Lula_da_Silva/Luiz_Inacio_Lula_da_Silva_0009.jpg,92c0a6b0c77d95dee9f50b5a754aca17514a8edfb5e107d4fc62b0d9d6d0ea8a,250,250
2258,Mahmoud_Abbas,enrollment,Mahmoud_Abbas_0029.jpg,data/evaluation/enrollment/Mahmoud_Abbas/Mahmoud_Abbas_0029.jpg,6870599685b5c1a9f93d30ff8120bd2913261c19fc6f74b09a68d9124fbbe541,250,250
2259,Mahmoud_Abbas,enrollment,Mahmoud_Abbas_0018.jpg,data/evaluation/enrollment/Mahmoud_Abbas/Mahmoud_Abbas_0018.jpg,a6b3bed13a23779faf10789ecf0a2289e297f4d6042590cc30fe6293db6878ae,250,250
2260,Mahmoud_Abbas,validation,Mahmoud_Abbas_0022.jpg,data/evaluation/validation/Mahmoud_Abbas/Mahmoud_Abbas_0022.jpg,0f9c547ef992f013d22c10f209978c6b9c6ab92578fd7623c61195a551f1768a,250,250
2261,Mahmoud_Abbas,validation,Mahmoud_Abbas_0009.jpg,data/evaluation/validation/Mahmoud_Abbas/Mahmoud_Abbas_0009.jpg,03268c16262ce5d145257bb623983c87d5b59d2e7a93c3607e25c63b23d6a7c7,250,250
2262,Mahmoud_Abbas,validation,Mahmoud_Abbas_0010.jpg,data/evaluation/validation/Mahmoud_Abbas/Mahmoud_Abbas_0010.jpg,ee549f0cf4bddbd86f04189b9b728b455834b43bc1d9efeba7881236bec36b3f,250,250
2263,Mahmoud_Abbas,validation,Mahmoud_Abbas_0028.jpg,data/evaluation/validation/Mahmoud_Abbas/Mahmoud_Abbas_0028.jpg,438e1c40fefac2f88ec8e372bca9b8ec990fb7b243516fed5495a25f4b9c185e,250,250
2264,Mahmoud_Abbas,validation,Mahmoud_Abbas_0001.jpg,data/evaluation/validation/Mahmoud_Abbas/Mahmoud_Abbas_0001.jpg,9e3a834ba9c3ed1402059abe8087e8765cd4d92ed904bb682a60dce774b3c4f0,250,250
2265,Mahmoud_Abbas,validation,Mahmoud_Abbas_0003.jpg,data/evaluation/validation/Mahmoud_Abbas/Mahmoud_Abbas_0003.jpg,2f6a516751359af4ba1b8eaba3fd17b35c056ace2052d71ffa2410160964d78a,250,250
2266,Mahmoud_Abbas,validation,Mahmoud_Abbas_0014.jpg,data/evaluation/validation/Mahmoud_Abbas/Mahmoud_Abbas_0014.jpg,0f457ee4dc7a2c302fce372c2e9aa54fd4109003e7e8b8e456ee2ee6a92710c2,250,250
2267,Mahmoud_Abbas,validation,Mahmoud_Abbas_0026.jpg,data/evaluation/validation/Mahmoud_Abbas/Mahmoud_Abbas_0026.jpg,9be01177adf3b30ed4d5a0e958c2bc7e7bbe66f518644e3ada1f866061afec43,250,250
2268,Mahmoud_Abbas,validation,Mahmoud_Abbas_0019.jpg,data/evaluation/validation/Mahmoud_Abbas/Mahmoud_Abbas_0019.jpg,2055afc833cb22c179d6e2dfb57af678805e3a6412ed1e146e0e89cbc51b0ea5,250,250
2269,Mahmoud_Abbas,validation,Mahmoud_Abbas_0002.jpg,data/evaluation/validation/Mahmoud_Abbas/Mahmoud_Abbas_0002.jpg,5ecd562ec220036795534fbe5b758e1d7700804a02dfb070830fafdd1464c6f3,250,250
2270,Mahmoud_Abbas,validation,Mahmoud_Abbas_0008.jpg,data/evaluation/validation/Mahmoud_Abbas/Mahmoud_Abbas_0008.jpg,56ced7b54d7a78e15f277583f9ba37873fcfb640c0f8b1063dc609ef45dda6c3,250,250
2271,Mahmoud_Abbas,validation,Mahmoud_Abbas_0016.jpg,data/evaluation/validation/Mahmoud_Abbas/Mahmoud_Abbas_0016.jpg,ca84ecab034d890b3b1e1e40c64fbf874d2ce6aeaec6054474248f17a9a95bce,250,250
2272,Mahmoud_Abbas,validation,Mahmoud_Abbas_0006.jpg,data/evaluation/validation/Mahmoud_Abbas/Mahmoud_Abbas_0006.jpg,8d1a55016629d7253c8241f5ba9760af804354547822cbc25c211c012ec33c9e,250,250
2273,Mahmoud_Abbas,test,Mahmoud_Abbas_0004.jpg,data/evaluation/test/Mahmoud_Abbas/Mahmoud_Abbas_0004.jpg,f37ac526716fcb12b4992110adfb086719738d4bec7e04fec72af87c881c30ea,250,250
2274,Mahmoud_Abbas,test,Mahmoud_Abbas_0017.jpg,data/evaluation/test/Mahmoud_Abbas/Mahmoud_Abbas_0017.jpg,3386a2673537b9ad04eac93658e1a5b0ba1051ab99e497c96769d471baac2b2c,250,250
2275,Mahmoud_Abbas,test,Mahmoud_Abbas_0021.jpg,data/evaluation/test/Mahmoud_Abbas/Mahmoud_Abbas_0021.jpg,fc86cb3631a9eeb43653266fd44f674e880ecc443d6904968318b1903a383bfc,250,250
2276,Mahmoud_Abbas,test,Mahmoud_Abbas_0025.jpg,data/evaluation/test/Mahmoud_Abbas/Mahmoud_Abbas_0025.jpg,e015fadc87b8d4cd30321ece64d6c47dce215cf7ee81dfb7375e510db58aa332,250,250
2277,Mahmoud_Abbas,test,Mahmoud_Abbas_0013.jpg,data/evaluation/test/Mahmoud_Abbas/Mahmoud_Abbas_0013.jpg,24b545c7fc15af78bd51e203e4da40d889fdc9fd5e988bc4022e048d6d01a573,250,250
2278,Mahmoud_Abbas,test,Mahmoud_Abbas_0012.jpg,data/evaluation/test/Mahmoud_Abbas/Mahmoud_Abbas_0012.jpg,40af9903df270a03d647a93afaff7e111b50a57b278013869f10c5bc7933e4ac,250,250
2279,Mahmoud_Abbas,test,Mahmoud_Abbas_0024.jpg,data/evaluation/test/Mahmoud_Abbas/Mahmoud_Abbas_0024.jpg,10d8f6d9f10e9d929200bdfb70499b7919a74dba98ddd6a5b7a6f734b60e9079,250,250
2280,Mahmoud_Abbas,test,Mahmoud_Abbas_0023.jpg,data/evaluation/test/Mahmoud_Abbas/Mahmoud_Abbas_0023.jpg,7a13448437b0579d18e03a73b70597abd91604b5ef0cd1ac15300febdab0597f,250,250
2281,Mahmoud_Abbas,test,Mahmoud_Abbas_0027.jpg,data/evaluation/test/Mahmoud_Abbas/Mahmoud_Abbas_0027.jpg,b423ef8b5d908f605f4f000cbb6f5e1a306a0b60b47d79ef9ec45c2a33d7203e,250,250
2282,Mahmoud_Abbas,test,Mahmoud_Abbas_0005.jpg,data/evaluation/test/Mahmoud_Abbas/Mahmoud_Abbas_0005.jpg,a361f07e334bf8e70275396a99b56a59fd3376652ad7bbc134d44bfdee45609e,250,250
2283,Mahmoud_Abbas,test,Mahmoud_Abbas_0020.jpg,data/evaluation/test/Mahmoud_Abbas/Mahmoud_Abbas_0020.jpg,1cbd22633b5ba4a9560fe577d030b81176a4fcb4ed735b100b0f8209ea8b1e67,250,250
2284,Mahmoud_Abbas,test,Mahmoud_Abbas_0011.jpg,data/evaluation/test/Mahmoud_Abbas/Mahmoud_Abbas_0011.jpg,cf015fdbd62b26c2f0da5eac470ce40e03f71688afbde277cf7b330ac2d7dce8,250,250
2285,Mahmoud_Abbas,test,Mahmoud_Abbas_0007.jpg,data/evaluation/test/Mahmoud_Abbas/Mahmoud_Abbas_0007.jpg,bf8b01401e9a9b8f333f5d07cff2c59b8e501bf51b1bba81d65814d4a32aef3d,250,250
2286,Mahmoud_Abbas,test,Mahmoud_Abbas_0015.jpg,data/evaluation/test/Mahmoud_Abbas/Mahmoud_Abbas_0015.jpg,986892ad8338bb68b951273d1e036ab21c00cf5842c54b7062ea0315b99398c3,250,250
2287,Megawati_Sukarnoputri,enrollment,Megawati_Sukarnoputri_0014.jpg,data/evaluation/enrollment/Megawati_Sukarnoputri/Megawati_Sukarnoputri_0014.jpg,f966706ca3ef218a4e78013206577eefd6f35f0ac9c174b3959312090bc5a731,250,250
2288,Megawati_Sukarnoputri,enrollment,Megawati_Sukarnoputri_0021.jpg,data/evaluation/enrollment/Megawati_Sukarnoputri/Megawati_Sukarnoputri_0021.jpg,fdf61b054e59e23bb876d5bdffa060a3e3d394e2fca332c3b6b14bf84fe3e00d,250,250
2289,Megawati_Sukarnoputri,validation,Megawati_Sukarnoputri_0002.jpg,data/evaluation/validation/Megawati_Sukarnoputri/Megawati_Sukarnoputri_0002.jpg,b4e5ed420765bd338dd4d80c9a86592ec06c854c4fbc24438e921158b774a54b,250,250
2290,Megawati_Sukarnoputri,validation,Megawati_Sukarnoputri_0005.jpg,data/evaluation/validation/Megawati_Sukarnoputri/Megawati_Sukarnoputri_0005.jpg,97510cff2a109443e85039e47cc1d247c3812f0baa5202c6ffe51ee79efba967,250,250
2291,Megawati_Sukarnoputri,validation,Megawati_Sukarnoputri_0031.jpg,data/evaluation/validation/Megawati_Sukarnoputri/Megawati_Sukarnoputri_0031.jpg,0d18f6c42f41e81fdb18baee31b229b62f96151914199352adaf3b49eb7cd070,250,250
2292,Megawati_Sukarnoputri,validation,Megawati_Sukarnoputri_0018.jpg,data/evaluation/validation/Megawati_Sukarnoputri/Megawati_Sukarnoputri_0018.jpg,a2a7e6830c01054129eb03001b1fa2125ff468ecbec2ececf9d414e65fb9198e,250,250
2293,Megawati_Sukarnoputri,validation,Megawati_Sukarnoputri_0013.jpg,data/evaluation/validation/Megawati_Sukarnoputri/Megawati_Sukarnoputri_0013.jpg,43817f5eba2a651edaa4ddd117f21c975e6cebef028703f77ae6bd9b24a32b9e,250,250
2294,Megawati_Sukarnoputri,validation,Megawati_Sukarnoputri_0022.jpg,data/evaluation/validation/Megawati_Sukarnoputri/Megawati_Sukarnoputri_0022.jpg,fb8639bfc141caab01724ea0752def58e1a13f223d42d26b9a8ed2932b294224,250,250
2295,Megawati_Sukarnoputri,validation,Megawati_Sukarnoputri_0028.jpg,data/evaluation/validation/Megawati_Sukarnoputri/Megawati_Sukarnoputri_0028.jpg,821f5dd8b31afe5745835bb5480eb84ad636c8815e9f2443daf9034d56924828,250,250
2296,Megawati_Sukarnoputri,validation,Megawati_Sukarnoputri_0029.jpg,data/evaluation/validation/Megawati_Sukarnoputri/Megawati_Sukarnoputri_0029.jpg,af90ab143d80b1d6da61c1155bde1b20e227f091197b6f77c2e0046a1ff6402c,250,250
2297,Megawati_Sukarnoputri,validation,Megawati_Sukarnoputri_0012.jpg,data/evaluation/validation/Megawati_Sukarnoputri/Megawati_Sukarnoputri_0012.jpg,40dda9ef9cf2c0c410aa0ef7508d32a175d7d99e51d84a3d04335218efbc000f,250,250
2298,Megawati_Sukarnoputri,validation,Megawati_Sukarnoputri_0004.jpg,data/evaluation/validation/Megawati_Sukarnoputri/Megawati_Sukarnoputri_0004.jpg,114b3a0313fae756b7b9792c21bcf2503e35c2881ebf2de3e6909f61c9ac53d4,250,250
2299,Megawati_Sukarnoputri,validation,Megawati_Sukarnoputri_0008.jpg,data/evaluation/validation/Megawati_Sukarnoputri/Megawati_Sukarnoputri_0008.jpg,7d873e68c880fdc0809273d4ec5aab2aa6d118cd8dad58ec6c46c0940f79f793,250,250
2300,Megawati_Sukarnoputri,validation,Megawati_Sukarnoputri_0009.jpg,data/evaluation/validation/Megawati_Sukarnoputri/Megawati_Sukarnoputri_0009.jpg,a0c8ba79ac51641de636b15d9c893326bfa122df5ed97b6e08900c6d123802b8,250,250
2301,Megawati_Sukarnoputri,validation,Megawati_Sukarnoputri_0026.jpg,data/evaluation/validation/Megawati_Sukarnoputri/Megawati_Sukarnoputri_0026.jpg,03ecf886e3b7cc72e4a0e1ebc916e345892bc59e41c39442e3bba16e432c4f2b,250,250
2302,Megawati_Sukarnoputri,validation,Megawati_Sukarnoputri_0003.jpg,data/evaluation/validation/Megawati_Sukarnoputri/Megawati_Sukarnoputri_0003.jpg,e441b4df98100e2dd8c4b610ce15a2015962440217ab1e325947e91a1cbb70cb,250,250
2303,Megawati_Sukarnoputri,validation,Megawati_Sukarnoputri_0001.jpg,data/evaluation/validation/Megawati_Sukarnoputri/Megawati_Sukarnoputri_0001.jpg,8acea3389d80c3696557dd19535e2e9543d688dca0713f86e61f7dc201cf95b5,250,250
2304,Megawati_Sukarnoputri,test,Megawati_Sukarnoputri_0020.jpg,data/evaluation/test/Megawati_Sukarnoputri/Megawati_Sukarnoputri_0020.jpg,cb212890b641b17494cdfd2cccfe40e8d290ab1387892e345c80683690746d2b,250,250
2305,Megawati_Sukarnoputri,test,Megawati_Sukarnoputri_0010.jpg,data/evaluation/test/Megawati_Sukarnoputri/Megawati_Sukarnoputri_0010.jpg,9167240966baae26e3c7010800596deb61396ae60565ae47009f1f90f11a0871,250,250
2306,Megawati_Sukarnoputri,test,Megawati_Sukarnoputri_0023.jpg,data/evaluation/test/Megawati_Sukarnoputri/Megawati_Sukarnoputri_0023.jpg,2aea7996414eba8766c0c15bf66ab9b7f2cc3b7dd8ec75010c370ab9fda984a2,250,250
2307,Megawati_Sukarnoputri,test,Megawati_Sukarnoputri_0015.jpg,data/evaluation/test/Megawati_Sukarnoputri/Megawati_Sukarnoputri_0015.jpg,1c1eb1b8f820a54125aeb58da75cbd8859736c7e2f8b36b92e6adfa0f20cc1f7,250,250
2308,Megawati_Sukarnoputri,test,Megawati_Sukarnoputri_0017.jpg,data/evaluation/test/Megawati_Sukarnoputri/Megawati_Sukarnoputri_0017.jpg,eb4a307db3a6240f0f78681c79e387512b8ea1d09107dbf31eb79014e870be4e,250,250
2309,Megawati_Sukarnoputri,test,Megawati_Sukarnoputri_0033.jpg,data/evaluation/test/Megawati_Sukarnoputri/Megawati_Sukarnoputri_0033.jpg,c055952c27a6f3cc11e0239d486c83955ed63c123dac90b889d798df34487df0,250,250
2310,Megawati_Sukarnoputri,test,Megawati_Sukarnoputri_0006.jpg,data/evaluation/test/Megawati_Sukarnoputri/Megawati_Sukarnoputri_0006.jpg,ccd1b13e8f62f18a209646aba99a521bad1e920dbbfb23091c9a5c5c1ceb7903,250,250
2311,Megawati_Sukarnoputri,test,Megawati_Sukarnoputri_0025.jpg,data/evaluation/test/Megawati_Sukarnoputri/Megawati_Sukarnoputri_0025.jpg,5393d0d2ccaa0a25bab03a491b431f8403786f28a48a5f3d37f781a9a2963bac,250,250
2312,Megawati_Sukarnoputri,test,Megawati_Sukarnoputri_0007.jpg,data/evaluation/test/Megawati_Sukarnoputri/Megawati_Sukarnoputri_0007.jpg,3015cd42951b9853be41c5bd7c037740e60a194c4af2d478731d2e90fa43312c,250,250
2313,Megawati_Sukarnoputri,test,Megawati_Sukarnoputri_0030.jpg,data/evaluation/test/Megawati_Sukarnoputri/Megawati_Sukarnoputri_0030.jpg,6359899f5533b26f2029d497aaa41e9c18bedfc15975ae43753319dcdf146320,250,250
2314,Megawati_Sukarnoputri,test,Megawati_Sukarnoputri_0024.jpg,data/evaluation/test/Megawati_Sukarnoputri/Megawati_Sukarnoputri_0024.jpg,0b3518372cc783b3ef1d593b58b4a7866fccf3c6a7cbb22025736f4c99cb9c83,250,250
2315,Megawati_Sukarnoputri,test,Megawati_Sukarnoputri_0019.jpg,data/evaluation/test/Megawati_Sukarnoputri/Megawati_Sukarnoputri_0019.jpg,9d299870dc9b23cb11a072c1d0d8d2fccfa9abc798125eec2cb241f6dd80c0ba,250,250
2316,Megawati_Sukarnoputri,test,Megawati_Sukarnoputri_0032.jpg,data/evaluation/test/Megawati_Sukarnoputri/Megawati_Sukarnoputri_0032.jpg,bb89c555dadc3db7e47b2c2d66a47ac8f4b3ab7ddcc99a0015c1044509e0a374,250,250
2317,Megawati_Sukarnoputri,test,Megawati_Sukarnoputri_0027.jpg,data/evaluation/test/Megawati_Sukarnoputri/Megawati_Sukarnoputri_0027.jpg,10b35cfc27b74bc5148d8952a8a27e8d1cdf022b539f7d4f0661c3e70ebbc06a,250,250
2318,Megawati_Sukarnoputri,test,Megawati_Sukarnoputri_0011.jpg,data/evaluation/test/Megawati_Sukarnoputri/Megawati_Sukarnoputri_0011.jpg,0b9bd656816a28fdfd03a2e7ef717266a49ceabbf93cf813d600ad041b33bf69,250,250
2319,Megawati_Sukarnoputri,test,Megawati_Sukarnoputri_0016.jpg,data/evaluation/test/Megawati_Sukarnoputri/Megawati_Sukarnoputri_0016.jpg,35aa97025653e59e0d71cc696567739362a14f1d69dd00e807a45a14b093e796,250,250
2320,Michael_Bloomberg,enrollment,Michael_Bloomberg_0008.jpg,data/evaluation/enrollment/Michael_Bloomberg/Michael_Bloomberg_0008.jpg,7f45e67b720edf40981f496ce8d43c9eebcfedc6a5b75f018053a9cfd4ae4d4c,250,250
2321,Michael_Bloomberg,enrollment,Michael_Bloomberg_0015.jpg,data/evaluation/enrollment/Michael_Bloomberg/Michael_Bloomberg_0015.jpg,990da8b8ae89c8cff6ac01018ea61201829e32e0d102e49417a08563bdeedf28,250,250
2322,Michael_Bloomberg,validation,Michael_Bloomberg_0002.jpg,data/evaluation/validation/Michael_Bloomberg/Michael_Bloomberg_0002.jpg,c1b0aef65dcfdc976e048188b8c6974e4575803df884221d0e66531ad366e62e,250,250
2323,Michael_Bloomberg,validation,Michael_Bloomberg_0010.jpg,data/evaluation/validation/Michael_Bloomberg/Michael_Bloomberg_0010.jpg,d793b8ef45a5a3ad0d16057a5bc7b801ae5053100d9722bf8dd3b4c46407717c,250,250
2324,Michael_Bloomberg,validation,Michael_Bloomberg_0011.jpg,data/evaluation/validation/Michael_Bloomberg/Michael_Bloomberg_0011.jpg,72e1e8e00352786c55207149b90dabfbf1897ff5eeaad938c8e2bf648a60c562,250,250
2325,Michael_Bloomberg,validation,Michael_Bloomberg_0018.jpg,data/evaluation/validation/Michael_Bloomberg/Michael_Bloomberg_0018.jpg,a98ef0ecc505d740c4e5bf9f8d486c783705312235bbee8cdc89b3d33ffb8937,250,250
2326,Michael_Bloomberg,validation,Michael_Bloomberg_0003.jpg,data/evaluation/validation/Michael_Bloomberg/Michael_Bloomberg_0003.jpg,6018c607b0308822c4e1b5c9df5d1ab12fa2107dcbf72afd3cfeb815f5eeda32,250,250
2327,Michael_Bloomberg,validation,Michael_Bloomberg_0020.jpg,data/evaluation/validation/Michael_Bloomberg/Michael_Bloomberg_0020.jpg,a9db607a374a956c92f444756580920a7e38c2a226b72f63d8a2b5da9a4ec3f0,250,250
2328,Michael_Bloomberg,validation,Michael_Bloomberg_0017.jpg,data/evaluation/validation/Michael_Bloomberg/Michael_Bloomberg_0017.jpg,17368bb0e67ab69eb5c45dd42c472bdcb93d704c4f05892a31e56fe6b9531cc3,250,250
2329,Michael_Bloomberg,validation,Michael_Bloomberg_0016.jpg,data/evaluation/validation/Michael_Bloomberg/Michael_Bloomberg_0016.jpg,ca8a0776001dd0ba443b2ca7447a376f336236242f4020e6e2014efff1f099a9,250,250
2330,Michael_Bloomberg,validation,Michael_Bloomberg_0019.jpg,data/evaluation/validation/Michael_Bloomberg/Michael_Bloomberg_0019.jpg,d50c1f0c2daf81e6d39262d8adff8e98b4714d8438d10c89362f7acb7dc209eb,250,250
2331,Michael_Bloomberg,test,Michael_Bloomberg_0001.jpg,data/evaluation/test/Michael_Bloomberg/Michael_Bloomberg_0001.jpg,40182280ec1ba05bcda5665a97c7be780435d832142ada4c13a0f002955edf17,250,250
2332,Michael_Bloomberg,test,Michael_Bloomberg_0006.jpg,data/evaluation/test/Michael_Bloomberg/Michael_Bloomberg_0006.jpg,f16bbb8cf4cacee477665adba1ae52183c418f8ad2e7715ae23cbf750391266e,250,250
2333,Michael_Bloomberg,test,Michael_Bloomberg_0007.jpg,data/evaluation/test/Michael_Bloomberg/Michael_Bloomberg_0007.jpg,43ee6cec65895694144da8f37ea7e2915cb4d8ed5a8613a0c1d0445946ea658b,250,250
2334,Michael_Bloomberg,test,Michael_Bloomberg_0013.jpg,data/evaluation/test/Michael_Bloomberg/Michael_Bloomberg_0013.jpg,71ed6812160394c69952df99821e22f614b47d40312bb5dd62db0901d5c6b951,250,250
2335,Michael_Bloomberg,test,Michael_Bloomberg_0012.jpg,data/evaluation/test/Michael_Bloomberg/Michael_Bloomberg_0012.jpg,0314e5842a41cd62768037c872d493b23303d9acc803f480edf1237aaa2ff632,250,250
2336,Michael_Bloomberg,test,Michael_Bloomberg_0009.jpg,data/evaluation/test/Michael_Bloomberg/Michael_Bloomberg_0009.jpg,2286fc3c77616bf49295fd46937a076480dfa277c1cb694279285af9c4c6582a,250,250
2337,Michael_Bloomberg,test,Michael_Bloomberg_0005.jpg,data/evaluation/test/Michael_Bloomberg/Michael_Bloomberg_0005.jpg,96b79ae1bbca253a9b71d10f9d7a97d5ed7c7a39da05e2a9b533c014aa4ca8ce,250,250
2338,Michael_Bloomberg,test,Michael_Bloomberg_0014.jpg,data/evaluation/test/Michael_Bloomberg/Michael_Bloomberg_0014.jpg,f660e6248ffd52fbc5147ed53bd4fbdf7606d19b0486084e247a81392a525c4c,250,250
2339,Michael_Bloomberg,test,Michael_Bloomberg_0004.jpg,data/evaluation/test/Michael_Bloomberg/Michael_Bloomberg_0004.jpg,993640115654582a164628410138b03de65a7ef7b2232da7d52b80d127a08626,250,250
2340,Naomi_Watts,enrollment,Naomi_Watts_0010.jpg,data/evaluation/enrollment/Naomi_Watts/Naomi_Watts_0010.jpg,10a87c1d5b55ed673db5eb59f45bb9582206a532276cccd61917475c05e0dcc6,250,250
2341,Naomi_Watts,enrollment,Naomi_Watts_0002.jpg,data/evaluation/enrollment/Naomi_Watts/Naomi_Watts_0002.jpg,59c3f538c59ca244379275aaeb51781434448011d0688590d3858574de508f50,250,250
2342,Naomi_Watts,validation,Naomi_Watts_0012.jpg,data/evaluation/validation/Naomi_Watts/Naomi_Watts_0012.jpg,93432b9f2d549d3ce3071f06a1bf705437058b3a8faed0c03deb0302cbc4caa6,250,250
2343,Naomi_Watts,validation,Naomi_Watts_0008.jpg,data/evaluation/validation/Naomi_Watts/Naomi_Watts_0008.jpg,d5d7311a54b913ab39604e250334678df4a9ca069f21ef406bc6267508ed06cd,250,250
2344,Naomi_Watts,validation,Naomi_Watts_0011.jpg,data/evaluation/validation/Naomi_Watts/Naomi_Watts_0011.jpg,5b2ed399c8a4258b77b2e49d0969a1d89e553921fd05305213f2cead8425841f,250,250
2345,Naomi_Watts,validation,Naomi_Watts_0001.jpg,data/evaluation/validation/Naomi_Watts/Naomi_Watts_0001.jpg,8101d666a704ee2641580efdbe23d60892e99c300ed80944ab33cb4c15a023de,250,250
2346,Naomi_Watts,validation,Naomi_Watts_0022.jpg,data/evaluation/validation/Naomi_Watts/Naomi_Watts_0022.jpg,2ca4bb3452ead5ef9b0f78c527a6973574bc54b767b871afbb1fd1da99fffab5,250,250
2347,Naomi_Watts,validation,Naomi_Watts_0007.jpg,data/evaluation/validation/Naomi_Watts/Naomi_Watts_0007.jpg,f8a3594308d280824604c19f1722eefc30f031561282fd3b8cecea8d8c03480e,250,250
2348,Naomi_Watts,validation,Naomi_Watts_0017.jpg,data/evaluation/validation/Naomi_Watts/Naomi_Watts_0017.jpg,54d45c867a49fcfb6b371f6211997377fa21e540e69d2d6c23884ac7d682d516,250,250
2349,Naomi_Watts,validation,Naomi_Watts_0003.jpg,data/evaluation/validation/Naomi_Watts/Naomi_Watts_0003.jpg,5f8cdb74648e212a071ccf65544ab53de1a66002b140bfd5de5873759a937905,250,250
2350,Naomi_Watts,validation,Naomi_Watts_0014.jpg,data/evaluation/validation/Naomi_Watts/Naomi_Watts_0014.jpg,34d41e10f54a5c543fd29c6d7726dcbb33d52ca433046b7ea70235f91e684e11,250,250
2351,Naomi_Watts,validation,Naomi_Watts_0021.jpg,data/evaluation/validation/Naomi_Watts/Naomi_Watts_0021.jpg,62e4dd79c9e4152c2f9f59868a456a8b157413d54e08955cb0ddee44111fb681,250,250
2352,Naomi_Watts,test,Naomi_Watts_0015.jpg,data/evaluation/test/Naomi_Watts/Naomi_Watts_0015.jpg,4076e65485345fc08023146024827ea5fd19e1d0a2719132f19621d03440493c,250,250
2353,Naomi_Watts,test,Naomi_Watts_0016.jpg,data/evaluation/test/Naomi_Watts/Naomi_Watts_0016.jpg,baf3769bbce13ae0cec255236fa96eb9e3ba525ea957973f3a0eefc9cb9b5b4f,250,250
2354,Naomi_Watts,test,Naomi_Watts_0006.jpg,data/evaluation/test/Naomi_Watts/Naomi_Watts_0006.jpg,dd280610d715d8c0d9e498565e6fc466db7719e89e6165fe41dc3ef2bb16520b,250,250
2355,Naomi_Watts,test,Naomi_Watts_0013.jpg,data/evaluation/test/Naomi_Watts/Naomi_Watts_0013.jpg,889f036f4e8a67c382d647101fcaade2c92de243a4073838b857ec99229fab2c,250,250
2356,Naomi_Watts,test,Naomi_Watts_0019.jpg,data/evaluation/test/Naomi_Watts/Naomi_Watts_0019.jpg,0fc164cb85d6777eaf6dbd3c67f4b7248365973bb372db2d3056b462afde05e7,250,250
2357,Naomi_Watts,test,Naomi_Watts_0005.jpg,data/evaluation/test/Naomi_Watts/Naomi_Watts_0005.jpg,a1ee3257e75df86db7c05263667306abe2bca9bac2fca85fcba61fa21b0c2aff,250,250
2358,Naomi_Watts,test,Naomi_Watts_0004.jpg,data/evaluation/test/Naomi_Watts/Naomi_Watts_0004.jpg,2f5f8dc1c5ffa55bb083eae190031fe4dd84bc36f856294bff10313ef96c97de,250,250
2359,Naomi_Watts,test,Naomi_Watts_0020.jpg,data/evaluation/test/Naomi_Watts/Naomi_Watts_0020.jpg,5424d3eaddefb9807cac09db75f98ceee6f5a46112ad8eed2a8dd113d48c6ba3,250,250
2360,Naomi_Watts,test,Naomi_Watts_0009.jpg,data/evaluation/test/Naomi_Watts/Naomi_Watts_0009.jpg,113058811cac45bbc1d53124a7234d00b59f99ba5f3e4a3ed4a160d385ad0751,250,250
2361,Naomi_Watts,test,Naomi_Watts_0018.jpg,data/evaluation/test/Naomi_Watts/Naomi_Watts_0018.jpg,670daf82ad107eb6dc4ef4a31b470801853845b5f7f9f064bb647031c42658e9,250,250
2362,Pete_Sampras,enrollment,Pete_Sampras_0001.jpg,data/evaluation/enrollment/Pete_Sampras/Pete_Sampras_0001.jpg,7df467aabe02097e9b2e771af37d1529f190f76c7f1614eef780c1cd8301a68a,250,250
2363,Pete_Sampras,enrollment,Pete_Sampras_0002.jpg,data/evaluation/enrollment/Pete_Sampras/Pete_Sampras_0002.jpg,f14795c89d463da7840357c9049fe24f275a8f97e12c5ca335fd9f599a4d87de,250,250
2364,Pete_Sampras,validation,Pete_Sampras_0012.jpg,data/evaluation/validation/Pete_Sampras/Pete_Sampras_0012.jpg,275a32645bdd917b1f3eadc0a9ce22858fc092334341fac636a77a6528ad80e1,250,250
2365,Pete_Sampras,validation,Pete_Sampras_0004.jpg,data/evaluation/validation/Pete_Sampras/Pete_Sampras_0004.jpg,cac79d879945a818e5477c647a27c25ad9fba22204247f88ed265db7e5a566b1,250,250
2366,Pete_Sampras,validation,Pete_Sampras_0008.jpg,data/evaluation/validation/Pete_Sampras/Pete_Sampras_0008.jpg,5b62944ed9905ad5064b6847a1cc9858d0826c1730d202d9860a67016de017c3,250,250
2367,Pete_Sampras,validation,Pete_Sampras_0022.jpg,data/evaluation/validation/Pete_Sampras/Pete_Sampras_0022.jpg,9e0698b8bc3cc7e3f377f69f65dec729636487bd49d4dc46f789ed94520aa348,250,250
2368,Pete_Sampras,validation,Pete_Sampras_0009.jpg,data/evaluation/validation/Pete_Sampras/Pete_Sampras_0009.jpg,c79890f50e45da34d2ecf5a539163d3ab9192407df3de944171e0a76281acef5,250,250
2369,Pete_Sampras,validation,Pete_Sampras_0013.jpg,data/evaluation/validation/Pete_Sampras/Pete_Sampras_0013.jpg,abb04722675eda8676f246ded0a0373fad3c27822e5c4f4664a0e5589f99ed6c,250,250
2370,Pete_Sampras,validation,Pete_Sampras_0018.jpg,data/evaluation/validation/Pete_Sampras/Pete_Sampras_0018.jpg,190166543671cbf226cad259672c17498af7342442e1e2cd7fca02cf110755a7,250,250
2371,Pete_Sampras,validation,Pete_Sampras_0014.jpg,data/evaluation/validation/Pete_Sampras/Pete_Sampras_0014.jpg,1032092d27ab7b2c8346002e19a9d9cd2c0763211ed24de8cbe3cf80b65b489d,250,250
2372,Pete_Sampras,validation,Pete_Sampras_0007.jpg,data/evaluation/validation/Pete_Sampras/Pete_Sampras_0007.jpg,9acd620c92585e94390ab6094010286dfea001966949a9f1d9aaa3a1dd01b690,250,250
2373,Pete_Sampras,validation,Pete_Sampras_0003.jpg,data/evaluation/validation/Pete_Sampras/Pete_Sampras_0003.jpg,3e09899f98ab915e6314165907e5d4ec52da0ef8b0892df1ab32597f0de99bf6,250,250
2374,Pete_Sampras,test,Pete_Sampras_0006.jpg,data/evaluation/test/Pete_Sampras/Pete_Sampras_0006.jpg,74b96e88eb76daf37467cd0099b397750079b726074583ad6b6de593675c7e36,250,250
2375,Pete_Sampras,test,Pete_Sampras_0010.jpg,data/evaluation/test/Pete_Sampras/Pete_Sampras_0010.jpg,2e2da5cf937922b0f864c9098f53061855c652d8c8575fd0026e9bbb1b0b1d6c,250,250
2376,Pete_Sampras,test,Pete_Sampras_0020.jpg,data/evaluation/test/Pete_Sampras/Pete_Sampras_0020.jpg,f990e0a7f14fdabf9e6ee4348dab51898a07786530e4bda3acc5a685902f2b55,250,250
2377,Pete_Sampras,test,Pete_Sampras_0011.jpg,data/evaluation/test/Pete_Sampras/Pete_Sampras_0011.jpg,ed3ee61632de9c1f80a9fc198437840c387e1fad1e52ba666406c2b7ac654ea4,250,250
2378,Pete_Sampras,test,Pete_Sampras_0019.jpg,data/evaluation/test/Pete_Sampras/Pete_Sampras_0019.jpg,5680bf7e168c36b4de87851c2084b91556d6656c09e99f3edddd3cca48543098,250,250
2379,Pete_Sampras,test,Pete_Sampras_0021.jpg,data/evaluation/test/Pete_Sampras/Pete_Sampras_0021.jpg,5be588afaee2b70e431f5ca36ac37abb916cd337c97cc16cad711ef63c2272f5,250,250
2380,Pete_Sampras,test,Pete_Sampras_0005.jpg,data/evaluation/test/Pete_Sampras/Pete_Sampras_0005.jpg,0d9ed61c8860d10bd017b22df403ca72ac96a43f2040ac3165eb53523de41492,250,250
2381,Pete_Sampras,test,Pete_Sampras_0015.jpg,data/evaluation/test/Pete_Sampras/Pete_Sampras_0015.jpg,ff1d8db817164deb0308077559f481c934ee300d234c79e8db829bb7a5d817e5,250,250
2382,Pete_Sampras,test,Pete_Sampras_0017.jpg,data/evaluation/test/Pete_Sampras/Pete_Sampras_0017.jpg,3d286a2ece67e1a434b370a70b38be2797ef7f5ef50102e5a3813f5ba53bdb74,250,250
2383,Pete_Sampras,test,Pete_Sampras_0016.jpg,data/evaluation/test/Pete_Sampras/Pete_Sampras_0016.jpg,df29f5e7b4a47705a3207113c9c4e7a253c1cb201260fe419231545f39484842,250,250
2384,Recep_Tayyip_Erdogan,enrollment,Recep_Tayyip_Erdogan_0005.jpg,data/evaluation/enrollment/Recep_Tayyip_Erdogan/Recep_Tayyip_Erdogan_0005.jpg,cf76e8d40bcf32d639f016c601d10347f20f1cc7ab87e9ced5f45bf069cbb442,250,250
2385,Recep_Tayyip_Erdogan,enrollment,Recep_Tayyip_Erdogan_0024.jpg,data/evaluation/enrollment/Recep_Tayyip_Erdogan/Recep_Tayyip_Erdogan_0024.jpg,a7c6b4950485097ea31b3ed5cead25855c3f0332f5af4e7531142f9511d2ba53,250,250
2386,Recep_Tayyip_Erdogan,validation,Recep_Tayyip_Erdogan_0023.jpg,data/evaluation/validation/Recep_Tayyip_Erdogan/Recep_Tayyip_Erdogan_0023.jpg,6a17375985e7f1c6a432ebf063aecdc17900908731e6ef0897c8d1a99350f473,250,250
2387,Recep_Tayyip_Erdogan,validation,Recep_Tayyip_Erdogan_0020.jpg,data/evaluation/validation/Recep_Tayyip_Erdogan/Recep_Tayyip_Erdogan_0020.jpg,30df541e96c8381d9a423ec3a251145ae85727eb777b34c0787340605ef108be,250,250
2388,Recep_Tayyip_Erdogan,validation,Recep_Tayyip_Erdogan_0025.jpg,data/evaluation/validation/Recep_Tayyip_Erdogan/Recep_Tayyip_Erdogan_0025.jpg,c8f31eb83d6c1fd261e48f4b0161ae83fda10e65a058697150a130047c95c711,250,250
2389,Recep_Tayyip_Erdogan,validation,Recep_Tayyip_Erdogan_0006.jpg,data/evaluation/validation/Recep_Tayyip_Erdogan/Recep_Tayyip_Erdogan_0006.jpg,5ca94d11049500308cf2c7f80f8a8d2702db5d86de650099965460aa3179cb33,250,250
2390,Recep_Tayyip_Erdogan,validation,Recep_Tayyip_Erdogan_0029.jpg,data/evaluation/validation/Recep_Tayyip_Erdogan/Recep_Tayyip_Erdogan_0029.jpg,eeeac466baacf0566bde9a3abd36a99fa2818f07f9d83a46e251045ce0b0de69,250,250
2391,Recep_Tayyip_Erdogan,validation,Recep_Tayyip_Erdogan_0013.jpg,data/evaluation/validation/Recep_Tayyip_Erdogan/Recep_Tayyip_Erdogan_0013.jpg,664ffd64e40cc2b124dcb44d8419e22693c005b2bdc2a8c58af6251a6e49867f,250,250
2392,Recep_Tayyip_Erdogan,validation,Recep_Tayyip_Erdogan_0007.jpg,data/evaluation/validation/Recep_Tayyip_Erdogan/Recep_Tayyip_Erdogan_0007.jpg,1c181e278f80911c858a1e4af50174ff0ba0d52ac2f0ac2846e707752c3f9e1a,250,250
2393,Recep_Tayyip_Erdogan,validation,Recep_Tayyip_Erdogan_0015.jpg,data/evaluation/validation/Recep_Tayyip_Erdogan/Recep_Tayyip_Erdogan_0015.jpg,dc28220873e7b9a90822ddb882e7757f422c213e6a7cdea4696657a18a8f1529,250,250
2394,Recep_Tayyip_Erdogan,validation,Recep_Tayyip_Erdogan_0026.jpg,data/evaluation/validation/Recep_Tayyip_Erdogan/Recep_Tayyip_Erdogan_0026.jpg,f5aefcd851f41af85c43959f5d8db6a116794c68358f86b670beb6dca7cea913,250,250
2395,Recep_Tayyip_Erdogan,validation,Recep_Tayyip_Erdogan_0018.jpg,data/evaluation/validation/Recep_Tayyip_Erdogan/Recep_Tayyip_Erdogan_0018.jpg,4f6080dfd39ca8bfb3e0ec62cf67b141b723907048b2728445c11e951f7fddf9,250,250
2396,Recep_Tayyip_Erdogan,validation,Recep_Tayyip_Erdogan_0003.jpg,data/evaluation/validation/Recep_Tayyip_Erdogan/Recep_Tayyip_Erdogan_0003.jpg,8c46c466bd5c54b122b4d417a44551df2fe001622631cda7ad75d175891a0d48,250,250
2397,Recep_Tayyip_Erdogan,validation,Recep_Tayyip_Erdogan_0017.jpg,data/evaluation/validation/Recep_Tayyip_Erdogan/Recep_Tayyip_Erdogan_0017.jpg,0651cd0c9398c0495930704da2cea65890c8dc2b10cf8f08d33ba5236bf7eb48,250,250
2398,Recep_Tayyip_Erdogan,validation,Recep_Tayyip_Erdogan_0021.jpg,data/evaluation/validation/Recep_Tayyip_Erdogan/Recep_Tayyip_Erdogan_0021.jpg,9c264830cdaa3b654c3bd9582b44d8f0ff027291fc346e0a8bd8f0e2f3c37d1e,250,250
2399,Recep_Tayyip_Erdogan,validation,Recep_Tayyip_Erdogan_0002.jpg,data/evaluation/validation/Recep_Tayyip_Erdogan/Recep_Tayyip_Erdogan_0002.jpg,26c95d20dacffdca5d7d9b8242ac6b687a1859ca0609893cf3d850f5566e0f9f,250,250
2400,Recep_Tayyip_Erdogan,test,Recep_Tayyip_Erdogan_0008.jpg,data/evaluation/test/Recep_Tayyip_Erdogan/Recep_Tayyip_Erdogan_0008.jpg,c42e6f34eb1e35166421269b686411319bd11addf3234881c8cafd8afb75b624,250,250
2401,Recep_Tayyip_Erdogan,test,Recep_Tayyip_Erdogan_0009.jpg,data/evaluation/test/Recep_Tayyip_Erdogan/Recep_Tayyip_Erdogan_0009.jpg,2407c24a41d36748356b7b99eb8b3c8c56289c87ce95493b22a404b8cc3d9646,250,250
2402,Recep_Tayyip_Erdogan,test,Recep_Tayyip_Erdogan_0030.jpg,data/evaluation/test/Recep_Tayyip_Erdogan/Recep_Tayyip_Erdogan_0030.jpg,e35147dffb6e5bd77ac9fb17ef05be16a833d79bd7a4d3f850cbc942fd55bf6b,250,250
2403,Recep_Tayyip_Erdogan,test,Recep_Tayyip_Erdogan_0028.jpg,data/evaluation/test/Recep_Tayyip_Erdogan/Recep_Tayyip_Erdogan_0028.jpg,7054d498eaf3c5929924b82ed4593d12764b9a03c4563fe3e3663db513d9c73a,250,250
2404,Recep_Tayyip_Erdogan,test,Recep_Tayyip_Erdogan_0010.jpg,data/evaluation/test/Recep_Tayyip_Erdogan/Recep_Tayyip_Erdogan_0010.jpg,1f160e1c94b200b55d9809faa3bd55044eb49f682240ab36dcf936a493f434c1,250,250
2405,Recep_Tayyip_Erdogan,test,Recep_Tayyip_Erdogan_0019.jpg,data/evaluation/test/Recep_Tayyip_Erdogan/Recep_Tayyip_Erdogan_0019.jpg,d4cabbeae7d3a43eaf9c154dc27328c2d518f828fc887a1252a60a66cb64978e,250,250
2406,Recep_Tayyip_Erdogan,test,Recep_Tayyip_Erdogan_0014.jpg,data/evaluation/test/Recep_Tayyip_Erdogan/Recep_Tayyip_Erdogan_0014.jpg,b44f3a1254b97e4c524bac49af85b5dee009c180a61498bd9d6474da183b4834,250,250
2407,Recep_Tayyip_Erdogan,test,Recep_Tayyip_Erdogan_0004.jpg,data/evaluation/test/Recep_Tayyip_Erdogan/Recep_Tayyip_Erdogan_0004.jpg,9ed3684490fbb5cf7a60cc11dd85281cd92c57833ca3464309e95e1b3e9552a3,250,250
2408,Recep_Tayyip_Erdogan,test,Recep_Tayyip_Erdogan_0022.jpg,data/evaluation/test/Recep_Tayyip_Erdogan/Recep_Tayyip_Erdogan_0022.jpg,d1d541fb1bf60e4606219e8a96a4acea687c154cd87ff87221d008323b3180bb,250,250
2409,Recep_Tayyip_Erdogan,test,Recep_Tayyip_Erdogan_0011.jpg,data/evaluation/test/Recep_Tayyip_Erdogan/Recep_Tayyip_Erdogan_0011.jpg,d95cd7c7dbfaee783076ed8477b9cd95189c186a4ca54bab189f1f7c29d59f50,250,250
2410,Recep_Tayyip_Erdogan,test,Recep_Tayyip_Erdogan_0012.jpg,data/evaluation/test/Recep_Tayyip_Erdogan/Recep_Tayyip_Erdogan_0012.jpg,b1e8f06b4c5745bf4e47cd34dec778c253e96ac2f758586aa6da98742050c31f,250,250
2411,Recep_Tayyip_Erdogan,test,Recep_Tayyip_Erdogan_0001.jpg,data/evaluation/test/Recep_Tayyip_Erdogan/Recep_Tayyip_Erdogan_0001.jpg,d9df3b414d9cada719fb8b8830ab59f29f3f4aea373dc685ec71d54ff7952daf,250,250
2412,Recep_Tayyip_Erdogan,test,Recep_Tayyip_Erdogan_0027.jpg,data/evaluation/test/Recep_Tayyip_Erdogan/Recep_Tayyip_Erdogan_0027.jpg,5f5083b2a02c3c398bfbbca147a2bb6d0c626d77816002e6b376c1886bf15054,250,250
2413,Recep_Tayyip_Erdogan,test,Recep_Tayyip_Erdogan_0016.jpg,data/evaluation/test/Recep_Tayyip_Erdogan/Recep_Tayyip_Erdogan_0016.jpg,b242eeb0da76d48acf2bd26bb3091b5accebbcf2a0e775203fde5c6317a52a35,250,250
2414,Ricardo_Lagos,enrollment,Ricardo_Lagos_0026.jpg,data/evaluation/enrollment/Ricardo_Lagos/Ricardo_Lagos_0026.jpg,f9f6db602107f4da72b98edb3deb6f5a6769e592e6dff8b32c54215040f08e98,250,250
2415,Ricardo_Lagos,enrollment,Ricardo_Lagos_0010.jpg,data/evaluation/enrollment/Ricardo_Lagos/Ricardo_Lagos_0010.jpg,3c210f14b08ed760463251fde354d05209ac3eaed1be184aa452f8242503f7b3,250,250
2416,Ricardo_Lagos,validation,Ricardo_Lagos_0022.jpg,data/evaluation/validation/Ricardo_Lagos/Ricardo_Lagos_0022.jpg,172437d58f4ad28649b6cc7fc2caf0a14f487e25ccc7b20c03e798a3962f58ee,250,250
2417,Ricardo_Lagos,validation,Ricardo_Lagos_0024.jpg,data/evaluation/validation/Ricardo_Lagos/Ricardo_Lagos_0024.jpg,cefe07dc727909316138cc51ce4b25605302c13a2ef0ec6ff5f42174f6e990bd,250,250
2418,Ricardo_Lagos,validation,Ricardo_Lagos_0025.jpg,data/evaluation/validation/Ricardo_Lagos/Ricardo_Lagos_0025.jpg,6f7e693360b6e2a9272648d57a183621c82e3d02dad8fcc5d555c0446945c7b1,250,250
2419,Ricardo_Lagos,validation,Ricardo_Lagos_0018.jpg,data/evaluation/validation/Ricardo_Lagos/Ricardo_Lagos_0018.jpg,64458893170d9a751012dca70c5eac5ab8fd4468bfed785a7674d4bc1f249f39,250,250
2420,Ricardo_Lagos,validation,Ricardo_Lagos_0019.jpg,data/evaluation/validation/Ricardo_Lagos/Ricardo_Lagos_0019.jpg,2be2f7226a03ffa937dfd940c3fb429db2956ee447aecfe1ee27fa482f6b5e7b,250,250
2421,Ricardo_Lagos,validation,Ricardo_Lagos_0020.jpg,data/evaluation/validation/Ricardo_Lagos/Ricardo_Lagos_0020.jpg,e04c85b06624712de644f44a492c444be35eb96c8d123014ca7f5b7d7320fb55,250,250
2422,Ricardo_Lagos,validation,Ricardo_Lagos_0008.jpg,data/evaluation/validation/Ricardo_Lagos/Ricardo_Lagos_0008.jpg,e18d12c76000ec5cd29c842ce01b015d73bee6724cae8ff5fb5406bb280f773b,250,250
2423,Ricardo_Lagos,validation,Ricardo_Lagos_0006.jpg,data/evaluation/validation/Ricardo_Lagos/Ricardo_Lagos_0006.jpg,7bc5bba43b2d771a26c7413ccfe09d2b6a2a3f78ab93f83629c9d545800b4d38,250,250
2424,Ricardo_Lagos,validation,Ricardo_Lagos_0013.jpg,data/evaluation/validation/Ricardo_Lagos/Ricardo_Lagos_0013.jpg,e8cfd2962c6af4e70927393a2d01a0a5002a7d0d2b30d254ef71e5938b0686b3,250,250
2425,Ricardo_Lagos,validation,Ricardo_Lagos_0004.jpg,data/evaluation/validation/Ricardo_Lagos/Ricardo_Lagos_0004.jpg,d5a8c9f3a3a261c5e0a507a87dd487af6a554213262083752e00fca10702d225,250,250
2426,Ricardo_Lagos,validation,Ricardo_Lagos_0009.jpg,data/evaluation/validation/Ricardo_Lagos/Ricardo_Lagos_0009.jpg,d740ed67c28b196a6affdd3f5fbc284af173aa61a30d6c85ec6cd5c19711b30c,250,250
2427,Ricardo_Lagos,validation,Ricardo_Lagos_0003.jpg,data/evaluation/validation/Ricardo_Lagos/Ricardo_Lagos_0003.jpg,605943294a572696679efb7bbd5aeb390df879023a1c80544069ef58fdf87455,250,250
2428,Ricardo_Lagos,test,Ricardo_Lagos_0012.jpg,data/evaluation/test/Ricardo_Lagos/Ricardo_Lagos_0012.jpg,bfcf93c7d2aa27580ab084b4afa690bc163a8af4fd9e08c8cc2f886a3a79402d,250,250
2429,Ricardo_Lagos,test,Ricardo_Lagos_0002.jpg,data/evaluation/test/Ricardo_Lagos/Ricardo_Lagos_0002.jpg,071bf8244bbda720b9c48df590c5be4b75d394b1aad1119cd0d93bd65ef40269,250,250
2430,Ricardo_Lagos,test,Ricardo_Lagos_0016.jpg,data/evaluation/test/Ricardo_Lagos/Ricardo_Lagos_0016.jpg,079d967592cd10f916b7b560706a69e71bc09f10ae131c04c8e180b759f486c3,250,250
2431,Ricardo_Lagos,test,Ricardo_Lagos_0017.jpg,data/evaluation/test/Ricardo_Lagos/Ricardo_Lagos_0017.jpg,9fcd1c584e091a3ff17cadb24ffe0cbd150a224b86e90f7febb130124cac6208,250,250
2432,Ricardo_Lagos,test,Ricardo_Lagos_0021.jpg,data/evaluation/test/Ricardo_Lagos/Ricardo_Lagos_0021.jpg,d5b9534c1d6bad9d9c42a770a92e7661ce908c3624ee437d4bfc75d049bbd111,250,250
2433,Ricardo_Lagos,test,Ricardo_Lagos_0027.jpg,data/evaluation/test/Ricardo_Lagos/Ricardo_Lagos_0027.jpg,3dcf530d7ec3b1b80d334f60a61594398cf60d3fae4ae53148add823235fa420,250,250
2434,Ricardo_Lagos,test,Ricardo_Lagos_0023.jpg,data/evaluation/test/Ricardo_Lagos/Ricardo_Lagos_0023.jpg,c1cd04d02d89bc4ff765638a9dc891a2093e6b16d4a2d899515c1667d4348539,250,250
2435,Ricardo_Lagos,test,Ricardo_Lagos_0005.jpg,data/evaluation/test/Ricardo_Lagos/Ricardo_Lagos_0005.jpg,a57cc65e453f4817e81d122b038a1ab173460d7d32efecae6ea814dc0dff1559,250,250
2436,Ricardo_Lagos,test,Ricardo_Lagos_0014.jpg,data/evaluation/test/Ricardo_Lagos/Ricardo_Lagos_0014.jpg,4fa8fa1f538b045b921b8a8fa9315f8d1baaf4edb067b2d1667189e0f6ee1df9,250,250
2437,Ricardo_Lagos,test,Ricardo_Lagos_0011.jpg,data/evaluation/test/Ricardo_Lagos/Ricardo_Lagos_0011.jpg,42e3dd4c944269e85b5d283eee831b3ad2f1b240c57dedac7844af9099ae4167,250,250
2438,Ricardo_Lagos,test,Ricardo_Lagos_0015.jpg,data/evaluation/test/Ricardo_Lagos/Ricardo_Lagos_0015.jpg,a4615c7a228897adb8697eb789a35ee17812a6e6177966cc71fb32fde4c8cab4,250,250
2439,Ricardo_Lagos,test,Ricardo_Lagos_0001.jpg,data/evaluation/test/Ricardo_Lagos/Ricardo_Lagos_0001.jpg,ca5c931191e11f01d610d6d54eb3d83e91ba61d5e78f0c4eee81af9023150238,250,250
2440,Ricardo_Lagos,test,Ricardo_Lagos_0007.jpg,data/evaluation/test/Ricardo_Lagos/Ricardo_Lagos_0007.jpg,23a14ec7c8504556e05f409356d668623a17622d19beb8a6a11e3e15784f126a,250,250
2441,Roh_Moo-hyun,enrollment,Roh_Moo-hyun_0015.jpg,data/evaluation/enrollment/Roh_Moo-hyun/Roh_Moo-hyun_0015.jpg,d0f968c065055cde082ca9cb4b386bbabf24a4ef1b738a20478e636e1460c534,250,250
2442,Roh_Moo-hyun,enrollment,Roh_Moo-hyun_0004.jpg,data/evaluation/enrollment/Roh_Moo-hyun/Roh_Moo-hyun_0004.jpg,f24f4480d28906a8e32220e600b9fc04195cf06f82b9f72e89ced59ce961772d,250,250
2443,Roh_Moo-hyun,validation,Roh_Moo-hyun_0024.jpg,data/evaluation/validation/Roh_Moo-hyun/Roh_Moo-hyun_0024.jpg,557e398fd2d36fe060e9ffad59dfa5010d7a7295e64ece557e026ba595ac3b8c,250,250
2444,Roh_Moo-hyun,validation,Roh_Moo-hyun_0001.jpg,data/evaluation/validation/Roh_Moo-hyun/Roh_Moo-hyun_0001.jpg,ee703188c6f52daf2f4e0ff793b2cf8849195ac5d3aadbbefc9cac9d68f36d9b,250,250
2445,Roh_Moo-hyun,validation,Roh_Moo-hyun_0003.jpg,data/evaluation/validation/Roh_Moo-hyun/Roh_Moo-hyun_0003.jpg,bffaf8340f6f3b881eafaec4240d6221e3d32486d8fa7a5e58d1e0c57cc7defa,250,250
2446,Roh_Moo-hyun,validation,Roh_Moo-hyun_0014.jpg,data/evaluation/validation/Roh_Moo-hyun/Roh_Moo-hyun_0014.jpg,e588f4eb90461a0a28aa8ff02fa1761c0e80fdfc73f6992ea618467ccb253ea4,250,250
2447,Roh_Moo-hyun,validation,Roh_Moo-hyun_0032.jpg,data/evaluation/validation/Roh_Moo-hyun/Roh_Moo-hyun_0032.jpg,1bd98b549622b2f83d42db8bcbb8d890d861109278be7220b4f0de6b3051bca5,250,250
2448,Roh_Moo-hyun,validation,Roh_Moo-hyun_0006.jpg,data/evaluation/validation/Roh_Moo-hyun/Roh_Moo-hyun_0006.jpg,61325e0f7cf0fbba785a90d1c99ce29c9ab73b821c42da20b5aebe7a13045b10,250,250
2449,Roh_Moo-hyun,validation,Roh_Moo-hyun_0013.jpg,data/evaluation/validation/Roh_Moo-hyun/Roh_Moo-hyun_0013.jpg,c38afaa7a7e61c4aee56c8b7609b959e37ad8c2f2183f2e2ab4f270e840a1bfb,250,250
2450,Roh_Moo-hyun,validation,Roh_Moo-hyun_0021.jpg,data/evaluation/validation/Roh_Moo-hyun/Roh_Moo-hyun_0021.jpg,134bc78c0f8e369da6e76e663815783f7be67ee6e3d137d957a685d14af6ac22,250,250
2451,Roh_Moo-hyun,validation,Roh_Moo-hyun_0026.jpg,data/evaluation/validation/Roh_Moo-hyun/Roh_Moo-hyun_0026.jpg,58e68f2eae61606c869e0b7b2671635660e8f608761933f0b45c516eb4dd6724,250,250
2452,Roh_Moo-hyun,validation,Roh_Moo-hyun_0019.jpg,data/evaluation/validation/Roh_Moo-hyun/Roh_Moo-hyun_0019.jpg,01c1a137426a47aafd9c65ca32d1585916b26e1d496ae07c1302f3afedde67f7,250,250
2453,Roh_Moo-hyun,validation,Roh_Moo-hyun_0022.jpg,data/evaluation/validation/Roh_Moo-hyun/Roh_Moo-hyun_0022.jpg,3440b4dcd9f5edbcab3f9352113104efd02dfd3bdc5f8618b3a572e610e1e47a,250,250
2454,Roh_Moo-hyun,validation,Roh_Moo-hyun_0002.jpg,data/evaluation/validation/Roh_Moo-hyun/Roh_Moo-hyun_0002.jpg,8f8a13e7cd6a5961140ab22162a4ffa73ef439865c49e25a742beed504b3f260,250,250
2455,Roh_Moo-hyun,validation,Roh_Moo-hyun_0005.jpg,data/evaluation/validation/Roh_Moo-hyun/Roh_Moo-hyun_0005.jpg,f1e3c6c61cc5493ff1414a0455200724539d318d1661069f6e00bc5a23cbf2d2,250,250
2456,Roh_Moo-hyun,validation,Roh_Moo-hyun_0027.jpg,data/evaluation/validation/Roh_Moo-hyun/Roh_Moo-hyun_0027.jpg,c768c35e6403998eb1f387e5b7988c028a75a7d8fdad191f254c8af7f5807cb3,250,250
2457,Roh_Moo-hyun,validation,Roh_Moo-hyun_0012.jpg,data/evaluation/validation/Roh_Moo-hyun/Roh_Moo-hyun_0012.jpg,a0495bbf3ed83a466be68a388d0c3c98fad6f9d39a8cd09eee22f04fe7aef372,250,250
2458,Roh_Moo-hyun,test,Roh_Moo-hyun_0031.jpg,data/evaluation/test/Roh_Moo-hyun/Roh_Moo-hyun_0031.jpg,a90a2de936a1e54a9ac9462f987b11302eef33c6e5dd975a7d3eb6a5df4f2dcf,250,250
2459,Roh_Moo-hyun,test,Roh_Moo-hyun_0011.jpg,data/evaluation/test/Roh_Moo-hyun/Roh_Moo-hyun_0011.jpg,fe5b6cac094553bb64a2fddd439a8826205bb9f5a0449521d0cf14258fa99450,250,250
2460,Roh_Moo-hyun,test,Roh_Moo-hyun_0030.jpg,data/evaluation/test/Roh_Moo-hyun/Roh_Moo-hyun_0030.jpg,23c704acfb28be83c25c8606fe963b742c37b5535fb969faffcdc59a6245b914,250,250
2461,Roh_Moo-hyun,test,Roh_Moo-hyun_0029.jpg,data/evaluation/test/Roh_Moo-hyun/Roh_Moo-hyun_0029.jpg,b99be2246ec20fde1ec7bb2aeefe4af008077148644495fd094c80bdfa005a90,250,250
2462,Roh_Moo-hyun,test,Roh_Moo-hyun_0023.jpg,data/evaluation/test/Roh_Moo-hyun/Roh_Moo-hyun_0023.jpg,51daab4e1c5feadd7ff1f8d30c2b640137c27094e407c82802b089a2ae772be0,250,250
2463,Roh_Moo-hyun,test,Roh_Moo-hyun_0025.jpg,data/evaluation/test/Roh_Moo-hyun/Roh_Moo-hyun_0025.jpg,769b9d1486011e3dab2f9e771d35fca73ff54b058edf4d3216579e3ccbb8e021,250,250
2464,Roh_Moo-hyun,test,Roh_Moo-hyun_0028.jpg,data/evaluation/test/Roh_Moo-hyun/Roh_Moo-hyun_0028.jpg,f784589acb1cb2b6865eaafa4da7cb8fa399299d80b45965b0d762548e2c08c9,250,250
2465,Roh_Moo-hyun,test,Roh_Moo-hyun_0010.jpg,data/evaluation/test/Roh_Moo-hyun/Roh_Moo-hyun_0010.jpg,c62ebe95fc40850fce07d4a23e2e056b8a630fac33522bba99b0e9fa5a55ab44,250,250
2466,Roh_Moo-hyun,test,Roh_Moo-hyun_0018.jpg,data/evaluation/test/Roh_Moo-hyun/Roh_Moo-hyun_0018.jpg,3eb62dc5882149f804af8094ccade890e014aa4b645e1f7b231c1523aceec140,250,250
2467,Roh_Moo-hyun,test,Roh_Moo-hyun_0009.jpg,data/evaluation/test/Roh_Moo-hyun/Roh_Moo-hyun_0009.jpg,edb063525de064e8a35b15ad361da30253d83d76bace2e97559e604022b374c3,250,250
2468,Roh_Moo-hyun,test,Roh_Moo-hyun_0008.jpg,data/evaluation/test/Roh_Moo-hyun/Roh_Moo-hyun_0008.jpg,d6d77b75f4e890967e0fc6f24ec1aa6048c2bca8f8fa55839f1de08d7fe7f1b4,250,250
2469,Roh_Moo-hyun,test,Roh_Moo-hyun_0007.jpg,data/evaluation/test/Roh_Moo-hyun/Roh_Moo-hyun_0007.jpg,7f9f4cf8430c476fee39e2b08a1215321d264f1a23f744584f677da1ef918b00,250,250
2470,Roh_Moo-hyun,test,Roh_Moo-hyun_0016.jpg,data/evaluation/test/Roh_Moo-hyun/Roh_Moo-hyun_0016.jpg,3e7ead1f2842e23f0df0439886c9c15b95ed5b97a87bc313c643fa3d96f1fb39,250,250
2471,Roh_Moo-hyun,test,Roh_Moo-hyun_0020.jpg,data/evaluation/test/Roh_Moo-hyun/Roh_Moo-hyun_0020.jpg,f774d6a66390db8cd7c581802741bf6a95b79d9a0bab0d9b9f91037b73bf8cbc,250,250
2472,Roh_Moo-hyun,test,Roh_Moo-hyun_0017.jpg,data/evaluation/test/Roh_Moo-hyun/Roh_Moo-hyun_0017.jpg,4fd622d0f1999288262368595a85edb5dabdbff1f86da5839d74393bf010f4d1,250,250
2473,Rudolph_Giuliani,enrollment,Rudolph_Giuliani_0008.jpg,data/evaluation/enrollment/Rudolph_Giuliani/Rudolph_Giuliani_0008.jpg,46cb621a7c7162e3e5e4109422b1f79e4a061f4f6d4e1aaa36bfef4c7fdd058c,250,250
2474,Rudolph_Giuliani,enrollment,Rudolph_Giuliani_0003.jpg,data/evaluation/enrollment/Rudolph_Giuliani/Rudolph_Giuliani_0003.jpg,8f8445bdf1bb8db35a374ff856613aa7c854c08c73ed7498688aac016e591cfc,250,250
2475,Rudolph_Giuliani,validation,Rudolph_Giuliani_0020.jpg,data/evaluation/validation/Rudolph_Giuliani/Rudolph_Giuliani_0020.jpg,86500f43af7bc7b80ec20fab235cf6bd4af4695becbcb9f47d824493b55c456b,250,250
2476,Rudolph_Giuliani,validation,Rudolph_Giuliani_0022.jpg,data/evaluation/validation/Rudolph_Giuliani/Rudolph_Giuliani_0022.jpg,e397f1353deeb8a841e653669191bf8f2264a3c91d938b700903c51b05a5209c,250,250
2477,Rudolph_Giuliani,validation,Rudolph_Giuliani_0017.jpg,data/evaluation/validation/Rudolph_Giuliani/Rudolph_Giuliani_0017.jpg,50e73eb2c76076dd756d2219480d598c14b35b6cc4be6d25790e5650fc2ca55d,250,250
2478,Rudolph_Giuliani,validation,Rudolph_Giuliani_0025.jpg,data/evaluation/validation/Rudolph_Giuliani/Rudolph_Giuliani_0025.jpg,1283a7c6bc216f0e9f28e6ba8c0ba671aab0a94726342dfa804148324abbf7d3,250,250
2479,Rudolph_Giuliani,validation,Rudolph_Giuliani_0006.jpg,data/evaluation/validation/Rudolph_Giuliani/Rudolph_Giuliani_0006.jpg,da50792348ed37550004ea4050c71d9db3a7bc7ebacdd1ef75e248f7c8af03b7,250,250
2480,Rudolph_Giuliani,validation,Rudolph_Giuliani_0013.jpg,data/evaluation/validation/Rudolph_Giuliani/Rudolph_Giuliani_0013.jpg,94711172ba968dec5fe3d228a168a2fbced700d14d78c022a511b9691e33c328,250,250
2481,Rudolph_Giuliani,validation,Rudolph_Giuliani_0001.jpg,data/evaluation/validation/Rudolph_Giuliani/Rudolph_Giuliani_0001.jpg,19cd9a4da10f2a51b3e52263e9bcba49896d541bc888d199d43fc60242b7dd44,250,250
2482,Rudolph_Giuliani,validation,Rudolph_Giuliani_0011.jpg,data/evaluation/validation/Rudolph_Giuliani/Rudolph_Giuliani_0011.jpg,9009d3d18ffc78082b26ef94ef6b6d15d5f1b2d6f01a2b212c76478fddb95db8,250,250
2483,Rudolph_Giuliani,validation,Rudolph_Giuliani_0004.jpg,data/evaluation/validation/Rudolph_Giuliani/Rudolph_Giuliani_0004.jpg,29795dd4b6d9c11a1295ee8264405dd859562785d8f6e73775aaccad886e8937,250,250
2484,Rudolph_Giuliani,validation,Rudolph_Giuliani_0014.jpg,data/evaluation/validation/Rudolph_Giuliani/Rudolph_Giuliani_0014.jpg,c2a3ace9e7ad7dd0c948f730aaabbdc10e0b75fa9d48a83bb93d1abdb12e3a61,250,250
2485,Rudolph_Giuliani,validation,Rudolph_Giuliani_0026.jpg,data/evaluation/validation/Rudolph_Giuliani/Rudolph_Giuliani_0026.jpg,4d74bdd655d88b644f1e610406d1fba9ee4cba9193e5230bb0fd254b62c2a5d1,250,250
2486,Rudolph_Giuliani,validation,Rudolph_Giuliani_0010.jpg,data/evaluation/validation/Rudolph_Giuliani/Rudolph_Giuliani_0010.jpg,f8a2712bd8c6859aa5c45ea04f4174e4a24a7cc9717452efad322d3001245318,250,250
2487,Rudolph_Giuliani,test,Rudolph_Giuliani_0002.jpg,data/evaluation/test/Rudolph_Giuliani/Rudolph_Giuliani_0002.jpg,0129678c11d29aaec36e563527906460db1fdeba840a3949b3d1956aa0dd6313,250,250
2488,Rudolph_Giuliani,test,Rudolph_Giuliani_0005.jpg,data/evaluation/test/Rudolph_Giuliani/Rudolph_Giuliani_0005.jpg,1cd6d97d9d2516a07924e77e32a80b7d22526d61ca529e0db7b8a8a854e6c800,250,250
2489,Rudolph_Giuliani,test,Rudolph_Giuliani_0019.jpg,data/evaluation/test/Rudolph_Giuliani/Rudolph_Giuliani_0019.jpg,99b4f21d26d69d777e036a3943059d5eba34624b5f6564a17a3ebd0f09ef72f6,250,250
2490,Rudolph_Giuliani,test,Rudolph_Giuliani_0023.jpg,data/evaluation/test/Rudolph_Giuliani/Rudolph_Giuliani_0023.jpg,bc415f5e2765f0c3d3aad307054b72c481c795bee2b261b22d688ce8e6e4e311,250,250
2491,Rudolph_Giuliani,test,Rudolph_Giuliani_0018.jpg,data/evaluation/test/Rudolph_Giuliani/Rudolph_Giuliani_0018.jpg,bb73e1ff4018aca4b7eb503d987e49898bf8450c1d114f302ede806106fed220,250,250
2492,Rudolph_Giuliani,test,Rudolph_Giuliani_0024.jpg,data/evaluation/test/Rudolph_Giuliani/Rudolph_Giuliani_0024.jpg,306e61b4f82f3f5ff8854d12b8bcab4b42606bbc022a599e4fc115d3fe06f8db,250,250
2493,Rudolph_Giuliani,test,Rudolph_Giuliani_0007.jpg,data/evaluation/test/Rudolph_Giuliani/Rudolph_Giuliani_0007.jpg,7b8f7566a83061c40bc52ca7a8c69abf6eea97cae484f30060813bc4db153f29,250,250
2494,Rudolph_Giuliani,test,Rudolph_Giuliani_0016.jpg,data/evaluation/test/Rudolph_Giuliani/Rudolph_Giuliani_0016.jpg,fce479fffc8890fb3f6bf7c5a4a7afdc09566962890f0b9a2e48bab4ac13f21d,250,250
2495,Rudolph_Giuliani,test,Rudolph_Giuliani_0009.jpg,data/evaluation/test/Rudolph_Giuliani/Rudolph_Giuliani_0009.jpg,bcb0521190b5a35e2264815d08ea7ba0583bb9edcd573675561e15b02b4a160b,250,250
2496,Rudolph_Giuliani,test,Rudolph_Giuliani_0021.jpg,data/evaluation/test/Rudolph_Giuliani/Rudolph_Giuliani_0021.jpg,2591ac83768b9219614600ff96a013673a01dfa9b069e63a858218fbf83d00c6,250,250
2497,Rudolph_Giuliani,test,Rudolph_Giuliani_0015.jpg,data/evaluation/test/Rudolph_Giuliani/Rudolph_Giuliani_0015.jpg,44bc823367b97f069f1d71a1a88b7dd9d5eb1308ae86c1bc93ec957fb9498c4d,250,250
2498,Rudolph_Giuliani,test,Rudolph_Giuliani_0012.jpg,data/evaluation/test/Rudolph_Giuliani/Rudolph_Giuliani_0012.jpg,759dd7a2ab72b1057e627db41986c565a730b6b4e6d8e852061896c0de6a812e,250,250
2499,Saddam_Hussein,enrollment,Saddam_Hussein_0012.jpg,data/evaluation/enrollment/Saddam_Hussein/Saddam_Hussein_0012.jpg,878c00cc658b52c27fbaa1e231dcf3f3857243d0822296167f73cfe7e9d204c1,250,250
2500,Saddam_Hussein,enrollment,Saddam_Hussein_0013.jpg,data/evaluation/enrollment/Saddam_Hussein/Saddam_Hussein_0013.jpg,72733252865a97a64eac9325aca23f7ee23181fe0cb25176ce27a65e4da288d7,250,250
2501,Saddam_Hussein,validation,Saddam_Hussein_0003.jpg,data/evaluation/validation/Saddam_Hussein/Saddam_Hussein_0003.jpg,c9a6c1c17d4b9a63e0cd2cae7c709f57e19c063afa35295e00044816a4082b78,250,250
2502,Saddam_Hussein,validation,Saddam_Hussein_0002.jpg,data/evaluation/validation/Saddam_Hussein/Saddam_Hussein_0002.jpg,308599594fe967206e7a22086427def802905343289e0c58feafccacaf631f22,250,250
2503,Saddam_Hussein,validation,Saddam_Hussein_0007.jpg,data/evaluation/validation/Saddam_Hussein/Saddam_Hussein_0007.jpg,79f68e79618e42c28b4ff4b940f370f54862a8bd9d14d03300ebf42e5f5754dd,250,250
2504,Saddam_Hussein,validation,Saddam_Hussein_0019.jpg,data/evaluation/validation/Saddam_Hussein/Saddam_Hussein_0019.jpg,5ea37c37e47dc622dd9b73536b49c4c3cc9c4fbc6df8ca2360e29d27f29b7c77,250,250
2505,Saddam_Hussein,validation,Saddam_Hussein_0009.jpg,data/evaluation/validation/Saddam_Hussein/Saddam_Hussein_0009.jpg,3ce0740655c19bbc8f03682f6c5b13456cc0d51cd6df7c3d51b31cc01a0781f0,250,250
2506,Saddam_Hussein,validation,Saddam_Hussein_0010.jpg,data/evaluation/validation/Saddam_Hussein/Saddam_Hussein_0010.jpg,f3e10f66ea3ff983f9dcca3bb71e686dcd77a7b70e1b1b066899f7c29e6f8472,250,250
2507,Saddam_Hussein,validation,Saddam_Hussein_0017.jpg,data/evaluation/validation/Saddam_Hussein/Saddam_Hussein_0017.jpg,c6adc211559a64d57c0914e5fdaa948bcde49d2f8cb39cbfd4be9a2456242ff0,250,250
2508,Saddam_Hussein,validation,Saddam_Hussein_0020.jpg,data/evaluation/validation/Saddam_Hussein/Saddam_Hussein_0020.jpg,367a5bdd21496009262156a61c70c5e8eb9ce295463ed4c6b1051c6598769548,250,250
2509,Saddam_Hussein,validation,Saddam_Hussein_0021.jpg,data/evaluation/validation/Saddam_Hussein/Saddam_Hussein_0021.jpg,5a400830622c2e018d0db31b2f58fa519a465566c0f1fa18e72c81937b8c5a22,250,250
2510,Saddam_Hussein,validation,Saddam_Hussein_0015.jpg,data/evaluation/validation/Saddam_Hussein/Saddam_Hussein_0015.jpg,a4b80565cecb9398a11e670fe54ca46f06da6765fdc68213bbea3dcbf1331f76,250,250
2511,Saddam_Hussein,test,Saddam_Hussein_0022.jpg,data/evaluation/test/Saddam_Hussein/Saddam_Hussein_0022.jpg,674dff2ed6b022cbe7bb9e900e839f5cc98faf923b6f8bbee5650e4b1451802b,250,250
2512,Saddam_Hussein,test,Saddam_Hussein_0008.jpg,data/evaluation/test/Saddam_Hussein/Saddam_Hussein_0008.jpg,63e3656ad0c0fc713f18fa39fdfe21341b5a171f61b41d03463b3a4ca2c87d02,250,250
2513,Saddam_Hussein,test,Saddam_Hussein_0011.jpg,data/evaluation/test/Saddam_Hussein/Saddam_Hussein_0011.jpg,b40e5baf8540d2b989fa5bbd7378ab1a6a3b92ad6b590074cded0b8abb082a3d,250,250
2514,Saddam_Hussein,test,Saddam_Hussein_0014.jpg,data/evaluation/test/Saddam_Hussein/Saddam_Hussein_0014.jpg,c7bd428546725d3dfe02ddbd78ba9ceaa617ac3e636fce67ce7d38e08963b532,250,250
2515,Saddam_Hussein,test,Saddam_Hussein_0006.jpg,data/evaluation/test/Saddam_Hussein/Saddam_Hussein_0006.jpg,bd29e4376506fa198969d7e22b6b08a44a5e7a5cd9b17dd6339f12aa5d615da4,250,250
2516,Saddam_Hussein,test,Saddam_Hussein_0018.jpg,data/evaluation/test/Saddam_Hussein/Saddam_Hussein_0018.jpg,57c6aa6c69fd6d33ccca553831f728a4ce727924e314b7a4f43f590e46c81f0e,250,250
2517,Saddam_Hussein,test,Saddam_Hussein_0001.jpg,data/evaluation/test/Saddam_Hussein/Saddam_Hussein_0001.jpg,c9409a2a040c0383351f176d0be23984b56feac674eb7713f9148e2509466f48,250,250
2518,Saddam_Hussein,test,Saddam_Hussein_0005.jpg,data/evaluation/test/Saddam_Hussein/Saddam_Hussein_0005.jpg,a13c1bee30077e5e24ab6902806b8d09253847ce275e8c6f927c0e7170d27edf,250,250
2519,Saddam_Hussein,test,Saddam_Hussein_0004.jpg,data/evaluation/test/Saddam_Hussein/Saddam_Hussein_0004.jpg,0df18c984555ce3f7fe0b9d9133ee1518a07c5048a18f074866a51e1cd29c15c,250,250
2520,Saddam_Hussein,test,Saddam_Hussein_0016.jpg,data/evaluation/test/Saddam_Hussein/Saddam_Hussein_0016.jpg,e9fb736ba56009d0f56e59035f75db7311b6c0fdd5edd99e649505bb2543f05d,250,250
2521,Saddam_Hussein,test,Saddam_Hussein_0023.jpg,data/evaluation/test/Saddam_Hussein/Saddam_Hussein_0023.jpg,e6b95ba92c7c8bff12dc06f79706287a53cbf3d8d403a533a5cefae406d03fa1,250,250
2522,Serena_Williams,enrollment,Serena_Williams_0002.jpg,data/evaluation/enrollment/Serena_Williams/Serena_Williams_0002.jpg,d3d4c34f97e13beaa514c713f51557c118da5dcd3b0a011df2790b40e47c1e3e,250,250
2523,Serena_Williams,enrollment,Serena_Williams_0008.jpg,data/evaluation/enrollment/Serena_Williams/Serena_Williams_0008.jpg,3b339daceb6d9ae3f5c9fa3948529e3e8c79890f7d71068c8f9f313d15a8d1a9,250,250
2524,Serena_Williams,validation,Serena_Williams_0041.jpg,data/evaluation/validation/Serena_Williams/Serena_Williams_0041.jpg,6967f045cebcec86b17a490f1a56c9fc9fbddf3f0d564dc26ba9dd3ffa22394d,250,250
2525,Serena_Williams,validation,Serena_Williams_0046.jpg,data/evaluation/validation/Serena_Williams/Serena_Williams_0046.jpg,90579b2ce5be2ae0744910555d7c4acd50149d4f9ecdf4c3ec2d08c44d05d9be,250,250
2526,Serena_Williams,validation,Serena_Williams_0018.jpg,data/evaluation/validation/Serena_Williams/Serena_Williams_0018.jpg,4d6d1a74c66e4486a88978da643d4d09b2abad986d002cc8aa657978695a0981,250,250
2527,Serena_Williams,validation,Serena_Williams_0014.jpg,data/evaluation/validation/Serena_Williams/Serena_Williams_0014.jpg,fa5756027a5889f11f41bc92030ef12076546b7b375ff1764b52f325b52cc6f9,250,250
2528,Serena_Williams,validation,Serena_Williams_0005.jpg,data/evaluation/validation/Serena_Williams/Serena_Williams_0005.jpg,dc854ea027805ea7acffb988a51f085ee7fa83d221a6fd0ce23ba81612d96d09,250,250
2529,Serena_Williams,validation,Serena_Williams_0042.jpg,data/evaluation/validation/Serena_Williams/Serena_Williams_0042.jpg,bfb827288d037c2e01c40ac7803ad65b6a3d54b9927c27fe8f3153146b193c81,250,250
2530,Serena_Williams,validation,Serena_Williams_0051.jpg,data/evaluation/validation/Serena_Williams/Serena_Williams_0051.jpg,d372cc598058000989090ffa8d3ade981648662ea8d022995a42d94779e1c662,250,250
2531,Serena_Williams,validation,Serena_Williams_0038.jpg,data/evaluation/validation/Serena_Williams/Serena_Williams_0038.jpg,bcfdd1deaac945b309a05062cb24a65308483c74158961b16138718da001fb75,250,250
2532,Serena_Williams,validation,Serena_Williams_0044.jpg,data/evaluation/validation/Serena_Williams/Serena_Williams_0044.jpg,e3c91cc354e13e4d1dc76237f7db994f3558aa7effbd04b84001f8332c2a3a06,250,250
2533,Serena_Williams,validation,Serena_Williams_0025.jpg,data/evaluation/validation/Serena_Williams/Serena_Williams_0025.jpg,2820927af419f0cab01a138f34dbff180534e10ffe3f4deb65d47a1b227eb9fb,250,250
2534,Serena_Williams,validation,Serena_Williams_0013.jpg,data/evaluation/validation/Serena_Williams/Serena_Williams_0013.jpg,0a498e1ee937ac33b5f0f22784e3c577f8b306f4d6e9011a1fa28b97c89d7878,250,250
2535,Serena_Williams,validation,Serena_Williams_0036.jpg,data/evaluation/validation/Serena_Williams/Serena_Williams_0036.jpg,9f2100e2caf7bbd72f77f46f7682505ee8fe8a420da949f1b7069679c69c2529,250,250
2536,Serena_Williams,validation,Serena_Williams_0016.jpg,data/evaluation/validation/Serena_Williams/Serena_Williams_0016.jpg,196587aab6595bc9c18fbfeb195458d114d90cfa17a8214ce25876737c368498,250,250
2537,Serena_Williams,validation,Serena_Williams_0010.jpg,data/evaluation/validation/Serena_Williams/Serena_Williams_0010.jpg,61d23abde729554b54aab9c7237fbf736f7d43a2c8ca9eb8de43cec6c00e3d59,250,250
2538,Serena_Williams,validation,Serena_Williams_0024.jpg,data/evaluation/validation/Serena_Williams/Serena_Williams_0024.jpg,3498d6df448f1b1d631e2d18a510807548ce8035e01fbaaf38962ec370af567c,250,250
2539,Serena_Williams,validation,Serena_Williams_0043.jpg,data/evaluation/validation/Serena_Williams/Serena_Williams_0043.jpg,82b83dd28b4dcba30510d9f2e385bd1d19edeb8a98436aa47dbfd2b6dd9ae3a6,250,250
2540,Serena_Williams,validation,Serena_Williams_0023.jpg,data/evaluation/validation/Serena_Williams/Serena_Williams_0023.jpg,e1292cea92f42dd59b95825481551692188a6c5b65109caea681e17ed4e6eb86,250,250
2541,Serena_Williams,validation,Serena_Williams_0031.jpg,data/evaluation/validation/Serena_Williams/Serena_Williams_0031.jpg,ee9527c857494b16a5c2790a74d79b12fe876282f828dd7272d2465da642ab52,250,250
2542,Serena_Williams,validation,Serena_Williams_0021.jpg,data/evaluation/validation/Serena_Williams/Serena_Williams_0021.jpg,984b199a4ee62e96db01f15b1d84ad337b53b81b7082f9e6e0ce0c22b2495694,250,250
2543,Serena_Williams,validation,Serena_Williams_0029.jpg,data/evaluation/validation/Serena_Williams/Serena_Williams_0029.jpg,f163a762723c39da9e2f65dc31b446279c9a6f5f0c34e1d0f17040b43663336a,250,250
2544,Serena_Williams,validation,Serena_Williams_0006.jpg,data/evaluation/validation/Serena_Williams/Serena_Williams_0006.jpg,c0af842d6f157cd8617dbf72427b6cef6da517d05d0f5855798bc39412add421,250,250
2545,Serena_Williams,validation,Serena_Williams_0011.jpg,data/evaluation/validation/Serena_Williams/Serena_Williams_0011.jpg,8aa4c506cdf412e35887531f089830f7efe1cb645fc56ddaa1b455169ab900ee,250,250
2546,Serena_Williams,validation,Serena_Williams_0004.jpg,data/evaluation/validation/Serena_Williams/Serena_Williams_0004.jpg,b86fe77365b96bb9087363d0ee938f62d39ae1159fb1b558bd6459df3e177f72,250,250
2547,Serena_Williams,validation,Serena_Williams_0048.jpg,data/evaluation/validation/Serena_Williams/Serena_Williams_0048.jpg,8285b05305426ae42a336e88fd2b8ca98eaccc07816e1f3786ddf1a2488c25ee,250,250
2548,Serena_Williams,validation,Serena_Williams_0040.jpg,data/evaluation/validation/Serena_Williams/Serena_Williams_0040.jpg,487aa1a8ef1e8acbac9056f9a3b2085a7053ebd4e36c0a6a7fefe5564739b001,250,250
2549,Serena_Williams,test,Serena_Williams_0033.jpg,data/evaluation/test/Serena_Williams/Serena_Williams_0033.jpg,62107d5e9b9470351b43efc3ba10889e5e48a8f4bfa93148fde9fd54a1af9847,250,250
2550,Serena_Williams,test,Serena_Williams_0015.jpg,data/evaluation/test/Serena_Williams/Serena_Williams_0015.jpg,0d95e1ba9c12b7d474cad178b145594be46106289aa3aa33f7afbf3f93ad1cfa,250,250
2551,Serena_Williams,test,Serena_Williams_0017.jpg,data/evaluation/test/Serena_Williams/Serena_Williams_0017.jpg,8ccaceb635674f940da6c1bba86d0fbaddf0190b659555527c824a4c7cff94b6,250,250
2552,Serena_Williams,test,Serena_Williams_0028.jpg,data/evaluation/test/Serena_Williams/Serena_Williams_0028.jpg,132b083295ec5e4d1541fee417b5bfeb7c10ff89210f3a58c4e78f45e07fbca3,250,250
2553,Serena_Williams,test,Serena_Williams_0009.jpg,data/evaluation/test/Serena_Williams/Serena_Williams_0009.jpg,eecbbb98f4f3b290f7649f08a393fe1ba0359127f4344caea1d00fbd74b5ddcc,250,250
2554,Serena_Williams,test,Serena_Williams_0047.jpg,data/evaluation/test/Serena_Williams/Serena_Williams_0047.jpg,ae9fc766d532a6191a4fc4033ff48a10e8bfb9afca434a63931440623c6f7cb1,250,250
2555,Serena_Williams,test,Serena_Williams_0034.jpg,data/evaluation/test/Serena_Williams/Serena_Williams_0034.jpg,edb0cb12c6e387fe98e135de4cf69e13d22cc05db417833b61446dab86c7c052,250,250
2556,Serena_Williams,test,Serena_Williams_0035.jpg,data/evaluation/test/Serena_Williams/Serena_Williams_0035.jpg,21da810a8b32f758514764d6ce4e2a7bb96e861038e40b51db23c1d1c48d8b97,250,250
2557,Serena_Williams,test,Serena_Williams_0030.jpg,data/evaluation/test/Serena_Williams/Serena_Williams_0030.jpg,830b917cbc6512835bb62759ae47c215ae282aea7b8fd5e34aac70ae037c79b7,250,250
2558,Serena_Williams,test,Serena_Williams_0045.jpg,data/evaluation/test/Serena_Williams/Serena_Williams_0045.jpg,2557e38f90aa5cf05706a77ae36c62a16c8733e5fc1f099d157bd1e06613d6ba,250,250
2559,Serena_Williams,test,Serena_Williams_0022.jpg,data/evaluation/test/Serena_Williams/Serena_Williams_0022.jpg,d878425aadbb19c1b7ba1caba9dc764d582a3e4a0330c48f3cc3bf69448dedbd,250,250
2560,Serena_Williams,test,Serena_Williams_0007.jpg,data/evaluation/test/Serena_Williams/Serena_Williams_0007.jpg,51bc9f9206f9bab5b3d772d9c069edc5b50a6aadce2f4bbd6de8c0826b6c5813,250,250
2561,Serena_Williams,test,Serena_Williams_0039.jpg,data/evaluation/test/Serena_Williams/Serena_Williams_0039.jpg,7dd9dcf79dc58ca2298987baf681c1d185b280fbd23b88d0ebc1236567c8b744,250,250
2562,Serena_Williams,test,Serena_Williams_0037.jpg,data/evaluation/test/Serena_Williams/Serena_Williams_0037.jpg,76bba4d485ab8d8e877c959e066959e8f621e75a38b156c9a2cab7468f0fcf78,250,250
2563,Serena_Williams,test,Serena_Williams_0020.jpg,data/evaluation/test/Serena_Williams/Serena_Williams_0020.jpg,e5b99ac4acae6e3223ed3f74347a34e6bbb3256e2e1871c36e364b07b0eaca6c,250,250
2564,Serena_Williams,test,Serena_Williams_0001.jpg,data/evaluation/test/Serena_Williams/Serena_Williams_0001.jpg,931526ae54ab9b120f18908cd14c3b1e71e0bd236f047182c5c87088b61d3cfc,250,250
2565,Serena_Williams,test,Serena_Williams_0049.jpg,data/evaluation/test/Serena_Williams/Serena_Williams_0049.jpg,30f7ca41d6e49b894fb61e488af79638e1da53d814416dd33fc5a5fd13ad659c,250,250
2566,Serena_Williams,test,Serena_Williams_0019.jpg,data/evaluation/test/Serena_Williams/Serena_Williams_0019.jpg,abac9dde6088192e9d6879e89287fbeca3e8c8527d6d75301d57655347641c0f,250,250
2567,Serena_Williams,test,Serena_Williams_0050.jpg,data/evaluation/test/Serena_Williams/Serena_Williams_0050.jpg,f420d9c008457ce5706ee5d7eb331ec7871cad43ff20f60d20a77c0fc4702aa8,250,250
2568,Serena_Williams,test,Serena_Williams_0032.jpg,data/evaluation/test/Serena_Williams/Serena_Williams_0032.jpg,0ad71e655993cf8d65d6becc993b95f3edd0463458b105da2d59e13911ff84fd,250,250
2569,Serena_Williams,test,Serena_Williams_0026.jpg,data/evaluation/test/Serena_Williams/Serena_Williams_0026.jpg,a07c28bf5b64179549cc87a9ed66bad7e2951f064ad31915f6576f26ee595bd2,250,250
2570,Serena_Williams,test,Serena_Williams_0003.jpg,data/evaluation/test/Serena_Williams/Serena_Williams_0003.jpg,846fc8d3bb52b6990a7bb4393b6386eb9d5526ae5682444766a7aa21909819cf,250,250
2571,Serena_Williams,test,Serena_Williams_0052.jpg,data/evaluation/test/Serena_Williams/Serena_Williams_0052.jpg,79851f8ae1c3a0d359e0ddc0cd1637e00774d9db74939305245c5f7f36de83a1,250,250
2572,Serena_Williams,test,Serena_Williams_0027.jpg,data/evaluation/test/Serena_Williams/Serena_Williams_0027.jpg,463d62db702763e690c332307c5217e40181f8518523d978af2c378a24b02411,250,250
2573,Serena_Williams,test,Serena_Williams_0012.jpg,data/evaluation/test/Serena_Williams/Serena_Williams_0012.jpg,3d80b3903fec27bf020ea55bedbe023138981488c901a9e3a487400c26ed0f72,250,250
2574,Silvio_Berlusconi,enrollment,Silvio_Berlusconi_0024.jpg,data/evaluation/enrollment/Silvio_Berlusconi/Silvio_Berlusconi_0024.jpg,900e91055d881a0c52b18755c4464b5891c0a417be77847904aff8160c630495,250,250
2575,Silvio_Berlusconi,enrollment,Silvio_Berlusconi_0026.jpg,data/evaluation/enrollment/Silvio_Berlusconi/Silvio_Berlusconi_0026.jpg,b0ef867ccc5ede1edfe5fc9490fbbf93296bc79b66fecc98852c60f31715193b,250,250
2576,Silvio_Berlusconi,validation,Silvio_Berlusconi_0007.jpg,data/evaluation/validation/Silvio_Berlusconi/Silvio_Berlusconi_0007.jpg,ba2fd42d41b3ef590fdadc36f8fabfb5376d4e4bb20a2dee5c3ebab334fa36b0,250,250
2577,Silvio_Berlusconi,validation,Silvio_Berlusconi_0021.jpg,data/evaluation/validation/Silvio_Berlusconi/Silvio_Berlusconi_0021.jpg,3eff553f704e8700d94c7c7f28a80115b4685c6bc00b5937c58b43fcd818cd71,250,250
2578,Silvio_Berlusconi,validation,Silvio_Berlusconi_0017.jpg,data/evaluation/validation/Silvio_Berlusconi/Silvio_Berlusconi_0017.jpg,033166839be4a4acaabbaad75267a8d5ec67b7dd53008f14baf206a79ba8cb3a,250,250
2579,Silvio_Berlusconi,validation,Silvio_Berlusconi_0006.jpg,data/evaluation/validation/Silvio_Berlusconi/Silvio_Berlusconi_0006.jpg,2de18abb6ba37b4be309c4f3ac48a9d72389f075c3fbe299c86836b347d31d8d,250,250
2580,Silvio_Berlusconi,validation,Silvio_Berlusconi_0014.jpg,data/evaluation/validation/Silvio_Berlusconi/Silvio_Berlusconi_0014.jpg,ebea3e10f7b43e3fd8bbbfbff71af3b95fe7c130ec22e0c2c9c4e2e304cd64d3,250,250
2581,Silvio_Berlusconi,validation,Silvio_Berlusconi_0003.jpg,data/evaluation/validation/Silvio_Berlusconi/Silvio_Berlusconi_0003.jpg,8eb1ed272d362db9eb962c150e6f53a6752d165775fa17d4b58ca8e28d7ee660,250,250
2582,Silvio_Berlusconi,validation,Silvio_Berlusconi_0005.jpg,data/evaluation/validation/Silvio_Berlusconi/Silvio_Berlusconi_0005.jpg,bd971af0c919df1e6540f23761767b7f27826421075cf409c91ddb3f86ac2cb8,250,250
2583,Silvio_Berlusconi,validation,Silvio_Berlusconi_0025.jpg,data/evaluation/validation/Silvio_Berlusconi/Silvio_Berlusconi_0025.jpg,b23cf86edef3402d9c3d502518c49f2aabf8a501ecb8a3926ece02a134567e01,250,250
2584,Silvio_Berlusconi,validation,Silvio_Berlusconi_0002.jpg,data/evaluation/validation/Silvio_Berlusconi/Silvio_Berlusconi_0002.jpg,0e6b94c13767aab197807300671f13c885552770535d39da0eaeab2f04dcc637,250,250
2585,Silvio_Berlusconi,validation,Silvio_Berlusconi_0022.jpg,data/evaluation/validation/Silvio_Berlusconi/Silvio_Berlusconi_0022.jpg,62b48d2919b1c7e61e22263ec9de60caf32d2ea518666ea28cf9ded8719e36a9,250,250
2586,Silvio_Berlusconi,validation,Silvio_Berlusconi_0018.jpg,data/evaluation/validation/Silvio_Berlusconi/Silvio_Berlusconi_0018.jpg,711e7cf46185611ecf9e6250b0fa5503011d78e0d847e08df2e479ccb01e0562,250,250
2587,Silvio_Berlusconi,validation,Silvio_Berlusconi_0004.jpg,data/evaluation/validation/Silvio_Berlusconi/Silvio_Berlusconi_0004.jpg,73c948572521571fd8557b35611ac864bffaa0d5a7f255e04a54e7489f5cc479,250,250
2588,Silvio_Berlusconi,validation,Silvio_Berlusconi_0031.jpg,data/evaluation/validation/Silvio_Berlusconi/Silvio_Berlusconi_0031.jpg,2b6eb74f80a5ab2a9f34ba56869fba98ad5ba2603f72f8ed2cd8f3ca19d54a7c,250,250
2589,Silvio_Berlusconi,validation,Silvio_Berlusconi_0033.jpg,data/evaluation/validation/Silvio_Berlusconi/Silvio_Berlusconi_0033.jpg,3ae387ed0ed178a676c76c1704a315616366cec8552480301946ccb57c72c727,250,250
2590,Silvio_Berlusconi,validation,Silvio_Berlusconi_0023.jpg,data/evaluation/validation/Silvio_Berlusconi/Silvio_Berlusconi_0023.jpg,a8e9023fc27c3721011ab9d826fb6de76f6c31567326af7cbd52ae84f2b83ee0,250,250
2591,Silvio_Berlusconi,test,Silvio_Berlusconi_0028.jpg,data/evaluation/test/Silvio_Berlusconi/Silvio_Berlusconi_0028.jpg,94b09e6f9ebeb550b858b218274e32d063586eedc03bad0a7a824cfa56563d5b,250,250
2592,Silvio_Berlusconi,test,Silvio_Berlusconi_0020.jpg,data/evaluation/test/Silvio_Berlusconi/Silvio_Berlusconi_0020.jpg,02138d5290e1eee4d73f2ed1fbcd56529ef82b63ad61da3bae368ee22264f019,250,250
2593,Silvio_Berlusconi,test,Silvio_Berlusconi_0019.jpg,data/evaluation/test/Silvio_Berlusconi/Silvio_Berlusconi_0019.jpg,7d6e8cb775479eeb6bf8ffa1934440b765214ad16ed382e3171fa0c872c1835c,250,250
2594,Silvio_Berlusconi,test,Silvio_Berlusconi_0010.jpg,data/evaluation/test/Silvio_Berlusconi/Silvio_Berlusconi_0010.jpg,012419dd490f655a499982fa164a3f2a5336bdec012a1e24064efe95bc2bc76b,250,250
2595,Silvio_Berlusconi,test,Silvio_Berlusconi_0030.jpg,data/evaluation/test/Silvio_Berlusconi/Silvio_Berlusconi_0030.jpg,2ab8d7ba687ebd36ce0e153568ea02cad0cfc44f541a091c54d5fe78564abd44,250,250
2596,Silvio_Berlusconi,test,Silvio_Berlusconi_0027.jpg,data/evaluation/test/Silvio_Berlusconi/Silvio_Berlusconi_0027.jpg,7b4c038ec31722390bc80270ae3f479c9eb69890e7fb5cad986669bb6cb02455,250,250
2597,Silvio_Berlusconi,test,Silvio_Berlusconi_0015.jpg,data/evaluation/test/Silvio_Berlusconi/Silvio_Berlusconi_0015.jpg,8aae909db594585d52d91be4dd3caaf8f380c1c404e3152616d74a6d805dd1b9,250,250
2598,Silvio_Berlusconi,test,Silvio_Berlusconi_0029.jpg,data/evaluation/test/Silvio_Berlusconi/Silvio_Berlusconi_0029.jpg,5f165e48a3d6895845c0337369b5b05a9caa99a54524c7c021f7660bbaecbf44,250,250
2599,Silvio_Berlusconi,test,Silvio_Berlusconi_0013.jpg,data/evaluation/test/Silvio_Berlusconi/Silvio_Berlusconi_0013.jpg,12c6cb051a1a8c4b260f15813b3f9aab59f94c733c2641fe26e387929801bc50,250,250
2600,Silvio_Berlusconi,test,Silvio_Berlusconi_0032.jpg,data/evaluation/test/Silvio_Berlusconi/Silvio_Berlusconi_0032.jpg,5959fe74e97749caa59a1202f10bdc000d628310dc51c511734a33275e4d7189,250,250
2601,Silvio_Berlusconi,test,Silvio_Berlusconi_0001.jpg,data/evaluation/test/Silvio_Berlusconi/Silvio_Berlusconi_0001.jpg,fd496b72da828e09bc74647bdd3083f0f66f342a0d3bc615c1cf9a0ed0e4012c,250,250
2602,Silvio_Berlusconi,test,Silvio_Berlusconi_0008.jpg,data/evaluation/test/Silvio_Berlusconi/Silvio_Berlusconi_0008.jpg,85caf530773f3a6e68640fd36e09661e089a13bffb7725c10200ed566aa1b3bc,250,250
2603,Silvio_Berlusconi,test,Silvio_Berlusconi_0011.jpg,data/evaluation/test/Silvio_Berlusconi/Silvio_Berlusconi_0011.jpg,3c68875a2829aa9c54592314f5d73e081f2000de3fd94f7d59b68c887c6cb275,250,250
2604,Silvio_Berlusconi,test,Silvio_Berlusconi_0016.jpg,data/evaluation/test/Silvio_Berlusconi/Silvio_Berlusconi_0016.jpg,25d1b71e55fa89be951d75f2c0eca628e19ef7cc812ce373c30285e959005a50,250,250
2605,Silvio_Berlusconi,test,Silvio_Berlusconi_0009.jpg,data/evaluation/test/Silvio_Berlusconi/Silvio_Berlusconi_0009.jpg,adc2225f340ee3aa25a512d5bae7789348e5610fb4356b37bb08ca8cfe3641e8,250,250
2606,Silvio_Berlusconi,test,Silvio_Berlusconi_0012.jpg,data/evaluation/test/Silvio_Berlusconi/Silvio_Berlusconi_0012.jpg,d2531ef35debd629a83d8c7257e27ec3578785bc3b038851f371f8b128287e9b,250,250
2607,Tiger_Woods,enrollment,Tiger_Woods_0004.jpg,data/evaluation/enrollment/Tiger_Woods/Tiger_Woods_0004.jpg,7054052c4fbfc4c9eed4ea8e35028e62733e22a644952fd0356863205616ddc4,250,250
2608,Tiger_Woods,enrollment,Tiger_Woods_0001.jpg,data/evaluation/enrollment/Tiger_Woods/Tiger_Woods_0001.jpg,57722e835bd2665e05a0c843dc7bef828e309146699dd6e1a01e0a30d9ab30f9,250,250
2609,Tiger_Woods,validation,Tiger_Woods_0015.jpg,data/evaluation/validation/Tiger_Woods/Tiger_Woods_0015.jpg,c646f435a781dab0f3b2e65b1b68a029f3d40c57065061844c433cabd93d517e,250,250
2610,Tiger_Woods,validation,Tiger_Woods_0011.jpg,data/evaluation/validation/Tiger_Woods/Tiger_Woods_0011.jpg,12c04a5853d938cf4534fb696107cd3d353a3ebbe302f4d6db1f292e1c21d847,250,250
2611,Tiger_Woods,validation,Tiger_Woods_0002.jpg,data/evaluation/validation/Tiger_Woods/Tiger_Woods_0002.jpg,2fb856888e19832ad1e4c1214ea858de4103de97725ec926f75d01c16dce9db7,250,250
2612,Tiger_Woods,validation,Tiger_Woods_0017.jpg,data/evaluation/validation/Tiger_Woods/Tiger_Woods_0017.jpg,1aa56addfe17eb7db598b18c61c4c0694b482037dc6cc13bf7bd3efe78b83ec6,250,250
2613,Tiger_Woods,validation,Tiger_Woods_0013.jpg,data/evaluation/validation/Tiger_Woods/Tiger_Woods_0013.jpg,d5a05adeafcdcf12f3a1f8777489e13cca9e5b3fc7aeca12c8d01a376b5844fa,250,250
2614,Tiger_Woods,validation,Tiger_Woods_0014.jpg,data/evaluation/validation/Tiger_Woods/Tiger_Woods_0014.jpg,3b3866e440fbaa086c1b186e50f4428f2e3f0fb6d302c6ef06710a72a84d6f10,250,250
2615,Tiger_Woods,validation,Tiger_Woods_0009.jpg,data/evaluation/validation/Tiger_Woods/Tiger_Woods_0009.jpg,24aab3b4ce474e9ab8828c4044da1a125ce2d7259a0e6d29dd426e6389639f8e,250,250
2616,Tiger_Woods,validation,Tiger_Woods_0007.jpg,data/evaluation/validation/Tiger_Woods/Tiger_Woods_0007.jpg,39f2c929bf228d28bddf0e7e2945427dc3b2d32f3986b36d02c4581a6a3c8c30,250,250
2617,Tiger_Woods,validation,Tiger_Woods_0006.jpg,data/evaluation/validation/Tiger_Woods/Tiger_Woods_0006.jpg,9b2075a5c98e9069ed7c026ba9490349b9331881976202a692abf6eba68bb165,250,250
2618,Tiger_Woods,validation,Tiger_Woods_0022.jpg,data/evaluation/validation/Tiger_Woods/Tiger_Woods_0022.jpg,4ca2d3320e1064e34b4478480780d85f23fcb2e83be6f5c7f3ea3da55a927402,250,250
2619,Tiger_Woods,test,Tiger_Woods_0023.jpg,data/evaluation/test/Tiger_Woods/Tiger_Woods_0023.jpg,01fd61d582663ca24556244c24fe0489f58af4e3c413a2ce0b891d965aed054b,250,250
2620,Tiger_Woods,test,Tiger_Woods_0018.jpg,data/evaluation/test/Tiger_Woods/Tiger_Woods_0018.jpg,6f5245226666b8ea470bb221430915743a5a6c464ca48311d73ad6e97b3b779e,250,250
2621,Tiger_Woods,test,Tiger_Woods_0003.jpg,data/evaluation/test/Tiger_Woods/Tiger_Woods_0003.jpg,bf92569af0edf318b3af3fc5b58167cf67e2a1689c5b096555cd00b2f15da4c1,250,250
2622,Tiger_Woods,test,Tiger_Woods_0016.jpg,data/evaluation/test/Tiger_Woods/Tiger_Woods_0016.jpg,648d29ba84dcad3447e5208d97d779bd9207614f30ef7df542e1765f3534528d,250,250
2623,Tiger_Woods,test,Tiger_Woods_0005.jpg,data/evaluation/test/Tiger_Woods/Tiger_Woods_0005.jpg,a6682e0f937ac5302c920a6e691f1e4a23eaae84ec80deee2dc42657e0436aa8,250,250
2624,Tiger_Woods,test,Tiger_Woods_0019.jpg,data/evaluation/test/Tiger_Woods/Tiger_Woods_0019.jpg,2853a7428152ca1c3732ce6a5bec7d878d5b05a63762abda0ec079cf295026dc,250,250
2625,Tiger_Woods,test,Tiger_Woods_0008.jpg,data/evaluation/test/Tiger_Woods/Tiger_Woods_0008.jpg,a4177c0f5ce0ade734b8defc8e58def4fa11daa3fc2c632615ee1adc52a166e3,250,250
2626,Tiger_Woods,test,Tiger_Woods_0020.jpg,data/evaluation/test/Tiger_Woods/Tiger_Woods_0020.jpg,e3b0b36eab700f866d00482b6e57beff6af5577c00c1b6055b6a8a06548a679e,250,250
2627,Tiger_Woods,test,Tiger_Woods_0012.jpg,data/evaluation/test/Tiger_Woods/Tiger_Woods_0012.jpg,8a80ff4bcab66944fe024ec0dd9d29f3bf6b4b0edf94213d9efbe8833ac0a69c,250,250
2628,Tiger_Woods,test,Tiger_Woods_0010.jpg,data/evaluation/test/Tiger_Woods/Tiger_Woods_0010.jpg,ed17a0d04567636d262d0728d4f3fb80b7e569265f63ec68dd8789e2d715b81d,250,250
2629,Tiger_Woods,test,Tiger_Woods_0021.jpg,data/evaluation/test/Tiger_Woods/Tiger_Woods_0021.jpg,b9c283d903ab5bcb4085022e367d0dfe6530c636258358eea80023cab60d5c9c,250,250
2630,Tom_Daschle,enrollment,Tom_Daschle_0022.jpg,data/evaluation/enrollment/Tom_Daschle/Tom_Daschle_0022.jpg,cf8f75135be01e298c1d53a323eb5121e9155f22ba176d80f170fd2cb67efea0,250,250
2631,Tom_Daschle,enrollment,Tom_Daschle_0016.jpg,data/evaluation/enrollment/Tom_Daschle/Tom_Daschle_0016.jpg,90f12dafd742cce68f7dc31576a675233a4d60c31dee5850821df67def10330b,250,250
2632,Tom_Daschle,validation,Tom_Daschle_0001.jpg,data/evaluation/validation/Tom_Daschle/Tom_Daschle_0001.jpg,4a9b5021e94d0a9ed381a1c6c19870f1e84404eb23e960fabf6e185369629cce,250,250
2633,Tom_Daschle,validation,Tom_Daschle_0020.jpg,data/evaluation/validation/Tom_Daschle/Tom_Daschle_0020.jpg,8e3911a18bc32bf6525facb5f5054bf5a32ba1126d0da1a0f46d82141f7e01d7,250,250
2634,Tom_Daschle,validation,Tom_Daschle_0005.jpg,data/evaluation/validation/Tom_Daschle/Tom_Daschle_0005.jpg,cbda82692698f0b0789a4f3f5c7eccdb8ed13c3885d3c57f6aeb960718dbc159,250,250
2635,Tom_Daschle,validation,Tom_Daschle_0024.jpg,data/evaluation/validation/Tom_Daschle/Tom_Daschle_0024.jpg,1326056e74557e13d2e33dc5b0b38496ac64c8eebde1381e16f8e651c6aa01fc,250,250
2636,Tom_Daschle,validation,Tom_Daschle_0011.jpg,data/evaluation/validation/Tom_Daschle/Tom_Daschle_0011.jpg,bc358e789e025fc7779a608c9b4c4e07cf5a10aca251d2ebabcde8179c24de87,250,250
2637,Tom_Daschle,validation,Tom_Daschle_0018.jpg,data/evaluation/validation/Tom_Daschle/Tom_Daschle_0018.jpg,7926394c03ca958f04df82ba47ae0e25d0b34de61710e0c26386d2a04a540f5b,250,250
2638,Tom_Daschle,validation,Tom_Daschle_0008.jpg,data/evaluation/validation/Tom_Daschle/Tom_Daschle_0008.jpg,ad6b73243b42b59825be4432ff13cd5d13f1d46ba5476a986633c77e16425909,250,250
2639,Tom_Daschle,validation,Tom_Daschle_0014.jpg,data/evaluation/validation/Tom_Daschle/Tom_Daschle_0014.jpg,e331e5603d36a42a44f4bc4a6502623e3234329e5aaaf40dc485bca42eb4c71c,250,250
2640,Tom_Daschle,validation,Tom_Daschle_0006.jpg,data/evaluation/validation/Tom_Daschle/Tom_Daschle_0006.jpg,f1b6a0177f0f9509dc1289f648dfcc829fd04578f38f9e08e1b4d4775b4a8059,250,250
2641,Tom_Daschle,validation,Tom_Daschle_0013.jpg,data/evaluation/validation/Tom_Daschle/Tom_Daschle_0013.jpg,119fa9f0afdc1c8863f0cfd314638199c664d0b7f5d71d8d71345926ed52ac3a,250,250
2642,Tom_Daschle,validation,Tom_Daschle_0021.jpg,data/evaluation/validation/Tom_Daschle/Tom_Daschle_0021.jpg,c1eaaf0f88dd66eb9bb3fd8b1a4d746a2218d0a21a421f549a2f0a89a35fe7da,250,250
2643,Tom_Daschle,test,Tom_Daschle_0009.jpg,data/evaluation/test/Tom_Daschle/Tom_Daschle_0009.jpg,fb5cbb5be5b1ade00f3b50764683fa1df04c87899035738c9ad15d67aad90934,250,250
2644,Tom_Daschle,test,Tom_Daschle_0010.jpg,data/evaluation/test/Tom_Daschle/Tom_Daschle_0010.jpg,db3b28326e22fce7f084a69a346f7eeb8735f0d3ab5384e7297808da0480e90c,250,250
2645,Tom_Daschle,test,Tom_Daschle_0007.jpg,data/evaluation/test/Tom_Daschle/Tom_Daschle_0007.jpg,0b12e454453fe1adc2a7a061dead012ed4a8ca8f1ca88bea0c5b234a37eae3b6,250,250
2646,Tom_Daschle,test,Tom_Daschle_0023.jpg,data/evaluation/test/Tom_Daschle/Tom_Daschle_0023.jpg,d67a30c764067409a96a28daeb92d380c5f0fb9142d2af757957d6de8a81e026,250,250
2647,Tom_Daschle,test,Tom_Daschle_0002.jpg,data/evaluation/test/Tom_Daschle/Tom_Daschle_0002.jpg,6ce934c10c285bfee2ba632be634040429297fb0f4b9dfa008300a901c65faad,250,250
2648,Tom_Daschle,test,Tom_Daschle_0004.jpg,data/evaluation/test/Tom_Daschle/Tom_Daschle_0004.jpg,b8cf5a2ecac466ba437a9ec626aca462fd6749cc3bf6b519bc2415fb03e8ada0,250,250
2649,Tom_Daschle,test,Tom_Daschle_0019.jpg,data/evaluation/test/Tom_Daschle/Tom_Daschle_0019.jpg,204598d232bf35242f2cf3c3804703bb1be3907c55aced1d2b40316cdac63bd9,250,250
2650,Tom_Daschle,test,Tom_Daschle_0003.jpg,data/evaluation/test/Tom_Daschle/Tom_Daschle_0003.jpg,05abd8cb84d2d5d20f79c0b56eaae1e6495affc677570e0a35b9894f9d8ef80d,250,250
2651,Tom_Daschle,test,Tom_Daschle_0012.jpg,data/evaluation/test/Tom_Daschle/Tom_Daschle_0012.jpg,4316f2337f5bb64f832c2d9692c9674a05d5b8be05b6515a9d7654915f1731f0,250,250
2652,Tom_Daschle,test,Tom_Daschle_0025.jpg,data/evaluation/test/Tom_Daschle/Tom_Daschle_0025.jpg,b64ff4da7eab48b14a628e05648588218ed2d7d8d33636cf6b8e5b2d33966425,250,250
2653,Tom_Daschle,test,Tom_Daschle_0015.jpg,data/evaluation/test/Tom_Daschle/Tom_Daschle_0015.jpg,c4e47d22e57d03c099fdfb4fa8342f0ab627c63d164cab2ebd1b580e9ab4d43f,250,250
2654,Tom_Daschle,test,Tom_Daschle_0017.jpg,data/evaluation/test/Tom_Daschle/Tom_Daschle_0017.jpg,188a0622f3f39bed73665c2342c74ca6163fbafa0fe6f7b1511dbe005b788f5b,250,250
2655,Tom_Ridge,enrollment,Tom_Ridge_0008.jpg,data/evaluation/enrollment/Tom_Ridge/Tom_Ridge_0008.jpg,ffbbb7a49aec11047283a7d81aa343d7eb5944100a1a4556dd4afe4e24cb2929,250,250
2656,Tom_Ridge,enrollment,Tom_Ridge_0031.jpg,data/evaluation/enrollment/Tom_Ridge/Tom_Ridge_0031.jpg,3edd9cb7ef3fb39d6cce8528a523c8394bb4a348273a26f255eb84432ef05cae,250,250
2657,Tom_Ridge,validation,Tom_Ridge_0020.jpg,data/evaluation/validation/Tom_Ridge/Tom_Ridge_0020.jpg,5d9bf8e41ffc495900191918fc6e8beea391673822ecacf656840d03fbc2e104,250,250
2658,Tom_Ridge,validation,Tom_Ridge_0029.jpg,data/evaluation/validation/Tom_Ridge/Tom_Ridge_0029.jpg,1b4a74e86405fc4b8470bb58d497932b58d5d2b066c0a3296c57100c5c59023d,250,250
2659,Tom_Ridge,validation,Tom_Ridge_0016.jpg,data/evaluation/validation/Tom_Ridge/Tom_Ridge_0016.jpg,fa3cdd8f3c857da6414379b339e40437642867e14e47727ee4e998b773346518,250,250
2660,Tom_Ridge,validation,Tom_Ridge_0023.jpg,data/evaluation/validation/Tom_Ridge/Tom_Ridge_0023.jpg,3d611641483393a8663495fb9be6c67fc9db99ca9351b956ece18378b4fecc42,250,250
2661,Tom_Ridge,validation,Tom_Ridge_0033.jpg,data/evaluation/validation/Tom_Ridge/Tom_Ridge_0033.jpg,1c090b989c7c1b427deb652c57b075a7f85ad948476b53e03f5578831bf616ad,250,250
2662,Tom_Ridge,validation,Tom_Ridge_0011.jpg,data/evaluation/validation/Tom_Ridge/Tom_Ridge_0011.jpg,3fbc1b05ccf37dd85f7e574fab70c741812d534f921c4497e01d582a19a2c82e,250,250
2663,Tom_Ridge,validation,Tom_Ridge_0024.jpg,data/evaluation/validation/Tom_Ridge/Tom_Ridge_0024.jpg,73ffdee501ad41fc4ddb461852b341de2bfb105fb07cbb21505726ac9ee26757,250,250
2664,Tom_Ridge,validation,Tom_Ridge_0027.jpg,data/evaluation/validation/Tom_Ridge/Tom_Ridge_0027.jpg,86cdabbac7e56d8d0509d9b74238557c8d3ed3075795a483efe635f2f6231a43,250,250
2665,Tom_Ridge,validation,Tom_Ridge_0026.jpg,data/evaluation/validation/Tom_Ridge/Tom_Ridge_0026.jpg,a8c66b1d2aadea6666868b3fe251cf885b010ebb9117c68319dc0aaf5fcf4dc4,250,250
2666,Tom_Ridge,validation,Tom_Ridge_0012.jpg,data/evaluation/validation/Tom_Ridge/Tom_Ridge_0012.jpg,90cc843ba396fa0eff22f6c3ae5f37f31a7467f948438401cf13b3b6125476e2,250,250
2667,Tom_Ridge,validation,Tom_Ridge_0006.jpg,data/evaluation/validation/Tom_Ridge/Tom_Ridge_0006.jpg,65b3298fbb215696711578b3c0cc7140c402c783d385981b07e34360473ac593,250,250
2668,Tom_Ridge,validation,Tom_Ridge_0032.jpg,data/evaluation/validation/Tom_Ridge/Tom_Ridge_0032.jpg,2eac3be189ecb2145a1c185d8142b0dcf0cf77b06694911ddc348a763bead579,250,250
2669,Tom_Ridge,validation,Tom_Ridge_0025.jpg,data/evaluation/validation/Tom_Ridge/Tom_Ridge_0025.jpg,b2cb1170709b1706e3d34164685497071fb79f9956ce542723585f7e4d441b95,250,250
2670,Tom_Ridge,validation,Tom_Ridge_0003.jpg,data/evaluation/validation/Tom_Ridge/Tom_Ridge_0003.jpg,68eff840a7cb18cd301b8b19313c99728a7e1ff32b9f66e4633f9e51778585c8,250,250
2671,Tom_Ridge,validation,Tom_Ridge_0007.jpg,data/evaluation/validation/Tom_Ridge/Tom_Ridge_0007.jpg,a6c3057b7f46c190932d0d62103efd7566fb323f0d3915cc7429e3ce4270ee3a,250,250
2672,Tom_Ridge,test,Tom_Ridge_0021.jpg,data/evaluation/test/Tom_Ridge/Tom_Ridge_0021.jpg,2f4fb76cf325c9fd010d6f3d6e18d84b167ec59eacc9b1509ae92fd1fec0ea86,250,250
2673,Tom_Ridge,test,Tom_Ridge_0009.jpg,data/evaluation/test/Tom_Ridge/Tom_Ridge_0009.jpg,4ae99b0694cb479782e8d405e03be112d5a3dacb00c8f8ebf0f2cd0b540b0fa3,250,250
2674,Tom_Ridge,test,Tom_Ridge_0013.jpg,data/evaluation/test/Tom_Ridge/Tom_Ridge_0013.jpg,a88990b1b9ab02936ee932356574e771bb2ddaf06415aaa575102f61b42f6414,250,250
2675,Tom_Ridge,test,Tom_Ridge_0001.jpg,data/evaluation/test/Tom_Ridge/Tom_Ridge_0001.jpg,db3061ca666111b0ff5de11f6abc00319384072d6dd05a125605eb5182f9f8cb,250,250
2676,Tom_Ridge,test,Tom_Ridge_0010.jpg,data/evaluation/test/Tom_Ridge/Tom_Ridge_0010.jpg,159d8cdad22765204fa265c7d11af06ea3996f4480dc42ef5c1addf3f70c8a5d,250,250
2677,Tom_Ridge,test,Tom_Ridge_0022.jpg,data/evaluation/test/Tom_Ridge/Tom_Ridge_0022.jpg,ea1d7af3b9ec708a79e44bd1ae5d518c6599b9c738a626a003e68dceef769a80,250,250
2678,Tom_Ridge,test,Tom_Ridge_0028.jpg,data/evaluation/test/Tom_Ridge/Tom_Ridge_0028.jpg,9fd752adfbd545b65f96eed91533f1e0f86fdc32a3ee7a213b378b13ac0962d0,250,250
2679,Tom_Ridge,test,Tom_Ridge_0018.jpg,data/evaluation/test/Tom_Ridge/Tom_Ridge_0018.jpg,e2766e6434753430c1405c89cfcec95378c2d6afe59f3b770d2cb559b1a20099,250,250
2680,Tom_Ridge,test,Tom_Ridge_0002.jpg,data/evaluation/test/Tom_Ridge/Tom_Ridge_0002.jpg,95638d44019e3476c61b84e2eaf6e46906645b753c0a75a352f45af463f7af7f,250,250
2681,Tom_Ridge,test,Tom_Ridge_0019.jpg,data/evaluation/test/Tom_Ridge/Tom_Ridge_0019.jpg,4c32cf007eb7924791aa40e2c7095812983470842a4c94e99f3d77f6a34b7d5c,250,250
2682,Tom_Ridge,test,Tom_Ridge_0015.jpg,data/evaluation/test/Tom_Ridge/Tom_Ridge_0015.jpg,fb9f635af8b8a65d64e8b86445b3397f3ae4e9ff0391b7d3ff0e293025203419,250,250
2683,Tom_Ridge,test,Tom_Ridge_0014.jpg,data/evaluation/test/Tom_Ridge/Tom_Ridge_0014.jpg,941701570cdfb752635f1d21cfbd6f1d50fee92b01c0cc58bbbe093c644a7ad4,250,250
2684,Tom_Ridge,test,Tom_Ridge_0017.jpg,data/evaluation/test/Tom_Ridge/Tom_Ridge_0017.jpg,6f534c5e6764b7b2b9c922a49e8a57275e53db85f43c90f3071029c3cbcb27ea,250,250
2685,Tom_Ridge,test,Tom_Ridge_0005.jpg,data/evaluation/test/Tom_Ridge/Tom_Ridge_0005.jpg,4dc420a81481b829e087d5c665820e446de5e79b8002d7902ef44cdbf86b2329,250,250
2686,Tom_Ridge,test,Tom_Ridge_0030.jpg,data/evaluation/test/Tom_Ridge/Tom_Ridge_0030.jpg,f3650cb029cd62e08e7a143aa933bb0caf1f8d830e9c1961059307c6b559ed3c,250,250
2687,Tom_Ridge,test,Tom_Ridge_0004.jpg,data/evaluation/test/Tom_Ridge/Tom_Ridge_0004.jpg,7ee1acbd4c087f7709435c85426cc4420c732a0f9f44ef0b7c0a48a14d847b72,250,250
2688,Tony_Blair,enrollment,Tony_Blair_0112.jpg,data/evaluation/enrollment/Tony_Blair/Tony_Blair_0112.jpg,6b29bbddc3bafc8d9fa4310469f9e26ea3460dd3b998e79168b761bc6fc0ca3d,250,250
2689,Tony_Blair,enrollment,Tony_Blair_0139.jpg,data/evaluation/enrollment/Tony_Blair/Tony_Blair_0139.jpg,e6a01cbecaea48ab4a737bf42198235c9c4a42659d643acbf12521fb7430f89d,250,250
2690,Tony_Blair,validation,Tony_Blair_0014.jpg,data/evaluation/validation/Tony_Blair/Tony_Blair_0014.jpg,c2c322ba3e5e296e58ec55c17a4dd122a873334270e12aef91c72ed5ebed7bd1,250,250
2691,Tony_Blair,validation,Tony_Blair_0130.jpg,data/evaluation/validation/Tony_Blair/Tony_Blair_0130.jpg,46b64e58efa6846b2e608786c13f33cdfc3b414248d8e2825a414559339d46cb,250,250
2692,Tony_Blair,validation,Tony_Blair_0136.jpg,data/evaluation/validation/Tony_Blair/Tony_Blair_0136.jpg,978f6a3a5feac894afcb95b7e440b080466d563451f75ad5aadde70bb6416a13,250,250
2693,Tony_Blair,validation,Tony_Blair_0017.jpg,data/evaluation/validation/Tony_Blair/Tony_Blair_0017.jpg,2c72304e21d53e517e8f2984acb3d37ee2c072b8fd4cffb63fda4b439fd6047f,250,250
2694,Tony_Blair,validation,Tony_Blair_0062.jpg,data/evaluation/validation/Tony_Blair/Tony_Blair_0062.jpg,87b043becddc6c272d4a19da2d21327a83f11d98c961371f0c9228e0363e93cd,250,250
2695,Tony_Blair,validation,Tony_Blair_0072.jpg,data/evaluation/validation/Tony_Blair/Tony_Blair_0072.jpg,d0ec5ee676853f7657bd9fb6efadc22bad6669d7021c598c977d3025550d316b,250,250
2696,Tony_Blair,validation,Tony_Blair_0040.jpg,data/evaluation/validation/Tony_Blair/Tony_Blair_0040.jpg,417c010c5d3e5aa94712d10aa77a550880030afa083be60209b4ac81d63ac254,250,250
2697,Tony_Blair,validation,Tony_Blair_0117.jpg,data/evaluation/validation/Tony_Blair/Tony_Blair_0117.jpg,7836a0316f1d5fa93b05415856780f3900ab2d54db87f66c542a71c671b41d49,250,250
2698,Tony_Blair,validation,Tony_Blair_0071.jpg,data/evaluation/validation/Tony_Blair/Tony_Blair_0071.jpg,fd29e418df093732c0568bb493ab6f03de8a8aae50798aaf50aec8325fd951d4,250,250
2699,Tony_Blair,validation,Tony_Blair_0132.jpg,data/evaluation/validation/Tony_Blair/Tony_Blair_0132.jpg,46793841aa9c2324ef986ffca86ee7386cf707d4a6ee4885a97affe8890f5939,250,250
2700,Tony_Blair,validation,Tony_Blair_0127.jpg,data/evaluation/validation/Tony_Blair/Tony_Blair_0127.jpg,6f066137d36382e85fa3d498ca87c9c58978fbb1c79f20d1b7bb2d9f1a473144,250,250
2701,Tony_Blair,validation,Tony_Blair_0026.jpg,data/evaluation/validation/Tony_Blair/Tony_Blair_0026.jpg,7679f6fdebb6a84271a5f1abfbd066dfec3ecc8efce1554f038971f730c4054d,250,250
2702,Tony_Blair,validation,Tony_Blair_0073.jpg,data/evaluation/validation/Tony_Blair/Tony_Blair_0073.jpg,6b57062fb466191b3b12cebd2c7d6b294b94983c5205b3303d7dd132d5e52b82,250,250
2703,Tony_Blair,validation,Tony_Blair_0022.jpg,data/evaluation/validation/Tony_Blair/Tony_Blair_0022.jpg,b0968d24ec49928737e81477712e29252e332f096495d649996d3a18e932f63c,250,250
2704,Tony_Blair,validation,Tony_Blair_0024.jpg,data/evaluation/validation/Tony_Blair/Tony_Blair_0024.jpg,0d38c4cd62e314faaad17d153b9d68bce061d1346255c63a9bab75491b5fd428,250,250
2705,Tony_Blair,validation,Tony_Blair_0107.jpg,data/evaluation/validation/Tony_Blair/Tony_Blair_0107.jpg,a548eccab77128a5e3b1b97c14ba9358f7962ac54e341e3ff7c2e322164ddbf6,250,250
2706,Tony_Blair,validation,Tony_Blair_0144.jpg,data/evaluation/validation/Tony_Blair/Tony_Blair_0144.jpg,f01ab73e131b10c9f0d99471c8a81f910ba38769e87bacdeafb4a2bf124ed7a2,250,250
2707,Tony_Blair,validation,Tony_Blair_0134.jpg,data/evaluation/validation/Tony_Blair/Tony_Blair_0134.jpg,bc397b7b929b3dc5be1d212be401057beeeeab0af191b276bcf54768ae9d2d16,250,250
2708,Tony_Blair,validation,Tony_Blair_0002.jpg,data/evaluation/validation/Tony_Blair/Tony_Blair_0002.jpg,6fc10f1fd466a5dde6ca314e806d7aa8d0702b65349ae2738ecfbee7f054b7b0,250,250
2709,Tony_Blair,validation,Tony_Blair_0078.jpg,data/evaluation/validation/Tony_Blair/Tony_Blair_0078.jpg,c0d054f7d3c985f1948a607f65f790332fa19ceeb2eea5745f099f76f54ca46d,250,250
2710,Tony_Blair,validation,Tony_Blair_0083.jpg,data/evaluation/validation/Tony_Blair/Tony_Blair_0083.jpg,fcb29beee5535b731a1579c855b9d23c6ae4359fde7b5c52cdba1ac36aecf6a3,250,250
2711,Tony_Blair,validation,Tony_Blair_0037.jpg,data/evaluation/validation/Tony_Blair/Tony_Blair_0037.jpg,fb34e6f1ec8376e31fd2bcb2e24e0cec1617dcd4240c4812981eb485ee868ec3,250,250
2712,Tony_Blair,validation,Tony_Blair_0048.jpg,data/evaluation/validation/Tony_Blair/Tony_Blair_0048.jpg,9266079a81c99f4c3ff67eec196ccbc16b63412137a9cbf645deb2bc36c0a891,250,250
2713,Tony_Blair,validation,Tony_Blair_0044.jpg,data/evaluation/validation/Tony_Blair/Tony_Blair_0044.jpg,bd44b79913d70ae52964f4963e624bcd61bf81f862aa144a585f798fb44c02bd,250,250
2714,Tony_Blair,validation,Tony_Blair_0103.jpg,data/evaluation/validation/Tony_Blair/Tony_Blair_0103.jpg,4dd108318fc6babe87052931d2b60fe9d7010b3e5543389cf06480d20eb5ce07,250,250
2715,Tony_Blair,validation,Tony_Blair_0082.jpg,data/evaluation/validation/Tony_Blair/Tony_Blair_0082.jpg,a729f2b16bf78659a41b71f7e0e85fdef5288b91718ea9025c953109ff9dae0e,250,250
2716,Tony_Blair,validation,Tony_Blair_0011.jpg,data/evaluation/validation/Tony_Blair/Tony_Blair_0011.jpg,2ede66a890d4046f7f8e8f17bc8807bbb25d311ffae9f526e92660d4fb43a11b,250,250
2717,Tony_Blair,validation,Tony_Blair_0092.jpg,data/evaluation/validation/Tony_Blair/Tony_Blair_0092.jpg,4d860b4638383d0ec59cf66624d0f62cd4084c6750f2de528277da3fc70bb781,250,250
2718,Tony_Blair,validation,Tony_Blair_0047.jpg,data/evaluation/validation/Tony_Blair/Tony_Blair_0047.jpg,29dbe08d895b03ce8f1859fe53b90aa0c12ee8612f5680f028e2e6c131942a9f,250,250
2719,Tony_Blair,validation,Tony_Blair_0120.jpg,data/evaluation/validation/Tony_Blair/Tony_Blair_0120.jpg,143255cb66a26bdadbea2d0fb34c66514a644d7ab5acd2abe422047ec9f98471,250,250
2720,Tony_Blair,validation,Tony_Blair_0121.jpg,data/evaluation/validation/Tony_Blair/Tony_Blair_0121.jpg,9637fb7fc21a9379c68c10b71a839563ccfd0227495c9b79be0833b2ba9ac733,250,250
2721,Tony_Blair,validation,Tony_Blair_0100.jpg,data/evaluation/validation/Tony_Blair/Tony_Blair_0100.jpg,fc484a55c673e650214c0f48311bc813fa08c614be0f63053414e57d79a670ce,250,250
2722,Tony_Blair,validation,Tony_Blair_0056.jpg,data/evaluation/validation/Tony_Blair/Tony_Blair_0056.jpg,e81bb27c5caef5fb9c30acb2b23131b7fcef9c4a95435bdc5db185eaacf89f69,250,250
2723,Tony_Blair,validation,Tony_Blair_0122.jpg,data/evaluation/validation/Tony_Blair/Tony_Blair_0122.jpg,4af17aa65e4c4064933aed8bda0fdaadc46fb5f0fe382b57ebb74b7058f68c3a,250,250
2724,Tony_Blair,validation,Tony_Blair_0081.jpg,data/evaluation/validation/Tony_Blair/Tony_Blair_0081.jpg,0cc0a5728382deac816b3c8192661ff6cfaef8421212bb1b3d5c7faef17e827a,250,250
2725,Tony_Blair,validation,Tony_Blair_0089.jpg,data/evaluation/validation/Tony_Blair/Tony_Blair_0089.jpg,00da8e61a4942aa6866d7fd8ba301e65cb5880595f600747959de03d5788f01d,250,250
2726,Tony_Blair,validation,Tony_Blair_0068.jpg,data/evaluation/validation/Tony_Blair/Tony_Blair_0068.jpg,04dba00f3b3c187c963f253fa99bcd44e22cfadd73b0e3d5a4d7e93b089bdafd,250,250
2727,Tony_Blair,validation,Tony_Blair_0063.jpg,data/evaluation/validation/Tony_Blair/Tony_Blair_0063.jpg,58784bd64d929d45cd84710b2ad86459acd1139425c688078971cfe0c135116a,250,250
2728,Tony_Blair,validation,Tony_Blair_0080.jpg,data/evaluation/validation/Tony_Blair/Tony_Blair_0080.jpg,c3cabb4f091df2e1aa22efc92f78087140ac72cfa563116e10a80c851ed641c2,250,250
2729,Tony_Blair,validation,Tony_Blair_0088.jpg,data/evaluation/validation/Tony_Blair/Tony_Blair_0088.jpg,8917114b8738469e7ba2e701354522d06ac56987711c561fffc6105b7a203e74,250,250
2730,Tony_Blair,validation,Tony_Blair_0050.jpg,data/evaluation/validation/Tony_Blair/Tony_Blair_0050.jpg,21e7447d3784abc690ec64654a74adb7a659308d0839f8c1583f3a8cc72cc846,250,250
2731,Tony_Blair,validation,Tony_Blair_0110.jpg,data/evaluation/validation/Tony_Blair/Tony_Blair_0110.jpg,f8699d68747333f66595c1b9328e69f98ad0644e34111d14cc944449f68d8dc9,250,250
2732,Tony_Blair,validation,Tony_Blair_0016.jpg,data/evaluation/validation/Tony_Blair/Tony_Blair_0016.jpg,237e911dadaf1ebec7f389a7430b5aecefb8b9946555c355cd8dc33d0b4037e2,250,250
2733,Tony_Blair,validation,Tony_Blair_0075.jpg,data/evaluation/validation/Tony_Blair/Tony_Blair_0075.jpg,a1038dc04e68c4389b0b53c494ddb008c798cb6cfcbd12486918b4fc2f07f211,250,250
2734,Tony_Blair,validation,Tony_Blair_0137.jpg,data/evaluation/validation/Tony_Blair/Tony_Blair_0137.jpg,0bfa65fd550b6decc07f79c3b046acb98a399aca19e06f5991844bd589a32468,250,250
2735,Tony_Blair,validation,Tony_Blair_0012.jpg,data/evaluation/validation/Tony_Blair/Tony_Blair_0012.jpg,5e1a105a4c196dd9ba50fc12df417ab45679622995b3887488cc25e7cec6c290,250,250
2736,Tony_Blair,validation,Tony_Blair_0143.jpg,data/evaluation/validation/Tony_Blair/Tony_Blair_0143.jpg,ce087b86e191a21f85ca678703284e8639ae60e90ca7a389451a7c274e6e9d82,250,250
2737,Tony_Blair,validation,Tony_Blair_0141.jpg,data/evaluation/validation/Tony_Blair/Tony_Blair_0141.jpg,493108a1e9b31c584940a47307a4fbc602b577dab63a9f59c788863b2d728aa0,250,250
2738,Tony_Blair,validation,Tony_Blair_0010.jpg,data/evaluation/validation/Tony_Blair/Tony_Blair_0010.jpg,e269a0117ce74a61362097b8ca137405d9ee4666012959d9948d34fae2c44e23,250,250
2739,Tony_Blair,validation,Tony_Blair_0086.jpg,data/evaluation/validation/Tony_Blair/Tony_Blair_0086.jpg,d2248bf0649b35ab454de0cb26c2bb5eb1c0ee7ba6cda8b21d19334d94fd3349,250,250
2740,Tony_Blair,validation,Tony_Blair_0133.jpg,data/evaluation/validation/Tony_Blair/Tony_Blair_0133.jpg,9fb617345ce8a096fecf5556b9618bf95ce2d3b07be1aeb83312959389f42322,250,250
2741,Tony_Blair,validation,Tony_Blair_0116.jpg,data/evaluation/validation/Tony_Blair/Tony_Blair_0116.jpg,e1a28e5923adde9bab76b188329bdd35dc9392b96160b8f948c37667c0cdf3c2,250,250
2742,Tony_Blair,validation,Tony_Blair_0138.jpg,data/evaluation/validation/Tony_Blair/Tony_Blair_0138.jpg,6a0c99eb22f448ae93b0066cf24b7bfa5a934c57ad063b457d46684377fe9395,250,250
2743,Tony_Blair,validation,Tony_Blair_0034.jpg,data/evaluation/validation/Tony_Blair/Tony_Blair_0034.jpg,77fe099fd9f0bd9031ae98a921751361f4ddbfbdf2b12416fe4556abd73df9c8,250,250
2744,Tony_Blair,validation,Tony_Blair_0051.jpg,data/evaluation/validation/Tony_Blair/Tony_Blair_0051.jpg,6be5b4bf0f83afa8df6c79b803d22e2d5b3c08ad28e4450f25c02d44bf948213,250,250
2745,Tony_Blair,validation,Tony_Blair_0113.jpg,data/evaluation/validation/Tony_Blair/Tony_Blair_0113.jpg,58e1eadc2d66db5c21db81df45d9e31efda15b5bef3c0127df80f5ec5ddfee22,250,250
2746,Tony_Blair,validation,Tony_Blair_0043.jpg,data/evaluation/validation/Tony_Blair/Tony_Blair_0043.jpg,318ff0afeb4147fabebe233b2271e08adecbe77ec6f5b14ddd58f8a317e3453e,250,250
2747,Tony_Blair,validation,Tony_Blair_0076.jpg,data/evaluation/validation/Tony_Blair/Tony_Blair_0076.jpg,5f4d53710c9bcc751039877cefbcfdda1ee0d5211abb872068bab02fbfa92260,250,250
2748,Tony_Blair,validation,Tony_Blair_0061.jpg,data/evaluation/validation/Tony_Blair/Tony_Blair_0061.jpg,1f9985da02aad2e8b20a21336742ae5a4c6c74e590956733435eba98179aaf21,250,250
2749,Tony_Blair,validation,Tony_Blair_0066.jpg,data/evaluation/validation/Tony_Blair/Tony_Blair_0066.jpg,4f17df0f0d7e63027cae1e86c9c8cf27848a7e5f0529e99a6376074d7700ce6b,250,250
2750,Tony_Blair,validation,Tony_Blair_0004.jpg,data/evaluation/validation/Tony_Blair/Tony_Blair_0004.jpg,a12ea090cce025a63c1b6eba5b58b1d4e6f3380e216bcda0e09abbacf979f2f9,250,250
2751,Tony_Blair,validation,Tony_Blair_0064.jpg,data/evaluation/validation/Tony_Blair/Tony_Blair_0064.jpg,3d47901c82c301e7a13280e8d8e4b1f8261e580c2ebbce470a616e8e791244ff,250,250
2752,Tony_Blair,validation,Tony_Blair_0123.jpg,data/evaluation/validation/Tony_Blair/Tony_Blair_0123.jpg,eda2bb1c24fbb71330d68d97ffe03a0830df7040fb0f9d8c402b9eecc0a1aa31,250,250
2753,Tony_Blair,validation,Tony_Blair_0023.jpg,data/evaluation/validation/Tony_Blair/Tony_Blair_0023.jpg,8be9046e4a7ab2e79cb758f984d01c87610bbcc0fdefbfc8437bd14a7b55d077,250,250
2754,Tony_Blair,validation,Tony_Blair_0084.jpg,data/evaluation/validation/Tony_Blair/Tony_Blair_0084.jpg,fe7bc9c8a04d7d8c3847e773ddbf845f04b139f1a673e84b579aa3df89d892f6,250,250
2755,Tony_Blair,validation,Tony_Blair_0114.jpg,data/evaluation/validation/Tony_Blair/Tony_Blair_0114.jpg,6c8c7d4a8f4b5a8f6ea3f0c829e4ef4b1d04b4c9e9bab0933ba68d1a7b96a764,250,250
2756,Tony_Blair,validation,Tony_Blair_0095.jpg,data/evaluation/validation/Tony_Blair/Tony_Blair_0095.jpg,2fed04ea0d1a436273e2987b26421ee4c0b39b00b5d30e8d51377dadde4dbc86,250,250
2757,Tony_Blair,validation,Tony_Blair_0053.jpg,data/evaluation/validation/Tony_Blair/Tony_Blair_0053.jpg,a700a61af4cd65f24b499d4fff8c45da5a726f029798cf849b29a2987192e3dd,250,250
2758,Tony_Blair,validation,Tony_Blair_0029.jpg,data/evaluation/validation/Tony_Blair/Tony_Blair_0029.jpg,6fd2d715eb97d868bb413b97530da599ba178c690a408c4402fd94d8f38cdab0,250,250
2759,Tony_Blair,validation,Tony_Blair_0067.jpg,data/evaluation/validation/Tony_Blair/Tony_Blair_0067.jpg,70f490497ee1cb0183be4e10fa6f1cfafbd7571aac5799a2ab8b362790b14733,250,250
2760,Tony_Blair,validation,Tony_Blair_0019.jpg,data/evaluation/validation/Tony_Blair/Tony_Blair_0019.jpg,865d025d5064bea3990042e3df067eb7538623aa064e446cc1e9d700f0cb99d8,250,250
2761,Tony_Blair,test,Tony_Blair_0039.jpg,data/evaluation/test/Tony_Blair/Tony_Blair_0039.jpg,90d84e63d1f4ab3da5cd09661c0d5c207ef202061aef04969f7fff0713f8f00f,250,250
2762,Tony_Blair,test,Tony_Blair_0102.jpg,data/evaluation/test/Tony_Blair/Tony_Blair_0102.jpg,48871839d1380ff3532f8727761ad2e84dbcf9ad49e43eae45d492495c727296,250,250
2763,Tony_Blair,test,Tony_Blair_0042.jpg,data/evaluation/test/Tony_Blair/Tony_Blair_0042.jpg,8559fec6d5f4bca24a8de5fc63fe17a9f716ad18edb9ea5ed6b77a1c8d09e38e,250,250
2764,Tony_Blair,test,Tony_Blair_0105.jpg,data/evaluation/test/Tony_Blair/Tony_Blair_0105.jpg,2c0b82c23db793ed91843eece5d78b3acaae26df1182904d8d018fb0c861f35a,250,250
2765,Tony_Blair,test,Tony_Blair_0041.jpg,data/evaluation/test/Tony_Blair/Tony_Blair_0041.jpg,bcaa38ba673da26fa9292c330c2c4c924d5fd0382e5d67957792257bfb900ab9,250,250
2766,Tony_Blair,test,Tony_Blair_0074.jpg,data/evaluation/test/Tony_Blair/Tony_Blair_0074.jpg,1bd2462bbe0978c865e980bd4ed69e556fe6112f21b0c2c56ec4f8ba76ed0310,250,250
2767,Tony_Blair,test,Tony_Blair_0094.jpg,data/evaluation/test/Tony_Blair/Tony_Blair_0094.jpg,f5943493c51f492df92169b49f62f0631139dc91e7cc8c1b044ac598355b212c,250,250
2768,Tony_Blair,test,Tony_Blair_0038.jpg,data/evaluation/test/Tony_Blair/Tony_Blair_0038.jpg,9f88369baf72cf09712551cd1e69a49636e0e51c1d34c9605290436763df5c8e,250,250
2769,Tony_Blair,test,Tony_Blair_0065.jpg,data/evaluation/test/Tony_Blair/Tony_Blair_0065.jpg,23d3acdfbc09ad0ed27c8ee87fb8c2c90035d92ffb24d4c48f02c90fd23842a8,250,250
2770,Tony_Blair,test,Tony_Blair_0018.jpg,data/evaluation/test/Tony_Blair/Tony_Blair_0018.jpg,ef64735e03ffccf39c6020028340a685c3d11fa50f1e2318e9c6185eb117d1ca,250,250
2771,Tony_Blair,test,Tony_Blair_0008.jpg,data/evaluation/test/Tony_Blair/Tony_Blair_0008.jpg,aecc01570fa380e70705d2fe9996ca82c19ac6900062898cba03e53618e0cdc3,250,250
2772,Tony_Blair,test,Tony_Blair_0028.jpg,data/evaluation/test/Tony_Blair/Tony_Blair_0028.jpg,7a105ef1ae03f252c713c5ad159f8247fd43ee8b5baeb099bd6cf67ccb9543be,250,250
2773,Tony_Blair,test,Tony_Blair_0124.jpg,data/evaluation/test/Tony_Blair/Tony_Blair_0124.jpg,843863a0202bcb8245aa52b13ff4d31d975b6d91a21cbaf479098b796bd50691,250,250
2774,Tony_Blair,test,Tony_Blair_0119.jpg,data/evaluation/test/Tony_Blair/Tony_Blair_0119.jpg,d1e89e6fc5b67b041e9f1c450c10a3c4fc1e01a3bf599c1288325a9920c1d4f2,250,250
2775,Tony_Blair,test,Tony_Blair_0057.jpg,data/evaluation/test/Tony_Blair/Tony_Blair_0057.jpg,2ca472d46e011c101d4f53b8322c61b98bddf4c862a35fe9e672f0f688120beb,250,250
2776,Tony_Blair,test,Tony_Blair_0052.jpg,data/evaluation/test/Tony_Blair/Tony_Blair_0052.jpg,870dc368e803b50f9ca95eab08603425516c92f666c6b3edddf0832db0478fbd,250,250
2777,Tony_Blair,test,Tony_Blair_0129.jpg,data/evaluation/test/Tony_Blair/Tony_Blair_0129.jpg,0790f93b2502ceb0058b889462768978da482e4113ea5541d493572d404c8674,250,250
2778,Tony_Blair,test,Tony_Blair_0118.jpg,data/evaluation/test/Tony_Blair/Tony_Blair_0118.jpg,8da86bfefcf34c885d5197718abbb321b40b08b0cff31448c74272294a97bb62,250,250
2779,Tony_Blair,test,Tony_Blair_0007.jpg,data/evaluation/test/Tony_Blair/Tony_Blair_0007.jpg,d4f3f60833eafc7e28c367108422a379d6998afcaa6b6ddc3e7e64a1cc8e27fc,250,250
2780,Tony_Blair,test,Tony_Blair_0091.jpg,data/evaluation/test/Tony_Blair/Tony_Blair_0091.jpg,41b7dca50f72027760ed17c110f978387262f6dcd4c82baa4b2eacaa69b84526,250,250
2781,Tony_Blair,test,Tony_Blair_0126.jpg,data/evaluation/test/Tony_Blair/Tony_Blair_0126.jpg,4be8db01c12b538b615ba47550c1cb353c415a1b23cd3ba6117478b9c8c1c253,250,250
2782,Tony_Blair,test,Tony_Blair_0111.jpg,data/evaluation/test/Tony_Blair/Tony_Blair_0111.jpg,de38c60f13533f5286714856ba7e63dcc324e0762fab3569d36dd0dab294b8e0,250,250
2783,Tony_Blair,test,Tony_Blair_0131.jpg,data/evaluation/test/Tony_Blair/Tony_Blair_0131.jpg,613136a993b91945ca94cd1e79a72b2693d9d259073ba41247f90c83cd2ba9c4,250,250
2784,Tony_Blair,test,Tony_Blair_0109.jpg,data/evaluation/test/Tony_Blair/Tony_Blair_0109.jpg,26711d10f1010d5a1c3416ba63c31e092826816eb2f67c7c05aa7157f986dfec,250,250
2785,Tony_Blair,test,Tony_Blair_0128.jpg,data/evaluation/test/Tony_Blair/Tony_Blair_0128.jpg,367e00d0d57dc52694816c690d9dd8dd4232f18165c18f6409c3530bbb87dd80,250,250
2786,Tony_Blair,test,Tony_Blair_0013.jpg,data/evaluation/test/Tony_Blair/Tony_Blair_0013.jpg,3d456dea6734a59190d27df7e87411c3460f3049f3374f6ffd4eea26d65625d7,250,250
2787,Tony_Blair,test,Tony_Blair_0009.jpg,data/evaluation/test/Tony_Blair/Tony_Blair_0009.jpg,b58d9c263191c03bc8ac528193b4131a79fc3c6b6dbfd15e449dec52b2c19d4a,250,250
2788,Tony_Blair,test,Tony_Blair_0027.jpg,data/evaluation/test/Tony_Blair/Tony_Blair_0027.jpg,3298f2b5e13403c0d63eacee64c1d03f07b6a8542029b68b9e470352f142459a,250,250
2789,Tony_Blair,test,Tony_Blair_0135.jpg,data/evaluation/test/Tony_Blair/Tony_Blair_0135.jpg,12e71c09524c51953577f09ce259bfe10284f788e7d15a0728efa9977de26a92,250,250
2790,Tony_Blair,test,Tony_Blair_0003.jpg,data/evaluation/test/Tony_Blair/Tony_Blair_0003.jpg,0bdc9d276994fd410a6a7598e62dd153ab0322af022ac070c71979c0a60a0e83,250,250
2791,Tony_Blair,test,Tony_Blair_0099.jpg,data/evaluation/test/Tony_Blair/Tony_Blair_0099.jpg,a20c4370ac212e7a1dadca76333f24c100269cb1ee691fe9e4fe4d01f20a6715,250,250
2792,Tony_Blair,test,Tony_Blair_0079.jpg,data/evaluation/test/Tony_Blair/Tony_Blair_0079.jpg,b8cff387c021af883e0c794f3a8f38182a1eeae886c58057b3883d1a20d1160d,250,250
2793,Tony_Blair,test,Tony_Blair_0054.jpg,data/evaluation/test/Tony_Blair/Tony_Blair_0054.jpg,baaa6ca16697f13d3b03501701fdcdfbe2a51c082571028685bc591366605f62,250,250
2794,Tony_Blair,test,Tony_Blair_0085.jpg,data/evaluation/test/Tony_Blair/Tony_Blair_0085.jpg,531e702922d0cd01969d7089d5b1e6d7d36cf95446c915ada8d7f43264f1d17b,250,250
2795,Tony_Blair,test,Tony_Blair_0104.jpg,data/evaluation/test/Tony_Blair/Tony_Blair_0104.jpg,7842678d3122d881e52346ecf71668c161b61f3075529f9f7c1eb98e6c09c3a6,250,250
2796,Tony_Blair,test,Tony_Blair_0005.jpg,data/evaluation/test/Tony_Blair/Tony_Blair_0005.jpg,4a77d339b2ab2f2adf75192c61d69d707cc5b38602de4fde162194f2e3659427,250,250
2797,Tony_Blair,test,Tony_Blair_0015.jpg,data/evaluation/test/Tony_Blair/Tony_Blair_0015.jpg,ae4e20a480e29ffcb4f2313c4ae247c2771ecb7b54fb4cb01c9844ec6b10e9b5,250,250
2798,Tony_Blair,test,Tony_Blair_0142.jpg,data/evaluation/test/Tony_Blair/Tony_Blair_0142.jpg,0f1d4ac53cbeae72a83ca5d8a0eeb089945413bb7794ffafe0e4ac910084448b,250,250
2799,Tony_Blair,test,Tony_Blair_0125.jpg,data/evaluation/test/Tony_Blair/Tony_Blair_0125.jpg,cd40a226016aed454a375994b8ed52784fbf51bc6c740a2c0e1e8077cac96cd0,250,250
2800,Tony_Blair,test,Tony_Blair_0025.jpg,data/evaluation/test/Tony_Blair/Tony_Blair_0025.jpg,6655e2ba7c0415255434ee8e2264779c96f8db84b9aa23c43585e76f3955fb13,250,250
2801,Tony_Blair,test,Tony_Blair_0036.jpg,data/evaluation/test/Tony_Blair/Tony_Blair_0036.jpg,ada84eb2ec702d7d65679f8277bc75644ee473bec5e56cf0058eb97904213788,250,250
2802,Tony_Blair,test,Tony_Blair_0020.jpg,data/evaluation/test/Tony_Blair/Tony_Blair_0020.jpg,5640928485ef6a65b9f28c2c5b338bc12bb3be137ac3e0f542e8c4717d8866fb,250,250
2803,Tony_Blair,test,Tony_Blair_0045.jpg,data/evaluation/test/Tony_Blair/Tony_Blair_0045.jpg,77fb64444a111816f08360fcd66ffb646e4b74fa09b638380dfe347120f077fb,250,250
2804,Tony_Blair,test,Tony_Blair_0059.jpg,data/evaluation/test/Tony_Blair/Tony_Blair_0059.jpg,cb91b8ac7c5f8bdf9af6473dba82494c3726f891cd2cca1b89c233a5c8ac7ea7,250,250
2805,Tony_Blair,test,Tony_Blair_0032.jpg,data/evaluation/test/Tony_Blair/Tony_Blair_0032.jpg,d9d182107dc6ddb5428c7513a9674c378ff1ce2e8adbb19de91778157763d6a2,250,250
2806,Tony_Blair,test,Tony_Blair_0030.jpg,data/evaluation/test/Tony_Blair/Tony_Blair_0030.jpg,b9c6b25f93141886c49eef6cf0b676b190f743ec596abda73334276fd03cf967,250,250
2807,Tony_Blair,test,Tony_Blair_0106.jpg,data/evaluation/test/Tony_Blair/Tony_Blair_0106.jpg,5bc66a2e1fcb2aa8dc62d1d9638561cf5ac06e08d3e489e734d0d6c25da5d81e,250,250
2808,Tony_Blair,test,Tony_Blair_0049.jpg,data/evaluation/test/Tony_Blair/Tony_Blair_0049.jpg,d4314c97f7967bf2047ed498871614385256d35e75d11db6a022bf226bff5ed1,250,250
2809,Tony_Blair,test,Tony_Blair_0069.jpg,data/evaluation/test/Tony_Blair/Tony_Blair_0069.jpg,e39f79f655f245f85ecc91a419152950358cd0844620af04f39d70e5dd37e599,250,250
2810,Tony_Blair,test,Tony_Blair_0055.jpg,data/evaluation/test/Tony_Blair/Tony_Blair_0055.jpg,001fff97f7e498786690950393102a17573b0b1c7d4a01068a695c199e435e44,250,250
2811,Tony_Blair,test,Tony_Blair_0070.jpg,data/evaluation/test/Tony_Blair/Tony_Blair_0070.jpg,b6e7b398904d6876dbe1d696760ce03bfe0043ce96949f43ac0788368c1dccd2,250,250
2812,Tony_Blair,test,Tony_Blair_0093.jpg,data/evaluation/test/Tony_Blair/Tony_Blair_0093.jpg,2f58c4ab047f8f761c678cb13411e706db37c705a120f4a394fad06507a0d450,250,250
2813,Tony_Blair,test,Tony_Blair_0087.jpg,data/evaluation/test/Tony_Blair/Tony_Blair_0087.jpg,2d7185fbee872f85bd52304b4aec5d1724b5dd980e7e27d11d6d412efbb11bc1,250,250
2814,Tony_Blair,test,Tony_Blair_0060.jpg,data/evaluation/test/Tony_Blair/Tony_Blair_0060.jpg,c4c12fb5c856dabe66b07817571162663031e981779e3134b526a83b119ec5dd,250,250
2815,Tony_Blair,test,Tony_Blair_0077.jpg,data/evaluation/test/Tony_Blair/Tony_Blair_0077.jpg,8cbce1ec653f232e4c51384f005d1018e0dd1b5a1b37ee54aaa5ad4d76b5b800,250,250
2816,Tony_Blair,test,Tony_Blair_0006.jpg,data/evaluation/test/Tony_Blair/Tony_Blair_0006.jpg,52b246bab8f325c634b1e1e9d7b3e8ba9b37b7b2783277fe3794a68cc87ff56b,250,250
2817,Tony_Blair,test,Tony_Blair_0001.jpg,data/evaluation/test/Tony_Blair/Tony_Blair_0001.jpg,7da92d61d891dbc07da0163b8f0af28eaba36fe469d375a6134ae3f79373c60d,250,250
2818,Tony_Blair,test,Tony_Blair_0058.jpg,data/evaluation/test/Tony_Blair/Tony_Blair_0058.jpg,b88f0fd1919cfe556d62b0a953826cb87ba588bc8c6550ba7652c9e70e629429,250,250
2819,Tony_Blair,test,Tony_Blair_0033.jpg,data/evaluation/test/Tony_Blair/Tony_Blair_0033.jpg,6f7d0c1d666ad607df89de8586b19a2cd4cfea92da7d138cab81d9cc68321412,250,250
2820,Tony_Blair,test,Tony_Blair_0101.jpg,data/evaluation/test/Tony_Blair/Tony_Blair_0101.jpg,44ec2482b5883e0cc81b904eddb64cd69fb772b81abae3a38f54b8677caadf9a,250,250
2821,Tony_Blair,test,Tony_Blair_0046.jpg,data/evaluation/test/Tony_Blair/Tony_Blair_0046.jpg,60823fd0e07cfa4df8c16d1b4864f309ae1f43e59d4c3565f2f695646910c8be,250,250
2822,Tony_Blair,test,Tony_Blair_0031.jpg,data/evaluation/test/Tony_Blair/Tony_Blair_0031.jpg,c2ffc65455b73f6e9380a810e919db49876d1e8e3d1be4c9227647ec894813fb,250,250
2823,Tony_Blair,test,Tony_Blair_0090.jpg,data/evaluation/test/Tony_Blair/Tony_Blair_0090.jpg,a1a8832ffcb3ff1628afcda02480b3c0bfc0643fd4336e906007dbd055fe66d1,250,250
2824,Tony_Blair,test,Tony_Blair_0035.jpg,data/evaluation/test/Tony_Blair/Tony_Blair_0035.jpg,4ae2bf692865c900582a2f09f7b925571710c4e8b1c0f34e467f4d133dd117b4,250,250
2825,Tony_Blair,test,Tony_Blair_0021.jpg,data/evaluation/test/Tony_Blair/Tony_Blair_0021.jpg,418c6066b909ddc0d42bcecbc8ef8ad161eb8d8efc763b4d99ce3bc554fcf19a,250,250
2826,Tony_Blair,test,Tony_Blair_0140.jpg,data/evaluation/test/Tony_Blair/Tony_Blair_0140.jpg,3fdf3f33b00a580568a741de2a7bd1dded5fc891b3321731d1d7804c3a40bf4e,250,250
2827,Tony_Blair,test,Tony_Blair_0097.jpg,data/evaluation/test/Tony_Blair/Tony_Blair_0097.jpg,f3b6a468d73a13dbd0aac2baa20261f6187091cc14e375b09b5b886e3f8fb242,250,250
2828,Tony_Blair,test,Tony_Blair_0115.jpg,data/evaluation/test/Tony_Blair/Tony_Blair_0115.jpg,d4f2ff18ca8b71a818fa27bb35b8f0c9b8ffa356b2554333f027c0cbfe74de44,250,250
2829,Tony_Blair,test,Tony_Blair_0098.jpg,data/evaluation/test/Tony_Blair/Tony_Blair_0098.jpg,69cba940618269f2bb664304b1a867bcc0457c4af1a94af5a818699ebe2b78f0,250,250
2830,Tony_Blair,test,Tony_Blair_0096.jpg,data/evaluation/test/Tony_Blair/Tony_Blair_0096.jpg,86e354aaf92875687dc3150dd2f758e01510f16fb7c9d5b46443702a4da10195,250,250
2831,Tony_Blair,test,Tony_Blair_0108.jpg,data/evaluation/test/Tony_Blair/Tony_Blair_0108.jpg,a1926aa148039ac10f868108170c5c08e3d120466c1bd73db0d45c032efefb71,250,250
2832,Vicente_Fox,enrollment,Vicente_Fox_0001.jpg,data/evaluation/enrollment/Vicente_Fox/Vicente_Fox_0001.jpg,8bcc9588f9cc88a8e56f81962f4f3c1641a21ab2243aa6f824f87e65c4a15a99,250,250
2833,Vicente_Fox,enrollment,Vicente_Fox_0004.jpg,data/evaluation/enrollment/Vicente_Fox/Vicente_Fox_0004.jpg,01543ef2512af670bb3e569e4622139eb98989c979e141240cff5b1e3a8b1846,250,250
2834,Vicente_Fox,validation,Vicente_Fox_0014.jpg,data/evaluation/validation/Vicente_Fox/Vicente_Fox_0014.jpg,58d6e1c7950da4d91be1cf4eb77c8dc3f7a562d4515eb8a53268aae8b6e62e50,250,250
2835,Vicente_Fox,validation,Vicente_Fox_0021.jpg,data/evaluation/validation/Vicente_Fox/Vicente_Fox_0021.jpg,90e8cd6c9dcd1e1afc9ed0bb64699bd8a915e5f7b9c55c701ec34500687b5da6,250,250
2836,Vicente_Fox,validation,Vicente_Fox_0029.jpg,data/evaluation/validation/Vicente_Fox/Vicente_Fox_0029.jpg,f03efb5ecd0b231b7800747ce79f33604e9ae341665588357a30bd5335cdd04e,250,250
2837,Vicente_Fox,validation,Vicente_Fox_0003.jpg,data/evaluation/validation/Vicente_Fox/Vicente_Fox_0003.jpg,2522119ff0fd51338387995f9f2bbca5bb793cab5e4c01255c0f00a8497507c3,250,250
2838,Vicente_Fox,validation,Vicente_Fox_0031.jpg,data/evaluation/validation/Vicente_Fox/Vicente_Fox_0031.jpg,3178f5fc5a52dcb9aa758c6a9fd2b2fe00bedb55a07c9d37bfe3a1c35dd5a420,250,250
2839,Vicente_Fox,validation,Vicente_Fox_0019.jpg,data/evaluation/validation/Vicente_Fox/Vicente_Fox_0019.jpg,7b3414753f3e66f15c9e9bad01a45911853a7b8756380e59567e6f42ac3c7cbe,250,250
2840,Vicente_Fox,validation,Vicente_Fox_0002.jpg,data/evaluation/validation/Vicente_Fox/Vicente_Fox_0002.jpg,99408e20a632b3e70461de55cd896f0968c432c09bd2b1d4c3b3abb08b6c28b2,250,250
2841,Vicente_Fox,validation,Vicente_Fox_0026.jpg,data/evaluation/validation/Vicente_Fox/Vicente_Fox_0026.jpg,e49ee6ceb6d413fa71e666baf2ab30fdfeb643739bdcd94a137f95babc1cd37c,250,250
2842,Vicente_Fox,validation,Vicente_Fox_0022.jpg,data/evaluation/validation/Vicente_Fox/Vicente_Fox_0022.jpg,84824b485a5b48e5e9bed50138f4247278527c38114a05b6f8d651d6843fb6eb,250,250
2843,Vicente_Fox,validation,Vicente_Fox_0009.jpg,data/evaluation/validation/Vicente_Fox/Vicente_Fox_0009.jpg,9e874c0a83633b33228931522f71469af9e574e9dbd28234e9e5875d50234fc9,250,250
2844,Vicente_Fox,validation,Vicente_Fox_0006.jpg,data/evaluation/validation/Vicente_Fox/Vicente_Fox_0006.jpg,10fed0b17672ad5c4b2967126bf9e2b661e81e0904e7774c51b6a3e501980e5b,250,250
2845,Vicente_Fox,validation,Vicente_Fox_0017.jpg,data/evaluation/validation/Vicente_Fox/Vicente_Fox_0017.jpg,a8878cf2e8b37b07f318048f2fc1d8c3cc7c7c4121ae73254ef72a10f52432d9,250,250
2846,Vicente_Fox,validation,Vicente_Fox_0005.jpg,data/evaluation/validation/Vicente_Fox/Vicente_Fox_0005.jpg,1cab24a424b9d9c5b3417f160e13830f6e08afb5fb20874e60e50b6e582590f7,250,250
2847,Vicente_Fox,validation,Vicente_Fox_0012.jpg,data/evaluation/validation/Vicente_Fox/Vicente_Fox_0012.jpg,8626b0614a1299b8873650a5f315880e6d021753a309771144ba87679bcd8601,250,250
2848,Vicente_Fox,validation,Vicente_Fox_0015.jpg,data/evaluation/validation/Vicente_Fox/Vicente_Fox_0015.jpg,3e7771a4eca12766dc84236229a102434049cf5edf1ddfc68e4eedb9949e43c8,250,250
2849,Vicente_Fox,test,Vicente_Fox_0030.jpg,data/evaluation/test/Vicente_Fox/Vicente_Fox_0030.jpg,e090c1e4c0bb85f4b9b584cfc21e10c102a117c9466718e3345741e632fd084f,250,250
2850,Vicente_Fox,test,Vicente_Fox_0010.jpg,data/evaluation/test/Vicente_Fox/Vicente_Fox_0010.jpg,8c9dbc103dab0321b2c1f10d86f3ab401e914a85e4fe5bfb5bd0a633fc4a3568,250,250
2851,Vicente_Fox,test,Vicente_Fox_0011.jpg,data/evaluation/test/Vicente_Fox/Vicente_Fox_0011.jpg,687b7d37437731fdb33c2aa57eb0016f48419e1a971ab594caf0bb97dd3b8ebe,250,250
2852,Vicente_Fox,test,Vicente_Fox_0018.jpg,data/evaluation/test/Vicente_Fox/Vicente_Fox_0018.jpg,2fa41679d31b4afe574e33e7c90b9ae469fc488580214f45b2021907e65a4233,250,250
2853,Vicente_Fox,test,Vicente_Fox_0028.jpg,data/evaluation/test/Vicente_Fox/Vicente_Fox_0028.jpg,8f8adb25f4c54b143690935863b56ec7630f7718009f95ca47ce06f1b8be1358,250,250
2854,Vicente_Fox,test,Vicente_Fox_0013.jpg,data/evaluation/test/Vicente_Fox/Vicente_Fox_0013.jpg,fbf03ec7d3be21f73a9a884db4c5bdefc2d9e05cb72960a9615cf9314538e306,250,250
2855,Vicente_Fox,test,Vicente_Fox_0007.jpg,data/evaluation/test/Vicente_Fox/Vicente_Fox_0007.jpg,4fcc91d380605fc0567fbe97951ace448ade8340b073da036652b7ee2c45db2f,250,250
2856,Vicente_Fox,test,Vicente_Fox_0027.jpg,data/evaluation/test/Vicente_Fox/Vicente_Fox_0027.jpg,3fd7835d85d3d6d0ff5c1613282ab8ee281004c6b829523d337bf21093c3bc3d,250,250
2857,Vicente_Fox,test,Vicente_Fox_0020.jpg,data/evaluation/test/Vicente_Fox/Vicente_Fox_0020.jpg,3a1e5c99e6787863f9d48a0a4cabf7acc9875302800bf4ddbd62072c61b990fd,250,250
2858,Vicente_Fox,test,Vicente_Fox_0023.jpg,data/evaluation/test/Vicente_Fox/Vicente_Fox_0023.jpg,ca153a10e6061a69a330a7e1207a8491e4610f04e6e8b640ef5a05ef3a872731,250,250
2859,Vicente_Fox,test,Vicente_Fox_0032.jpg,data/evaluation/test/Vicente_Fox/Vicente_Fox_0032.jpg,a23c199e219086465db4d442a9656ca4b6b3d942c415663055d6f044ce9c24e5,250,250
2860,Vicente_Fox,test,Vicente_Fox_0016.jpg,data/evaluation/test/Vicente_Fox/Vicente_Fox_0016.jpg,b0be5ccf5a26db183b0beb0daf8d50879a7bcaed14ec2eb4b6b4e1cb49b6f692,250,250
2861,Vicente_Fox,test,Vicente_Fox_0025.jpg,data/evaluation/test/Vicente_Fox/Vicente_Fox_0025.jpg,f317cf86e00915d1404edc6691f8af7dcbdf748f23717b71ad670905c72edcd6,250,250
2862,Vicente_Fox,test,Vicente_Fox_0024.jpg,data/evaluation/test/Vicente_Fox/Vicente_Fox_0024.jpg,0ed8bf5b1a4138f394061dc1652d0df7b05b9b5921f0e73e5af5fdbc6bd761ab,250,250
2863,Vicente_Fox,test,Vicente_Fox_0008.jpg,data/evaluation/test/Vicente_Fox/Vicente_Fox_0008.jpg,0325ec6c152625a0c80b10559e25c678f0ca9ec96636ee54f4372594db273221,250,250
2864,Vladimir_Putin,enrollment,Vladimir_Putin_0044.jpg,data/evaluation/enrollment/Vladimir_Putin/Vladimir_Putin_0044.jpg,6ab76006cdf6e67dac46970ca779c2f79375f07636cf562fd084b40bb598f697,250,250
2865,Vladimir_Putin,enrollment,Vladimir_Putin_0031.jpg,data/evaluation/enrollment/Vladimir_Putin/Vladimir_Putin_0031.jpg,b1e9740f7e42a02847f3a366b866de2a879ccf793b3225912a2536bbb26e1a11,250,250
2866,Vladimir_Putin,validation,Vladimir_Putin_0023.jpg,data/evaluation/validation/Vladimir_Putin/Vladimir_Putin_0023.jpg,0db6808c35404be3731eae85ac9f69815a8de1b2e10d9802745b19114432ab32,250,250
2867,Vladimir_Putin,validation,Vladimir_Putin_0048.jpg,data/evaluation/validation/Vladimir_Putin/Vladimir_Putin_0048.jpg,b5c346557fdb2422f27dbcf611dc84488dbf985eab218c86383688ad0b29bacd,250,250
2868,Vladimir_Putin,validation,Vladimir_Putin_0004.jpg,data/evaluation/validation/Vladimir_Putin/Vladimir_Putin_0004.jpg,7773ec8c84d21e56271d613b4ad2e685fd181749b296c0aab12efc9114fb07d4,250,250
2869,Vladimir_Putin,validation,Vladimir_Putin_0008.jpg,data/evaluation/validation/Vladimir_Putin/Vladimir_Putin_0008.jpg,89218c4540ca57487743f30faf3b5ad28c268fbee7c9ebe584e4ad5dbc1a4324,250,250
2870,Vladimir_Putin,validation,Vladimir_Putin_0007.jpg,data/evaluation/validation/Vladimir_Putin/Vladimir_Putin_0007.jpg,c2b878764f5fbd91bfcb00d9de8f709a61267a4f8e73e9908b7629fea46a0cf4,250,250
2871,Vladimir_Putin,validation,Vladimir_Putin_0041.jpg,data/evaluation/validation/Vladimir_Putin/Vladimir_Putin_0041.jpg,014c2f6cb592302b3a60b024b9ded2ed83ee6b00f1b61072c0b285884117600e,250,250
2872,Vladimir_Putin,validation,Vladimir_Putin_0045.jpg,data/evaluation/validation/Vladimir_Putin/Vladimir_Putin_0045.jpg,25f190d85a40aee15c0e1e2aa2276fc568455d9575faa57d8651b46c48b16467,250,250
2873,Vladimir_Putin,validation,Vladimir_Putin_0039.jpg,data/evaluation/validation/Vladimir_Putin/Vladimir_Putin_0039.jpg,4c22ff7c2e4bd4ea3f16d8922dd95eeb534b086b7055d2a1c94f82f444862300,250,250
2874,Vladimir_Putin,validation,Vladimir_Putin_0014.jpg,data/evaluation/validation/Vladimir_Putin/Vladimir_Putin_0014.jpg,057b779826d43af79b21df08bd9b4ff2ee068e2c7cf28239e17bf047d031055b,250,250
2875,Vladimir_Putin,validation,Vladimir_Putin_0001.jpg,data/evaluation/validation/Vladimir_Putin/Vladimir_Putin_0001.jpg,99c745e7ee7b5dc80850ed5ffd247f51fd0081999304b1bdd6c87645a43f9a0b,250,250
2876,Vladimir_Putin,validation,Vladimir_Putin_0028.jpg,data/evaluation/validation/Vladimir_Putin/Vladimir_Putin_0028.jpg,b59d0c43460c9831b508eb239fa617a2c1a7b11c04cd2f21088feba5f9226112,250,250
2877,Vladimir_Putin,validation,Vladimir_Putin_0040.jpg,data/evaluation/validation/Vladimir_Putin/Vladimir_Putin_0040.jpg,7baa3a78d515bc05987bd24f56076440c2a6d0eb6b8fcfcd28528c472dbb38dc,250,250
2878,Vladimir_Putin,validation,Vladimir_Putin_0049.jpg,data/evaluation/validation/Vladimir_Putin/Vladimir_Putin_0049.jpg,9749721743f743d32ce5a14fae8d8eecbd1d430d772ac30d87b50e23d7fb65f0,250,250
2879,Vladimir_Putin,validation,Vladimir_Putin_0029.jpg,data/evaluation/validation/Vladimir_Putin/Vladimir_Putin_0029.jpg,27c6a0e0723545bc10743eaf3086c6ada2a64d0bee78dafd3ad668fc117723d6,250,250
2880,Vladimir_Putin,validation,Vladimir_Putin_0005.jpg,data/evaluation/validation/Vladimir_Putin/Vladimir_Putin_0005.jpg,0e3b7cb2eab270065ef7e7fa8adea205d468f4bb82c18832f3ada65afb4ab04d,250,250
2881,Vladimir_Putin,validation,Vladimir_Putin_0020.jpg,data/evaluation/validation/Vladimir_Putin/Vladimir_Putin_0020.jpg,c1435de5653400e20eaef101e0a3d0de7d66b02b1f1d9f268fa555c137bee50a,250,250
2882,Vladimir_Putin,validation,Vladimir_Putin_0012.jpg,data/evaluation/validation/Vladimir_Putin/Vladimir_Putin_0012.jpg,26dca22a50efa68a77cf8e429e3b835d2b24b00e66273703704ee124e290ef71,250,250
2883,Vladimir_Putin,validation,Vladimir_Putin_0006.jpg,data/evaluation/validation/Vladimir_Putin/Vladimir_Putin_0006.jpg,1a7c3329ed9f16f0578e9012e307d297220a19e6e72f6ebc3954a28a11e1302f,250,250
2884,Vladimir_Putin,validation,Vladimir_Putin_0035.jpg,data/evaluation/validation/Vladimir_Putin/Vladimir_Putin_0035.jpg,9c3ecfe2cadab9c3d5959434e1026aa243b651481cad04f571e2c03802b7f7d7,250,250
2885,Vladimir_Putin,validation,Vladimir_Putin_0026.jpg,data/evaluation/validation/Vladimir_Putin/Vladimir_Putin_0026.jpg,9ac012bab4ab1b232d6d1a3eb1743778a49422acea5b018133133b4526bf0497,250,250
2886,Vladimir_Putin,validation,Vladimir_Putin_0030.jpg,data/evaluation/validation/Vladimir_Putin/Vladimir_Putin_0030.jpg,001ad1e9b3aec8ce55d8b3e954c34079ec4377bfb8948f153e5ae1a1257a80e0,250,250
2887,Vladimir_Putin,validation,Vladimir_Putin_0024.jpg,data/evaluation/validation/Vladimir_Putin/Vladimir_Putin_0024.jpg,853de36e6bc459ce6a38b91abab52ac6b65a22a10008153d132b9a324972a56b,250,250
2888,Vladimir_Putin,validation,Vladimir_Putin_0033.jpg,data/evaluation/validation/Vladimir_Putin/Vladimir_Putin_0033.jpg,77d7f351ee24cc8f2c4a5755429a0e2e8d1594870861da4f12b86cd2db7d1bd8,250,250
2889,Vladimir_Putin,test,Vladimir_Putin_0034.jpg,data/evaluation/test/Vladimir_Putin/Vladimir_Putin_0034.jpg,f4ddb0204cb2054460506d0b1a2120dffbc29d4ad389b1dd832417ab40f7097a,250,250
2890,Vladimir_Putin,test,Vladimir_Putin_0009.jpg,data/evaluation/test/Vladimir_Putin/Vladimir_Putin_0009.jpg,87ca523787d3151293bfe582c43a87b0d6ecfeb84ba1f70f28a8144cba4bffc1,250,250
2891,Vladimir_Putin,test,Vladimir_Putin_0011.jpg,data/evaluation/test/Vladimir_Putin/Vladimir_Putin_0011.jpg,fff98f39a4a64082ccf9e4750ba9bac8871e63f02ad1a63f3abe8000a73b568d,250,250
2892,Vladimir_Putin,test,Vladimir_Putin_0043.jpg,data/evaluation/test/Vladimir_Putin/Vladimir_Putin_0043.jpg,8b58ddc16e20dcf491cf92da272faa4847eef540cd01a5664b57c32d05287598,250,250
2893,Vladimir_Putin,test,Vladimir_Putin_0021.jpg,data/evaluation/test/Vladimir_Putin/Vladimir_Putin_0021.jpg,1cecb77624d491e863833bc19f757341fe8192947a6ad77324189099e3f129a3,250,250
2894,Vladimir_Putin,test,Vladimir_Putin_0018.jpg,data/evaluation/test/Vladimir_Putin/Vladimir_Putin_0018.jpg,be75aa8fb52ba91fcc3e3e6c74ab945a6ea180ff030b8f1abe799ec45882a6b0,250,250
2895,Vladimir_Putin,test,Vladimir_Putin_0032.jpg,data/evaluation/test/Vladimir_Putin/Vladimir_Putin_0032.jpg,d7f572d72f8936a97cc383681f84ae81c8e8a1759e2c9044d89106eca7a91b69,250,250
2896,Vladimir_Putin,test,Vladimir_Putin_0016.jpg,data/evaluation/test/Vladimir_Putin/Vladimir_Putin_0016.jpg,bcb855e82b250544298bc3c7291fa469aac3b4e35c62a522d0cca9e2b6aae332,250,250
2897,Vladimir_Putin,test,Vladimir_Putin_0025.jpg,data/evaluation/test/Vladimir_Putin/Vladimir_Putin_0025.jpg,2748bb1b67d65f1a0e24df379f9777a1c5836974747ac662b46bd73799dd166c,250,250
2898,Vladimir_Putin,test,Vladimir_Putin_0047.jpg,data/evaluation/test/Vladimir_Putin/Vladimir_Putin_0047.jpg,b3cc418653c879331abb0587152e780ffe8e9412c72e7a0592634b3c27adc413,250,250
2899,Vladimir_Putin,test,Vladimir_Putin_0022.jpg,data/evaluation/test/Vladimir_Putin/Vladimir_Putin_0022.jpg,ba169123bc369a0ab5e8761f74f1c33ca52ff96676f4d4e5460741211184302c,250,250
2900,Vladimir_Putin,test,Vladimir_Putin_0013.jpg,data/evaluation/test/Vladimir_Putin/Vladimir_Putin_0013.jpg,9c99eb1a6934f18e92942f5c8cec9c33042b06d2a43cfff7119ab8056472ff0a,250,250
2901,Vladimir_Putin,test,Vladimir_Putin_0046.jpg,data/evaluation/test/Vladimir_Putin/Vladimir_Putin_0046.jpg,9b818a5e72ba9736aea2dbd0b412c15136c889659416d3fcf6945f78bbf6b354,250,250
2902,Vladimir_Putin,test,Vladimir_Putin_0019.jpg,data/evaluation/test/Vladimir_Putin/Vladimir_Putin_0019.jpg,ab4191aa41b273fadd260d86198b1448218603b7381d36090cc7bb5f89641914,250,250
2903,Vladimir_Putin,test,Vladimir_Putin_0027.jpg,data/evaluation/test/Vladimir_Putin/Vladimir_Putin_0027.jpg,896ce98b2782976e4e7bd4d466535b276e49ed9dd679a042d9af68d59009b4e1,250,250
2904,Vladimir_Putin,test,Vladimir_Putin_0042.jpg,data/evaluation/test/Vladimir_Putin/Vladimir_Putin_0042.jpg,6feb2eaf4dfa95cc3e4bf7c73b97b87c0fb41f05ae9314a4fb1ea73a9cf1d586,250,250
2905,Vladimir_Putin,test,Vladimir_Putin_0038.jpg,data/evaluation/test/Vladimir_Putin/Vladimir_Putin_0038.jpg,d26f42635cba3a242759ccf4e5a1a5ca31f00a136161c7f8b0ea558e69954a10,250,250
2906,Vladimir_Putin,test,Vladimir_Putin_0036.jpg,data/evaluation/test/Vladimir_Putin/Vladimir_Putin_0036.jpg,dfb467d458bd3abfd0ab9b251050ef2c75eaedb24bd2ae2818a9b0bb6d5e576d,250,250
2907,Vladimir_Putin,test,Vladimir_Putin_0017.jpg,data/evaluation/test/Vladimir_Putin/Vladimir_Putin_0017.jpg,a764847f90068207286a6a5e430c831eb8deecdcc607fd17aa408637419c55d9,250,250
2908,Vladimir_Putin,test,Vladimir_Putin_0002.jpg,data/evaluation/test/Vladimir_Putin/Vladimir_Putin_0002.jpg,807e6a7c02cc5cf23d4a1c4dee6afee2283b6da9bda9b923b7f4aad5759cecad,250,250
2909,Vladimir_Putin,test,Vladimir_Putin_0010.jpg,data/evaluation/test/Vladimir_Putin/Vladimir_Putin_0010.jpg,36de15e000c812a3fdc070b10d26de6c0f17c706ccc6e69ba28b4b9fca106a75,250,250
2910,Vladimir_Putin,test,Vladimir_Putin_0015.jpg,data/evaluation/test/Vladimir_Putin/Vladimir_Putin_0015.jpg,c30a4ce0dac23ffa6a82de941f721c321eb3cdcaa0db3ec4fc5444a227bbf2d0,250,250
2911,Vladimir_Putin,test,Vladimir_Putin_0037.jpg,data/evaluation/test/Vladimir_Putin/Vladimir_Putin_0037.jpg,75989da9af2ed775bfdd70dd498fe4d688d5d47e7e59bf5d0fda4004fa41b310,250,250
2912,Vladimir_Putin,test,Vladimir_Putin_0003.jpg,data/evaluation/test/Vladimir_Putin/Vladimir_Putin_0003.jpg,1c60ed2cd99e7b10f508e10d7a7b8dc154eb3259acc87723189394a91d70be3a,250,250
2913,Winona_Ryder,enrollment,Winona_Ryder_0024.jpg,data/evaluation/enrollment/Winona_Ryder/Winona_Ryder_0024.jpg,5e2d813400a6848436e054c183cac4935f47d78d1b8dd974ce18628748b81b9d,250,250
2914,Winona_Ryder,enrollment,Winona_Ryder_0016.jpg,data/evaluation/enrollment/Winona_Ryder/Winona_Ryder_0016.jpg,2de86bf64340d2225bf152e5ef3d093c1a8c5191b8b6b8d6aa35d7cdfd75425c,250,250
2915,Winona_Ryder,validation,Winona_Ryder_0006.jpg,data/evaluation/validation/Winona_Ryder/Winona_Ryder_0006.jpg,50d39a65c46dcacf4e2aa68d4a43630fd45a79afe36274972a19ef9adb5b78c6,250,250
2916,Winona_Ryder,validation,Winona_Ryder_0019.jpg,data/evaluation/validation/Winona_Ryder/Winona_Ryder_0019.jpg,b7872076f5da7ab051ff5412a1fe45c9ba857d49d3187f91f949ef74f4091787,250,250
2917,Winona_Ryder,validation,Winona_Ryder_0004.jpg,data/evaluation/validation/Winona_Ryder/Winona_Ryder_0004.jpg,c6875decd64383fb5a67dec7abba09cae164f03be7c368d797063445aeb4b162,250,250
2918,Winona_Ryder,validation,Winona_Ryder_0020.jpg,data/evaluation/validation/Winona_Ryder/Winona_Ryder_0020.jpg,d277ce8221d8e4d45aa20caab62838a8915efb22ff79cd0494b4c24d0d455c99,250,250
2919,Winona_Ryder,validation,Winona_Ryder_0022.jpg,data/evaluation/validation/Winona_Ryder/Winona_Ryder_0022.jpg,35bdf5791d9289009330f112c48f2209158a010068fa4d7d204f812ccd757ff6,250,250
2920,Winona_Ryder,validation,Winona_Ryder_0009.jpg,data/evaluation/validation/Winona_Ryder/Winona_Ryder_0009.jpg,f09e3491d5bc4aaa19b812b7dd63bf6a9f427d9d74d54d3b94fa3ba14aea1b27,250,250
2921,Winona_Ryder,validation,Winona_Ryder_0021.jpg,data/evaluation/validation/Winona_Ryder/Winona_Ryder_0021.jpg,c02052381717701c755cc81b3db6dcb18637f6db39837896dd676c3a9543da85,250,250
2922,Winona_Ryder,validation,Winona_Ryder_0013.jpg,data/evaluation/validation/Winona_Ryder/Winona_Ryder_0013.jpg,d5d0d84df75c30120d19d984666adf6421e81d29e4b0b41d02e67de83b009ece,250,250
2923,Winona_Ryder,validation,Winona_Ryder_0008.jpg,data/evaluation/validation/Winona_Ryder/Winona_Ryder_0008.jpg,bf0e256843f4ef482fa8297b902f11d483f5d2cb98b392d9dfe7287ce6b7805c,250,250
2924,Winona_Ryder,validation,Winona_Ryder_0018.jpg,data/evaluation/validation/Winona_Ryder/Winona_Ryder_0018.jpg,d786e3a9cbf343b984d97d9658798d4a6a8e0081a9640f07fcd73af0699570f5,250,250
2925,Winona_Ryder,validation,Winona_Ryder_0014.jpg,data/evaluation/validation/Winona_Ryder/Winona_Ryder_0014.jpg,1fddffb807e022524124d214218c81641429b0c34a3b22345c0c3490add31fa3,250,250
2926,Winona_Ryder,test,Winona_Ryder_0011.jpg,data/evaluation/test/Winona_Ryder/Winona_Ryder_0011.jpg,946a3ad919b24937383d737aebb8db28008de58bdcf06ae6bdce421aae777a43,250,250
2927,Winona_Ryder,test,Winona_Ryder_0010.jpg,data/evaluation/test/Winona_Ryder/Winona_Ryder_0010.jpg,54c439dae96f80b1594a7ae5a328b776cb27db1c811d9c685a07378341592551,250,250
2928,Winona_Ryder,test,Winona_Ryder_0002.jpg,data/evaluation/test/Winona_Ryder/Winona_Ryder_0002.jpg,56757c50f3ce2b76ec2466c5ba1c0dca54e446ab009c5530ca2a10b23147315c,250,250
2929,Winona_Ryder,test,Winona_Ryder_0012.jpg,data/evaluation/test/Winona_Ryder/Winona_Ryder_0012.jpg,b13517507683889523af61e286411f57128bf79cbf3573c5c5e35319007db5e1,250,250
2930,Winona_Ryder,test,Winona_Ryder_0015.jpg,data/evaluation/test/Winona_Ryder/Winona_Ryder_0015.jpg,60dbd465ed60d6b589d0e191ad488d7d50ddf5998085a6400f249cc2f0a3bbb3,250,250
2931,Winona_Ryder,test,Winona_Ryder_0017.jpg,data/evaluation/test/Winona_Ryder/Winona_Ryder_0017.jpg,a9687380857bd512604f1b5262ff85931b3217674cc83b5ad95d5979767288da,250,250
2932,Winona_Ryder,test,Winona_Ryder_0007.jpg,data/evaluation/test/Winona_Ryder/Winona_Ryder_0007.jpg,beec937c01806f2c8875ac22ecfcb924905fa9cd047e6cf08b2eb4f4309144e8,250,250
2933,Winona_Ryder,test,Winona_Ryder_0001.jpg,data/evaluation/test/Winona_Ryder/Winona_Ryder_0001.jpg,51b15a4898cb189ad9569b43dec1989e0129794b22d922ed0457bb0d9cc9a909,250,250
2934,Winona_Ryder,test,Winona_Ryder_0005.jpg,data/evaluation/test/Winona_Ryder/Winona_Ryder_0005.jpg,7a0ab558d29afadd467f8ee8cce18d1db34c27d1ba43ae2810f3b618a2f18690,250,250
2935,Winona_Ryder,test,Winona_Ryder_0023.jpg,data/evaluation/test/Winona_Ryder/Winona_Ryder_0023.jpg,4d6a94b7069653741775be5223dd8173446cc15f3b089fdc899861400a9bfaa9,250,250
2936,Winona_Ryder,test,Winona_Ryder_0003.jpg,data/evaluation/test/Winona_Ryder/Winona_Ryder_0003.jpg,00ec6d2c3bb98e25150e1f919bdbcafd71946b2abbe3a8678f0dfd8b6ead7cc1,250,250
