pair_id,fold,identity1,image1_rel_path,image1_exists,identity2,image2_rel_path,image2_exists,is_same
1,1,Abel_Pacheco,Abel_Pacheco/Abel_Pacheco_0001.jpg,False,Abel_Pacheco,Abel_Pacheco/Abel_Pacheco_0004.jpg,False,1
2,1,Akhmed_Zakayev,Akhmed_Zakayev/Akhmed_Zakayev_0001.jpg,True,Akhmed_Zakayev,Akhmed_Zakayev/Akhmed_Zakayev_0003.jpg,True,1
3,1,Akhmed_Zakayev,Akhmed_Zakayev/Akhmed_Zakayev_0002.jpg,True,Akhmed_Zakayev,Akhmed_Zakayev/Akhmed_Zakayev_0003.jpg,True,1
4,1,Amber_Tamblyn,Amber_Tamblyn/Amber_Tamblyn_0001.jpg,False,Amber_Tamblyn,Amber_Tamblyn/Amber_Tamblyn_0002.jpg,False,1
5,1,Anders_Fogh_Rasmussen,Anders_Fogh_Rasmussen/Anders_Fogh_Rasmussen_0001.jpg,True,Anders_Fogh_Rasmussen,Anders_Fogh_Rasmussen/Anders_Fogh_Rasmussen_0003.jpg,True,1
6,1,Anders_Fogh_Rasmussen,Anders_Fogh_Rasmussen/Anders_Fogh_Rasmussen_0001.jpg,True,Anders_Fogh_Rasmussen,Anders_Fogh_Rasmussen/Anders_Fogh_Rasmussen_0004.jpg,True,1
7,1,Angela_Bassett,Angela_Bassett/Angela_Bassett_0001.jpg,True,Angela_Bassett,Angela_Bassett/Angela_Bassett_0005.jpg,True,1
8,1,Angela_Bassett,Angela_Bassett/Angela_Bassett_0002.jpg,True,Angela_Bassett,Angela_Bassett/Angela_Bassett_0005.jpg,True,1
9,1,Angela_Bassett,Angela_Bassett/Angela_Bassett_0003.jpg,True,Angela_Bassett,Angela_Bassett/Angela_Bassett_0004.jpg,True,1
10,1,Ann_Veneman,Ann_Veneman/Ann_Veneman_0003.jpg,True,Ann_Veneman,Ann_Veneman/Ann_Veneman_0005.jpg,True,1
11,1,Ann_Veneman,Ann_Veneman/Ann_Veneman_0006.jpg,True,Ann_Veneman,Ann_Veneman/Ann_Veneman_0010.jpg,True,1
12,1,Ann_Veneman,Ann_Veneman/Ann_Veneman_0010.jpg,True,Ann_Veneman,Ann_Veneman/Ann_Veneman_0011.jpg,True,1
13,1,Anthony_Fauci,Anthony_Fauci/Anthony_Fauci_0001.jpg,False,Anthony_Fauci,Anthony_Fauci/Anthony_Fauci_0002.jpg,False,1
14,1,Antony_Leung,Antony_Leung/Antony_Leung_0001.jpg,True,Antony_Leung,Antony_Leung/Antony_Leung_0002.jpg,True,1
15,1,Antony_Leung,Antony_Leung/Antony_Leung_0002.jpg,True,Antony_Leung,Antony_Leung/Antony_Leung_0003.jpg,True,1
16,1,Anwar_Ibrahim,Anwar_Ibrahim/Anwar_Ibrahim_0001.jpg,False,Anwar_Ibrahim,Anwar_Ibrahim/Anwar_Ibrahim_0002.jpg,False,1
17,1,Augusto_Pinochet,Augusto_Pinochet/Augusto_Pinochet_0001.jpg,True,Augusto_Pinochet,Augusto_Pinochet/Augusto_Pinochet_0002.jpg,True,1
18,1,Barbara_Brezigar,Barbara_Brezigar/Barbara_Brezigar_0001.jpg,False,Barbara_Brezigar,Barbara_Brezigar/Barbara_Brezigar_0002.jpg,False,1
19,1,Benjamin_Netanyahu,Benjamin_Netanyahu/Benjamin_Netanyahu_0001.jpg,True,Benjamin_Netanyahu,Benjamin_Netanyahu/Benjamin_Netanyahu_0004.jpg,True,1
20,1,Benjamin_Netanyahu,Benjamin_Netanyahu/Benjamin_Netanyahu_0004.jpg,True,Benjamin_Netanyahu,Benjamin_Netanyahu/Benjamin_Netanyahu_0005.jpg,True,1
21,1,Bernard_Law,Bernard_Law/Bernard_Law_0002.jpg,True,Bernard_Law,Bernard_Law/Bernard_Law_0003.jpg,True,1
22,1,Bernard_Law,Bernard_Law/Bernard_Law_0003.jpg,True,Bernard_Law,Bernard_Law/Bernard_Law_0004.jpg,True,1
23,1,Bertrand_Bonello,Bertrand_Bonello/Bertrand_Bonello_0001.jpg,False,Bertrand_Bonello,Bertrand_Bonello/Bertrand_Bonello_0002.jpg,False,1
24,1,Bill_Frist,Bill_Frist/Bill_Frist_0002.jpg,True,Bill_Frist,Bill_Frist/Bill_Frist_0009.jpg,True,1
25,1,Bill_Frist,Bill_Frist/Bill_Frist_0004.jpg,True,Bill_Frist,Bill_Frist/Bill_Frist_0005.jpg,True,1
26,1,Bob_Graham,Bob_Graham/Bob_Graham_0002.jpg,True,Bob_Graham,Bob_Graham/Bob_Graham_0004.jpg,True,1
27,1,Bob_Graham,Bob_Graham/Bob_Graham_0003.jpg,True,Bob_Graham,Bob_Graham/Bob_Graham_0006.jpg,True,1
28,1,Bob_Graham,Bob_Graham/Bob_Graham_0004.jpg,True,Bob_Graham,Bob_Graham/Bob_Graham_0006.jpg,True,1
29,1,Bob_Graham,Bob_Graham/Bob_Graham_0005.jpg,True,Bob_Graham,Bob_Graham/Bob_Graham_0006.jpg,True,1
30,1,Boris_Becker,Boris_Becker/Boris_Becker_0002.jpg,True,Boris_Becker,Boris_Becker/Boris_Becker_0006.jpg,True,1
31,1,Brad_Johnson,Brad_Johnson/Brad_Johnson_0001.jpg,False,Brad_Johnson,Brad_Johnson/Brad_Johnson_0003.jpg,False,1
32,1,Brad_Johnson,Brad_Johnson/Brad_Johnson_0002.jpg,False,Brad_Johnson,Brad_Johnson/Brad_Johnson_0003.jpg,False,1
33,1,Brad_Johnson,Brad_Johnson/Brad_Johnson_0002.jpg,False,Brad_Johnson,Brad_Johnson/Brad_Johnson_0004.jpg,False,1
34,1,Brian_Griese,Brian_Griese/Brian_Griese_0001.jpg,False,Brian_Griese,Brian_Griese/Brian_Griese_0002.jpg,False,1
35,1,Candice_Bergen,Candice_Bergen/Candice_Bergen_0001.jpg,False,Candice_Bergen,Candice_Bergen/Candice_Bergen_0002.jpg,False,1
36,1,Candice_Bergen,Candice_Bergen/Candice_Bergen_0002.jpg,False,Candice_Bergen,Candice_Bergen/Candice_Bergen_0003.jpg,False,1
37,1,Carla_Myers,Carla_Myers/Carla_Myers_0001.jpg,True,Carla_Myers,Carla_Myers/Carla_Myers_0002.jpg,True,1
38,1,Cathy_Freeman,Cathy_Freeman/Cathy_Freeman_0001.jpg,True,Cathy_Freeman,Cathy_Freeman/Cathy_Freeman_0002.jpg,True,1
39,1,Chang_Dae-whan,Chang_Dae-whan/Chang_Dae-whan_0001.jpg,False,Chang_Dae-whan,Chang_Dae-whan/Chang_Dae-whan_0002.jpg,False,1
40,1,Charles_Grassley,Charles_Grassley/Charles_Grassley_0001.jpg,False,Charles_Grassley,Charles_Grassley/Charles_Grassley_0002.jpg,False,1
41,1,Clare_Short,Clare_Short/Clare_Short_0001.jpg,False,Clare_Short,Clare_Short/Clare_Short_0003.jpg,False,1
42,1,Clare_Short,Clare_Short/Clare_Short_0001.jpg,False,Clare_Short,Clare_Short/Clare_Short_0004.jpg,False,1
43,1,Corinne_Coman,Corinne_Coman/Corinne_Coman_0001.jpg,True,Corinne_Coman,Corinne_Coman/Corinne_Coman_0002.jpg,True,1
44,1,Dai_Bachtiar,Dai_Bachtiar/Dai_Bachtiar_0001.jpg,False,Dai_Bachtiar,Dai_Bachtiar/Dai_Bachtiar_0002.jpg,False,1
45,1,Dale_Earnhardt_Jr,Dale_Earnhardt_Jr/Dale_Earnhardt_Jr_0001.jpg,True,Dale_Earnhardt_Jr,Dale_Earnhardt_Jr/Dale_Earnhardt_Jr_0003.jpg,True,1
46,1,David_Caruso,David_Caruso/David_Caruso_0001.jpg,True,David_Caruso,David_Caruso/David_Caruso_0002.jpg,True,1
47,1,Demi_Moore,Demi_Moore/Demi_Moore_0001.jpg,False,Demi_Moore,Demi_Moore/Demi_Moore_0003.jpg,False,1
48,1,Dick_Vermeil,Dick_Vermeil/Dick_Vermeil_0001.jpg,True,Dick_Vermeil,Dick_Vermeil/Dick_Vermeil_0002.jpg,True,1
49,1,Doris_Roberts,Doris_Roberts/Doris_Roberts_0001.jpg,True,Doris_Roberts,Doris_Roberts/Doris_Roberts_0002.jpg,True,1
50,1,Doris_Roberts,Doris_Roberts/Doris_Roberts_0001.jpg,True,Doris_Roberts,Doris_Roberts/Doris_Roberts_0003.jpg,True,1
51,1,Drew_Barrymore,Drew_Barrymore/Drew_Barrymore_0001.jpg,False,Drew_Barrymore,Drew_Barrymore/Drew_Barrymore_0002.jpg,False,1
52,1,Edmund_Stoiber,Edmund_Stoiber/Edmund_Stoiber_0004.jpg,True,Edmund_Stoiber,Edmund_Stoiber/Edmund_Stoiber_0007.jpg,True,1
53,1,Edmund_Stoiber,Edmund_Stoiber/Edmund_Stoiber_0005.jpg,True,Edmund_Stoiber,Edmund_Stoiber/Edmund_Stoiber_0007.jpg,True,1
54,1,Edmund_Stoiber,Edmund_Stoiber/Edmund_Stoiber_0007.jpg,True,Edmund_Stoiber,Edmund_Stoiber/Edmund_Stoiber_0012.jpg,True,1
55,1,Edmund_Stoiber,Edmund_Stoiber/Edmund_Stoiber_0009.jpg,True,Edmund_Stoiber,Edmund_Stoiber/Edmund_Stoiber_0011.jpg,True,1
56,1,Elinor_Caplan,Elinor_Caplan/Elinor_Caplan_0001.jpg,False,Elinor_Caplan,Elinor_Caplan/Elinor_Caplan_0002.jpg,False,1
57,1,Emmanuelle_Beart,Emmanuelle_Beart/Emmanuelle_Beart_0001.jpg,False,Emmanuelle_Beart,Emmanuelle_Beart/Emmanuelle_Beart_0002.jpg,False,1
58,1,Emmanuelle_Beart,Emmanuelle_Beart/Emmanuelle_Beart_0001.jpg,False,Emmanuelle_Beart,Emmanuelle_Beart/Emmanuelle_Beart_0003.jpg,False,1
59,1,Federico_Trillo,Federico_Trillo/Federico_Trillo_0001.jpg,True,Federico_Trillo,Federico_Trillo/Federico_Trillo_0002.jpg,True,1
60,1,Federico_Trillo,Federico_Trillo/Federico_Trillo_0001.jpg,True,Federico_Trillo,Federico_Trillo/Federico_Trillo_0003.jpg,True,1
61,1,Federico_Trillo,Federico_Trillo/Federico_Trillo_0002.jpg,True,Federico_Trillo,Federico_Trillo/Federico_Trillo_0003.jpg,True,1
62,1,Francis_Ford_Coppola,Francis_Ford_Coppola/Francis_Ford_Coppola_0001.jpg,False,Francis_Ford_Coppola,Francis_Ford_Coppola/Francis_Ford_Coppola_0002.jpg,False,1
63,1,Fred_Thompson,Fred_Thompson/Fred_Thompson_0001.jpg,True,Fred_Thompson,Fred_Thompson/Fred_Thompson_0002.jpg,True,1
64,1,Fred_Thompson,Fred_Thompson/Fred_Thompson_0001.jpg,True,Fred_Thompson,Fred_Thompson/Fred_Thompson_0003.jpg,True,1
65,1,Fred_Thompson,Fred_Thompson/Fred_Thompson_0002.jpg,True,Fred_Thompson,Fred_Thompson/Fred_Thompson_0003.jpg,True,1
66,1,Garry_Trudeau,Garry_Trudeau/Garry_Trudeau_0001.jpg,False,Garry_Trudeau,Garry_Trudeau/Garry_Trudeau_0002.jpg,False,1
67,1,Gary_Williams,Gary_Williams/Gary_Williams_0001.jpg,False,Gary_Williams,Gary_Williams/Gary_Williams_0002.jpg,False,1
68,1,Gene_Robinson,Gene_Robinson/Gene_Robinson_0001.jpg,False,Gene_Robinson,Gene_Robinson/Gene_Robinson_0002.jpg,False,1
69,1,Gene_Robinson,Gene_Robinson/Gene_Robinson_0001.jpg,False,Gene_Robinson,Gene_Robinson/Gene_Robinson_0003.jpg,False,1
70,1,Gene_Robinson,Gene_Robinson/Gene_Robinson_0002.jpg,False,Gene_Robinson,Gene_Robinson/Gene_Robinson_0003.jpg,False,1
71,1,George_Galloway,George_Galloway/George_Galloway_0001.jpg,True,George_Galloway,George_Galloway/George_Galloway_0003.jpg,True,1
72,1,George_Galloway,George_Galloway/George_Galloway_0002.jpg,True,George_Galloway,George_Galloway/George_Galloway_0003.jpg,True,1
73,1,George_Galloway,George_Galloway/George_Galloway_0002.jpg,True,George_Galloway,George_Galloway/George_Galloway_0004.jpg,True,1
74,1,Geraldine_Chaplin,Geraldine_Chaplin/Geraldine_Chaplin_0001.jpg,False,Geraldine_Chaplin,Geraldine_Chaplin/Geraldine_Chaplin_0002.jpg,False,1
75,1,Geraldine_Chaplin,Geraldine_Chaplin/Geraldine_Chaplin_0001.jpg,False,Geraldine_Chaplin,Geraldine_Chaplin/Geraldine_Chaplin_0004.jpg,False,1
76,1,Geraldine_Chaplin,Geraldine_Chaplin/Geraldine_Chaplin_0003.jpg,False,Geraldine_Chaplin,Geraldine_Chaplin/Geraldine_Chaplin_0004.jpg,False,1
77,1,Gerardo_Gambala,Gerardo_Gambala/Gerardo_Gambala_0001.jpg,False,Gerardo_Gambala,Gerardo_Gambala/Gerardo_Gambala_0002.jpg,False,1
78,1,Gian_Marco,Gian_Marco/Gian_Marco_0001.jpg,True,Gian_Marco,Gian_Marco/Gian_Marco_0002.jpg,True,1
79,1,Gian_Marco,Gian_Marco/Gian_Marco_0002.jpg,True,Gian_Marco,Gian_Marco/Gian_Marco_0003.jpg,True,1
80,1,Gillian_Anderson,Gillian_Anderson/Gillian_Anderson_0001.jpg,False,Gillian_Anderson,Gillian_Anderson/Gillian_Anderson_0002.jpg,False,1
81,1,Gordon_Brown,Gordon_Brown/Gordon_Brown_0006.jpg,True,Gordon_Brown,Gordon_Brown/Gordon_Brown_0009.jpg,True,1
82,1,Gordon_Brown,Gordon_Brown/Gordon_Brown_0010.jpg,True,Gordon_Brown,Gordon_Brown/Gordon_Brown_0013.jpg,True,1
83,1,Grant_Hackett,Grant_Hackett/Grant_Hackett_0001.jpg,False,Grant_Hackett,Grant_Hackett/Grant_Hackett_0002.jpg,False,1
84,1,Grant_Hackett,Grant_Hackett/Grant_Hackett_0001.jpg,False,Grant_Hackett,Grant_Hackett/Grant_Hackett_0003.jpg,False,1
85,1,Grant_Hackett,Grant_Hackett/Grant_Hackett_0001.jpg,False,Grant_Hackett,Grant_Hackett/Grant_Hackett_0005.jpg,False,1
86,1,Gray_Davis,Gray_Davis/Gray_Davis_0007.jpg,True,Gray_Davis,Gray_Davis/Gray_Davis_0022.jpg,True,1
87,1,Gray_Davis,Gray_Davis/Gray_Davis_0021.jpg,True,Gray_Davis,Gray_Davis/Gray_Davis_0026.jpg,True,1
88,1,Gregg_Popovich,Gregg_Popovich/Gregg_Popovich_0001.jpg,False,Gregg_Popovich,Gregg_Popovich/Gregg_Popovich_0005.jpg,False,1
89,1,Gregg_Popovich,Gregg_Popovich/Gregg_Popovich_0003.jpg,False,Gregg_Popovich,Gregg_Popovich/Gregg_Popovich_0004.jpg,False,1
90,1,Guy_Ritchie,Guy_Ritchie/Guy_Ritchie_0001.jpg,False,Guy_Ritchie,Guy_Ritchie/Guy_Ritchie_0002.jpg,False,1
91,1,Hamzah_Haz,Hamzah_Haz/Hamzah_Haz_0001.jpg,True,Hamzah_Haz,Hamzah_Haz/Hamzah_Haz_0002.jpg,True,1
92,1,Harbhajan_Singh,Harbhajan_Singh/Harbhajan_Singh_0001.jpg,True,Harbhajan_Singh,Harbhajan_Singh/Harbhajan_Singh_0002.jpg,True,1
93,1,Hootie_Johnson,Hootie_Johnson/Hootie_Johnson_0001.jpg,True,Hootie_Johnson,Hootie_Johnson/Hootie_Johnson_0002.jpg,True,1
94,1,Hugo_Chavez,Hugo_Chavez/Hugo_Chavez_0002.jpg,True,Hugo_Chavez,Hugo_Chavez/Hugo_Chavez_0027.jpg,True,1
95,1,Hugo_Chavez,Hugo_Chavez/Hugo_Chavez_0027.jpg,True,Hugo_Chavez,Hugo_Chavez/Hugo_Chavez_0053.jpg,True,1
96,1,Hugo_Chavez,Hugo_Chavez/Hugo_Chavez_0036.jpg,True,Hugo_Chavez,Hugo_Chavez/Hugo_Chavez_0051.jpg,True,1
97,1,Hugo_Chavez,Hugo_Chavez/Hugo_Chavez_0041.jpg,True,Hugo_Chavez,Hugo_Chavez/Hugo_Chavez_0050.jpg,True,1
98,1,Hugo_Chavez,Hugo_Chavez/Hugo_Chavez_0045.jpg,True,Hugo_Chavez,Hugo_Chavez/Hugo_Chavez_0056.jpg,True,1
99,1,Isaiah_Washington,Isaiah_Washington/Isaiah_Washington_0001.jpg,True,Isaiah_Washington,Isaiah_Washington/Isaiah_Washington_0002.jpg,True,1
100,1,Jack_Grubman,Jack_Grubman/Jack_Grubman_0001.jpg,False,Jack_Grubman,Jack_Grubman/Jack_Grubman_0002.jpg,False,1
101,1,Jacques_Rogge,Jacques_Rogge/Jacques_Rogge_0001.jpg,True,Jacques_Rogge,Jacques_Rogge/Jacques_Rogge_0009.jpg,True,1
102,1,Jacques_Rogge,Jacques_Rogge/Jacques_Rogge_0003.jpg,True,Jacques_Rogge,Jacques_Rogge/Jacques_Rogge_0007.jpg,True,1
103,1,Jacques_Rogge,Jacques_Rogge/Jacques_Rogge_0003.jpg,True,Jacques_Rogge,Jacques_Rogge/Jacques_Rogge_0010.jpg,True,1
104,1,Jacques_Rogge,Jacques_Rogge/Jacques_Rogge_0004.jpg,True,Jacques_Rogge,Jacques_Rogge/Jacques_Rogge_0006.jpg,True,1
105,1,Jacques_Rogge,Jacques_Rogge/Jacques_Rogge_0004.jpg,True,Jacques_Rogge,Jacques_Rogge/Jacques_Rogge_0009.jpg,True,1
106,1,Jacques_Rogge,Jacques_Rogge/Jacques_Rogge_0005.jpg,True,Jacques_Rogge,Jacques_Rogge/Jacques_Rogge_0008.jpg,True,1
107,1,Jacques_Rogge,Jacques_Rogge/Jacques_Rogge_0006.jpg,True,Jacques_Rogge,Jacques_Rogge/Jacques_Rogge_0008.jpg,True,1
108,1,James_Caan,James_Caan/James_Caan_0001.jpg,True,James_Caan,James_Caan/James_Caan_0002.jpg,True,1
109,1,James_Caan,James_Caan/James_Caan_0001.jpg,True,James_Caan,James_Caan/James_Caan_0003.jpg,True,1
110,1,James_Caan,James_Caan/James_Caan_0002.jpg,True,James_Caan,James_Caan/James_Caan_0003.jpg,True,1
111,1,James_Jones,James_Jones/James_Jones_0001.jpg,True,James_Jones,James_Jones/James_Jones_0002.jpg,True,1
112,1,Jamling_Norgay,Jamling_Norgay/Jamling_Norgay_0001.jpg,False,Jamling_Norgay,Jamling_Norgay/Jamling_Norgay_0002.jpg,False,1
113,1,Janica_Kostelic,Janica_Kostelic/Janica_Kostelic_0001.jpg,False,Janica_Kostelic,Janica_Kostelic/Janica_Kostelic_0002.jpg,False,1
114,1,Jeanne_Moreau,Jeanne_Moreau/Jeanne_Moreau_0001.jpg,False,Jeanne_Moreau,Jeanne_Moreau/Jeanne_Moreau_0002.jpg,False,1
115,1,Jeffrey_Archer,Jeffrey_Archer/Jeffrey_Archer_0001.jpg,True,Jeffrey_Archer,Jeffrey_Archer/Jeffrey_Archer_0002.jpg,True,1
116,1,Jennifer_Garner,Jennifer_Garner/Jennifer_Garner_0001.jpg,True,Jennifer_Garner,Jennifer_Garner/Jennifer_Garner_0003.jpg,True,1
117,1,Jennifer_Garner,Jennifer_Garner/Jennifer_Garner_0004.jpg,True,Jennifer_Garner,Jennifer_Garner/Jennifer_Garner_0009.jpg,True,1
118,1,Jennifer_Garner,Jennifer_Garner/Jennifer_Garner_0005.jpg,True,Jennifer_Garner,Jennifer_Garner/Jennifer_Garner_0006.jpg,True,1
119,1,Jennifer_Garner,Jennifer_Garner/Jennifer_Garner_0005.jpg,True,Jennifer_Garner,Jennifer_Garner/Jennifer_Garner_0009.jpg,True,1
120,1,Jennifer_Garner,Jennifer_Garner/Jennifer_Garner_0007.jpg,True,Jennifer_Garner,Jennifer_Garner/Jennifer_Garner_0012.jpg,True,1
121,1,Jennifer_Garner,Jennifer_Garner/Jennifer_Garner_0008.jpg,True,Jennifer_Garner,Jennifer_Garner/Jennifer_Garner_0011.jpg,True,1
122,1,Jeremy_Greenstock,Jeremy_Greenstock/Jeremy_Greenstock_0002.jpg,True,Jeremy_Greenstock,Jeremy_Greenstock/Jeremy_Greenstock_0024.jpg,True,1
123,1,Jeremy_Greenstock,Jeremy_Greenstock/Jeremy_Greenstock_0003.jpg,True,Jeremy_Greenstock,Jeremy_Greenstock/Jeremy_Greenstock_0022.jpg,True,1
124,1,Jeremy_Greenstock,Jeremy_Greenstock/Jeremy_Greenstock_0005.jpg,True,Jeremy_Greenstock,Jeremy_Greenstock/Jeremy_Greenstock_0011.jpg,True,1
125,1,Jeremy_Greenstock,Jeremy_Greenstock/Jeremy_Greenstock_0010.jpg,True,Jeremy_Greenstock,Jeremy_Greenstock/Jeremy_Greenstock_0014.jpg,True,1
126,1,Jeremy_Greenstock,Jeremy_Greenstock/Jeremy_Greenstock_0017.jpg,True,Jeremy_Greenstock,Jeremy_Greenstock/Jeremy_Greenstock_0021.jpg,True,1
127,1,Jessica_Lange,Jessica_Lange/Jessica_Lange_0001.jpg,False,Jessica_Lange,Jessica_Lange/Jessica_Lange_0002.jpg,False,1
128,1,Jimmy_Carter,Jimmy_Carter/Jimmy_Carter_0001.jpg,True,Jimmy_Carter,Jimmy_Carter/Jimmy_Carter_0007.jpg,True,1
129,1,Jimmy_Carter,Jimmy_Carter/Jimmy_Carter_0004.jpg,True,Jimmy_Carter,Jimmy_Carter/Jimmy_Carter_0006.jpg,True,1
130,1,Jimmy_Carter,Jimmy_Carter/Jimmy_Carter_0005.jpg,True,Jimmy_Carter,Jimmy_Carter/Jimmy_Carter_0008.jpg,True,1
131,1,Jimmy_Carter,Jimmy_Carter/Jimmy_Carter_0006.jpg,True,Jimmy_Carter,Jimmy_Carter/Jimmy_Carter_0007.jpg,True,1
132,1,Jodie_Foster,Jodie_Foster/Jodie_Foster_0001.jpg,True,Jodie_Foster,Jodie_Foster/Jodie_Foster_0002.jpg,True,1
133,1,John_Manley,John_Manley/John_Manley_0001.jpg,True,John_Manley,John_Manley/John_Manley_0006.jpg,True,1
134,1,John_Manley,John_Manley/John_Manley_0002.jpg,True,John_Manley,John_Manley/John_Manley_0005.jpg,True,1
135,1,John_McCain,John_McCain/John_McCain_0002.jpg,True,John_McCain,John_McCain/John_McCain_0003.jpg,True,1
136,1,John_McCain,John_McCain/John_McCain_0003.jpg,True,John_McCain,John_McCain/John_McCain_0007.jpg,True,1
137,1,John_McCain,John_McCain/John_McCain_0006.jpg,True,John_McCain,John_McCain/John_McCain_0007.jpg,True,1
138,1,John_Snow,John_Snow/John_Snow_0003.jpg,True,John_Snow,John_Snow/John_Snow_0015.jpg,True,1
139,1,John_Snow,John_Snow/John_Snow_0004.jpg,True,John_Snow,John_Snow/John_Snow_0016.jpg,True,1
140,1,John_Snow,John_Snow/John_Snow_0009.jpg,True,John_Snow,John_Snow/John_Snow_0011.jpg,True,1
141,1,Johnson_Panjaitan,Johnson_Panjaitan/Johnson_Panjaitan_0001.jpg,True,Johnson_Panjaitan,Johnson_Panjaitan/Johnson_Panjaitan_0002.jpg,True,1
142,1,Jorge_Castaneda,Jorge_Castaneda/Jorge_Castaneda_0001.jpg,False,Jorge_Castaneda,Jorge_Castaneda/Jorge_Castaneda_0002.jpg,False,1
143,1,Jose_Serra,Jose_Serra/Jose_Serra_0001.jpg,True,Jose_Serra,Jose_Serra/Jose_Serra_0009.jpg,True,1
144,1,Jose_Serra,Jose_Serra/Jose_Serra_0002.jpg,True,Jose_Serra,Jose_Serra/Jose_Serra_0008.jpg,True,1
145,1,Jose_Serra,Jose_Serra/Jose_Serra_0003.jpg,True,Jose_Serra,Jose_Serra/Jose_Serra_0005.jpg,True,1
146,1,Jose_Serra,Jose_Serra/Jose_Serra_0003.jpg,True,Jose_Serra,Jose_Serra/Jose_Serra_0007.jpg,True,1
147,1,Jose_Serra,Jose_Serra/Jose_Serra_0006.jpg,True,Jose_Serra,Jose_Serra/Jose_Serra_0009.jpg,True,1
148,1,Jose_Theodore,Jose_Theodore/Jose_Theodore_0001.jpg,True,Jose_Theodore,Jose_Theodore/Jose_Theodore_0002.jpg,True,1
149,1,Joseph_Blatter,Joseph_Blatter/Joseph_Blatter_0001.jpg,False,Joseph_Blatter,Joseph_Blatter/Joseph_Blatter_0002.jpg,False,1
150,1,Joseph_Ralston,Joseph_Ralston/Joseph_Ralston_0001.jpg,True,Joseph_Ralston,Joseph_Ralston/Joseph_Ralston_0002.jpg,True,1
151,1,Juan_Pablo_Montoya,Juan_Pablo_Montoya/Juan_Pablo_Montoya_0001.jpg,True,Juan_Pablo_Montoya,Juan_Pablo_Montoya/Juan_Pablo_Montoya_0008.jpg,True,1
152,1,Juan_Pablo_Montoya,Juan_Pablo_Montoya/Juan_Pablo_Montoya_0002.jpg,True,Juan_Pablo_Montoya,Juan_Pablo_Montoya/Juan_Pablo_Montoya_0004.jpg,True,1
153,1,Juan_Pablo_Montoya,Juan_Pablo_Montoya/Juan_Pablo_Montoya_0004.jpg,True,Juan_Pablo_Montoya,Juan_Pablo_Montoya/Juan_Pablo_Montoya_0005.jpg,True,1
154,1,Julianna_Margulies,Julianna_Margulies/Julianna_Margulies_0001.jpg,True,Julianna_Margulies,Julianna_Margulies/Julianna_Margulies_0002.jpg,True,1
155,1,Justin_Guarini,Justin_Guarini/Justin_Guarini_0001.jpg,True,Justin_Guarini,Justin_Guarini/Justin_Guarini_0002.jpg,True,1
156,1,Justin_Guarini,Justin_Guarini/Justin_Guarini_0002.jpg,True,Justin_Guarini,Justin_Guarini/Justin_Guarini_0003.jpg,True,1
157,1,Justine_Henin,Justine_Henin/Justine_Henin_0002.jpg,True,Justine_Henin,Justine_Henin/Justine_Henin_0003.jpg,True,1
158,1,Kate_Winslet,Kate_Winslet/Kate_Winslet_0001.jpg,True,Kate_Winslet,Kate_Winslet/Kate_Winslet_0002.jpg,True,1
159,1,Kate_Winslet,Kate_Winslet/Kate_Winslet_0001.jpg,True,Kate_Winslet,Kate_Winslet/Kate_Winslet_0004.jpg,True,1
160,1,Kate_Winslet,Kate_Winslet/Kate_Winslet_0002.jpg,True,Kate_Winslet,Kate_Winslet/Kate_Winslet_0003.jpg,True,1
161,1,Kate_Winslet,Kate_Winslet/Kate_Winslet_0002.jpg,True,Kate_Winslet,Kate_Winslet/Kate_Winslet_0004.jpg,True,1
162,1,Kathy_Winters,Kathy_Winters/Kathy_Winters_0001.jpg,True,Kathy_Winters,Kathy_Winters/Kathy_Winters_0002.jpg,True,1
163,1,Kelvin_Sampson,Kelvin_Sampson/Kelvin_Sampson_0001.jpg,True,Kelvin_Sampson,Kelvin_Sampson/Kelvin_Sampson_0002.jpg,True,1
164,1,Kevin_Stallings,Kevin_Stallings/Kevin_Stallings_0001.jpg,False,Kevin_Stallings,Kevin_Stallings/Kevin_Stallings_0002.jpg,False,1
165,1,Kim_Jong-Il,Kim_Jong-Il/Kim_Jong-Il_0002.jpg,False,Kim_Jong-Il,Kim_Jong-Il/Kim_Jong-Il_0003.jpg,False,1
166,1,Kristin_Davis,Kristin_Davis/Kristin_Davis_0001.jpg,True,Kristin_Davis,Kristin_Davis/Kristin_Davis_0002.jpg,True,1
167,1,Kristin_Davis,Kristin_Davis/Kristin_Davis_0002.jpg,True,Kristin_Davis,Kristin_Davis/Kristin_Davis_0003.jpg,True,1
168,1,Lance_Armstrong,Lance_Armstrong/Lance_Armstrong_0001.jpg,True,Lance_Armstrong,Lance_Armstrong/Lance_Armstrong_0017.jpg,True,1
169,1,Lance_Armstrong,Lance_Armstrong/Lance_Armstrong_0005.jpg,True,Lance_Armstrong,Lance_Armstrong/Lance_Armstrong_0010.jpg,True,1
170,1,Lance_Armstrong,Lance_Armstrong/Lance_Armstrong_0007.jpg,True,Lance_Armstrong,Lance_Armstrong/Lance_Armstrong_0011.jpg,True,1
171,1,Lance_Armstrong,Lance_Armstrong/Lance_Armstrong_0010.jpg,True,Lance_Armstrong,Lance_Armstrong/Lance_Armstrong_0018.jpg,True,1
172,1,Lance_Armstrong,Lance_Armstrong/Lance_Armstrong_0014.jpg,True,Lance_Armstrong,Lance_Armstrong/Lance_Armstrong_0017.jpg,True,1
173,1,Laurent_Jalabert,Laurent_Jalabert/Laurent_Jalabert_0001.jpg,True,Laurent_Jalabert,Laurent_Jalabert/Laurent_Jalabert_0002.jpg,True,1
174,1,Lindsey_Graham,Lindsey_Graham/Lindsey_Graham_0001.jpg,False,Lindsey_Graham,Lindsey_Graham/Lindsey_Graham_0002.jpg,False,1
175,1,Lisa_Gottsegen,Lisa_Gottsegen/Lisa_Gottsegen_0001.jpg,True,Lisa_Gottsegen,Lisa_Gottsegen/Lisa_Gottsegen_0002.jpg,True,1
176,1,Lleyton_Hewitt,Lleyton_Hewitt/Lleyton_Hewitt_0001.jpg,True,Lleyton_Hewitt,Lleyton_Hewitt/Lleyton_Hewitt_0013.jpg,True,1
177,1,Lleyton_Hewitt,Lleyton_Hewitt/Lleyton_Hewitt_0016.jpg,True,Lleyton_Hewitt,Lleyton_Hewitt/Lleyton_Hewitt_0027.jpg,True,1
178,1,Lleyton_Hewitt,Lleyton_Hewitt/Lleyton_Hewitt_0018.jpg,True,Lleyton_Hewitt,Lleyton_Hewitt/Lleyton_Hewitt_0037.jpg,True,1
179,1,Lleyton_Hewitt,Lleyton_Hewitt/Lleyton_Hewitt_0024.jpg,True,Lleyton_Hewitt,Lleyton_Hewitt/Lleyton_Hewitt_0036.jpg,True,1
180,1,Luis_Ernesto_Derbez_Bautista,Luis_Ernesto_Derbez_Bautista/Luis_Ernesto_Derbez_Bautista_0003.jpg,False,Luis_Ernesto_Derbez_Bautista,Luis_Ernesto_Derbez_Bautista/Luis_Ernesto_Derbez_Bautista_0006.jpg,False,1
181,1,Mario_Dumont,Mario_Dumont/Mario_Dumont_0001.jpg,False,Mario_Dumont,Mario_Dumont/Mario_Dumont_0002.jpg,False,1
182,1,Mark_Wahlberg,Mark_Wahlberg/Mark_Wahlberg_0001.jpg,True,Mark_Wahlberg,Mark_Wahlberg/Mark_Wahlberg_0003.jpg,True,1
183,1,Mark_Wahlberg,Mark_Wahlberg/Mark_Wahlberg_0002.jpg,True,Mark_Wahlberg,Mark_Wahlberg/Mark_Wahlberg_0003.jpg,True,1
184,1,Mark_Wahlberg,Mark_Wahlberg/Mark_Wahlberg_0002.jpg,True,Mark_Wahlberg,Mark_Wahlberg/Mark_Wahlberg_0004.jpg,True,1
185,1,Marlene_Weingartner,Marlene_Weingartner/Marlene_Weingartner_0001.jpg,False,Marlene_Weingartner,Marlene_Weingartner/Marlene_Weingartner_0002.jpg,False,1
186,1,Martha_Bowen,Martha_Bowen/Martha_Bowen_0001.jpg,False,Martha_Bowen,Martha_Bowen/Martha_Bowen_0002.jpg,False,1
187,1,Martin_Cauchon,Martin_Cauchon/Martin_Cauchon_0001.jpg,True,Martin_Cauchon,Martin_Cauchon/Martin_Cauchon_0002.jpg,True,1
188,1,Martin_Hoellwarth,Martin_Hoellwarth/Martin_Hoellwarth_0001.jpg,True,Martin_Hoellwarth,Martin_Hoellwarth/Martin_Hoellwarth_0002.jpg,True,1
189,1,Martin_Sheen,Martin_Sheen/Martin_Sheen_0001.jpg,True,Martin_Sheen,Martin_Sheen/Martin_Sheen_0002.jpg,True,1
190,1,Matthew_Broderick,Matthew_Broderick/Matthew_Broderick_0001.jpg,False,Matthew_Broderick,Matthew_Broderick/Matthew_Broderick_0004.jpg,False,1
191,1,Matthew_Broderick,Matthew_Broderick/Matthew_Broderick_0002.jpg,False,Matthew_Broderick,Matthew_Broderick/Matthew_Broderick_0003.jpg,False,1
192,1,Mike_Krzyzewski,Mike_Krzyzewski/Mike_Krzyzewski_0001.jpg,True,Mike_Krzyzewski,Mike_Krzyzewski/Mike_Krzyzewski_0006.jpg,True,1
193,1,Mikhail_Gorbachev,Mikhail_Gorbachev/Mikhail_Gorbachev_0001.jpg,False,Mikhail_Gorbachev,Mikhail_Gorbachev/Mikhail_Gorbachev_0002.jpg,False,1
194,1,Monica_Bellucci,Monica_Bellucci/Monica_Bellucci_0001.jpg,True,Monica_Bellucci,Monica_Bellucci/Monica_Bellucci_0004.jpg,True,1
195,1,Monica_Bellucci,Monica_Bellucci/Monica_Bellucci_0002.jpg,True,Monica_Bellucci,Monica_Bellucci/Monica_Bellucci_0004.jpg,True,1
196,1,Naomi_Campbell,Naomi_Campbell/Naomi_Campbell_0001.jpg,True,Naomi_Campbell,Naomi_Campbell/Naomi_Campbell_0002.jpg,True,1
197,1,Nestor_Kirchner,Nestor_Kirchner/Nestor_Kirchner_0003.jpg,False,Nestor_Kirchner,Nestor_Kirchner/Nestor_Kirchner_0030.jpg,False,1
198,1,Nestor_Kirchner,Nestor_Kirchner/Nestor_Kirchner_0012.jpg,False,Nestor_Kirchner,Nestor_Kirchner/Nestor_Kirchner_0021.jpg,False,1
199,1,Nestor_Kirchner,Nestor_Kirchner/Nestor_Kirchner_0017.jpg,False,Nestor_Kirchner,Nestor_Kirchner/Nestor_Kirchner_0025.jpg,False,1
200,1,Nicolas_Lapentti,Nicolas_Lapentti/Nicolas_Lapentti_0001.jpg,False,Nicolas_Lapentti,Nicolas_Lapentti/Nicolas_Lapentti_0002.jpg,False,1
201,1,Noah_Wyle,Noah_Wyle/Noah_Wyle_0002.jpg,True,Noah_Wyle,Noah_Wyle/Noah_Wyle_0003.jpg,True,1
202,1,Nora_Bendijo,Nora_Bendijo/Nora_Bendijo_0001.jpg,False,Nora_Bendijo,Nora_Bendijo/Nora_Bendijo_0002.jpg,False,1
203,1,Nursultan_Nazarbayev,Nursultan_Nazarbayev/Nursultan_Nazarbayev_0001.jpg,False,Nursultan_Nazarbayev,Nursultan_Nazarbayev/Nursultan_Nazarbayev_0002.jpg,False,1
204,1,Pamela_Anderson,Pamela_Anderson/Pamela_Anderson_0001.jpg,True,Pamela_Anderson,Pamela_Anderson/Pamela_Anderson_0002.jpg,True,1
205,1,Pamela_Anderson,Pamela_Anderson/Pamela_Anderson_0001.jpg,True,Pamela_Anderson,Pamela_Anderson/Pamela_Anderson_0005.jpg,True,1
206,1,Patricia_Heaton,Patricia_Heaton/Patricia_Heaton_0001.jpg,False,Patricia_Heaton,Patricia_Heaton/Patricia_Heaton_0002.jpg,False,1
207,1,Patty_Schnyder,Patty_Schnyder/Patty_Schnyder_0001.jpg,True,Patty_Schnyder,Patty_Schnyder/Patty_Schnyder_0002.jpg,True,1
208,1,Patty_Schnyder,Patty_Schnyder/Patty_Schnyder_0002.jpg,True,Patty_Schnyder,Patty_Schnyder/Patty_Schnyder_0003.jpg,True,1
209,1,Patty_Schnyder,Patty_Schnyder/Patty_Schnyder_0002.jpg,True,Patty_Schnyder,Patty_Schnyder/Patty_Schnyder_0004.jpg,True,1
210,1,Patty_Schnyder,Patty_Schnyder/Patty_Schnyder_0003.jpg,True,Patty_Schnyder,Patty_Schnyder/Patty_Schnyder_0004.jpg,True,1
211,1,Paul_Bremer,Paul_Bremer/Paul_Bremer_0006.jpg,False,Paul_Bremer,Paul_Bremer/Paul_Bremer_0017.jpg,False,1
212,1,Paul_Bremer,Paul_Bremer/Paul_Bremer_0007.jpg,False,Paul_Bremer,Paul_Bremer/Paul_Bremer_0010.jpg,False,1
213,1,Paul_Bremer,Paul_Bremer/Paul_Bremer_0009.jpg,False,Paul_Bremer,Paul_Bremer/Paul_Bremer_0015.jpg,False,1
214,1,Paul_Bremer,Paul_Bremer/Paul_Bremer_0014.jpg,False,Paul_Bremer,Paul_Bremer/Paul_Bremer_0016.jpg,False,1
215,1,Paul_Sarbanes,Paul_Sarbanes/Paul_Sarbanes_0001.jpg,True,Paul_Sarbanes,Paul_Sarbanes/Paul_Sarbanes_0003.jpg,True,1
216,1,Paul_Sarbanes,Paul_Sarbanes/Paul_Sarbanes_0002.jpg,True,Paul_Sarbanes,Paul_Sarbanes/Paul_Sarbanes_0003.jpg,True,1
217,1,Paul_William_Hurley,Paul_William_Hurley/Paul_William_Hurley_0001.jpg,False,Paul_William_Hurley,Paul_William_Hurley/Paul_William_Hurley_0002.jpg,False,1
218,1,Pervez_Musharraf,Pervez_Musharraf/Pervez_Musharraf_0001.jpg,True,Pervez_Musharraf,Pervez_Musharraf/Pervez_Musharraf_0006.jpg,True,1
219,1,Pervez_Musharraf,Pervez_Musharraf/Pervez_Musharraf_0002.jpg,True,Pervez_Musharraf,Pervez_Musharraf/Pervez_Musharraf_0016.jpg,True,1
220,1,Pervez_Musharraf,Pervez_Musharraf/Pervez_Musharraf_0003.jpg,True,Pervez_Musharraf,Pervez_Musharraf/Pervez_Musharraf_0010.jpg,True,1
221,1,Pervez_Musharraf,Pervez_Musharraf/Pervez_Musharraf_0004.jpg,True,Pervez_Musharraf,Pervez_Musharraf/Pervez_Musharraf_0014.jpg,True,1
222,1,Pervez_Musharraf,Pervez_Musharraf/Pervez_Musharraf_0005.jpg,True,Pervez_Musharraf,Pervez_Musharraf/Pervez_Musharraf_0007.jpg,True,1
223,1,Pervez_Musharraf,Pervez_Musharraf/Pervez_Musharraf_0005.jpg,True,Pervez_Musharraf,Pervez_Musharraf/Pervez_Musharraf_0015.jpg,True,1
224,1,Phil_Gramm,Phil_Gramm/Phil_Gramm_0001.jpg,True,Phil_Gramm,Phil_Gramm/Phil_Gramm_0002.jpg,True,1
225,1,Prince_Edward,Prince_Edward/Prince_Edward_0001.jpg,False,Prince_Edward,Prince_Edward/Prince_Edward_0002.jpg,False,1
226,1,Ricardo_Lagos,Ricardo_Lagos/Ricardo_Lagos_0003.jpg,True,Ricardo_Lagos,Ricardo_Lagos/Ricardo_Lagos_0012.jpg,True,1
227,1,Ricardo_Lagos,Ricardo_Lagos/Ricardo_Lagos_0023.jpg,True,Ricardo_Lagos,Ricardo_Lagos/Ricardo_Lagos_0027.jpg,True,1
228,1,Ricardo_Monasterio,Ricardo_Monasterio/Ricardo_Monasterio_0001.jpg,False,Ricardo_Monasterio,Ricardo_Monasterio/Ricardo_Monasterio_0002.jpg,False,1
229,1,Rich_Gannon,Rich_Gannon/Rich_Gannon_0001.jpg,False,Rich_Gannon,Rich_Gannon/Rich_Gannon_0002.jpg,False,1
230,1,Rick_Perry,Rick_Perry/Rick_Perry_0001.jpg,False,Rick_Perry,Rick_Perry/Rick_Perry_0004.jpg,False,1
231,1,Rick_Perry,Rick_Perry/Rick_Perry_0001.jpg,False,Rick_Perry,Rick_Perry/Rick_Perry_0005.jpg,False,1
232,1,Rick_Perry,Rick_Perry/Rick_Perry_0002.jpg,False,Rick_Perry,Rick_Perry/Rick_Perry_0004.jpg,False,1
233,1,Rick_Perry,Rick_Perry/Rick_Perry_0003.jpg,False,Rick_Perry,Rick_Perry/Rick_Perry_0004.jpg,False,1
234,1,Robert_Bonner,Robert_Bonner/Robert_Bonner_0002.jpg,True,Robert_Bonner,Robert_Bonner/Robert_Bonner_0003.jpg,True,1
235,1,Robert_Evans,Robert_Evans/Robert_Evans_0002.jpg,True,Robert_Evans,Robert_Evans/Robert_Evans_0003.jpg,True,1
236,1,Robert_Fico,Robert_Fico/Robert_Fico_0001.jpg,True,Robert_Fico,Robert_Fico/Robert_Fico_0002.jpg,True,1
237,1,Romano_Prodi,Romano_Prodi/Romano_Prodi_0003.jpg,True,Romano_Prodi,Romano_Prodi/Romano_Prodi_0005.jpg,True,1
238,1,Roy_Moore,Roy_Moore/Roy_Moore_0002.jpg,False,Roy_Moore,Roy_Moore/Roy_Moore_0005.jpg,False,1
239,1,Roy_Moore,Roy_Moore/Roy_Moore_0003.jpg,False,Roy_Moore,Roy_Moore/Roy_Moore_0006.jpg,False,1
240,1,Sachiko_Yamada,Sachiko_Yamada/Sachiko_Yamada_0001.jpg,False,Sachiko_Yamada,Sachiko_Yamada/Sachiko_Yamada_0002.jpg,False,1
241,1,Sachiko_Yamada,Sachiko_Yamada/Sachiko_Yamada_0001.jpg,False,Sachiko_Yamada,Sachiko_Yamada/Sachiko_Yamada_0004.jpg,False,1
242,1,Sachiko_Yamada,Sachiko_Yamada/Sachiko_Yamada_0002.jpg,False,Sachiko_Yamada,Sachiko_Yamada/Sachiko_Yamada_0003.jpg,False,1
243,1,Sachiko_Yamada,Sachiko_Yamada/Sachiko_Yamada_0002.jpg,False,Sachiko_Yamada,Sachiko_Yamada/Sachiko_Yamada_0004.jpg,False,1
244,1,Saeb_Erekat,Saeb_Erekat/Saeb_Erekat_0001.jpg,False,Saeb_Erekat,Saeb_Erekat/Saeb_Erekat_0002.jpg,False,1
245,1,Sam_Bith,Sam_Bith/Sam_Bith_0001.jpg,True,Sam_Bith,Sam_Bith/Sam_Bith_0002.jpg,True,1
246,1,Sam_Bith,Sam_Bith/Sam_Bith_0001.jpg,True,Sam_Bith,Sam_Bith/Sam_Bith_0003.jpg,True,1
247,1,Sam_Bith,Sam_Bith/Sam_Bith_0002.jpg,True,Sam_Bith,Sam_Bith/Sam_Bith_0003.jpg,True,1
248,1,Sean_Hayes,Sean_Hayes/Sean_Hayes_0001.jpg,False,Sean_Hayes,Sean_Hayes/Sean_Hayes_0002.jpg,False,1
249,1,Sergio_Garcia,Sergio_Garcia/Sergio_Garcia_0001.jpg,True,Sergio_Garcia,Sergio_Garcia/Sergio_Garcia_0002.jpg,True,1
250,1,Silvia_Farina_Elia,Silvia_Farina_Elia/Silvia_Farina_Elia_0001.jpg,False,Silvia_Farina_Elia,Silvia_Farina_Elia/Silvia_Farina_Elia_0002.jpg,False,1
251,1,Steve_Ballmer,Steve_Ballmer/Steve_Ballmer_0001.jpg,True,Steve_Ballmer,Steve_Ballmer/Steve_Ballmer_0002.jpg,True,1
252,1,Steve_Ballmer,Steve_Ballmer/Steve_Ballmer_0001.jpg,True,Steve_Ballmer,Steve_Ballmer/Steve_Ballmer_0003.jpg,True,1
253,1,Stockard_Channing,Stockard_Channing/Stockard_Channing_0001.jpg,True,Stockard_Channing,Stockard_Channing/Stockard_Channing_0003.jpg,True,1
254,1,Stockard_Channing,Stockard_Channing/Stockard_Channing_0002.jpg,True,Stockard_Channing,Stockard_Channing/Stockard_Channing_0003.jpg,True,1
255,1,Terry_McAuliffe,Terry_McAuliffe/Terry_McAuliffe_0001.jpg,False,Terry_McAuliffe,Terry_McAuliffe/Terry_McAuliffe_0002.jpg,False,1
256,1,Terry_McAuliffe,Terry_McAuliffe/Terry_McAuliffe_0001.jpg,False,Terry_McAuliffe,Terry_McAuliffe/Terry_McAuliffe_0003.jpg,False,1
257,1,Thomas_Rupprath,Thomas_Rupprath/Thomas_Rupprath_0001.jpg,False,Thomas_Rupprath,Thomas_Rupprath/Thomas_Rupprath_0003.jpg,False,1
258,1,Thomas_Rupprath,Thomas_Rupprath/Thomas_Rupprath_0002.jpg,False,Thomas_Rupprath,Thomas_Rupprath/Thomas_Rupprath_0003.jpg,False,1
259,1,Tom_Ridge,Tom_Ridge/Tom_Ridge_0006.jpg,True,Tom_Ridge,Tom_Ridge/Tom_Ridge_0016.jpg,True,1
260,1,Tom_Ridge,Tom_Ridge/Tom_Ridge_0008.jpg,True,Tom_Ridge,Tom_Ridge/Tom_Ridge_0025.jpg,True,1
261,1,Tom_Ridge,Tom_Ridge/Tom_Ridge_0009.jpg,True,Tom_Ridge,Tom_Ridge/Tom_Ridge_0026.jpg,True,1
262,1,Tom_Ridge,Tom_Ridge/Tom_Ridge_0018.jpg,True,Tom_Ridge,Tom_Ridge/Tom_Ridge_0022.jpg,True,1
263,1,Tommy_Haas,Tommy_Haas/Tommy_Haas_0004.jpg,True,Tommy_Haas,Tommy_Haas/Tommy_Haas_0005.jpg,True,1
264,1,Tommy_Thompson,Tommy_Thompson/Tommy_Thompson_0001.jpg,True,Tommy_Thompson,Tommy_Thompson/Tommy_Thompson_0002.jpg,True,1
265,1,Tommy_Thompson,Tommy_Thompson/Tommy_Thompson_0001.jpg,True,Tommy_Thompson,Tommy_Thompson/Tommy_Thompson_0007.jpg,True,1
266,1,Tommy_Thompson,Tommy_Thompson/Tommy_Thompson_0002.jpg,True,Tommy_Thompson,Tommy_Thompson/Tommy_Thompson_0008.jpg,True,1
267,1,Tommy_Thompson,Tommy_Thompson/Tommy_Thompson_0004.jpg,True,Tommy_Thompson,Tommy_Thompson/Tommy_Thompson_0008.jpg,True,1
268,1,Tommy_Thompson,Tommy_Thompson/Tommy_Thompson_0006.jpg,True,Tommy_Thompson,Tommy_Thompson/Tommy_Thompson_0009.jpg,True,1
269,1,Tomoko_Hagiwara,Tomoko_Hagiwara/Tomoko_Hagiwara_0001.jpg,True,Tomoko_Hagiwara,Tomoko_Hagiwara/Tomoko_Hagiwara_0002.jpg,True,1
270,1,Trent_Lott,Trent_Lott/Trent_Lott_0001.jpg,True,Trent_Lott,Trent_Lott/Trent_Lott_0002.jpg,True,1
271,1,Trent_Lott,Trent_Lott/Trent_Lott_0002.jpg,True,Trent_Lott,Trent_Lott/Trent_Lott_0003.jpg,True,1
272,1,Trent_Lott,Trent_Lott/Trent_Lott_0002.jpg,True,Trent_Lott,Trent_Lott/Trent_Lott_0008.jpg,True,1
273,1,Trent_Lott,Trent_Lott/Trent_Lott_0006.jpg,True,Trent_Lott,Trent_Lott/Trent_Lott_0011.jpg,True,1
274,1,Trent_Lott,Trent_Lott/Trent_Lott_0007.jpg,True,Trent_Lott,Trent_Lott/Trent_Lott_0010.jpg,True,1
275,1,Trent_Lott,Trent_Lott/Trent_Lott_0008.jpg,True,Trent_Lott,Trent_Lott/Trent_Lott_0016.jpg,True,1
276,1,Tsutomu_Takebe,Tsutomu_Takebe/Tsutomu_Takebe_0001.jpg,True,Tsutomu_Takebe,Tsutomu_Takebe/Tsutomu_Takebe_0002.jpg,True,1
277,1,Tyler_Hamilton,Tyler_Hamilton/Tyler_Hamilton_0001.jpg,False,Tyler_Hamilton,Tyler_Hamilton/Tyler_Hamilton_0002.jpg,False,1
278,1,Tyra_Banks,Tyra_Banks/Tyra_Banks_0001.jpg,True,Tyra_Banks,Tyra_Banks/Tyra_Banks_0002.jpg,True,1
279,1,Vaclav_Havel,Vaclav_Havel/Vaclav_Havel_0002.jpg,True,Vaclav_Havel,Vaclav_Havel/Vaclav_Havel_0004.jpg,True,1
280,1,Vaclav_Havel,Vaclav_Havel/Vaclav_Havel_0002.jpg,True,Vaclav_Havel,Vaclav_Havel/Vaclav_Havel_0005.jpg,True,1
281,1,Vaclav_Havel,Vaclav_Havel/Vaclav_Havel_0002.jpg,True,Vaclav_Havel,Vaclav_Havel/Vaclav_Havel_0006.jpg,True,1
282,1,Vaclav_Havel,Vaclav_Havel/Vaclav_Havel_0004.jpg,True,Vaclav_Havel,Vaclav_Havel/Vaclav_Havel_0009.jpg,True,1
283,1,Vaclav_Havel,Vaclav_Havel/Vaclav_Havel_0005.jpg,True,Vaclav_Havel,Vaclav_Havel/Vaclav_Havel_0007.jpg,True,1
284,1,Valerie_Harper,Valerie_Harper/Valerie_Harper_0001.jpg,False,Valerie_Harper,Valerie_Harper/Valerie_Harper_0002.jpg,False,1
285,1,Vince_Carter,Vince_Carter/Vince_Carter_0003.jpg,True,Vince_Carter,Vince_Carter/Vince_Carter_0004.jpg,True,1
286,1,Vincent_Brooks,Vincent_Brooks/Vincent_Brooks_0002.jpg,False,Vincent_Brooks,Vincent_Brooks/Vincent_Brooks_0003.jpg,False,1
287,1,Vincent_Brooks,Vincent_Brooks/Vincent_Brooks_0002.jpg,False,Vincent_Brooks,Vincent_Brooks/Vincent_Brooks_0007.jpg,False,1
288,1,Vincent_Brooks,Vincent_Brooks/Vincent_Brooks_0004.jpg,False,Vincent_Brooks,Vincent_Brooks/Vincent_Brooks_0005.jpg,False,1
289,1,Vincent_Brooks,Vincent_Brooks/Vincent_Brooks_0004.jpg,False,Vincent_Brooks,Vincent_Brooks/Vincent_Brooks_0007.jpg,False,1
290,1,Vincent_Gallo,Vincent_Gallo/Vincent_Gallo_0001.jpg,False,Vincent_Gallo,Vincent_Gallo/Vincent_Gallo_0002.jpg,False,1
291,1,Vitali_Klitschko,Vitali_Klitschko/Vitali_Klitschko_0001.jpg,False,Vitali_Klitschko,Vitali_Klitschko/Vitali_Klitschko_0002.jpg,False,1
292,1,Vitali_Klitschko,Vitali_Klitschko/Vitali_Klitschko_0003.jpg,False,Vitali_Klitschko,Vitali_Klitschko/Vitali_Klitschko_0004.jpg,False,1
293,1,William_Macy,William_Macy/William_Macy_0001.jpg,True,William_Macy,William_Macy/William_Macy_0004.jpg,True,1
294,1,William_Macy,William_Macy/William_Macy_0002.jpg,True,William_Macy,William_Macy/William_Macy_0004.jpg,True,1
295,1,William_Macy,William_Macy/William_Macy_0003.jpg,True,William_Macy,William_Macy/William_Macy_0004.jpg,True,1
296,1,Woody_Allen,Woody_Allen/Woody_Allen_0002.jpg,True,Woody_Allen,Woody_Allen/Woody_Allen_0004.jpg,True,1
297,1,Woody_Allen,Woody_Allen/Woody_Allen_0003.jpg,True,Woody_Allen,Woody_Allen/Woody_Allen_0005.jpg,True,1
298,1,Yukiko_Okudo,Yukiko_Okudo/Yukiko_Okudo_0001.jpg,True,Yukiko_Okudo,Yukiko_Okudo/Yukiko_Okudo_0002.jpg,True,1
299,1,Zico,Zico/Zico_0001.jpg,True,Zico,Zico/Zico_0002.jpg,True,1
300,1,Zico,Zico/Zico_0002.jpg,True,Zico,Zico/Zico_0003.jpg,True,1
301,1,Abdel_Madi_Shabneh,Abdel_Madi_Shabneh/Abdel_Madi_Shabneh_0001.jpg,False,Dean_Barker,Dean_Barker/Dean_Barker_0001.jpg,False,0
302,1,Abdel_Madi_Shabneh,Abdel_Madi_Shabneh/Abdel_Madi_Shabneh_0001.jpg,False,Giancarlo_Fisichella,Giancarlo_Fisichella/Giancarlo_Fisichella_0001.jpg,False,0
303,1,Abdel_Madi_Shabneh,Abdel_Madi_Shabneh/Abdel_Madi_Shabneh_0001.jpg,False,Mikhail_Gorbachev,Mikhail_Gorbachev/Mikhail_Gorbachev_0001.jpg,False,0
304,1,Abdul_Rahman,Abdul_Rahman/Abdul_Rahman_0001.jpg,True,Portia_de_Rossi,Portia_de_Rossi/Portia_de_Rossi_0001.jpg,False,0
305,1,Abel_Pacheco,Abel_Pacheco/Abel_Pacheco_0001.jpg,False,Jong_Thae_Hwa,Jong_Thae_Hwa/Jong_Thae_Hwa_0002.jpg,True,0
306,1,Abel_Pacheco,Abel_Pacheco/Abel_Pacheco_0002.jpg,False,Jean-Francois_Lemounier,Jean-Francois_Lemounier/Jean-Francois_Lemounier_0001.jpg,True,0
307,1,Afton_Smith,Afton_Smith/Afton_Smith_0001.jpg,True,Dwayne_Wade,Dwayne_Wade/Dwayne_Wade_0001.jpg,False,0
308,1,Ahmad_Jbarah,Ahmad_Jbarah/Ahmad_Jbarah_0001.jpg,False,James_Comey,James_Comey/James_Comey_0001.jpg,True,0
309,1,Akhmed_Zakayev,Akhmed_Zakayev/Akhmed_Zakayev_0002.jpg,True,Donna_Morrissey,Donna_Morrissey/Donna_Morrissey_0001.jpg,False,0
310,1,Alan_Dershowitz,Alan_Dershowitz/Alan_Dershowitz_0001.jpg,False,Bertrand_Bonello,Bertrand_Bonello/Bertrand_Bonello_0001.jpg,False,0
311,1,Alanis_Morissette,Alanis_Morissette/Alanis_Morissette_0001.jpg,False,Martin_Cauchon,Martin_Cauchon/Martin_Cauchon_0001.jpg,True,0
312,1,Alexander_Lukashenko,Alexander_Lukashenko/Alexander_Lukashenko_0001.jpg,False,Heather_Chinnock,Heather_Chinnock/Heather_Chinnock_0001.jpg,True,0
313,1,Alfonso_Cuaron,Alfonso_Cuaron/Alfonso_Cuaron_0001.jpg,True,Jason_Priestley,Jason_Priestley/Jason_Priestley_0001.jpg,False,0
314,1,Alfonso_Cuaron,Alfonso_Cuaron/Alfonso_Cuaron_0001.jpg,True,Patty_Schnyder,Patty_Schnyder/Patty_Schnyder_0002.jpg,True,0
315,1,Alfonso_Soriano,Alfonso_Soriano/Alfonso_Soriano_0001.jpg,False,Bill_Nelson,Bill_Nelson/Bill_Nelson_0002.jpg,False,0
316,1,Alfonso_Soriano,Alfonso_Soriano/Alfonso_Soriano_0001.jpg,False,Julio_De_Brun,Julio_De_Brun/Julio_De_Brun_0001.jpg,False,0
317,1,Alfonso_Soriano,Alfonso_Soriano/Alfonso_Soriano_0001.jpg,False,Patty_Schnyder,Patty_Schnyder/Patty_Schnyder_0003.jpg,True,0
318,1,Alonzo_Mourning,Alonzo_Mourning/Alonzo_Mourning_0001.jpg,False,Cecilia_Cheung,Cecilia_Cheung/Cecilia_Cheung_0001.jpg,True,0
319,1,Amber_Tamblyn,Amber_Tamblyn/Amber_Tamblyn_0002.jpg,False,Benjamin_Netanyahu,Benjamin_Netanyahu/Benjamin_Netanyahu_0001.jpg,True,0
320,1,Amporn_Falise,Amporn_Falise/Amporn_Falise_0001.jpg,False,Joe_Pantoliano,Joe_Pantoliano/Joe_Pantoliano_0001.jpg,False,0
321,1,Anders_Fogh_Rasmussen,Anders_Fogh_Rasmussen/Anders_Fogh_Rasmussen_0002.jpg,True,Johnson_Panjaitan,Johnson_Panjaitan/Johnson_Panjaitan_0002.jpg,True,0
322,1,Andre_Bucher,Andre_Bucher/Andre_Bucher_0001.jpg,False,Joseph_Ralston,Joseph_Ralston/Joseph_Ralston_0001.jpg,True,0
323,1,Andre_Bucher,Andre_Bucher/Andre_Bucher_0001.jpg,False,Maria_Garcia,Maria_Garcia/Maria_Garcia_0001.jpg,False,0
324,1,Andrew_Gilligan,Andrew_Gilligan/Andrew_Gilligan_0001.jpg,False,Henry_Castellanos,Henry_Castellanos/Henry_Castellanos_0001.jpg,False,0
325,1,Andrew_Shutley,Andrew_Shutley/Andrew_Shutley_0001.jpg,False,Edmund_Stoiber,Edmund_Stoiber/Edmund_Stoiber_0005.jpg,True,0
326,1,Andrew_Shutley,Andrew_Shutley/Andrew_Shutley_0001.jpg,False,Mitchell_Swartz,Mitchell_Swartz/Mitchell_Swartz_0001.jpg,False,0
327,1,Andrew_Shutley,Andrew_Shutley/Andrew_Shutley_0001.jpg,False,Saeb_Erekat,Saeb_Erekat/Saeb_Erekat_0002.jpg,False,0
328,1,Andy_Dick,Andy_Dick/Andy_Dick_0001.jpg,False,Simon_Yam,Simon_Yam/Simon_Yam_0001.jpg,False,0
329,1,Andy_Griffith,Andy_Griffith/Andy_Griffith_0001.jpg,True,Osrat_Iosef,Osrat_Iosef/Osrat_Iosef_0001.jpg,False,0
330,1,Andy_Wisecarver,Andy_Wisecarver/Andy_Wisecarver_0001.jpg,True,Dimitar_Berbatov,Dimitar_Berbatov/Dimitar_Berbatov_0001.jpg,False,0
331,1,Angela_Lansbury,Angela_Lansbury/Angela_Lansbury_0001.jpg,False,Steven_Van_Zandt,Steven_Van_Zandt/Steven_Van_Zandt_0001.jpg,False,0
332,1,Angela_Lansbury,Angela_Lansbury/Angela_Lansbury_0002.jpg,False,John_Coomber,John_Coomber/John_Coomber_0001.jpg,False,0
333,1,Ann_Veneman,Ann_Veneman/Ann_Veneman_0006.jpg,True,Sergio_Garcia,Sergio_Garcia/Sergio_Garcia_0002.jpg,True,0
334,1,Ann_Veneman,Ann_Veneman/Ann_Veneman_0008.jpg,True,Ted_Williams,Ted_Williams/Ted_Williams_0001.jpg,False,0
335,1,Annie-Jeanne_Reynaud,Annie-Jeanne_Reynaud/Annie-Jeanne_Reynaud_0001.jpg,False,SJ_Twu,SJ_Twu/SJ_Twu_0001.jpg,False,0
336,1,Anthony_Carter,Anthony_Carter/Anthony_Carter_0001.jpg,False,Eliza_Dushku,Eliza_Dushku/Eliza_Dushku_0001.jpg,False,0
337,1,Antonio_Cassano,Antonio_Cassano/Antonio_Cassano_0001.jpg,False,Paul_Celluci,Paul_Celluci/Paul_Celluci_0001.jpg,False,0
338,1,Anwar_Ibrahim,Anwar_Ibrahim/Anwar_Ibrahim_0001.jpg,False,David_Alpay,David_Alpay/David_Alpay_0001.jpg,False,0
339,1,Armand_Sargen,Armand_Sargen/Armand_Sargen_0001.jpg,False,Daryl_Sabara,Daryl_Sabara/Daryl_Sabara_0001.jpg,False,0
340,1,Armand_Sargen,Armand_Sargen/Armand_Sargen_0001.jpg,False,Kelvin_Sampson,Kelvin_Sampson/Kelvin_Sampson_0003.jpg,True,0
341,1,Armand_Sargen,Armand_Sargen/Armand_Sargen_0001.jpg,False,Lisa_Gottsegen,Lisa_Gottsegen/Lisa_Gottsegen_0002.jpg,True,0
342,1,Atom_Egoyan,Atom_Egoyan/Atom_Egoyan_0001.jpg,False,Bill_Stapleton,Bill_Stapleton/Bill_Stapleton_0001.jpg,False,0
343,1,Atom_Egoyan,Atom_Egoyan/Atom_Egoyan_0001.jpg,False,Janis_Ruth_Coulter,Janis_Ruth_Coulter/Janis_Ruth_Coulter_0001.jpg,True,0
344,1,Barbara_Brezigar,Barbara_Brezigar/Barbara_Brezigar_0002.jpg,False,Doris_Roberts,Doris_Roberts/Doris_Roberts_0002.jpg,True,0
345,1,Barbara_Felt-Miller,Barbara_Felt-Miller/Barbara_Felt-Miller_0001.jpg,False,Leticia_Dolera,Leticia_Dolera/Leticia_Dolera_0001.jpg,False,0
346,1,Bart_Freundlich,Bart_Freundlich/Bart_Freundlich_0001.jpg,True,Ernie_Grunfeld,Ernie_Grunfeld/Ernie_Grunfeld_0001.jpg,False,0
347,1,Bart_Freundlich,Bart_Freundlich/Bart_Freundlich_0001.jpg,True,Kirsten_Gilham,Kirsten_Gilham/Kirsten_Gilham_0001.jpg,True,0
348,1,Benjamin_Martinez,Benjamin_Martinez/Benjamin_Martinez_0001.jpg,False,Garry_McCoy,Garry_McCoy/Garry_McCoy_0001.jpg,True,0
349,1,Benjamin_Netanyahu,Benjamin_Netanyahu/Benjamin_Netanyahu_0001.jpg,True,Maria_Callas,Maria_Callas/Maria_Callas_0001.jpg,False,0
350,1,Benjamin_Netanyahu,Benjamin_Netanyahu/Benjamin_Netanyahu_0005.jpg,True,Frank_Beamer,Frank_Beamer/Frank_Beamer_0001.jpg,False,0
351,1,Bernard_Law,Bernard_Law/Bernard_Law_0001.jpg,True,Liu_Xiaoqing,Liu_Xiaoqing/Liu_Xiaoqing_0001.jpg,True,0
352,1,Bernard_Law,Bernard_Law/Bernard_Law_0003.jpg,True,Valerie_Harper,Valerie_Harper/Valerie_Harper_0002.jpg,False,0
353,1,Bertrand_Bonello,Bertrand_Bonello/Bertrand_Bonello_0001.jpg,False,Jong_Thae_Hwa,Jong_Thae_Hwa/Jong_Thae_Hwa_0002.jpg,True,0
354,1,Bill_Bradley,Bill_Bradley/Bill_Bradley_0001.jpg,True,Chen_Tsai-chin,Chen_Tsai-chin/Chen_Tsai-chin_0001.jpg,False,0
355,1,Bill_Bradley,Bill_Bradley/Bill_Bradley_0001.jpg,True,Helen_Alvare,Helen_Alvare/Helen_Alvare_0001.jpg,False,0
356,1,Bill_Elliott,Bill_Elliott/Bill_Elliott_0001.jpg,False,Mary_Anne_Souza,Mary_Anne_Souza/Mary_Anne_Souza_0001.jpg,False,0
357,1,Bill_Frist,Bill_Frist/Bill_Frist_0005.jpg,True,Jimmy_Kimmel,Jimmy_Kimmel/Jimmy_Kimmel_0002.jpg,False,0
358,1,Bill_Maher,Bill_Maher/Bill_Maher_0001.jpg,False,Brad_Russ,Brad_Russ/Brad_Russ_0001.jpg,False,0
359,1,Bill_Maher,Bill_Maher/Bill_Maher_0001.jpg,False,Juliette_Binoche,Juliette_Binoche/Juliette_Binoche_0001.jpg,False,0
360,1,Bill_Nelson,Bill_Nelson/Bill_Nelson_0001.jpg,False,Kim_Jong-Il,Kim_Jong-Il/Kim_Jong-Il_0003.jpg,False,0
361,1,Bill_Nelson,Bill_Nelson/Bill_Nelson_0002.jpg,False,Gillian_Anderson,Gillian_Anderson/Gillian_Anderson_0001.jpg,False,0
362,1,Bill_Stapleton,Bill_Stapleton/Bill_Stapleton_0001.jpg,False,Sedigh_Barmak,Sedigh_Barmak/Sedigh_Barmak_0001.jpg,False,0
363,1,Bill_Stapleton,Bill_Stapleton/Bill_Stapleton_0001.jpg,False,Valerie_Harper,Valerie_Harper/Valerie_Harper_0001.jpg,False,0
364,1,Billy_Bob_Thornton,Billy_Bob_Thornton/Billy_Bob_Thornton_0001.jpg,True,Herb_Dhaliwal,Herb_Dhaliwal/Herb_Dhaliwal_0001.jpg,False,0
365,1,Billy_Bob_Thornton,Billy_Bob_Thornton/Billy_Bob_Thornton_0001.jpg,True,Nong_Duc_Manh,Nong_Duc_Manh/Nong_Duc_Manh_0001.jpg,True,0
366,1,Bob_Alper,Bob_Alper/Bob_Alper_0001.jpg,False,Kevin_Millwood,Kevin_Millwood/Kevin_Millwood_0001.jpg,False,0
367,1,Bob_Graham,Bob_Graham/Bob_Graham_0002.jpg,True,Dwayne_Wade,Dwayne_Wade/Dwayne_Wade_0001.jpg,False,0
368,1,Bob_Petrino,Bob_Petrino/Bob_Petrino_0001.jpg,True,Geraldine_Chaplin,Geraldine_Chaplin/Geraldine_Chaplin_0004.jpg,False,0
369,1,Bob_Petrino,Bob_Petrino/Bob_Petrino_0001.jpg,True,Jorge_Castaneda,Jorge_Castaneda/Jorge_Castaneda_0001.jpg,False,0
370,1,Boris_Becker,Boris_Becker/Boris_Becker_0004.jpg,True,Julianna_Margulies,Julianna_Margulies/Julianna_Margulies_0002.jpg,True,0
371,1,Brad_Russ,Brad_Russ/Brad_Russ_0001.jpg,False,Hana_Urushima,Hana_Urushima/Hana_Urushima_0001.jpg,True,0
372,1,Brad_Russ,Brad_Russ/Brad_Russ_0001.jpg,False,Romeo_Gigli,Romeo_Gigli/Romeo_Gigli_0001.jpg,False,0
373,1,Brawley_King,Brawley_King/Brawley_King_0001.jpg,False,Tom_Glavine,Tom_Glavine/Tom_Glavine_0002.jpg,True,0
374,1,Brian_Griese,Brian_Griese/Brian_Griese_0002.jpg,False,Jeffrey_Archer,Jeffrey_Archer/Jeffrey_Archer_0002.jpg,True,0
375,1,Brian_Griese,Brian_Griese/Brian_Griese_0002.jpg,False,Laura_Elena_Harring,Laura_Elena_Harring/Laura_Elena_Harring_0001.jpg,False,0
376,1,Brian_Griese,Brian_Griese/Brian_Griese_0002.jpg,False,Nicolas_Lapentti,Nicolas_Lapentti/Nicolas_Lapentti_0002.jpg,False,0
377,1,Bryan_Adams,Bryan_Adams/Bryan_Adams_0001.jpg,True,Michael_Kors,Michael_Kors/Michael_Kors_0001.jpg,False,0
378,1,Bryan_Adams,Bryan_Adams/Bryan_Adams_0001.jpg,True,Mohamed_Seineldin,Mohamed_Seineldin/Mohamed_Seineldin_0001.jpg,False,0
379,1,Calbert_Cheaney,Calbert_Cheaney/Calbert_Cheaney_0001.jpg,True,Ian_Smith,Ian_Smith/Ian_Smith_0001.jpg,False,0
380,1,Calbert_Cheaney,Calbert_Cheaney/Calbert_Cheaney_0001.jpg,True,Robert_Downey_Jr,Robert_Downey_Jr/Robert_Downey_Jr_0001.jpg,False,0
381,1,Carl_Reiner,Carl_Reiner/Carl_Reiner_0001.jpg,False,Hamid_Efendi,Hamid_Efendi/Hamid_Efendi_0001.jpg,True,0
382,1,Carl_Reiner,Carl_Reiner/Carl_Reiner_0002.jpg,False,John_Engler,John_Engler/John_Engler_0001.jpg,False,0
383,1,Carl_Reiner,Carl_Reiner/Carl_Reiner_0002.jpg,False,Prince_Rainier_III,Prince_Rainier_III/Prince_Rainier_III_0001.jpg,False,0
384,1,Carl_Reiner,Carl_Reiner/Carl_Reiner_0002.jpg,False,Tom_Glavine,Tom_Glavine/Tom_Glavine_0002.jpg,True,0
385,1,Carlo_Azeglio_Ciampi,Carlo_Azeglio_Ciampi/Carlo_Azeglio_Ciampi_0001.jpg,False,Francis_Ford_Coppola,Francis_Ford_Coppola/Francis_Ford_Coppola_0001.jpg,False,0
386,1,Carlos_Arroyo,Carlos_Arroyo/Carlos_Arroyo_0001.jpg,True,Shane_Phillips,Shane_Phillips/Shane_Phillips_0001.jpg,False,0
387,1,Carlos_Paternina,Carlos_Paternina/Carlos_Paternina_0001.jpg,False,Emily_Stevens,Emily_Stevens/Emily_Stevens_0001.jpg,False,0
388,1,Carlos_Paternina,Carlos_Paternina/Carlos_Paternina_0001.jpg,False,Paul_Sarbanes,Paul_Sarbanes/Paul_Sarbanes_0001.jpg,True,0
389,1,Casey_Mears,Casey_Mears/Casey_Mears_0001.jpg,False,Mike_Davis,Mike_Davis/Mike_Davis_0001.jpg,False,0
390,1,Casey_Mears,Casey_Mears/Casey_Mears_0001.jpg,False,Yukiko_Okudo,Yukiko_Okudo/Yukiko_Okudo_0001.jpg,True,0
391,1,Cathy_Freeman,Cathy_Freeman/Cathy_Freeman_0002.jpg,True,William_Martin,William_Martin/William_Martin_0002.jpg,False,0
392,1,Cecilia_Cheung,Cecilia_Cheung/Cecilia_Cheung_0001.jpg,True,Daryl_Parks,Daryl_Parks/Daryl_Parks_0001.jpg,False,0
393,1,Cecilia_Cheung,Cecilia_Cheung/Cecilia_Cheung_0001.jpg,True,Pascal_Affi_Nguessan,Pascal_Affi_Nguessan/Pascal_Affi_Nguessan_0001.jpg,False,0
394,1,Chen_Tsai-chin,Chen_Tsai-chin/Chen_Tsai-chin_0001.jpg,False,Dereck_Whittenburg,Dereck_Whittenburg/Dereck_Whittenburg_0001.jpg,False,0
395,1,Chen_Tsai-chin,Chen_Tsai-chin/Chen_Tsai-chin_0001.jpg,False,Mamdouh_Habib,Mamdouh_Habib/Mamdouh_Habib_0001.jpg,True,0
396,1,Cho_Myung-kyun,Cho_Myung-kyun/Cho_Myung-kyun_0001.jpg,False,David_Bell,David_Bell/David_Bell_0001.jpg,False,0
397,1,Cho_Myung-kyun,Cho_Myung-kyun/Cho_Myung-kyun_0001.jpg,False,Fernando_Sanz,Fernando_Sanz/Fernando_Sanz_0001.jpg,False,0
398,1,Cho_Myung-kyun,Cho_Myung-kyun/Cho_Myung-kyun_0001.jpg,False,Georgia_Giddings,Georgia_Giddings/Georgia_Giddings_0001.jpg,True,0
399,1,Cho_Myung-kyun,Cho_Myung-kyun/Cho_Myung-kyun_0001.jpg,False,Richard_Fine,Richard_Fine/Richard_Fine_0001.jpg,False,0
400,1,Choi_Yun-yong,Choi_Yun-yong/Choi_Yun-yong_0001.jpg,False,Chuck_Eidson,Chuck_Eidson/Chuck_Eidson_0001.jpg,False,0
401,1,Chris_Dodd,Chris_Dodd/Chris_Dodd_0001.jpg,True,Taylor_Twellman,Taylor_Twellman/Taylor_Twellman_0001.jpg,True,0
402,1,Chris_Swecker,Chris_Swecker/Chris_Swecker_0001.jpg,False,Tom_Vilsack,Tom_Vilsack/Tom_Vilsack_0001.jpg,False,0
403,1,Christian_Lacroix,Christian_Lacroix/Christian_Lacroix_0001.jpg,False,Laura_Elena_Harring,Laura_Elena_Harring/Laura_Elena_Harring_0001.jpg,False,0
404,1,Christian_Lacroix,Christian_Lacroix/Christian_Lacroix_0001.jpg,False,Ornella_Muti,Ornella_Muti/Ornella_Muti_0001.jpg,False,0
405,1,Chuck_Eidson,Chuck_Eidson/Chuck_Eidson_0001.jpg,False,Sigourney_Weaver,Sigourney_Weaver/Sigourney_Weaver_0001.jpg,False,0
406,1,Clare_Short,Clare_Short/Clare_Short_0004.jpg,False,Don_Carcieri,Don_Carcieri/Don_Carcieri_0001.jpg,False,0
407,1,Coco_dEste,Coco_dEste/Coco_dEste_0001.jpg,False,Darvis_Patton,Darvis_Patton/Darvis_Patton_0001.jpg,False,0
408,1,Coco_dEste,Coco_dEste/Coco_dEste_0001.jpg,False,Melina_Kanakaredes,Melina_Kanakaredes/Melina_Kanakaredes_0001.jpg,True,0
409,1,Coco_dEste,Coco_dEste/Coco_dEste_0001.jpg,False,Tom_Rouen,Tom_Rouen/Tom_Rouen_0001.jpg,True,0
410,1,Coleen_Rowley,Coleen_Rowley/Coleen_Rowley_0001.jpg,False,Nong_Duc_Manh,Nong_Duc_Manh/Nong_Duc_Manh_0001.jpg,True,0
411,1,Corinne_Coman,Corinne_Coman/Corinne_Coman_0002.jpg,True,Frank_Beamer,Frank_Beamer/Frank_Beamer_0001.jpg,False,0
412,1,Dale_Earnhardt_Jr,Dale_Earnhardt_Jr/Dale_Earnhardt_Jr_0001.jpg,True,Nick_Reilly,Nick_Reilly/Nick_Reilly_0001.jpg,True,0
413,1,Dario_Franchitti,Dario_Franchitti/Dario_Franchitti_0001.jpg,True,Henry_Castellanos,Henry_Castellanos/Henry_Castellanos_0001.jpg,False,0
414,1,Darren_Campel,Darren_Campel/Darren_Campel_0001.jpg,False,Hilary_McKay,Hilary_McKay/Hilary_McKay_0001.jpg,False,0
415,1,Darvis_Patton,Darvis_Patton/Darvis_Patton_0001.jpg,False,Gerard_Tronche,Gerard_Tronche/Gerard_Tronche_0001.jpg,False,0
416,1,Darvis_Patton,Darvis_Patton/Darvis_Patton_0001.jpg,False,William_Macy,William_Macy/William_Macy_0004.jpg,True,0
417,1,Daryl_Parks,Daryl_Parks/Daryl_Parks_0001.jpg,False,Guus_Hiddink,Guus_Hiddink/Guus_Hiddink_0001.jpg,False,0
418,1,Daryl_Sabara,Daryl_Sabara/Daryl_Sabara_0001.jpg,False,Nick_Reilly,Nick_Reilly/Nick_Reilly_0001.jpg,True,0
419,1,Daryl_Sabara,Daryl_Sabara/Daryl_Sabara_0001.jpg,False,Valentina_Tereshkova,Valentina_Tereshkova/Valentina_Tereshkova_0001.jpg,False,0
420,1,Dave_Johnson,Dave_Johnson/Dave_Johnson_0001.jpg,True,Howard_Stern,Howard_Stern/Howard_Stern_0001.jpg,False,0
421,1,Dave_Tucker,Dave_Tucker/Dave_Tucker_0001.jpg,False,Gary_Gitnick,Gary_Gitnick/Gary_Gitnick_0001.jpg,False,0
422,1,David_Collenette,David_Collenette/David_Collenette_0001.jpg,False,Salman_Khan,Salman_Khan/Salman_Khan_0001.jpg,True,0
423,1,David_Westerfield,David_Westerfield/David_Westerfield_0001.jpg,True,Stan_Kroenke,Stan_Kroenke/Stan_Kroenke_0001.jpg,False,0
424,1,Dean_Jacek,Dean_Jacek/Dean_Jacek_0001.jpg,False,Larry_Wilmore,Larry_Wilmore/Larry_Wilmore_0001.jpg,True,0
425,1,Demi_Moore,Demi_Moore/Demi_Moore_0002.jpg,False,Fred_Thompson,Fred_Thompson/Fred_Thompson_0001.jpg,True,0
426,1,Demi_Moore,Demi_Moore/Demi_Moore_0002.jpg,False,Linus_Roache,Linus_Roache/Linus_Roache_0001.jpg,False,0
427,1,Dereck_Whittenburg,Dereck_Whittenburg/Dereck_Whittenburg_0001.jpg,False,Lindsey_Graham,Lindsey_Graham/Lindsey_Graham_0002.jpg,False,0
428,1,Dianne_Reeves,Dianne_Reeves/Dianne_Reeves_0001.jpg,False,Larry_Wilmore,Larry_Wilmore/Larry_Wilmore_0001.jpg,True,0
429,1,Dianne_Reeves,Dianne_Reeves/Dianne_Reeves_0001.jpg,False,Romeo_Gigli,Romeo_Gigli/Romeo_Gigli_0001.jpg,False,0
430,1,Don_Carcieri,Don_Carcieri/Don_Carcieri_0001.jpg,False,Janica_Kostelic,Janica_Kostelic/Janica_Kostelic_0001.jpg,False,0
431,1,Dora_Bakoyianni,Dora_Bakoyianni/Dora_Bakoyianni_0001.jpg,True,Richard_Sambrook,Richard_Sambrook/Richard_Sambrook_0002.jpg,False,0
432,1,Dora_Bakoyianni,Dora_Bakoyianni/Dora_Bakoyianni_0001.jpg,True,Saeb_Erekat,Saeb_Erekat/Saeb_Erekat_0002.jpg,False,0
433,1,Doris_Roberts,Doris_Roberts/Doris_Roberts_0001.jpg,True,Nong_Duc_Manh,Nong_Duc_Manh/Nong_Duc_Manh_0001.jpg,True,0
434,1,Doug_Wilson,Doug_Wilson/Doug_Wilson_0001.jpg,False,Szu_Yu_Chen,Szu_Yu_Chen/Szu_Yu_Chen_0001.jpg,False,0
435,1,Douglas_Gansler,Douglas_Gansler/Douglas_Gansler_0001.jpg,True,Martin_Brooke,Martin_Brooke/Martin_Brooke_0001.jpg,False,0
436,1,Douglas_Gansler,Douglas_Gansler/Douglas_Gansler_0001.jpg,True,Ronald_Kadish,Ronald_Kadish/Ronald_Kadish_0001.jpg,True,0
437,1,Dwayne_Wade,Dwayne_Wade/Dwayne_Wade_0001.jpg,False,Mike_Farrar,Mike_Farrar/Mike_Farrar_0001.jpg,False,0
438,1,Edward_Arsenault,Edward_Arsenault/Edward_Arsenault_0001.jpg,True,Jim_Hardin,Jim_Hardin/Jim_Hardin_0001.jpg,False,0
439,1,Einars_Repse,Einars_Repse/Einars_Repse_0001.jpg,False,Minnie_Mendoza,Minnie_Mendoza/Minnie_Mendoza_0001.jpg,False,0
440,1,Einars_Repse,Einars_Repse/Einars_Repse_0001.jpg,False,Tim_Blake_Nelson,Tim_Blake_Nelson/Tim_Blake_Nelson_0001.jpg,False,0
441,1,Elinor_Caplan,Elinor_Caplan/Elinor_Caplan_0001.jpg,False,Hilary_McKay,Hilary_McKay/Hilary_McKay_0001.jpg,False,0
442,1,Eliza_Dushku,Eliza_Dushku/Eliza_Dushku_0001.jpg,False,George_Lucas,George_Lucas/George_Lucas_0001.jpg,False,0
443,1,Eliza_Dushku,Eliza_Dushku/Eliza_Dushku_0001.jpg,False,Itzhak_Perlman,Itzhak_Perlman/Itzhak_Perlman_0001.jpg,False,0
444,1,Emily_Stevens,Emily_Stevens/Emily_Stevens_0001.jpg,False,Janez_Drnovsek,Janez_Drnovsek/Janez_Drnovsek_0001.jpg,False,0
445,1,Emmanuelle_Beart,Emmanuelle_Beart/Emmanuelle_Beart_0002.jpg,False,Phil_Jackson,Phil_Jackson/Phil_Jackson_0001.jpg,True,0
446,1,Eric_Daze,Eric_Daze/Eric_Daze_0001.jpg,True,Sterling_Hitchcock,Sterling_Hitchcock/Sterling_Hitchcock_0001.jpg,False,0
447,1,Erika_Christensen,Erika_Christensen/Erika_Christensen_0002.jpg,True,Michael_Dell,Michael_Dell/Michael_Dell_0001.jpg,False,0
448,1,Erika_Christensen,Erika_Christensen/Erika_Christensen_0002.jpg,True,Woody_Allen,Woody_Allen/Woody_Allen_0002.jpg,True,0
449,1,Eriko_Tamura,Eriko_Tamura/Eriko_Tamura_0001.jpg,False,Georgia_Giddings,Georgia_Giddings/Georgia_Giddings_0001.jpg,True,0
450,1,Ernie_Grunfeld,Ernie_Grunfeld/Ernie_Grunfeld_0001.jpg,False,Frank_Coraci,Frank_Coraci/Frank_Coraci_0001.jpg,False,0
451,1,Eugene_Melnyk,Eugene_Melnyk/Eugene_Melnyk_0001.jpg,False,Mahima_Chaudhari,Mahima_Chaudhari/Mahima_Chaudhari_0001.jpg,False,0
452,1,Fatma_Kusibeh,Fatma_Kusibeh/Fatma_Kusibeh_0001.jpg,False,Lee_Baca,Lee_Baca/Lee_Baca_0001.jpg,False,0
453,1,Federico_Trillo,Federico_Trillo/Federico_Trillo_0001.jpg,True,Jonathan_Woodgate,Jonathan_Woodgate/Jonathan_Woodgate_0001.jpg,False,0
454,1,Fernando_Alonso,Fernando_Alonso/Fernando_Alonso_0001.jpg,False,Sam_Brownback,Sam_Brownback/Sam_Brownback_0001.jpg,True,0
455,1,Fernando_Sanz,Fernando_Sanz/Fernando_Sanz_0001.jpg,False,Miranda_Otto,Miranda_Otto/Miranda_Otto_0001.jpg,True,0
456,1,Fernando_Sanz,Fernando_Sanz/Fernando_Sanz_0001.jpg,False,Roy_Moore,Roy_Moore/Roy_Moore_0001.jpg,False,0
457,1,Flor_Montulo,Flor_Montulo/Flor_Montulo_0002.jpg,False,Juan_Pablo_Montoya,Juan_Pablo_Montoya/Juan_Pablo_Montoya_0001.jpg,True,0
458,1,Francisco_Garcia,Francisco_Garcia/Francisco_Garcia_0001.jpg,True,Marsha_Sharp,Marsha_Sharp/Marsha_Sharp_0001.jpg,True,0
459,1,Francois_Ozon,Francois_Ozon/Francois_Ozon_0001.jpg,False,Makiya_Ali_Hassan,Makiya_Ali_Hassan/Makiya_Ali_Hassan_0001.jpg,False,0
460,1,Frank_Coraci,Frank_Coraci/Frank_Coraci_0001.jpg,False,Tomoko_Hagiwara,Tomoko_Hagiwara/Tomoko_Hagiwara_0002.jpg,True,0
461,1,Frank_Van_Ecke,Frank_Van_Ecke/Frank_Van_Ecke_0001.jpg,False,Tsutomu_Takebe,Tsutomu_Takebe/Tsutomu_Takebe_0001.jpg,True,0
462,1,Fred_Thompson,Fred_Thompson/Fred_Thompson_0002.jpg,True,Helen_Alvare,Helen_Alvare/Helen_Alvare_0001.jpg,False,0
463,1,Fred_Thompson,Fred_Thompson/Fred_Thompson_0002.jpg,True,Sterling_Hitchcock,Sterling_Hitchcock/Sterling_Hitchcock_0001.jpg,False,0
464,1,Fred_Thompson,Fred_Thompson/Fred_Thompson_0003.jpg,True,Magda_Kertasz,Magda_Kertasz/Magda_Kertasz_0001.jpg,True,0
465,1,Garry_Trudeau,Garry_Trudeau/Garry_Trudeau_0001.jpg,False,Pat_Riley,Pat_Riley/Pat_Riley_0001.jpg,False,0
466,1,Garry_Witherall,Garry_Witherall/Garry_Witherall_0001.jpg,False,Howard_Stern,Howard_Stern/Howard_Stern_0001.jpg,False,0
467,1,Garry_Witherall,Garry_Witherall/Garry_Witherall_0001.jpg,False,Ingrid_Betancourt,Ingrid_Betancourt/Ingrid_Betancourt_0001.jpg,False,0
468,1,Garry_Witherall,Garry_Witherall/Garry_Witherall_0001.jpg,False,Martin_Keown,Martin_Keown/Martin_Keown_0001.jpg,False,0
469,1,Gary_Gero,Gary_Gero/Gary_Gero_0001.jpg,True,Kim_Hong-gul,Kim_Hong-gul/Kim_Hong-gul_0001.jpg,False,0
470,1,Gary_Gero,Gary_Gero/Gary_Gero_0001.jpg,True,Phil_Gramm,Phil_Gramm/Phil_Gramm_0001.jpg,True,0
471,1,Gavin_Degraw,Gavin_Degraw/Gavin_Degraw_0001.jpg,False,Jeffrey_Archer,Jeffrey_Archer/Jeffrey_Archer_0001.jpg,True,0
472,1,Gene_Robinson,Gene_Robinson/Gene_Robinson_0003.jpg,False,Martha_Bowen,Martha_Bowen/Martha_Bowen_0002.jpg,False,0
473,1,Georgia_Giddings,Georgia_Giddings/Georgia_Giddings_0001.jpg,True,Mahima_Chaudhari,Mahima_Chaudhari/Mahima_Chaudhari_0001.jpg,False,0
474,1,Geovani_Lapentti,Geovani_Lapentti/Geovani_Lapentti_0001.jpg,False,Rodney_Rempt,Rodney_Rempt/Rodney_Rempt_0001.jpg,False,0
475,1,Geovani_Lapentti,Geovani_Lapentti/Geovani_Lapentti_0001.jpg,False,Sam_Brownback,Sam_Brownback/Sam_Brownback_0001.jpg,True,0
476,1,Gerard_de_Cortanze,Gerard_de_Cortanze/Gerard_de_Cortanze_0001.jpg,True,Mark_Wahlberg,Mark_Wahlberg/Mark_Wahlberg_0001.jpg,True,0
477,1,Gian_Marco,Gian_Marco/Gian_Marco_0002.jpg,True,Kevin_Stallings,Kevin_Stallings/Kevin_Stallings_0002.jpg,False,0
478,1,Giancarlo_Fisichella,Giancarlo_Fisichella/Giancarlo_Fisichella_0001.jpg,False,Maria_Callas,Maria_Callas/Maria_Callas_0001.jpg,False,0
479,1,Gideon_Yago,Gideon_Yago/Gideon_Yago_0001.jpg,False,Natalie_Williams,Natalie_Williams/Natalie_Williams_0001.jpg,False,0
480,1,Gideon_Yago,Gideon_Yago/Gideon_Yago_0001.jpg,False,Paul_William_Hurley,Paul_William_Hurley/Paul_William_Hurley_0001.jpg,False,0
481,1,Glenn_Plummer,Glenn_Plummer/Glenn_Plummer_0001.jpg,False,Maria_Garcia,Maria_Garcia/Maria_Garcia_0001.jpg,False,0
482,1,Grant_Hackett,Grant_Hackett/Grant_Hackett_0001.jpg,False,Todd_Robbins,Todd_Robbins/Todd_Robbins_0001.jpg,False,0
483,1,Grant_Hackett,Grant_Hackett/Grant_Hackett_0003.jpg,False,Milo_Djukanovic,Milo_Djukanovic/Milo_Djukanovic_0003.jpg,True,0
484,1,Gray_Davis,Gray_Davis/Gray_Davis_0026.jpg,True,Karen_Lynn_Gorney,Karen_Lynn_Gorney/Karen_Lynn_Gorney_0001.jpg,True,0
485,1,Gregg_Popovich,Gregg_Popovich/Gregg_Popovich_0003.jpg,False,Vernon_Forrest,Vernon_Forrest/Vernon_Forrest_0001.jpg,False,0
486,1,Gregor_Gysi,Gregor_Gysi/Gregor_Gysi_0001.jpg,True,Tomoko_Hagiwara,Tomoko_Hagiwara/Tomoko_Hagiwara_0001.jpg,True,0
487,1,Guy_Ritchie,Guy_Ritchie/Guy_Ritchie_0002.jpg,False,Herb_Dhaliwal,Herb_Dhaliwal/Herb_Dhaliwal_0001.jpg,False,0
488,1,Guy_Ritchie,Guy_Ritchie/Guy_Ritchie_0002.jpg,False,William_Macy,William_Macy/William_Macy_0001.jpg,True,0
489,1,Hamid_Efendi,Hamid_Efendi/Hamid_Efendi_0001.jpg,True,Jimmy_Carter,Jimmy_Carter/Jimmy_Carter_0008.jpg,True,0
490,1,Hamzah_Haz,Hamzah_Haz/Hamzah_Haz_0002.jpg,True,Hilary_McKay,Hilary_McKay/Hilary_McKay_0001.jpg,False,0
491,1,Harald_Ringstorff,Harald_Ringstorff/Harald_Ringstorff_0001.jpg,True,Pat_Riley,Pat_Riley/Pat_Riley_0001.jpg,False,0
492,1,Harald_Ringstorff,Harald_Ringstorff/Harald_Ringstorff_0001.jpg,True,Romano_Prodi,Romano_Prodi/Romano_Prodi_0006.jpg,True,0
493,1,Heather_Chinnock,Heather_Chinnock/Heather_Chinnock_0001.jpg,True,Jean-Francois_Lemounier,Jean-Francois_Lemounier/Jean-Francois_Lemounier_0001.jpg,True,0
494,1,Helen_Alvare,Helen_Alvare/Helen_Alvare_0001.jpg,False,Milo_Djukanovic,Milo_Djukanovic/Milo_Djukanovic_0001.jpg,True,0
495,1,Henry_Castellanos,Henry_Castellanos/Henry_Castellanos_0001.jpg,False,Pamela_Anderson,Pamela_Anderson/Pamela_Anderson_0004.jpg,True,0
496,1,Henry_Castellanos,Henry_Castellanos/Henry_Castellanos_0001.jpg,False,Tommy_Shane_Steiner,Tommy_Shane_Steiner/Tommy_Shane_Steiner_0001.jpg,False,0
497,1,Herb_Dhaliwal,Herb_Dhaliwal/Herb_Dhaliwal_0001.jpg,False,Hung_Wan-ting,Hung_Wan-ting/Hung_Wan-ting_0001.jpg,False,0
498,1,Hilary_McKay,Hilary_McKay/Hilary_McKay_0001.jpg,False,Kevin_Millwood,Kevin_Millwood/Kevin_Millwood_0001.jpg,False,0
499,1,Howard_Stern,Howard_Stern/Howard_Stern_0001.jpg,False,Maria_Callas,Maria_Callas/Maria_Callas_0001.jpg,False,0
500,1,Hugo_Chavez,Hugo_Chavez/Hugo_Chavez_0033.jpg,True,Karen_Lynn_Gorney,Karen_Lynn_Gorney/Karen_Lynn_Gorney_0001.jpg,True,0
501,1,Hugo_Chavez,Hugo_Chavez/Hugo_Chavez_0060.jpg,True,Steve_Shiver,Steve_Shiver/Steve_Shiver_0001.jpg,True,0
502,1,Imam_Samudra,Imam_Samudra/Imam_Samudra_0001.jpg,False,Ivana_Trump,Ivana_Trump/Ivana_Trump_0001.jpg,False,0
503,1,Imelda_Marcos,Imelda_Marcos/Imelda_Marcos_0001.jpg,True,Patty_Schnyder,Patty_Schnyder/Patty_Schnyder_0004.jpg,True,0
504,1,Jack_Smith,Jack_Smith/Jack_Smith_0001.jpg,False,Mary_Jo_Myers,Mary_Jo_Myers/Mary_Jo_Myers_0001.jpg,False,0
505,1,James_Caan,James_Caan/James_Caan_0002.jpg,True,Paul_Sarbanes,Paul_Sarbanes/Paul_Sarbanes_0002.jpg,True,0
506,1,James_Comey,James_Comey/James_Comey_0001.jpg,True,Juan_Carlos_Morales,Juan_Carlos_Morales/Juan_Carlos_Morales_0001.jpg,False,0
507,1,James_Comey,James_Comey/James_Comey_0001.jpg,True,Paul_William_Hurley,Paul_William_Hurley/Paul_William_Hurley_0001.jpg,False,0
508,1,Jamling_Norgay,Jamling_Norgay/Jamling_Norgay_0001.jpg,False,Zico,Zico/Zico_0002.jpg,True,0
509,1,Jan_Pronk,Jan_Pronk/Jan_Pronk_0001.jpg,False,Kim_Dong-hwa,Kim_Dong-hwa/Kim_Dong-hwa_0001.jpg,True,0
510,1,Janez_Drnovsek,Janez_Drnovsek/Janez_Drnovsek_0001.jpg,False,Sterling_Hitchcock,Sterling_Hitchcock/Sterling_Hitchcock_0001.jpg,False,0
511,1,Janica_Kostelic,Janica_Kostelic/Janica_Kostelic_0002.jpg,False,Yasushi_Akashi,Yasushi_Akashi/Yasushi_Akashi_0001.jpg,False,0
512,1,Janice_Abreu,Janice_Abreu/Janice_Abreu_0001.jpg,True,Kevin_Sorbo,Kevin_Sorbo/Kevin_Sorbo_0001.jpg,True,0
513,1,Jeffrey_Ashby,Jeffrey_Ashby/Jeffrey_Ashby_0001.jpg,True,Michael_Dell,Michael_Dell/Michael_Dell_0001.jpg,False,0
514,1,Jennifer_Garner,Jennifer_Garner/Jennifer_Garner_0006.jpg,True,Mike_Duke,Mike_Duke/Mike_Duke_0001.jpg,False,0
515,1,Jennifer_Renee_Short,Jennifer_Renee_Short/Jennifer_Renee_Short_0001.jpg,True,Taylor_Twellman,Taylor_Twellman/Taylor_Twellman_0001.jpg,True,0
516,1,Jerry_Seinfeld,Jerry_Seinfeld/Jerry_Seinfeld_0001.jpg,True,Tim_Blake_Nelson,Tim_Blake_Nelson/Tim_Blake_Nelson_0001.jpg,False,0
517,1,Jerry_Tarkanian,Jerry_Tarkanian/Jerry_Tarkanian_0001.jpg,False,Thomas_Rupprath,Thomas_Rupprath/Thomas_Rupprath_0001.jpg,False,0
518,1,Jessica_Lange,Jessica_Lange/Jessica_Lange_0002.jpg,False,Sedigh_Barmak,Sedigh_Barmak/Sedigh_Barmak_0001.jpg,False,0
519,1,Jim_Freudenberg,Jim_Freudenberg/Jim_Freudenberg_0001.jpg,False,Nigel_Redden,Nigel_Redden/Nigel_Redden_0001.jpg,False,0
520,1,Jim_Freudenberg,Jim_Freudenberg/Jim_Freudenberg_0001.jpg,False,Tina_Pisnik,Tina_Pisnik/Tina_Pisnik_0001.jpg,False,0
521,1,Jim_Haslett,Jim_Haslett/Jim_Haslett_0001.jpg,False,Tsutomu_Takebe,Tsutomu_Takebe/Tsutomu_Takebe_0001.jpg,True,0
522,1,Jim_Otto,Jim_Otto/Jim_Otto_0001.jpg,False,Rafiq_Hariri,Rafiq_Hariri/Rafiq_Hariri_0001.jpg,False,0
523,1,Jimmy_Gurule,Jimmy_Gurule/Jimmy_Gurule_0001.jpg,True,Terry_McAuliffe,Terry_McAuliffe/Terry_McAuliffe_0001.jpg,False,0
524,1,Jodie_Foster,Jodie_Foster/Jodie_Foster_0003.jpg,True,Joe_Pantoliano,Joe_Pantoliano/Joe_Pantoliano_0001.jpg,False,0
525,1,John_Herrington,John_Herrington/John_Herrington_0001.jpg,False,Luis_Ernesto_Derbez_Bautista,Luis_Ernesto_Derbez_Bautista/Luis_Ernesto_Derbez_Bautista_0002.jpg,False,0
526,1,John_Richardson,John_Richardson/John_Richardson_0001.jpg,True,Yasushi_Akashi,Yasushi_Akashi/Yasushi_Akashi_0001.jpg,False,0
527,1,John_Snow,John_Snow/John_Snow_0017.jpg,True,Se_Hyuk_Joo,Se_Hyuk_Joo/Se_Hyuk_Joo_0001.jpg,False,0
528,1,Jonathan_Arden,Jonathan_Arden/Jonathan_Arden_0001.jpg,False,Joseph_Ralston,Joseph_Ralston/Joseph_Ralston_0001.jpg,True,0
529,1,Jorge_Castaneda,Jorge_Castaneda/Jorge_Castaneda_0001.jpg,False,Robert_Fico,Robert_Fico/Robert_Fico_0001.jpg,True,0
530,1,Jose_Rosado,Jose_Rosado/Jose_Rosado_0001.jpg,False,Micky_Arison,Micky_Arison/Micky_Arison_0001.jpg,False,0
531,1,Joseph_Blatter,Joseph_Blatter/Joseph_Blatter_0001.jpg,False,Ronald_Kadish,Ronald_Kadish/Ronald_Kadish_0001.jpg,True,0
532,1,Joseph_Ralston,Joseph_Ralston/Joseph_Ralston_0002.jpg,True,Juan_Pablo_Montoya,Juan_Pablo_Montoya/Juan_Pablo_Montoya_0005.jpg,True,0
533,1,Joseph_Ralston,Joseph_Ralston/Joseph_Ralston_0002.jpg,True,Yoshiyuki_Kamei,Yoshiyuki_Kamei/Yoshiyuki_Kamei_0001.jpg,False,0
534,1,Juliette_Binoche,Juliette_Binoche/Juliette_Binoche_0001.jpg,False,Matthew_Broderick,Matthew_Broderick/Matthew_Broderick_0003.jpg,False,0
535,1,Julio_De_Brun,Julio_De_Brun/Julio_De_Brun_0001.jpg,False,Patty_Schnyder,Patty_Schnyder/Patty_Schnyder_0001.jpg,True,0
536,1,Julio_De_Brun,Julio_De_Brun/Julio_De_Brun_0001.jpg,False,Vernon_Forrest,Vernon_Forrest/Vernon_Forrest_0001.jpg,False,0
537,1,Justin_Guarini,Justin_Guarini/Justin_Guarini_0002.jpg,True,Prince_Edward,Prince_Edward/Prince_Edward_0001.jpg,False,0
538,1,Kate_Winslet,Kate_Winslet/Kate_Winslet_0002.jpg,True,Mike_Duke,Mike_Duke/Mike_Duke_0001.jpg,False,0
539,1,Katie_Wagner,Katie_Wagner/Katie_Wagner_0001.jpg,False,Stan_Kroenke,Stan_Kroenke/Stan_Kroenke_0001.jpg,False,0
540,1,Keith_Lowen,Keith_Lowen/Keith_Lowen_0001.jpg,False,Robert_Evans,Robert_Evans/Robert_Evans_0002.jpg,True,0
541,1,Keith_Lowen,Keith_Lowen/Keith_Lowen_0001.jpg,False,Silvia_Farina_Elia,Silvia_Farina_Elia/Silvia_Farina_Elia_0002.jpg,False,0
542,1,Ken_Loach,Ken_Loach/Ken_Loach_0001.jpg,False,Taku_Yamasaki,Taku_Yamasaki/Taku_Yamasaki_0001.jpg,False,0
543,1,Kevin_Crane,Kevin_Crane/Kevin_Crane_0001.jpg,False,Mike_Krzyzewski,Mike_Krzyzewski/Mike_Krzyzewski_0002.jpg,True,0
544,1,Kevin_Millwood,Kevin_Millwood/Kevin_Millwood_0001.jpg,False,Mitchell_Crooks,Mitchell_Crooks/Mitchell_Crooks_0001.jpg,False,0
545,1,Kim_Clijsters,Kim_Clijsters/Kim_Clijsters_0004.jpg,True,Martin_Short,Martin_Short/Martin_Short_0001.jpg,True,0
546,1,Kim_Hong-gul,Kim_Hong-gul/Kim_Hong-gul_0001.jpg,False,Milo_Djukanovic,Milo_Djukanovic/Milo_Djukanovic_0003.jpg,True,0
547,1,Kim_Jong-Il,Kim_Jong-Il/Kim_Jong-Il_0003.jpg,False,Rick_Reed,Rick_Reed/Rick_Reed_0001.jpg,False,0
548,1,Lance_Armstrong,Lance_Armstrong/Lance_Armstrong_0009.jpg,True,Maria_Garcia,Maria_Garcia/Maria_Garcia_0001.jpg,False,0
549,1,Laurent_Jalabert,Laurent_Jalabert/Laurent_Jalabert_0002.jpg,True,Vincent_Gallo,Vincent_Gallo/Vincent_Gallo_0001.jpg,False,0
550,1,Leon_LaPorte,Leon_LaPorte/Leon_LaPorte_0001.jpg,False,Ted_Williams,Ted_Williams/Ted_Williams_0001.jpg,False,0
551,1,Leon_LaPorte,Leon_LaPorte/Leon_LaPorte_0001.jpg,False,Tommy_Thompson,Tommy_Thompson/Tommy_Thompson_0005.jpg,True,0
552,1,Leonardo_Fernandez,Leonardo_Fernandez/Leonardo_Fernandez_0001.jpg,False,Romano_Prodi,Romano_Prodi/Romano_Prodi_0007.jpg,True,0
553,1,Leticia_Dolera,Leticia_Dolera/Leticia_Dolera_0001.jpg,False,Tom_Glavine,Tom_Glavine/Tom_Glavine_0001.jpg,True,0
554,1,Lorraine_Bracco,Lorraine_Bracco/Lorraine_Bracco_0001.jpg,False,Momcilo_Perisic,Momcilo_Perisic/Momcilo_Perisic_0001.jpg,True,0
555,1,Luis_Ernesto_Derbez_Bautista,Luis_Ernesto_Derbez_Bautista/Luis_Ernesto_Derbez_Bautista_0001.jpg,False,Tyra_Banks,Tyra_Banks/Tyra_Banks_0001.jpg,True,0
556,1,Maria_Burks,Maria_Burks/Maria_Burks_0001.jpg,False,Todd_Parrott,Todd_Parrott/Todd_Parrott_0001.jpg,False,0
557,1,Mario_Lemieux,Mario_Lemieux/Mario_Lemieux_0001.jpg,True,Stan_Kroenke,Stan_Kroenke/Stan_Kroenke_0001.jpg,False,0
558,1,Mark_Everson,Mark_Everson/Mark_Everson_0001.jpg,False,Martin_Sheen,Martin_Sheen/Martin_Sheen_0002.jpg,True,0
559,1,Marquier_Montano_Contreras,Marquier_Montano_Contreras/Marquier_Montano_Contreras_0001.jpg,False,SJ_Twu,SJ_Twu/SJ_Twu_0001.jpg,False,0
560,1,Marsha_Sharp,Marsha_Sharp/Marsha_Sharp_0001.jpg,True,Steve_Shiver,Steve_Shiver/Steve_Shiver_0001.jpg,True,0
561,1,Martin_Cauchon,Martin_Cauchon/Martin_Cauchon_0002.jpg,True,Vitali_Klitschko,Vitali_Klitschko/Vitali_Klitschko_0003.jpg,False,0
562,1,Martin_Hoellwarth,Martin_Hoellwarth/Martin_Hoellwarth_0002.jpg,True,Mary_Katherine_Smart,Mary_Katherine_Smart/Mary_Katherine_Smart_0001.jpg,False,0
563,1,Martina_Hingis,Martina_Hingis/Martina_Hingis_0001.jpg,True,Terry_McAuliffe,Terry_McAuliffe/Terry_McAuliffe_0002.jpg,False,0
564,1,Melina_Kanakaredes,Melina_Kanakaredes/Melina_Kanakaredes_0001.jpg,True,Ornella_Muti,Ornella_Muti/Ornella_Muti_0001.jpg,False,0
565,1,Michael_Dell,Michael_Dell/Michael_Dell_0001.jpg,False,Mike_Duke,Mike_Duke/Mike_Duke_0001.jpg,False,0
566,1,Michael_Dell,Michael_Dell/Michael_Dell_0001.jpg,False,Nigel_Redden,Nigel_Redden/Nigel_Redden_0001.jpg,False,0
567,1,Michael_Richards,Michael_Richards/Michael_Richards_0001.jpg,False,Silvia_Farina_Elia,Silvia_Farina_Elia/Silvia_Farina_Elia_0003.jpg,False,0
568,1,Milan_Kucan,Milan_Kucan/Milan_Kucan_0001.jpg,False,Salman_Khan,Salman_Khan/Salman_Khan_0001.jpg,True,0
569,1,Nancy_Kerrigan,Nancy_Kerrigan/Nancy_Kerrigan_0001.jpg,True,Sam_Brownback,Sam_Brownback/Sam_Brownback_0001.jpg,True,0
570,1,Naomi_Campbell,Naomi_Campbell/Naomi_Campbell_0001.jpg,True,Tom_Ridge,Tom_Ridge/Tom_Ridge_0016.jpg,True,0
571,1,Nina_Jacobson,Nina_Jacobson/Nina_Jacobson_0001.jpg,True,Portia_de_Rossi,Portia_de_Rossi/Portia_de_Rossi_0001.jpg,False,0
572,1,Noah_Wyle,Noah_Wyle/Noah_Wyle_0003.jpg,True,Robbie_Coltrane,Robbie_Coltrane/Robbie_Coltrane_0001.jpg,False,0
573,1,Nora_Bendijo,Nora_Bendijo/Nora_Bendijo_0001.jpg,False,William_Martin,William_Martin/William_Martin_0002.jpg,False,0
574,1,Nursultan_Nazarbayev,Nursultan_Nazarbayev/Nursultan_Nazarbayev_0001.jpg,False,Robert_Bonner,Robert_Bonner/Robert_Bonner_0001.jpg,True,0
575,1,Pascal_Affi_Nguessan,Pascal_Affi_Nguessan/Pascal_Affi_Nguessan_0001.jpg,False,Tom_Moss,Tom_Moss/Tom_Moss_0001.jpg,False,0
576,1,Pat_Summitt,Pat_Summitt/Pat_Summitt_0001.jpg,False,Paul_Celluci,Paul_Celluci/Paul_Celluci_0001.jpg,False,0
577,1,Patty_Schnyder,Patty_Schnyder/Patty_Schnyder_0003.jpg,True,Pernilla_Bjorn,Pernilla_Bjorn/Pernilla_Bjorn_0001.jpg,True,0
578,1,Patty_Schnyder,Patty_Schnyder/Patty_Schnyder_0003.jpg,True,Prince_Philippe,Prince_Philippe/Prince_Philippe_0001.jpg,False,0
579,1,Patty_Schnyder,Patty_Schnyder/Patty_Schnyder_0004.jpg,True,Ricardo_Lagos,Ricardo_Lagos/Ricardo_Lagos_0025.jpg,True,0
580,1,Pervez_Musharraf,Pervez_Musharraf/Pervez_Musharraf_0003.jpg,True,Richard_Rodriguez,Richard_Rodriguez/Richard_Rodriguez_0001.jpg,False,0
581,1,Phil_Gramm,Phil_Gramm/Phil_Gramm_0002.jpg,True,Stefan_Tafrov,Stefan_Tafrov/Stefan_Tafrov_0001.jpg,False,0
582,1,Rachel_Kempson,Rachel_Kempson/Rachel_Kempson_0001.jpg,False,Zorica_Radovic,Zorica_Radovic/Zorica_Radovic_0001.jpg,True,0
583,1,Rachel_Roy,Rachel_Roy/Rachel_Roy_0001.jpg,False,Steve_Shiver,Steve_Shiver/Steve_Shiver_0001.jpg,True,0
584,1,Richard_Fine,Richard_Fine/Richard_Fine_0001.jpg,False,Richard_Rodriguez,Richard_Rodriguez/Richard_Rodriguez_0001.jpg,False,0
585,1,Rick_Reed,Rick_Reed/Rick_Reed_0001.jpg,False,Ruth_Bader_Ginsburg,Ruth_Bader_Ginsburg/Ruth_Bader_Ginsburg_0001.jpg,False,0
586,1,Robbie_Naish,Robbie_Naish/Robbie_Naish_0001.jpg,False,Zhong_Nanshan,Zhong_Nanshan/Zhong_Nanshan_0001.jpg,False,0
587,1,Robert_Bonner,Robert_Bonner/Robert_Bonner_0002.jpg,True,Vincent_Brooks,Vincent_Brooks/Vincent_Brooks_0002.jpg,False,0
588,1,Robert_Downey_Jr,Robert_Downey_Jr/Robert_Downey_Jr_0001.jpg,False,Tommy_Shane_Steiner,Tommy_Shane_Steiner/Tommy_Shane_Steiner_0001.jpg,False,0
589,1,Robert_Evans,Robert_Evans/Robert_Evans_0001.jpg,True,Todd_Robbins,Todd_Robbins/Todd_Robbins_0001.jpg,False,0
590,1,Romeo_Gigli,Romeo_Gigli/Romeo_Gigli_0001.jpg,False,Tom_Harkin,Tom_Harkin/Tom_Harkin_0004.jpg,True,0
591,1,Saeb_Erekat,Saeb_Erekat/Saeb_Erekat_0001.jpg,False,Tom_Coverdale,Tom_Coverdale/Tom_Coverdale_0002.jpg,False,0
592,1,Se_Hyuk_Joo,Se_Hyuk_Joo/Se_Hyuk_Joo_0001.jpg,False,Tom_Rouen,Tom_Rouen/Tom_Rouen_0001.jpg,True,0
593,1,Sergio_Garcia,Sergio_Garcia/Sergio_Garcia_0002.jpg,True,Thomas_Watjen,Thomas_Watjen/Thomas_Watjen_0001.jpg,False,0
594,1,Simon_Yam,Simon_Yam/Simon_Yam_0001.jpg,False,Terry_McAuliffe,Terry_McAuliffe/Terry_McAuliffe_0003.jpg,False,0
595,1,Simon_Yam,Simon_Yam/Simon_Yam_0001.jpg,False,Tommy_Haas,Tommy_Haas/Tommy_Haas_0005.jpg,True,0
596,1,Stan_Kroenke,Stan_Kroenke/Stan_Kroenke_0001.jpg,False,William_Hyde,William_Hyde/William_Hyde_0001.jpg,False,0
597,1,Steve_Ballmer,Steve_Ballmer/Steve_Ballmer_0001.jpg,True,Tina_Pisnik,Tina_Pisnik/Tina_Pisnik_0001.jpg,False,0
598,1,Steve_Ballmer,Steve_Ballmer/Steve_Ballmer_0002.jpg,True,Vincent_Gallo,Vincent_Gallo/Vincent_Gallo_0003.jpg,False,0
599,1,Steve_Shiver,Steve_Shiver/Steve_Shiver_0001.jpg,True,Thomas_Rupprath,Thomas_Rupprath/Thomas_Rupprath_0003.jpg,False,0
600,1,Tina_Fey,Tina_Fey/Tina_Fey_0001.jpg,True,Todd_Parrott,Todd_Parrott/Todd_Parrott_0001.jpg,False,0
601,2,Abdullah_Gul,Abdullah_Gul/Abdullah_Gul_0001.jpg,False,Abdullah_Gul,Abdullah_Gul/Abdullah_Gul_0006.jpg,False,1
602,2,Abdullah_Gul,Abdullah_Gul/Abdullah_Gul_0001.jpg,False,Abdullah_Gul,Abdullah_Gul/Abdullah_Gul_0008.jpg,False,1
603,2,Abdullah_Gul,Abdullah_Gul/Abdullah_Gul_0007.jpg,False,Abdullah_Gul,Abdullah_Gul/Abdullah_Gul_0014.jpg,False,1
604,2,Abdullah_Gul,Abdullah_Gul/Abdullah_Gul_0009.jpg,False,Abdullah_Gul,Abdullah_Gul/Abdullah_Gul_0012.jpg,False,1
605,2,Abdullah_Gul,Abdullah_Gul/Abdullah_Gul_0009.jpg,False,Abdullah_Gul,Abdullah_Gul/Abdullah_Gul_0015.jpg,False,1
606,2,Adolfo_Rodriguez_Saa,Adolfo_Rodriguez_Saa/Adolfo_Rodriguez_Saa_0001.jpg,False,Adolfo_Rodriguez_Saa,Adolfo_Rodriguez_Saa/Adolfo_Rodriguez_Saa_0002.jpg,False,1
607,2,Adrien_Brody,Adrien_Brody/Adrien_Brody_0002.jpg,False,Adrien_Brody,Adrien_Brody/Adrien_Brody_0003.jpg,False,1
608,2,Adrien_Brody,Adrien_Brody/Adrien_Brody_0002.jpg,False,Adrien_Brody,Adrien_Brody/Adrien_Brody_0012.jpg,False,1
609,2,Adrien_Brody,Adrien_Brody/Adrien_Brody_0005.jpg,False,Adrien_Brody,Adrien_Brody/Adrien_Brody_0010.jpg,False,1
610,2,Adrien_Brody,Adrien_Brody/Adrien_Brody_0007.jpg,False,Adrien_Brody,Adrien_Brody/Adrien_Brody_0008.jpg,False,1
611,2,Al_Sharpton,Al_Sharpton/Al_Sharpton_0001.jpg,False,Al_Sharpton,Al_Sharpton/Al_Sharpton_0004.jpg,False,1
612,2,Al_Sharpton,Al_Sharpton/Al_Sharpton_0002.jpg,False,Al_Sharpton,Al_Sharpton/Al_Sharpton_0004.jpg,False,1
613,2,Al_Sharpton,Al_Sharpton/Al_Sharpton_0002.jpg,False,Al_Sharpton,Al_Sharpton/Al_Sharpton_0007.jpg,False,1
614,2,Al_Sharpton,Al_Sharpton/Al_Sharpton_0003.jpg,False,Al_Sharpton,Al_Sharpton/Al_Sharpton_0004.jpg,False,1
615,2,Alexandra_Stevenson,Alexandra_Stevenson/Alexandra_Stevenson_0001.jpg,True,Alexandra_Stevenson,Alexandra_Stevenson/Alexandra_Stevenson_0002.jpg,True,1
616,2,Alexandra_Stevenson,Alexandra_Stevenson/Alexandra_Stevenson_0001.jpg,True,Alexandra_Stevenson,Alexandra_Stevenson/Alexandra_Stevenson_0003.jpg,True,1
617,2,Alexandra_Vodjanikova,Alexandra_Vodjanikova/Alexandra_Vodjanikova_0001.jpg,False,Alexandra_Vodjanikova,Alexandra_Vodjanikova/Alexandra_Vodjanikova_0002.jpg,False,1
618,2,Alicia_Silverstone,Alicia_Silverstone/Alicia_Silverstone_0001.jpg,False,Alicia_Silverstone,Alicia_Silverstone/Alicia_Silverstone_0002.jpg,False,1
619,2,Ana_Palacio,Ana_Palacio/Ana_Palacio_0003.jpg,True,Ana_Palacio,Ana_Palacio/Ana_Palacio_0007.jpg,True,1
620,2,Ana_Palacio,Ana_Palacio/Ana_Palacio_0006.jpg,True,Ana_Palacio,Ana_Palacio/Ana_Palacio_0008.jpg,True,1
621,2,Andre_Agassi,Andre_Agassi/Andre_Agassi_0001.jpg,True,Andre_Agassi,Andre_Agassi/Andre_Agassi_0005.jpg,True,1
622,2,Andre_Agassi,Andre_Agassi/Andre_Agassi_0002.jpg,True,Andre_Agassi,Andre_Agassi/Andre_Agassi_0016.jpg,True,1
623,2,Andre_Agassi,Andre_Agassi/Andre_Agassi_0004.jpg,True,Andre_Agassi,Andre_Agassi/Andre_Agassi_0033.jpg,True,1
624,2,Andre_Agassi,Andre_Agassi/Andre_Agassi_0009.jpg,True,Andre_Agassi,Andre_Agassi/Andre_Agassi_0025.jpg,True,1
625,2,Andre_Agassi,Andre_Agassi/Andre_Agassi_0017.jpg,True,Andre_Agassi,Andre_Agassi/Andre_Agassi_0025.jpg,True,1
626,2,Anna_Kournikova,Anna_Kournikova/Anna_Kournikova_0002.jpg,True,Anna_Kournikova,Anna_Kournikova/Anna_Kournikova_0003.jpg,True,1
627,2,Anna_Kournikova,Anna_Kournikova/Anna_Kournikova_0002.jpg,True,Anna_Kournikova,Anna_Kournikova/Anna_Kournikova_0012.jpg,True,1
628,2,Anna_Kournikova,Anna_Kournikova/Anna_Kournikova_0003.jpg,True,Anna_Kournikova,Anna_Kournikova/Anna_Kournikova_0008.jpg,True,1
629,2,Anna_Kournikova,Anna_Kournikova/Anna_Kournikova_0007.jpg,True,Anna_Kournikova,Anna_Kournikova/Anna_Kournikova_0008.jpg,True,1
630,2,Anna_Kournikova,Anna_Kournikova/Anna_Kournikova_0007.jpg,True,Anna_Kournikova,Anna_Kournikova/Anna_Kournikova_0011.jpg,True,1
631,2,Annette_Lu,Annette_Lu/Annette_Lu_0001.jpg,False,Annette_Lu,Annette_Lu/Annette_Lu_0002.jpg,False,1
632,2,Arnold_Palmer,Arnold_Palmer/Arnold_Palmer_0001.jpg,False,Arnold_Palmer,Arnold_Palmer/Arnold_Palmer_0003.jpg,False,1
633,2,Arnold_Palmer,Arnold_Palmer/Arnold_Palmer_0002.jpg,False,Arnold_Palmer,Arnold_Palmer/Arnold_Palmer_0003.jpg,False,1
634,2,Aron_Ralston,Aron_Ralston/Aron_Ralston_0001.jpg,False,Aron_Ralston,Aron_Ralston/Aron_Ralston_0002.jpg,False,1
635,2,Arturo_Gatti,Arturo_Gatti/Arturo_Gatti_0002.jpg,False,Arturo_Gatti,Arturo_Gatti/Arturo_Gatti_0003.jpg,False,1
636,2,Bashar_Assad,Bashar_Assad/Bashar_Assad_0001.jpg,True,Bashar_Assad,Bashar_Assad/Bashar_Assad_0003.jpg,True,1
637,2,Bashar_Assad,Bashar_Assad/Bashar_Assad_0002.jpg,True,Bashar_Assad,Bashar_Assad/Bashar_Assad_0004.jpg,True,1
638,2,Bernardo_Segura,Bernardo_Segura/Bernardo_Segura_0001.jpg,False,Bernardo_Segura,Bernardo_Segura/Bernardo_Segura_0002.jpg,False,1
639,2,Bill_Gates,Bill_Gates/Bill_Gates_0003.jpg,False,Bill_Gates,Bill_Gates/Bill_Gates_0016.jpg,False,1
640,2,Bill_Gates,Bill_Gates/Bill_Gates_0007.jpg,False,Bill_Gates,Bill_Gates/Bill_Gates_0015.jpg,False,1
641,2,Bill_Gates,Bill_Gates/Bill_Gates_0011.jpg,False,Bill_Gates,Bill_Gates/Bill_Gates_0013.jpg,False,1
642,2,Bill_Gates,Bill_Gates/Bill_Gates_0013.jpg,False,Bill_Gates,Bill_Gates/Bill_Gates_0017.jpg,False,1
643,2,Bo_Pelini,Bo_Pelini/Bo_Pelini_0001.jpg,False,Bo_Pelini,Bo_Pelini/Bo_Pelini_0002.jpg,False,1
644,2,Bob_Stoops,Bob_Stoops/Bob_Stoops_0002.jpg,True,Bob_Stoops,Bob_Stoops/Bob_Stoops_0004.jpg,True,1
645,2,Bob_Stoops,Bob_Stoops/Bob_Stoops_0002.jpg,True,Bob_Stoops,Bob_Stoops/Bob_Stoops_0005.jpg,True,1
646,2,Bobby_Robson,Bobby_Robson/Bobby_Robson_0001.jpg,True,Bobby_Robson,Bobby_Robson/Bobby_Robson_0002.jpg,True,1
647,2,Bode_Miller,Bode_Miller/Bode_Miller_0001.jpg,False,Bode_Miller,Bode_Miller/Bode_Miller_0002.jpg,False,1
648,2,Caroline_Kennedy,Caroline_Kennedy/Caroline_Kennedy_0001.jpg,True,Caroline_Kennedy,Caroline_Kennedy/Caroline_Kennedy_0003.jpg,True,1
649,2,Caroline_Kennedy,Caroline_Kennedy/Caroline_Kennedy_0002.jpg,True,Caroline_Kennedy,Caroline_Kennedy/Caroline_Kennedy_0003.jpg,True,1
650,2,Catherine_Zeta-Jones,Catherine_Zeta-Jones/Catherine_Zeta-Jones_0001.jpg,True,Catherine_Zeta-Jones,Catherine_Zeta-Jones/Catherine_Zeta-Jones_0011.jpg,True,1
651,2,Catherine_Zeta-Jones,Catherine_Zeta-Jones/Catherine_Zeta-Jones_0004.jpg,True,Catherine_Zeta-Jones,Catherine_Zeta-Jones/Catherine_Zeta-Jones_0009.jpg,True,1
652,2,Celso_Amorim,Celso_Amorim/Celso_Amorim_0001.jpg,True,Celso_Amorim,Celso_Amorim/Celso_Amorim_0002.jpg,True,1
653,2,Chan_Gailey,Chan_Gailey/Chan_Gailey_0001.jpg,False,Chan_Gailey,Chan_Gailey/Chan_Gailey_0002.jpg,False,1
654,2,Chanda_Rubin,Chanda_Rubin/Chanda_Rubin_0002.jpg,True,Chanda_Rubin,Chanda_Rubin/Chanda_Rubin_0005.jpg,True,1
655,2,Chanda_Rubin,Chanda_Rubin/Chanda_Rubin_0004.jpg,True,Chanda_Rubin,Chanda_Rubin/Chanda_Rubin_0005.jpg,True,1
656,2,Charles_Bronson,Charles_Bronson/Charles_Bronson_0001.jpg,False,Charles_Bronson,Charles_Bronson/Charles_Bronson_0002.jpg,False,1
657,2,Charles_Kartman,Charles_Kartman/Charles_Kartman_0001.jpg,False,Charles_Kartman,Charles_Kartman/Charles_Kartman_0002.jpg,False,1
658,2,Charles_Schumer,Charles_Schumer/Charles_Schumer_0001.jpg,True,Charles_Schumer,Charles_Schumer/Charles_Schumer_0002.jpg,True,1
659,2,Chris_Rock,Chris_Rock/Chris_Rock_0001.jpg,False,Chris_Rock,Chris_Rock/Chris_Rock_0002.jpg,False,1
660,2,Christine_Baumgartner,Christine_Baumgartner/Christine_Baumgartner_0001.jpg,False,Christine_Baumgartner,Christine_Baumgartner/Christine_Baumgartner_0002.jpg,False,1
661,2,Christine_Baumgartner,Christine_Baumgartner/Christine_Baumgartner_0002.jpg,False,Christine_Baumgartner,Christine_Baumgartner/Christine_Baumgartner_0004.jpg,False,1
662,2,Colin_Farrell,Colin_Farrell/Colin_Farrell_0001.jpg,True,Colin_Farrell,Colin_Farrell/Colin_Farrell_0007.jpg,True,1
663,2,Colin_Farrell,Colin_Farrell/Colin_Farrell_0002.jpg,True,Colin_Farrell,Colin_Farrell/Colin_Farrell_0007.jpg,True,1
664,2,Colin_Farrell,Colin_Farrell/Colin_Farrell_0003.jpg,True,Colin_Farrell,Colin_Farrell/Colin_Farrell_0006.jpg,True,1
665,2,Colin_Farrell,Colin_Farrell/Colin_Farrell_0004.jpg,True,Colin_Farrell,Colin_Farrell/Colin_Farrell_0008.jpg,True,1
666,2,Dalai_Lama,Dalai_Lama/Dalai_Lama_0001.jpg,False,Dalai_Lama,Dalai_Lama/Dalai_Lama_0002.jpg,False,1
667,2,Daniel_Radcliffe,Daniel_Radcliffe/Daniel_Radcliffe_0001.jpg,False,Daniel_Radcliffe,Daniel_Radcliffe/Daniel_Radcliffe_0004.jpg,False,1
668,2,Daryl_Hannah,Daryl_Hannah/Daryl_Hannah_0001.jpg,False,Daryl_Hannah,Daryl_Hannah/Daryl_Hannah_0002.jpg,False,1
669,2,David_Anderson,David_Anderson/David_Anderson_0001.jpg,True,David_Anderson,David_Anderson/David_Anderson_0002.jpg,True,1
670,2,David_Anderson,David_Anderson/David_Anderson_0001.jpg,True,David_Anderson,David_Anderson/David_Anderson_0003.jpg,True,1
671,2,David_Beckham,David_Beckham/David_Beckham_0001.jpg,True,David_Beckham,David_Beckham/David_Beckham_0015.jpg,True,1
672,2,David_Beckham,David_Beckham/David_Beckham_0009.jpg,True,David_Beckham,David_Beckham/David_Beckham_0016.jpg,True,1
673,2,David_Beckham,David_Beckham/David_Beckham_0011.jpg,True,David_Beckham,David_Beckham/David_Beckham_0029.jpg,True,1
674,2,David_Beckham,David_Beckham/David_Beckham_0013.jpg,True,David_Beckham,David_Beckham/David_Beckham_0029.jpg,True,1
675,2,David_Beckham,David_Beckham/David_Beckham_0015.jpg,True,David_Beckham,David_Beckham/David_Beckham_0024.jpg,True,1
676,2,David_Beckham,David_Beckham/David_Beckham_0020.jpg,True,David_Beckham,David_Beckham/David_Beckham_0027.jpg,True,1
677,2,David_Beckham,David_Beckham/David_Beckham_0027.jpg,True,David_Beckham,David_Beckham/David_Beckham_0031.jpg,True,1
678,2,Denzel_Washington,Denzel_Washington/Denzel_Washington_0002.jpg,True,Denzel_Washington,Denzel_Washington/Denzel_Washington_0004.jpg,True,1
679,2,Denzel_Washington,Denzel_Washington/Denzel_Washington_0003.jpg,True,Denzel_Washington,Denzel_Washington/Denzel_Washington_0005.jpg,True,1
680,2,Dianne_Feinstein,Dianne_Feinstein/Dianne_Feinstein_0001.jpg,False,Dianne_Feinstein,Dianne_Feinstein/Dianne_Feinstein_0002.jpg,False,1
681,2,Dianne_Feinstein,Dianne_Feinstein/Dianne_Feinstein_0001.jpg,False,Dianne_Feinstein,Dianne_Feinstein/Dianne_Feinstein_0003.jpg,False,1
682,2,Dianne_Feinstein,Dianne_Feinstein/Dianne_Feinstein_0002.jpg,False,Dianne_Feinstein,Dianne_Feinstein/Dianne_Feinstein_0003.jpg,False,1
683,2,Dick_Clark,Dick_Clark/Dick_Clark_0001.jpg,True,Dick_Clark,Dick_Clark/Dick_Clark_0002.jpg,True,1
684,2,Dick_Clark,Dick_Clark/Dick_Clark_0001.jpg,True,Dick_Clark,Dick_Clark/Dick_Clark_0003.jpg,True,1
685,2,Donald_Fehr,Donald_Fehr/Donald_Fehr_0001.jpg,True,Donald_Fehr,Donald_Fehr/Donald_Fehr_0003.jpg,True,1
686,2,Donald_Fehr,Donald_Fehr/Donald_Fehr_0001.jpg,True,Donald_Fehr,Donald_Fehr/Donald_Fehr_0004.jpg,True,1
687,2,Donald_Fehr,Donald_Fehr/Donald_Fehr_0002.jpg,True,Donald_Fehr,Donald_Fehr/Donald_Fehr_0003.jpg,True,1
688,2,Donald_Fehr,Donald_Fehr/Donald_Fehr_0003.jpg,True,Donald_Fehr,Donald_Fehr/Donald_Fehr_0004.jpg,True,1
689,2,Dwayne_Johnson,Dwayne_Johnson/Dwayne_Johnson_0001.jpg,False,Dwayne_Johnson,Dwayne_Johnson/Dwayne_Johnson_0002.jpg,False,1
690,2,Ed_Rosenthal,Ed_Rosenthal/Ed_Rosenthal_0001.jpg,False,Ed_Rosenthal,Ed_Rosenthal/Ed_Rosenthal_0002.jpg,False,1
691,2,Erik_Morales,Erik_Morales/Erik_Morales_0001.jpg,False,Erik_Morales,Erik_Morales/Erik_Morales_0002.jpg,False,1
692,2,Erik_Morales,Erik_Morales/Erik_Morales_0002.jpg,False,Erik_Morales,Erik_Morales/Erik_Morales_0003.jpg,False,1
693,2,Evan_Rachel_Wood,Evan_Rachel_Wood/Evan_Rachel_Wood_0002.jpg,False,Evan_Rachel_Wood,Evan_Rachel_Wood/Evan_Rachel_Wood_0003.jpg,False,1
694,2,Evander_Holyfield,Evander_Holyfield/Evander_Holyfield_0001.jpg,True,Evander_Holyfield,Evander_Holyfield/Evander_Holyfield_0002.jpg,True,1
695,2,Eve_Pelletier,Eve_Pelletier/Eve_Pelletier_0001.jpg,False,Eve_Pelletier,Eve_Pelletier/Eve_Pelletier_0002.jpg,False,1
696,2,Farouk_al-Sharaa,Farouk_al-Sharaa/Farouk_al-Sharaa_0001.jpg,False,Farouk_al-Sharaa,Farouk_al-Sharaa/Farouk_al-Sharaa_0002.jpg,False,1
697,2,Farouk_al-Sharaa,Farouk_al-Sharaa/Farouk_al-Sharaa_0001.jpg,False,Farouk_al-Sharaa,Farouk_al-Sharaa/Farouk_al-Sharaa_0003.jpg,False,1
698,2,Farouk_al-Sharaa,Farouk_al-Sharaa/Farouk_al-Sharaa_0002.jpg,False,Farouk_al-Sharaa,Farouk_al-Sharaa/Farouk_al-Sharaa_0003.jpg,False,1
699,2,Frank_Cassell,Frank_Cassell/Frank_Cassell_0001.jpg,True,Frank_Cassell,Frank_Cassell/Frank_Cassell_0002.jpg,True,1
700,2,Frank_Cassell,Frank_Cassell/Frank_Cassell_0001.jpg,True,Frank_Cassell,Frank_Cassell/Frank_Cassell_0003.jpg,True,1
701,2,Fujio_Cho,Fujio_Cho/Fujio_Cho_0001.jpg,True,Fujio_Cho,Fujio_Cho/Fujio_Cho_0004.jpg,True,1
702,2,Fujio_Cho,Fujio_Cho/Fujio_Cho_0002.jpg,True,Fujio_Cho,Fujio_Cho/Fujio_Cho_0005.jpg,True,1
703,2,Fujio_Cho,Fujio_Cho/Fujio_Cho_0003.jpg,True,Fujio_Cho,Fujio_Cho/Fujio_Cho_0005.jpg,True,1
704,2,Fujio_Cho,Fujio_Cho/Fujio_Cho_0004.jpg,True,Fujio_Cho,Fujio_Cho/Fujio_Cho_0006.jpg,True,1
705,2,Fujio_Cho,Fujio_Cho/Fujio_Cho_0005.jpg,True,Fujio_Cho,Fujio_Cho/Fujio_Cho_0006.jpg,True,1
706,2,Gao_Qiang,Gao_Qiang/Gao_Qiang_0001.jpg,False,Gao_Qiang,Gao_Qiang/Gao_Qiang_0002.jpg,False,1
707,2,Geoff_Hoon,Geoff_Hoon/Geoff_Hoon_0001.jpg,False,Geoff_Hoon,Geoff_Hoon/Geoff_Hoon_0002.jpg,False,1
708,2,Geoff_Hoon,Geoff_Hoon/Geoff_Hoon_0003.jpg,False,Geoff_Hoon,Geoff_Hoon/Geoff_Hoon_0004.jpg,False,1
709,2,Geoff_Hoon,Geoff_Hoon/Geoff_Hoon_0004.jpg,False,Geoff_Hoon,Geoff_Hoon/Geoff_Hoon_0005.jpg,False,1
710,2,George_Brumley,George_Brumley/George_Brumley_0001.jpg,False,George_Brumley,George_Brumley/George_Brumley_0002.jpg,False,1
711,2,George_Papandreou,George_Papandreou/George_Papandreou_0001.jpg,True,George_Papandreou,George_Papandreou/George_Papandreou_0002.jpg,True,1
712,2,George_Papandreou,George_Papandreou/George_Papandreou_0001.jpg,True,George_Papandreou,George_Papandreou/George_Papandreou_0003.jpg,True,1
713,2,George_Papandreou,George_Papandreou/George_Papandreou_0001.jpg,True,George_Papandreou,George_Papandreou/George_Papandreou_0004.jpg,True,1
714,2,George_Papandreou,George_Papandreou/George_Papandreou_0003.jpg,True,George_Papandreou,George_Papandreou/George_Papandreou_0004.jpg,True,1
715,2,Gloria_Allred,Gloria_Allred/Gloria_Allred_0001.jpg,False,Gloria_Allred,Gloria_Allred/Gloria_Allred_0002.jpg,False,1
716,2,Greg_Ostertag,Greg_Ostertag/Greg_Ostertag_0001.jpg,True,Greg_Ostertag,Greg_Ostertag/Greg_Ostertag_0002.jpg,True,1
717,2,Greg_Owen,Greg_Owen/Greg_Owen_0001.jpg,False,Greg_Owen,Greg_Owen/Greg_Owen_0002.jpg,False,1
718,2,Hanan_Ashrawi,Hanan_Ashrawi/Hanan_Ashrawi_0001.jpg,True,Hanan_Ashrawi,Hanan_Ashrawi/Hanan_Ashrawi_0002.jpg,True,1
719,2,Harry_Kalas,Harry_Kalas/Harry_Kalas_0001.jpg,True,Harry_Kalas,Harry_Kalas/Harry_Kalas_0002.jpg,True,1
720,2,Hayley_Tullett,Hayley_Tullett/Hayley_Tullett_0001.jpg,False,Hayley_Tullett,Hayley_Tullett/Hayley_Tullett_0002.jpg,False,1
721,2,Howard_Dean,Howard_Dean/Howard_Dean_0001.jpg,True,Howard_Dean,Howard_Dean/Howard_Dean_0003.jpg,True,1
722,2,Howard_Dean,Howard_Dean/Howard_Dean_0001.jpg,True,Howard_Dean,Howard_Dean/Howard_Dean_0007.jpg,True,1
723,2,Howard_Dean,Howard_Dean/Howard_Dean_0002.jpg,True,Howard_Dean,Howard_Dean/Howard_Dean_0008.jpg,True,1
724,2,Howard_Dean,Howard_Dean/Howard_Dean_0004.jpg,True,Howard_Dean,Howard_Dean/Howard_Dean_0005.jpg,True,1
725,2,Howard_Dean,Howard_Dean/Howard_Dean_0005.jpg,True,Howard_Dean,Howard_Dean/Howard_Dean_0012.jpg,True,1
726,2,Hu_Jintao,Hu_Jintao/Hu_Jintao_0004.jpg,True,Hu_Jintao,Hu_Jintao/Hu_Jintao_0014.jpg,True,1
727,2,Hu_Jintao,Hu_Jintao/Hu_Jintao_0005.jpg,True,Hu_Jintao,Hu_Jintao/Hu_Jintao_0012.jpg,True,1
728,2,Hu_Jintao,Hu_Jintao/Hu_Jintao_0005.jpg,True,Hu_Jintao,Hu_Jintao/Hu_Jintao_0015.jpg,True,1
729,2,Hu_Jintao,Hu_Jintao/Hu_Jintao_0011.jpg,True,Hu_Jintao,Hu_Jintao/Hu_Jintao_0013.jpg,True,1
730,2,Ian_McKellen,Ian_McKellen/Ian_McKellen_0001.jpg,True,Ian_McKellen,Ian_McKellen/Ian_McKellen_0003.jpg,True,1
731,2,Ibrahim_Jaafari,Ibrahim_Jaafari/Ibrahim_Jaafari_0001.jpg,False,Ibrahim_Jaafari,Ibrahim_Jaafari/Ibrahim_Jaafari_0002.jpg,False,1
732,2,Isabella_Rossellini,Isabella_Rossellini/Isabella_Rossellini_0001.jpg,False,Isabella_Rossellini,Isabella_Rossellini/Isabella_Rossellini_0003.jpg,False,1
733,2,Ishaq_Shahryar,Ishaq_Shahryar/Ishaq_Shahryar_0001.jpg,True,Ishaq_Shahryar,Ishaq_Shahryar/Ishaq_Shahryar_0002.jpg,True,1
734,2,Ismail_Merchant,Ismail_Merchant/Ismail_Merchant_0001.jpg,False,Ismail_Merchant,Ismail_Merchant/Ismail_Merchant_0002.jpg,False,1
735,2,Jacques_Chirac,Jacques_Chirac/Jacques_Chirac_0002.jpg,True,Jacques_Chirac,Jacques_Chirac/Jacques_Chirac_0043.jpg,True,1
736,2,Jacques_Chirac,Jacques_Chirac/Jacques_Chirac_0019.jpg,True,Jacques_Chirac,Jacques_Chirac/Jacques_Chirac_0028.jpg,True,1
737,2,James_Cameron,James_Cameron/James_Cameron_0001.jpg,False,James_Cameron,James_Cameron/James_Cameron_0003.jpg,False,1
738,2,James_McGreevey,James_McGreevey/James_McGreevey_0001.jpg,True,James_McGreevey,James_McGreevey/James_McGreevey_0003.jpg,True,1
739,2,James_McGreevey,James_McGreevey/James_McGreevey_0001.jpg,True,James_McGreevey,James_McGreevey/James_McGreevey_0004.jpg,True,1
740,2,Jason_Alexander,Jason_Alexander/Jason_Alexander_0001.jpg,False,Jason_Alexander,Jason_Alexander/Jason_Alexander_0002.jpg,False,1
741,2,Jason_Kidd,Jason_Kidd/Jason_Kidd_0002.jpg,False,Jason_Kidd,Jason_Kidd/Jason_Kidd_0008.jpg,False,1
742,2,Jason_Kidd,Jason_Kidd/Jason_Kidd_0003.jpg,False,Jason_Kidd,Jason_Kidd/Jason_Kidd_0008.jpg,False,1
743,2,Jason_Kidd,Jason_Kidd/Jason_Kidd_0006.jpg,False,Jason_Kidd,Jason_Kidd/Jason_Kidd_0008.jpg,False,1
744,2,Jelena_Dokic,Jelena_Dokic/Jelena_Dokic_0001.jpg,True,Jelena_Dokic,Jelena_Dokic/Jelena_Dokic_0002.jpg,True,1
745,2,Jelena_Dokic,Jelena_Dokic/Jelena_Dokic_0002.jpg,True,Jelena_Dokic,Jelena_Dokic/Jelena_Dokic_0004.jpg,True,1
746,2,Jelena_Dokic,Jelena_Dokic/Jelena_Dokic_0002.jpg,True,Jelena_Dokic,Jelena_Dokic/Jelena_Dokic_0008.jpg,True,1
747,2,Jelena_Dokic,Jelena_Dokic/Jelena_Dokic_0003.jpg,True,Jelena_Dokic,Jelena_Dokic/Jelena_Dokic_0004.jpg,True,1
748,2,Jelena_Dokic,Jelena_Dokic/Jelena_Dokic_0004.jpg,True,Jelena_Dokic,Jelena_Dokic/Jelena_Dokic_0005.jpg,True,1
749,2,Jelena_Dokic,Jelena_Dokic/Jelena_Dokic_0004.jpg,True,Jelena_Dokic,Jelena_Dokic/Jelena_Dokic_0007.jpg,True,1
750,2,Jelena_Dokic,Jelena_Dokic/Jelena_Dokic_0004.jpg,True,Jelena_Dokic,Jelena_Dokic/Jelena_Dokic_0008.jpg,True,1
751,2,Jelena_Dokic,Jelena_Dokic/Jelena_Dokic_0005.jpg,True,Jelena_Dokic,Jelena_Dokic/Jelena_Dokic_0006.jpg,True,1
752,2,Jelena_Dokic,Jelena_Dokic/Jelena_Dokic_0007.jpg,True,Jelena_Dokic,Jelena_Dokic/Jelena_Dokic_0008.jpg,True,1
753,2,Jennifer_Connelly,Jennifer_Connelly/Jennifer_Connelly_0001.jpg,False,Jennifer_Connelly,Jennifer_Connelly/Jennifer_Connelly_0003.jpg,False,1
754,2,Jennifer_Connelly,Jennifer_Connelly/Jennifer_Connelly_0001.jpg,False,Jennifer_Connelly,Jennifer_Connelly/Jennifer_Connelly_0004.jpg,False,1
755,2,Jennifer_Connelly,Jennifer_Connelly/Jennifer_Connelly_0002.jpg,False,Jennifer_Connelly,Jennifer_Connelly/Jennifer_Connelly_0004.jpg,False,1
756,2,Jennifer_Connelly,Jennifer_Connelly/Jennifer_Connelly_0003.jpg,False,Jennifer_Connelly,Jennifer_Connelly/Jennifer_Connelly_0004.jpg,False,1
757,2,Jennifer_Keller,Jennifer_Keller/Jennifer_Keller_0001.jpg,False,Jennifer_Keller,Jennifer_Keller/Jennifer_Keller_0004.jpg,False,1
758,2,Jennifer_Keller,Jennifer_Keller/Jennifer_Keller_0003.jpg,False,Jennifer_Keller,Jennifer_Keller/Jennifer_Keller_0004.jpg,False,1
759,2,Jennifer_Reilly,Jennifer_Reilly/Jennifer_Reilly_0001.jpg,False,Jennifer_Reilly,Jennifer_Reilly/Jennifer_Reilly_0002.jpg,False,1
760,2,Jennifer_Thompson,Jennifer_Thompson/Jennifer_Thompson_0001.jpg,False,Jennifer_Thompson,Jennifer_Thompson/Jennifer_Thompson_0002.jpg,False,1
761,2,Jim_Hahn,Jim_Hahn/Jim_Hahn_0001.jpg,False,Jim_Hahn,Jim_Hahn/Jim_Hahn_0003.jpg,False,1
762,2,Jim_Hahn,Jim_Hahn/Jim_Hahn_0001.jpg,False,Jim_Hahn,Jim_Hahn/Jim_Hahn_0004.jpg,False,1
763,2,Jim_Hahn,Jim_Hahn/Jim_Hahn_0003.jpg,False,Jim_Hahn,Jim_Hahn/Jim_Hahn_0004.jpg,False,1
764,2,Johnny_Carson,Johnny_Carson/Johnny_Carson_0001.jpg,True,Johnny_Carson,Johnny_Carson/Johnny_Carson_0002.jpg,True,1
765,2,Jorge_Batlle,Jorge_Batlle/Jorge_Batlle_0001.jpg,False,Jorge_Batlle,Jorge_Batlle/Jorge_Batlle_0002.jpg,False,1
766,2,Jorge_Batlle,Jorge_Batlle/Jorge_Batlle_0001.jpg,False,Jorge_Batlle,Jorge_Batlle/Jorge_Batlle_0003.jpg,False,1
767,2,Jorge_Rodolfo_Canicoba_Corral,Jorge_Rodolfo_Canicoba_Corral/Jorge_Rodolfo_Canicoba_Corral_0001.jpg,False,Jorge_Rodolfo_Canicoba_Corral,Jorge_Rodolfo_Canicoba_Corral/Jorge_Rodolfo_Canicoba_Corral_0002.jpg,False,1
768,2,Juan_Ignacio_Chela,Juan_Ignacio_Chela/Juan_Ignacio_Chela_0001.jpg,True,Juan_Ignacio_Chela,Juan_Ignacio_Chela/Juan_Ignacio_Chela_0002.jpg,True,1
769,2,Juan_Ignacio_Chela,Juan_Ignacio_Chela/Juan_Ignacio_Chela_0001.jpg,True,Juan_Ignacio_Chela,Juan_Ignacio_Chela/Juan_Ignacio_Chela_0003.jpg,True,1
770,2,Juan_Ignacio_Chela,Juan_Ignacio_Chela/Juan_Ignacio_Chela_0002.jpg,True,Juan_Ignacio_Chela,Juan_Ignacio_Chela/Juan_Ignacio_Chela_0003.jpg,True,1
771,2,Justin_Gatlin,Justin_Gatlin/Justin_Gatlin_0001.jpg,False,Justin_Gatlin,Justin_Gatlin/Justin_Gatlin_0002.jpg,False,1
772,2,Karen_Mok,Karen_Mok/Karen_Mok_0001.jpg,False,Karen_Mok,Karen_Mok/Karen_Mok_0002.jpg,False,1
773,2,Katie_Harman,Katie_Harman/Katie_Harman_0001.jpg,True,Katie_Harman,Katie_Harman/Katie_Harman_0002.jpg,True,1
774,2,Katie_Harman,Katie_Harman/Katie_Harman_0001.jpg,True,Katie_Harman,Katie_Harman/Katie_Harman_0003.jpg,True,1
775,2,Katie_Harman,Katie_Harman/Katie_Harman_0002.jpg,True,Katie_Harman,Katie_Harman/Katie_Harman_0003.jpg,True,1
776,2,Kenneth_Branagh,Kenneth_Branagh/Kenneth_Branagh_0001.jpg,False,Kenneth_Branagh,Kenneth_Branagh/Kenneth_Branagh_0002.jpg,False,1
777,2,Kevin_Costner,Kevin_Costner/Kevin_Costner_0001.jpg,False,Kevin_Costner,Kevin_Costner/Kevin_Costner_0003.jpg,False,1
778,2,Kevin_Costner,Kevin_Costner/Kevin_Costner_0002.jpg,False,Kevin_Costner,Kevin_Costner/Kevin_Costner_0006.jpg,False,1
779,2,Kevin_Costner,Kevin_Costner/Kevin_Costner_0002.jpg,False,Kevin_Costner,Kevin_Costner/Kevin_Costner_0008.jpg,False,1
780,2,Kevin_Costner,Kevin_Costner/Kevin_Costner_0006.jpg,False,Kevin_Costner,Kevin_Costner/Kevin_Costner_0008.jpg,False,1
781,2,Larry_Lindsey,Larry_Lindsey/Larry_Lindsey_0001.jpg,True,Larry_Lindsey,Larry_Lindsey/Larry_Lindsey_0002.jpg,True,1
782,2,Leonardo_DiCaprio,Leonardo_DiCaprio/Leonardo_DiCaprio_0003.jpg,True,Leonardo_DiCaprio,Leonardo_DiCaprio/Leonardo_DiCaprio_0007.jpg,True,1
783,2,Leonardo_DiCaprio,Leonardo_DiCaprio/Leonardo_DiCaprio_0005.jpg,True,Leonardo_DiCaprio,Leonardo_DiCaprio/Leonardo_DiCaprio_0006.jpg,True,1
784,2,Leonardo_DiCaprio,Leonardo_DiCaprio/Leonardo_DiCaprio_0006.jpg,True,Leonardo_DiCaprio,Leonardo_DiCaprio/Leonardo_DiCaprio_0008.jpg,True,1
785,2,Lindsay_Davenport,Lindsay_Davenport/Lindsay_Davenport_0002.jpg,True,Lindsay_Davenport,Lindsay_Davenport/Lindsay_Davenport_0010.jpg,True,1
786,2,Lindsay_Davenport,Lindsay_Davenport/Lindsay_Davenport_0005.jpg,True,Lindsay_Davenport,Lindsay_Davenport/Lindsay_Davenport_0009.jpg,True,1
787,2,Lisa_Ling,Lisa_Ling/Lisa_Ling_0001.jpg,False,Lisa_Ling,Lisa_Ling/Lisa_Ling_0002.jpg,False,1
788,2,Lucy_Liu,Lucy_Liu/Lucy_Liu_0002.jpg,True,Lucy_Liu,Lucy_Liu/Lucy_Liu_0004.jpg,True,1
789,2,Lucy_Liu,Lucy_Liu/Lucy_Liu_0002.jpg,True,Lucy_Liu,Lucy_Liu/Lucy_Liu_0005.jpg,True,1
790,2,Lucy_Liu,Lucy_Liu/Lucy_Liu_0003.jpg,True,Lucy_Liu,Lucy_Liu/Lucy_Liu_0005.jpg,True,1
791,2,Manfred_Stolpe,Manfred_Stolpe/Manfred_Stolpe_0001.jpg,False,Manfred_Stolpe,Manfred_Stolpe/Manfred_Stolpe_0002.jpg,False,1
792,2,Maria_Luisa_Mendonca,Maria_Luisa_Mendonca/Maria_Luisa_Mendonca_0001.jpg,False,Maria_Luisa_Mendonca,Maria_Luisa_Mendonca/Maria_Luisa_Mendonca_0002.jpg,False,1
793,2,Mario_Kreutzberger,Mario_Kreutzberger/Mario_Kreutzberger_0001.jpg,False,Mario_Kreutzberger,Mario_Kreutzberger/Mario_Kreutzberger_0002.jpg,False,1
794,2,Melissa_Etheridge,Melissa_Etheridge/Melissa_Etheridge_0001.jpg,True,Melissa_Etheridge,Melissa_Etheridge/Melissa_Etheridge_0002.jpg,True,1
795,2,Michael_Jordan,Michael_Jordan/Michael_Jordan_0001.jpg,True,Michael_Jordan,Michael_Jordan/Michael_Jordan_0002.jpg,True,1
796,2,Michael_Jordan,Michael_Jordan/Michael_Jordan_0001.jpg,True,Michael_Jordan,Michael_Jordan/Michael_Jordan_0003.jpg,True,1
797,2,Michael_Jordan,Michael_Jordan/Michael_Jordan_0002.jpg,True,Michael_Jordan,Michael_Jordan/Michael_Jordan_0004.jpg,True,1
798,2,Mikhail_Youzhny,Mikhail_Youzhny/Mikhail_Youzhny_0001.jpg,True,Mikhail_Youzhny,Mikhail_Youzhny/Mikhail_Youzhny_0002.jpg,True,1
799,2,Mitchell_Daniels,Mitchell_Daniels/Mitchell_Daniels_0001.jpg,False,Mitchell_Daniels,Mitchell_Daniels/Mitchell_Daniels_0002.jpg,False,1
800,2,Mitchell_Daniels,Mitchell_Daniels/Mitchell_Daniels_0001.jpg,False,Mitchell_Daniels,Mitchell_Daniels/Mitchell_Daniels_0004.jpg,False,1
801,2,Mitchell_Daniels,Mitchell_Daniels/Mitchell_Daniels_0003.jpg,False,Mitchell_Daniels,Mitchell_Daniels/Mitchell_Daniels_0004.jpg,False,1
802,2,Mohammad_Khatami,Mohammad_Khatami/Mohammad_Khatami_0001.jpg,True,Mohammad_Khatami,Mohammad_Khatami/Mohammad_Khatami_0005.jpg,True,1
803,2,Mohammad_Khatami,Mohammad_Khatami/Mohammad_Khatami_0003.jpg,True,Mohammad_Khatami,Mohammad_Khatami/Mohammad_Khatami_0009.jpg,True,1
804,2,Mohammad_Khatami,Mohammad_Khatami/Mohammad_Khatami_0008.jpg,True,Mohammad_Khatami,Mohammad_Khatami/Mohammad_Khatami_0010.jpg,True,1
805,2,Monique_Garbrecht-Enfeldt,Monique_Garbrecht-Enfeldt/Monique_Garbrecht-Enfeldt_0001.jpg,True,Monique_Garbrecht-Enfeldt,Monique_Garbrecht-Enfeldt/Monique_Garbrecht-Enfeldt_0003.jpg,True,1
806,2,Natalie_Maines,Natalie_Maines/Natalie_Maines_0002.jpg,False,Natalie_Maines,Natalie_Maines/Natalie_Maines_0005.jpg,False,1
807,2,Natalie_Maines,Natalie_Maines/Natalie_Maines_0004.jpg,False,Natalie_Maines,Natalie_Maines/Natalie_Maines_0005.jpg,False,1
808,2,Nelson_Mandela,Nelson_Mandela/Nelson_Mandela_0001.jpg,True,Nelson_Mandela,Nelson_Mandela/Nelson_Mandela_0003.jpg,True,1
809,2,Norodom_Sihanouk,Norodom_Sihanouk/Norodom_Sihanouk_0001.jpg,True,Norodom_Sihanouk,Norodom_Sihanouk/Norodom_Sihanouk_0003.jpg,True,1
810,2,Norodom_Sihanouk,Norodom_Sihanouk/Norodom_Sihanouk_0002.jpg,True,Norodom_Sihanouk,Norodom_Sihanouk/Norodom_Sihanouk_0003.jpg,True,1
811,2,Osama_bin_Laden,Osama_bin_Laden/Osama_bin_Laden_0002.jpg,True,Osama_bin_Laden,Osama_bin_Laden/Osama_bin_Laden_0004.jpg,True,1
812,2,Osama_bin_Laden,Osama_bin_Laden/Osama_bin_Laden_0003.jpg,True,Osama_bin_Laden,Osama_bin_Laden/Osama_bin_Laden_0004.jpg,True,1
813,2,Oxana_Fedorova,Oxana_Fedorova/Oxana_Fedorova_0001.jpg,True,Oxana_Fedorova,Oxana_Fedorova/Oxana_Fedorova_0002.jpg,True,1
814,2,Peter_Bacanovic,Peter_Bacanovic/Peter_Bacanovic_0001.jpg,False,Peter_Bacanovic,Peter_Bacanovic/Peter_Bacanovic_0002.jpg,False,1
815,2,Philippe_Noiret,Philippe_Noiret/Philippe_Noiret_0001.jpg,False,Philippe_Noiret,Philippe_Noiret/Philippe_Noiret_0002.jpg,False,1
816,2,Placido_Domingo,Placido_Domingo/Placido_Domingo_0001.jpg,True,Placido_Domingo,Placido_Domingo/Placido_Domingo_0002.jpg,True,1
817,2,Placido_Domingo,Placido_Domingo/Placido_Domingo_0002.jpg,True,Placido_Domingo,Placido_Domingo/Placido_Domingo_0003.jpg,True,1
818,2,Prince_William,Prince_William/Prince_William_0001.jpg,False,Prince_William,Prince_William/Prince_William_0002.jpg,False,1
819,2,Princess_Aiko,Princess_Aiko/Princess_Aiko_0001.jpg,False,Princess_Aiko,Princess_Aiko/Princess_Aiko_0002.jpg,False,1
820,2,Priscilla_Presley,Priscilla_Presley/Priscilla_Presley_0001.jpg,True,Priscilla_Presley,Priscilla_Presley/Priscilla_Presley_0002.jpg,True,1
821,2,Richard_Haass,Richard_Haass/Richard_Haass_0001.jpg,False,Richard_Haass,Richard_Haass/Richard_Haass_0002.jpg,False,1
822,2,Richard_Shelby,Richard_Shelby/Richard_Shelby_0001.jpg,True,Richard_Shelby,Richard_Shelby/Richard_Shelby_0002.jpg,True,1
823,2,Rick_Barnes,Rick_Barnes/Rick_Barnes_0001.jpg,False,Rick_Barnes,Rick_Barnes/Rick_Barnes_0002.jpg,False,1
824,2,Rick_Barnes,Rick_Barnes/Rick_Barnes_0001.jpg,False,Rick_Barnes,Rick_Barnes/Rick_Barnes_0003.jpg,False,1
825,2,Rick_Dinse,Rick_Dinse/Rick_Dinse_0001.jpg,False,Rick_Dinse,Rick_Dinse/Rick_Dinse_0003.jpg,False,1
826,2,Rick_Dinse,Rick_Dinse/Rick_Dinse_0002.jpg,False,Rick_Dinse,Rick_Dinse/Rick_Dinse_0003.jpg,False,1
827,2,Rio_Ferdinand,Rio_Ferdinand/Rio_Ferdinand_0001.jpg,True,Rio_Ferdinand,Rio_Ferdinand/Rio_Ferdinand_0002.jpg,True,1
828,2,Rita_Grande,Rita_Grande/Rita_Grande_0001.jpg,False,Rita_Grande,Rita_Grande/Rita_Grande_0002.jpg,False,1
829,2,Rita_Grande,Rita_Grande/Rita_Grande_0002.jpg,False,Rita_Grande,Rita_Grande/Rita_Grande_0003.jpg,False,1
830,2,Robin_McLaurin_Williams,Robin_McLaurin_Williams/Robin_McLaurin_Williams_0001.jpg,False,Robin_McLaurin_Williams,Robin_McLaurin_Williams/Robin_McLaurin_Williams_0002.jpg,False,1
831,2,Saddam_Hussein,Saddam_Hussein/Saddam_Hussein_0002.jpg,True,Saddam_Hussein,Saddam_Hussein/Saddam_Hussein_0004.jpg,True,1
832,2,Saddam_Hussein,Saddam_Hussein/Saddam_Hussein_0002.jpg,True,Saddam_Hussein,Saddam_Hussein/Saddam_Hussein_0010.jpg,True,1
833,2,Saddam_Hussein,Saddam_Hussein/Saddam_Hussein_0003.jpg,True,Saddam_Hussein,Saddam_Hussein/Saddam_Hussein_0011.jpg,True,1
834,2,Saddam_Hussein,Saddam_Hussein/Saddam_Hussein_0006.jpg,True,Saddam_Hussein,Saddam_Hussein/Saddam_Hussein_0009.jpg,True,1
835,2,Sally_Field,Sally_Field/Sally_Field_0001.jpg,False,Sally_Field,Sally_Field/Sally_Field_0002.jpg,False,1
836,2,Salma_Hayek,Salma_Hayek/Salma_Hayek_0001.jpg,True,Salma_Hayek,Salma_Hayek/Salma_Hayek_0010.jpg,True,1
837,2,Salma_Hayek,Salma_Hayek/Salma_Hayek_0001.jpg,True,Salma_Hayek,Salma_Hayek/Salma_Hayek_0011.jpg,True,1
838,2,Sandra_Bullock,Sandra_Bullock/Sandra_Bullock_0001.jpg,False,Sandra_Bullock,Sandra_Bullock/Sandra_Bullock_0003.jpg,False,1
839,2,Sandra_Bullock,Sandra_Bullock/Sandra_Bullock_0001.jpg,False,Sandra_Bullock,Sandra_Bullock/Sandra_Bullock_0004.jpg,False,1
840,2,Sandra_Bullock,Sandra_Bullock/Sandra_Bullock_0002.jpg,False,Sandra_Bullock,Sandra_Bullock/Sandra_Bullock_0004.jpg,False,1
841,2,Sandra_Bullock,Sandra_Bullock/Sandra_Bullock_0003.jpg,False,Sandra_Bullock,Sandra_Bullock/Sandra_Bullock_0004.jpg,False,1
842,2,Sarah_Hughes,Sarah_Hughes/Sarah_Hughes_0001.jpg,False,Sarah_Hughes,Sarah_Hughes/Sarah_Hughes_0006.jpg,False,1
843,2,Sarah_Hughes,Sarah_Hughes/Sarah_Hughes_0002.jpg,False,Sarah_Hughes,Sarah_Hughes/Sarah_Hughes_0005.jpg,False,1
844,2,Sarah_Hughes,Sarah_Hughes/Sarah_Hughes_0003.jpg,False,Sarah_Hughes,Sarah_Hughes/Sarah_Hughes_0005.jpg,False,1
845,2,Sarah_Hughes,Sarah_Hughes/Sarah_Hughes_0004.jpg,False,Sarah_Hughes,Sarah_Hughes/Sarah_Hughes_0006.jpg,False,1
846,2,Sharon_Frey,Sharon_Frey/Sharon_Frey_0001.jpg,False,Sharon_Frey,Sharon_Frey/Sharon_Frey_0002.jpg,False,1
847,2,Silvio_Berlusconi,Silvio_Berlusconi/Silvio_Berlusconi_0006.jpg,True,Silvio_Berlusconi,Silvio_Berlusconi/Silvio_Berlusconi_0030.jpg,True,1
848,2,Silvio_Berlusconi,Silvio_Berlusconi/Silvio_Berlusconi_0008.jpg,True,Silvio_Berlusconi,Silvio_Berlusconi/Silvio_Berlusconi_0023.jpg,True,1
849,2,Silvio_Berlusconi,Silvio_Berlusconi/Silvio_Berlusconi_0013.jpg,True,Silvio_Berlusconi,Silvio_Berlusconi/Silvio_Berlusconi_0021.jpg,True,1
850,2,Silvio_Berlusconi,Silvio_Berlusconi/Silvio_Berlusconi_0017.jpg,True,Silvio_Berlusconi,Silvio_Berlusconi/Silvio_Berlusconi_0029.jpg,True,1
851,2,Silvio_Berlusconi,Silvio_Berlusconi/Silvio_Berlusconi_0018.jpg,True,Silvio_Berlusconi,Silvio_Berlusconi/Silvio_Berlusconi_0025.jpg,True,1
852,2,Silvio_Berlusconi,Silvio_Berlusconi/Silvio_Berlusconi_0023.jpg,True,Silvio_Berlusconi,Silvio_Berlusconi/Silvio_Berlusconi_0028.jpg,True,1
853,2,Silvio_Berlusconi,Silvio_Berlusconi/Silvio_Berlusconi_0024.jpg,True,Silvio_Berlusconi,Silvio_Berlusconi/Silvio_Berlusconi_0030.jpg,True,1
854,2,Silvio_Berlusconi,Silvio_Berlusconi/Silvio_Berlusconi_0026.jpg,True,Silvio_Berlusconi,Silvio_Berlusconi/Silvio_Berlusconi_0032.jpg,True,1
855,2,Spencer_Abraham,Spencer_Abraham/Spencer_Abraham_0003.jpg,True,Spencer_Abraham,Spencer_Abraham/Spencer_Abraham_0017.jpg,True,1
856,2,Steffi_Graf,Steffi_Graf/Steffi_Graf_0002.jpg,True,Steffi_Graf,Steffi_Graf/Steffi_Graf_0005.jpg,True,1
857,2,Steffi_Graf,Steffi_Graf/Steffi_Graf_0003.jpg,True,Steffi_Graf,Steffi_Graf/Steffi_Graf_0004.jpg,True,1
858,2,Steven_Spielberg,Steven_Spielberg/Steven_Spielberg_0001.jpg,True,Steven_Spielberg,Steven_Spielberg/Steven_Spielberg_0005.jpg,True,1
859,2,Steven_Spielberg,Steven_Spielberg/Steven_Spielberg_0001.jpg,True,Steven_Spielberg,Steven_Spielberg/Steven_Spielberg_0006.jpg,True,1
860,2,Steven_Spielberg,Steven_Spielberg/Steven_Spielberg_0003.jpg,True,Steven_Spielberg,Steven_Spielberg/Steven_Spielberg_0006.jpg,True,1
861,2,Steven_Spielberg,Steven_Spielberg/Steven_Spielberg_0004.jpg,True,Steven_Spielberg,Steven_Spielberg/Steven_Spielberg_0006.jpg,True,1
862,2,Steven_Spielberg,Steven_Spielberg/Steven_Spielberg_0004.jpg,True,Steven_Spielberg,Steven_Spielberg/Steven_Spielberg_0007.jpg,True,1
863,2,Steven_Spielberg,Steven_Spielberg/Steven_Spielberg_0006.jpg,True,Steven_Spielberg,Steven_Spielberg/Steven_Spielberg_0007.jpg,True,1
864,2,Theresa_May,Theresa_May/Theresa_May_0001.jpg,True,Theresa_May,Theresa_May/Theresa_May_0002.jpg,True,1
865,2,Theresa_May,Theresa_May/Theresa_May_0002.jpg,True,Theresa_May,Theresa_May/Theresa_May_0003.jpg,True,1
866,2,Tippi_Hedren,Tippi_Hedren/Tippi_Hedren_0001.jpg,False,Tippi_Hedren,Tippi_Hedren/Tippi_Hedren_0002.jpg,False,1
867,2,Todd_Haynes,Todd_Haynes/Todd_Haynes_0001.jpg,True,Todd_Haynes,Todd_Haynes/Todd_Haynes_0002.jpg,True,1
868,2,Todd_Haynes,Todd_Haynes/Todd_Haynes_0001.jpg,True,Todd_Haynes,Todd_Haynes/Todd_Haynes_0003.jpg,True,1
869,2,Todd_Haynes,Todd_Haynes/Todd_Haynes_0001.jpg,True,Todd_Haynes,Todd_Haynes/Todd_Haynes_0004.jpg,True,1
870,2,Todd_Haynes,Todd_Haynes/Todd_Haynes_0002.jpg,True,Todd_Haynes,Todd_Haynes/Todd_Haynes_0004.jpg,True,1
871,2,Tony_Blair,Tony_Blair/Tony_Blair_0018.jpg,True,Tony_Blair,Tony_Blair/Tony_Blair_0086.jpg,True,1
872,2,Tony_Blair,Tony_Blair/Tony_Blair_0032.jpg,True,Tony_Blair,Tony_Blair/Tony_Blair_0048.jpg,True,1
873,2,Tony_Blair,Tony_Blair/Tony_Blair_0032.jpg,True,Tony_Blair,Tony_Blair/Tony_Blair_0110.jpg,True,1
874,2,Tony_Blair,Tony_Blair/Tony_Blair_0053.jpg,True,Tony_Blair,Tony_Blair/Tony_Blair_0102.jpg,True,1
875,2,Tony_Blair,Tony_Blair/Tony_Blair_0091.jpg,True,Tony_Blair,Tony_Blair/Tony_Blair_0134.jpg,True,1
876,2,Tony_Blair,Tony_Blair/Tony_Blair_0092.jpg,True,Tony_Blair,Tony_Blair/Tony_Blair_0133.jpg,True,1
877,2,Tony_Blair,Tony_Blair/Tony_Blair_0105.jpg,True,Tony_Blair,Tony_Blair/Tony_Blair_0121.jpg,True,1
878,2,Vicente_Fox,Vicente_Fox/Vicente_Fox_0004.jpg,True,Vicente_Fox,Vicente_Fox/Vicente_Fox_0030.jpg,True,1
879,2,Vicente_Fox,Vicente_Fox/Vicente_Fox_0009.jpg,True,Vicente_Fox,Vicente_Fox/Vicente_Fox_0016.jpg,True,1
880,2,Vicente_Fox,Vicente_Fox/Vicente_Fox_0011.jpg,True,Vicente_Fox,Vicente_Fox/Vicente_Fox_0017.jpg,True,1
881,2,Vicente_Fox,Vicente_Fox/Vicente_Fox_0015.jpg,True,Vicente_Fox,Vicente_Fox/Vicente_Fox_0030.jpg,True,1
882,2,Vojislav_Kostunica,Vojislav_Kostunica/Vojislav_Kostunica_0001.jpg,True,Vojislav_Kostunica,Vojislav_Kostunica/Vojislav_Kostunica_0003.jpg,True,1
883,2,Vojislav_Kostunica,Vojislav_Kostunica/Vojislav_Kostunica_0002.jpg,True,Vojislav_Kostunica,Vojislav_Kostunica/Vojislav_Kostunica_0004.jpg,True,1
884,2,Vojislav_Kostunica,Vojislav_Kostunica/Vojislav_Kostunica_0004.jpg,True,Vojislav_Kostunica,Vojislav_Kostunica/Vojislav_Kostunica_0007.jpg,True,1
885,2,Vojislav_Kostunica,Vojislav_Kostunica/Vojislav_Kostunica_0005.jpg,True,Vojislav_Kostunica,Vojislav_Kostunica/Vojislav_Kostunica_0007.jpg,True,1
886,2,Walter_Mondale,Walter_Mondale/Walter_Mondale_0001.jpg,True,Walter_Mondale,Walter_Mondale/Walter_Mondale_0006.jpg,True,1
887,2,Walter_Mondale,Walter_Mondale/Walter_Mondale_0001.jpg,True,Walter_Mondale,Walter_Mondale/Walter_Mondale_0007.jpg,True,1
888,2,Walter_Mondale,Walter_Mondale/Walter_Mondale_0005.jpg,True,Walter_Mondale,Walter_Mondale/Walter_Mondale_0007.jpg,True,1
889,2,Walter_Mondale,Walter_Mondale/Walter_Mondale_0006.jpg,True,Walter_Mondale,Walter_Mondale/Walter_Mondale_0008.jpg,True,1
890,2,Walter_Mondale,Walter_Mondale/Walter_Mondale_0007.jpg,True,Walter_Mondale,Walter_Mondale/Walter_Mondale_0009.jpg,True,1
891,2,Wang_Yingfan,Wang_Yingfan/Wang_Yingfan_0002.jpg,True,Wang_Yingfan,Wang_Yingfan/Wang_Yingfan_0003.jpg,True,1
892,2,William_Bratton,William_Bratton/William_Bratton_0001.jpg,True,William_Bratton,William_Bratton/William_Bratton_0003.jpg,True,1
893,2,William_Donaldson,William_Donaldson/William_Donaldson_0001.jpg,True,William_Donaldson,William_Donaldson/William_Donaldson_0005.jpg,True,1
894,2,William_Donaldson,William_Donaldson/William_Donaldson_0003.jpg,True,William_Donaldson,William_Donaldson/William_Donaldson_0005.jpg,True,1
895,2,William_Donaldson,William_Donaldson/William_Donaldson_0004.jpg,True,William_Donaldson,William_Donaldson/William_Donaldson_0006.jpg,True,1
896,2,Xavier_Malisse,Xavier_Malisse/Xavier_Malisse_0001.jpg,False,Xavier_Malisse,Xavier_Malisse/Xavier_Malisse_0003.jpg,False,1
897,2,Xavier_Malisse,Xavier_Malisse/Xavier_Malisse_0003.jpg,False,Xavier_Malisse,Xavier_Malisse/Xavier_Malisse_0004.jpg,False,1
898,2,Xavier_Malisse,Xavier_Malisse/Xavier_Malisse_0003.jpg,False,Xavier_Malisse,Xavier_Malisse/Xavier_Malisse_0005.jpg,False,1
899,2,Yevgeny_Kafelnikov,Yevgeny_Kafelnikov/Yevgeny_Kafelnikov_0001.jpg,False,Yevgeny_Kafelnikov,Yevgeny_Kafelnikov/Yevgeny_Kafelnikov_0004.jpg,False,1
900,2,Zarai_Toledo,Zarai_Toledo/Zarai_Toledo_0001.jpg,True,Zarai_Toledo,Zarai_Toledo/Zarai_Toledo_0002.jpg,True,1
901,2,Adolfo_Rodriguez_Saa,Adolfo_Rodriguez_Saa/Adolfo_Rodriguez_Saa_0001.jpg,False,Dave_Odom,Dave_Odom/Dave_Odom_0001.jpg,False,0
902,2,Adolfo_Rodriguez_Saa,Adolfo_Rodriguez_Saa/Adolfo_Rodriguez_Saa_0001.jpg,False,Nancy_Powell,Nancy_Powell/Nancy_Powell_0001.jpg,True,0
903,2,Adrien_Brody,Adrien_Brody/Adrien_Brody_0003.jpg,False,Damon_Dash,Damon_Dash/Damon_Dash_0001.jpg,True,0
904,2,Ahmed_Ahmed,Ahmed_Ahmed/Ahmed_Ahmed_0001.jpg,False,Mike_Smith,Mike_Smith/Mike_Smith_0001.jpg,False,0
905,2,Al_Sharpton,Al_Sharpton/Al_Sharpton_0005.jpg,False,Cole_Chapman,Cole_Chapman/Cole_Chapman_0001.jpg,True,0
906,2,Alberto_Sordi,Alberto_Sordi/Alberto_Sordi_0001.jpg,False,James_Cameron,James_Cameron/James_Cameron_0002.jpg,False,0
907,2,Alejandro_Lerner,Alejandro_Lerner/Alejandro_Lerner_0001.jpg,True,Jesper_Parnevik,Jesper_Parnevik/Jesper_Parnevik_0001.jpg,False,0
908,2,Alejandro_Lerner,Alejandro_Lerner/Alejandro_Lerner_0001.jpg,True,TA_McLendon,TA_McLendon/TA_McLendon_0001.jpg,False,0
909,2,Alex_Penelas,Alex_Penelas/Alex_Penelas_0001.jpg,True,Robin_Johansen,Robin_Johansen/Robin_Johansen_0001.jpg,False,0
910,2,Alex_Penelas,Alex_Penelas/Alex_Penelas_0002.jpg,True,Gretchen_Mol,Gretchen_Mol/Gretchen_Mol_0001.jpg,True,0
911,2,Alexandra_Stevenson,Alexandra_Stevenson/Alexandra_Stevenson_0003.jpg,True,Ronde_Barber,Ronde_Barber/Ronde_Barber_0001.jpg,False,0
912,2,Ali_Adbul_Karim_Madani,Ali_Adbul_Karim_Madani/Ali_Adbul_Karim_Madani_0001.jpg,False,Carey_Lowell,Carey_Lowell/Carey_Lowell_0001.jpg,False,0
913,2,Ali_Mohammed_Maher,Ali_Mohammed_Maher/Ali_Mohammed_Maher_0001.jpg,False,Isabela_Moraes,Isabela_Moraes/Isabela_Moraes_0001.jpg,False,0
914,2,Ali_Mohammed_Maher,Ali_Mohammed_Maher/Ali_Mohammed_Maher_0001.jpg,False,Isidro_Pastor,Isidro_Pastor/Isidro_Pastor_0001.jpg,False,0
915,2,Alicia_Silverstone,Alicia_Silverstone/Alicia_Silverstone_0002.jpg,False,Jennifer_Thompson,Jennifer_Thompson/Jennifer_Thompson_0001.jpg,False,0
916,2,Alicia_Silverstone,Alicia_Silverstone/Alicia_Silverstone_0002.jpg,False,Jonathan_Tiomkin,Jonathan_Tiomkin/Jonathan_Tiomkin_0001.jpg,False,0
917,2,Alicia_Silverstone,Alicia_Silverstone/Alicia_Silverstone_0002.jpg,False,Serge_Tchuruk,Serge_Tchuruk/Serge_Tchuruk_0001.jpg,False,0
918,2,Andre_Agassi,Andre_Agassi/Andre_Agassi_0031.jpg,True,Boris_Jordan,Boris_Jordan/Boris_Jordan_0001.jpg,False,0
919,2,Andre_Techine,Andre_Techine/Andre_Techine_0001.jpg,False,Lloyd_Richards,Lloyd_Richards/Lloyd_Richards_0001.jpg,True,0
920,2,Andy_Benes,Andy_Benes/Andy_Benes_0001.jpg,True,Doug_Moe,Doug_Moe/Doug_Moe_0001.jpg,False,0
921,2,Andy_Benes,Andy_Benes/Andy_Benes_0001.jpg,True,Mitar_Rasevic,Mitar_Rasevic/Mitar_Rasevic_0001.jpg,False,0
922,2,Andy_Bryant,Andy_Bryant/Andy_Bryant_0001.jpg,False,Mike_Slive,Mike_Slive/Mike_Slive_0001.jpg,True,0
923,2,Anna_Kournikova,Anna_Kournikova/Anna_Kournikova_0008.jpg,True,Colin_Farrell,Colin_Farrell/Colin_Farrell_0001.jpg,True,0
924,2,Anne_ONeil,Anne_ONeil/Anne_ONeil_0001.jpg,True,Sophie,Sophie/Sophie_0001.jpg,True,0
925,2,Anthony_Lee_Johnson,Anthony_Lee_Johnson/Anthony_Lee_Johnson_0001.jpg,False,Dave_Williams,Dave_Williams/Dave_Williams_0001.jpg,True,0
926,2,Arnold_Palmer,Arnold_Palmer/Arnold_Palmer_0001.jpg,False,Stephanie_Zimbalist,Stephanie_Zimbalist/Stephanie_Zimbalist_0001.jpg,True,0
927,2,Arnold_Palmer,Arnold_Palmer/Arnold_Palmer_0003.jpg,False,Charles_Kartman,Charles_Kartman/Charles_Kartman_0001.jpg,False,0
928,2,Aron_Ralston,Aron_Ralston/Aron_Ralston_0001.jpg,False,Bill_Fennelly,Bill_Fennelly/Bill_Fennelly_0001.jpg,True,0
929,2,Bart_Hendricks,Bart_Hendricks/Bart_Hendricks_0001.jpg,False,Philippe_Noiret,Philippe_Noiret/Philippe_Noiret_0001.jpg,False,0
930,2,Ben_Kingsley,Ben_Kingsley/Ben_Kingsley_0001.jpg,True,Daryl_Hannah,Daryl_Hannah/Daryl_Hannah_0001.jpg,False,0
931,2,Ben_Kingsley,Ben_Kingsley/Ben_Kingsley_0001.jpg,True,Jean_Nagel,Jean_Nagel/Jean_Nagel_0001.jpg,True,0
932,2,Ben_Kingsley,Ben_Kingsley/Ben_Kingsley_0001.jpg,True,Perry_Farrell,Perry_Farrell/Perry_Farrell_0001.jpg,False,0
933,2,Benjamin_Neulander,Benjamin_Neulander/Benjamin_Neulander_0001.jpg,False,Robin_Tunney,Robin_Tunney/Robin_Tunney_0001.jpg,False,0
934,2,Bernardo_Segura,Bernardo_Segura/Bernardo_Segura_0001.jpg,False,Debra_Shank,Debra_Shank/Debra_Shank_0001.jpg,False,0
935,2,Bernardo_Segura,Bernardo_Segura/Bernardo_Segura_0002.jpg,False,Douglas_Paal,Douglas_Paal/Douglas_Paal_0001.jpg,False,0
936,2,Bernardo_Segura,Bernardo_Segura/Bernardo_Segura_0002.jpg,False,Jeanette_Stauffer,Jeanette_Stauffer/Jeanette_Stauffer_0001.jpg,False,0
937,2,Bill_Pryor,Bill_Pryor/Bill_Pryor_0001.jpg,False,Ronde_Barber,Ronde_Barber/Ronde_Barber_0001.jpg,False,0
938,2,Bob_Melvin,Bob_Melvin/Bob_Melvin_0001.jpg,False,Richard_Hamilton,Richard_Hamilton/Richard_Hamilton_0001.jpg,True,0
939,2,Bob_Stoops,Bob_Stoops/Bob_Stoops_0003.jpg,True,Wayne_Allard,Wayne_Allard/Wayne_Allard_0001.jpg,True,0
940,2,Bobby_Jackson,Bobby_Jackson/Bobby_Jackson_0001.jpg,False,Bruce_Gebhardt,Bruce_Gebhardt/Bruce_Gebhardt_0001.jpg,True,0
941,2,Bobby_Jackson,Bobby_Jackson/Bobby_Jackson_0001.jpg,False,JP_Suarez,JP_Suarez/JP_Suarez_0001.jpg,False,0
942,2,Bobby_Jackson,Bobby_Jackson/Bobby_Jackson_0001.jpg,False,Madge_Overhouse,Madge_Overhouse/Madge_Overhouse_0001.jpg,False,0
943,2,Bobby_Jackson,Bobby_Jackson/Bobby_Jackson_0001.jpg,False,Nicola_Wells,Nicola_Wells/Nicola_Wells_0001.jpg,False,0
944,2,Bobby_Robson,Bobby_Robson/Bobby_Robson_0001.jpg,True,Rollie_Massimino,Rollie_Massimino/Rollie_Massimino_0001.jpg,True,0
945,2,Bode_Miller,Bode_Miller/Bode_Miller_0001.jpg,False,David_Howard,David_Howard/David_Howard_0001.jpg,False,0
946,2,Bode_Miller,Bode_Miller/Bode_Miller_0001.jpg,False,Steffi_Graf,Steffi_Graf/Steffi_Graf_0001.jpg,True,0
947,2,Boris_Jordan,Boris_Jordan/Boris_Jordan_0001.jpg,False,Kim_Weeks,Kim_Weeks/Kim_Weeks_0001.jpg,False,0
948,2,Boris_Jordan,Boris_Jordan/Boris_Jordan_0001.jpg,False,Vincent_Sombrotto,Vincent_Sombrotto/Vincent_Sombrotto_0001.jpg,False,0
949,2,Brad_Alexander_Smith,Brad_Alexander_Smith/Brad_Alexander_Smith_0001.jpg,False,Jason_Alexander,Jason_Alexander/Jason_Alexander_0002.jpg,False,0
950,2,Brad_Alexander_Smith,Brad_Alexander_Smith/Brad_Alexander_Smith_0001.jpg,False,Kate_Lee,Kate_Lee/Kate_Lee_0001.jpg,False,0
951,2,Brad_Alexander_Smith,Brad_Alexander_Smith/Brad_Alexander_Smith_0001.jpg,False,Tatiana_Gratcheva,Tatiana_Gratcheva/Tatiana_Gratcheva_0001.jpg,True,0
952,2,Brandon_Webb,Brandon_Webb/Brandon_Webb_0001.jpg,False,Helmut_Panke,Helmut_Panke/Helmut_Panke_0001.jpg,False,0
953,2,Brandon_Webb,Brandon_Webb/Brandon_Webb_0001.jpg,False,Larry_Hahn,Larry_Hahn/Larry_Hahn_0001.jpg,False,0
954,2,Brandon_Webb,Brandon_Webb/Brandon_Webb_0001.jpg,False,Ryan_Leaf,Ryan_Leaf/Ryan_Leaf_0001.jpg,True,0
955,2,Brennon_Leighton,Brennon_Leighton/Brennon_Leighton_0001.jpg,True,Laurel_Clark,Laurel_Clark/Laurel_Clark_0001.jpg,False,0
956,2,Brett_Hawke,Brett_Hawke/Brett_Hawke_0001.jpg,False,Teri_Files,Teri_Files/Teri_Files_0001.jpg,False,0
957,2,Bruce_Gebhardt,Bruce_Gebhardt/Bruce_Gebhardt_0001.jpg,True,Jean-Luc_Bideau,Jean-Luc_Bideau/Jean-Luc_Bideau_0001.jpg,False,0
958,2,Bruce_Gebhardt,Bruce_Gebhardt/Bruce_Gebhardt_0001.jpg,True,Masao_Azuma,Masao_Azuma/Masao_Azuma_0001.jpg,True,0
959,2,Bryan_Cooley,Bryan_Cooley/Bryan_Cooley_0001.jpg,False,Katie_Harman,Katie_Harman/Katie_Harman_0003.jpg,True,0
960,2,Bryan_Murray,Bryan_Murray/Bryan_Murray_0001.jpg,False,Eric_Schacht,Eric_Schacht/Eric_Schacht_0001.jpg,False,0
961,2,Bryan_Murray,Bryan_Murray/Bryan_Murray_0001.jpg,False,Mikhail_Youzhny,Mikhail_Youzhny/Mikhail_Youzhny_0001.jpg,True,0
962,2,Bryan_Murray,Bryan_Murray/Bryan_Murray_0001.jpg,False,Mitchell_Daniels,Mitchell_Daniels/Mitchell_Daniels_0002.jpg,False,0
963,2,Camille_Colvin,Camille_Colvin/Camille_Colvin_0001.jpg,True,Irina_Yatchenko,Irina_Yatchenko/Irina_Yatchenko_0001.jpg,False,0
964,2,Carey_Lowell,Carey_Lowell/Carey_Lowell_0001.jpg,False,Charlie_Coles,Charlie_Coles/Charlie_Coles_0001.jpg,True,0
965,2,Carl_Pope,Carl_Pope/Carl_Pope_0001.jpg,False,Larry_Hahn,Larry_Hahn/Larry_Hahn_0001.jpg,False,0
966,2,Carolina_Barco,Carolina_Barco/Carolina_Barco_0001.jpg,False,Daryl_Hannah,Daryl_Hannah/Daryl_Hannah_0001.jpg,False,0
967,2,Carolina_Barco,Carolina_Barco/Carolina_Barco_0001.jpg,False,Lindsay_Davenport,Lindsay_Davenport/Lindsay_Davenport_0022.jpg,True,0
968,2,Carolina_Barco,Carolina_Barco/Carolina_Barco_0001.jpg,False,Norodom_Sihanouk,Norodom_Sihanouk/Norodom_Sihanouk_0001.jpg,True,0
969,2,Caroline_Kennedy,Caroline_Kennedy/Caroline_Kennedy_0003.jpg,True,Henry_Suazo,Henry_Suazo/Henry_Suazo_0001.jpg,True,0
970,2,Catherine_Bell,Catherine_Bell/Catherine_Bell_0001.jpg,True,Guillaume_Cannet,Guillaume_Cannet/Guillaume_Cannet_0001.jpg,False,0
971,2,Catherine_Zeta-Jones,Catherine_Zeta-Jones/Catherine_Zeta-Jones_0010.jpg,True,Pier_Ferdinando_Casini,Pier_Ferdinando_Casini/Pier_Ferdinando_Casini_0001.jpg,False,0
972,2,Catherine_Zeta-Jones,Catherine_Zeta-Jones/Catherine_Zeta-Jones_0011.jpg,True,Hayley_Tullett,Hayley_Tullett/Hayley_Tullett_0002.jpg,False,0
973,2,Celso_Amorim,Celso_Amorim/Celso_Amorim_0002.jpg,True,Juljia_Vysotskij,Juljia_Vysotskij/Juljia_Vysotskij_0001.jpg,True,0
974,2,Celso_Amorim,Celso_Amorim/Celso_Amorim_0002.jpg,True,Kevin_Costner,Kevin_Costner/Kevin_Costner_0001.jpg,False,0
975,2,Celso_Amorim,Celso_Amorim/Celso_Amorim_0002.jpg,True,Thomas_Stewart,Thomas_Stewart/Thomas_Stewart_0001.jpg,True,0
976,2,Chanda_Rubin,Chanda_Rubin/Chanda_Rubin_0003.jpg,True,Richard_Tubb,Richard_Tubb/Richard_Tubb_0001.jpg,False,0
977,2,Chante_Jawan_Mallard,Chante_Jawan_Mallard/Chante_Jawan_Mallard_0001.jpg,False,Stephen_Glassroth,Stephen_Glassroth/Stephen_Glassroth_0001.jpg,False,0
978,2,Chante_Jawan_Mallard,Chante_Jawan_Mallard/Chante_Jawan_Mallard_0001.jpg,False,Vicente_Fox,Vicente_Fox/Vicente_Fox_0023.jpg,True,0
979,2,Charles_Bronson,Charles_Bronson/Charles_Bronson_0002.jpg,False,Hu_Jintao,Hu_Jintao/Hu_Jintao_0004.jpg,True,0
980,2,Charles_Kartman,Charles_Kartman/Charles_Kartman_0001.jpg,False,Debra_Shank,Debra_Shank/Debra_Shank_0001.jpg,False,0
981,2,Charles_Schumer,Charles_Schumer/Charles_Schumer_0002.jpg,True,James_Watt,James_Watt/James_Watt_0001.jpg,False,0
982,2,Charles_Schumer,Charles_Schumer/Charles_Schumer_0002.jpg,True,Justin_Gatlin,Justin_Gatlin/Justin_Gatlin_0002.jpg,False,0
983,2,Charles_Schumer,Charles_Schumer/Charles_Schumer_0002.jpg,True,Lionel_Chalmers,Lionel_Chalmers/Lionel_Chalmers_0001.jpg,False,0
984,2,Chris_Rock,Chris_Rock/Chris_Rock_0002.jpg,False,Dalai_Lama,Dalai_Lama/Dalai_Lama_0001.jpg,False,0
985,2,Christine_Baumgartner,Christine_Baumgartner/Christine_Baumgartner_0002.jpg,False,Vincent_Sombrotto,Vincent_Sombrotto/Vincent_Sombrotto_0001.jpg,False,0
986,2,Christine_Baumgartner,Christine_Baumgartner/Christine_Baumgartner_0003.jpg,False,Lars_Burgsmuller,Lars_Burgsmuller/Lars_Burgsmuller_0001.jpg,False,0
987,2,Chyung_Dai-chul,Chyung_Dai-chul/Chyung_Dai-chul_0001.jpg,False,Dan_Reeves,Dan_Reeves/Dan_Reeves_0001.jpg,True,0
988,2,Cindy_Moll,Cindy_Moll/Cindy_Moll_0001.jpg,False,Daniel_Radcliffe,Daniel_Radcliffe/Daniel_Radcliffe_0003.jpg,False,0
989,2,Cindy_Moll,Cindy_Moll/Cindy_Moll_0001.jpg,False,James_McPherson,James_McPherson/James_McPherson_0001.jpg,True,0
990,2,Cindy_Moll,Cindy_Moll/Cindy_Moll_0001.jpg,False,Robin_Johansen,Robin_Johansen/Robin_Johansen_0001.jpg,False,0
991,2,Claire_De_Gryse,Claire_De_Gryse/Claire_De_Gryse_0001.jpg,False,Deb_Santos,Deb_Santos/Deb_Santos_0001.jpg,False,0
992,2,Claire_Tomalin,Claire_Tomalin/Claire_Tomalin_0001.jpg,False,Steve_Case,Steve_Case/Steve_Case_0001.jpg,False,0
993,2,Clay_Campbell,Clay_Campbell/Clay_Campbell_0001.jpg,True,Leonardo_DiCaprio,Leonardo_DiCaprio/Leonardo_DiCaprio_0002.jpg,True,0
994,2,Cole_Chapman,Cole_Chapman/Cole_Chapman_0001.jpg,True,Marisol_Martinez_Sambran,Marisol_Martinez_Sambran/Marisol_Martinez_Sambran_0001.jpg,False,0
995,2,Colin_Phillips,Colin_Phillips/Colin_Phillips_0001.jpg,False,Ian_McKellen,Ian_McKellen/Ian_McKellen_0003.jpg,True,0
996,2,Colin_Phillips,Colin_Phillips/Colin_Phillips_0001.jpg,False,Lloyd_Richards,Lloyd_Richards/Lloyd_Richards_0001.jpg,True,0
997,2,Colin_Prescot,Colin_Prescot/Colin_Prescot_0001.jpg,False,Laurie_Hobbs,Laurie_Hobbs/Laurie_Hobbs_0001.jpg,True,0
998,2,Connie_Freydell,Connie_Freydell/Connie_Freydell_0001.jpg,True,Tommy_Maddox,Tommy_Maddox/Tommy_Maddox_0001.jpg,False,0
999,2,Craig_OClair,Craig_OClair/Craig_OClair_0001.jpg,False,Steve_Avery,Steve_Avery/Steve_Avery_0001.jpg,False,0
1000,2,Damarius_Bilbo,Damarius_Bilbo/Damarius_Bilbo_0001.jpg,False,Juljia_Vysotskij,Juljia_Vysotskij/Juljia_Vysotskij_0001.jpg,True,0
1001,2,Damon_Dash,Damon_Dash/Damon_Dash_0001.jpg,True,Henry_Suazo,Henry_Suazo/Henry_Suazo_0001.jpg,True,0
1002,2,Daniel_Comisso_Urdaneta,Daniel_Comisso_Urdaneta/Daniel_Comisso_Urdaneta_0001.jpg,False,Larry_Ralston,Larry_Ralston/Larry_Ralston_0001.jpg,False,0
1003,2,Daniel_Radcliffe,Daniel_Radcliffe/Daniel_Radcliffe_0003.jpg,False,Diane_Green,Diane_Green/Diane_Green_0002.jpg,True,0
1004,2,Daniel_Radcliffe,Daniel_Radcliffe/Daniel_Radcliffe_0003.jpg,False,Rick_Barnes,Rick_Barnes/Rick_Barnes_0002.jpg,False,0
1005,2,Daniel_Radcliffe,Daniel_Radcliffe/Daniel_Radcliffe_0003.jpg,False,Vicente_Fox,Vicente_Fox/Vicente_Fox_0032.jpg,True,0
1006,2,Dany_Heatley,Dany_Heatley/Dany_Heatley_0001.jpg,False,Richard_Parsons,Richard_Parsons/Richard_Parsons_0001.jpg,False,0
1007,2,Dany_Heatley,Dany_Heatley/Dany_Heatley_0001.jpg,False,Terry_Hoeppner,Terry_Hoeppner/Terry_Hoeppner_0001.jpg,False,0
1008,2,Dave_Odom,Dave_Odom/Dave_Odom_0001.jpg,False,Maritza_Macias_Furano,Maritza_Macias_Furano/Maritza_Macias_Furano_0001.jpg,False,0
1009,2,David_Beckham,David_Beckham/David_Beckham_0022.jpg,True,Laura_Morante,Laura_Morante/Laura_Morante_0001.jpg,True,0
1010,2,David_Duval,David_Duval/David_Duval_0001.jpg,False,Philippe_Noiret,Philippe_Noiret/Philippe_Noiret_0002.jpg,False,0
1011,2,David_Ho,David_Ho/David_Ho_0001.jpg,False,Doug_Moe,Doug_Moe/Doug_Moe_0001.jpg,False,0
1012,2,David_Ho,David_Ho/David_Ho_0001.jpg,False,Erskine_Bowles,Erskine_Bowles/Erskine_Bowles_0001.jpg,True,0
1013,2,David_Ho,David_Ho/David_Ho_0001.jpg,False,Evander_Holyfield,Evander_Holyfield/Evander_Holyfield_0001.jpg,True,0
1014,2,David_Howard,David_Howard/David_Howard_0001.jpg,False,Hugo_Conte,Hugo_Conte/Hugo_Conte_0001.jpg,True,0
1015,2,Denzel_Washington,Denzel_Washington/Denzel_Washington_0004.jpg,True,Henry_Suazo,Henry_Suazo/Henry_Suazo_0001.jpg,True,0
1016,2,Des_Brown,Des_Brown/Des_Brown_0001.jpg,False,Eliott_Spitzer,Eliott_Spitzer/Eliott_Spitzer_0001.jpg,False,0
1017,2,Des_Brown,Des_Brown/Des_Brown_0001.jpg,False,Svetislav_Pesic,Svetislav_Pesic/Svetislav_Pesic_0001.jpg,True,0
1018,2,Diana_Ross,Diana_Ross/Diana_Ross_0001.jpg,False,Rick_Rickert,Rick_Rickert/Rick_Rickert_0001.jpg,False,0
1019,2,Dianne_Feinstein,Dianne_Feinstein/Dianne_Feinstein_0003.jpg,False,Dwayne_Johnson,Dwayne_Johnson/Dwayne_Johnson_0002.jpg,False,0
1020,2,Dick_Clark,Dick_Clark/Dick_Clark_0003.jpg,True,Manfred_Stolpe,Manfred_Stolpe/Manfred_Stolpe_0001.jpg,False,0
1021,2,Dino_Risi,Dino_Risi/Dino_Risi_0001.jpg,True,Gabriel_Farhi,Gabriel_Farhi/Gabriel_Farhi_0001.jpg,False,0
1022,2,Doc_Rivers,Doc_Rivers/Doc_Rivers_0001.jpg,False,Melissa_Joan_Hart,Melissa_Joan_Hart/Melissa_Joan_Hart_0001.jpg,False,0
1023,2,Dominick_Dunne,Dominick_Dunne/Dominick_Dunne_0001.jpg,False,Nicoletta_Braschi,Nicoletta_Braschi/Nicoletta_Braschi_0001.jpg,False,0
1024,2,Don_Flanagan,Don_Flanagan/Don_Flanagan_0001.jpg,False,Ed_Sullivan,Ed_Sullivan/Ed_Sullivan_0001.jpg,True,0
1025,2,Don_Flanagan,Don_Flanagan/Don_Flanagan_0001.jpg,False,Ratna_Sari_Dewi_Sukarno,Ratna_Sari_Dewi_Sukarno/Ratna_Sari_Dewi_Sukarno_0001.jpg,False,0
1026,2,Donald_Keyser,Donald_Keyser/Donald_Keyser_0001.jpg,False,Salma_Hayek,Salma_Hayek/Salma_Hayek_0002.jpg,True,0
1027,2,Douglas_Paal,Douglas_Paal/Douglas_Paal_0001.jpg,False,Ed_Sullivan,Ed_Sullivan/Ed_Sullivan_0001.jpg,True,0
1028,2,Douglas_Paal,Douglas_Paal/Douglas_Paal_0001.jpg,False,Richard_Hamilton,Richard_Hamilton/Richard_Hamilton_0001.jpg,True,0
1029,2,Dusty_Baker,Dusty_Baker/Dusty_Baker_0001.jpg,False,Saddam_Hussein,Saddam_Hussein/Saddam_Hussein_0002.jpg,True,0
1030,2,Ed_Rendell,Ed_Rendell/Ed_Rendell_0001.jpg,False,Jamie_Dimon,Jamie_Dimon/Jamie_Dimon_0001.jpg,False,0
1031,2,Ed_Rendell,Ed_Rendell/Ed_Rendell_0001.jpg,False,Richard_Cohen,Richard_Cohen/Richard_Cohen_0001.jpg,True,0
1032,2,Eddie_Murray,Eddie_Murray/Eddie_Murray_0001.jpg,False,Kevin_Costner,Kevin_Costner/Kevin_Costner_0007.jpg,False,0
1033,2,Elaine_Stritch,Elaine_Stritch/Elaine_Stritch_0001.jpg,False,Richard_Parsons,Richard_Parsons/Richard_Parsons_0001.jpg,False,0
1034,2,Elena_Tihomirova,Elena_Tihomirova/Elena_Tihomirova_0001.jpg,False,Mike_Slive,Mike_Slive/Mike_Slive_0001.jpg,True,0
1035,2,Elena_Tihomirova,Elena_Tihomirova/Elena_Tihomirova_0001.jpg,False,Mohammed_Abu_Sharia,Mohammed_Abu_Sharia/Mohammed_Abu_Sharia_0001.jpg,False,0
1036,2,Eric_Schacht,Eric_Schacht/Eric_Schacht_0001.jpg,False,Jennifer_Keller,Jennifer_Keller/Jennifer_Keller_0002.jpg,False,0
1037,2,Erik_Morales,Erik_Morales/Erik_Morales_0003.jpg,False,Werner_Schlager,Werner_Schlager/Werner_Schlager_0001.jpg,False,0
1038,2,Erin_Brockovich,Erin_Brockovich/Erin_Brockovich_0001.jpg,True,Henry_Suazo,Henry_Suazo/Henry_Suazo_0001.jpg,True,0
1039,2,Erin_Brockovich,Erin_Brockovich/Erin_Brockovich_0001.jpg,True,Mike_Carona,Mike_Carona/Mike_Carona_0001.jpg,True,0
1040,2,Evan_Rachel_Wood,Evan_Rachel_Wood/Evan_Rachel_Wood_0001.jpg,False,Sharon_Frey,Sharon_Frey/Sharon_Frey_0001.jpg,False,0
1041,2,Evander_Holyfield,Evander_Holyfield/Evander_Holyfield_0001.jpg,True,Julio_Rossi,Julio_Rossi/Julio_Rossi_0001.jpg,False,0
1042,2,Evander_Holyfield,Evander_Holyfield/Evander_Holyfield_0001.jpg,True,Michael_Jordan,Michael_Jordan/Michael_Jordan_0003.jpg,True,0
1043,2,Evander_Holyfield,Evander_Holyfield/Evander_Holyfield_0001.jpg,True,Mike_Carona,Mike_Carona/Mike_Carona_0001.jpg,True,0
1044,2,Fatmir_Limaj,Fatmir_Limaj/Fatmir_Limaj_0001.jpg,True,Todd_Haynes,Todd_Haynes/Todd_Haynes_0004.jpg,True,0
1045,2,Felicity_Huffman,Felicity_Huffman/Felicity_Huffman_0001.jpg,False,Nelson_Acosta,Nelson_Acosta/Nelson_Acosta_0001.jpg,False,0
1046,2,Felipe_De_Borbon,Felipe_De_Borbon/Felipe_De_Borbon_0001.jpg,False,Jose_Bove,Jose_Bove/Jose_Bove_0001.jpg,False,0
1047,2,Frank_Cassell,Frank_Cassell/Frank_Cassell_0002.jpg,True,Jesper_Parnevik,Jesper_Parnevik/Jesper_Parnevik_0001.jpg,False,0
1048,2,Frank_Cassell,Frank_Cassell/Frank_Cassell_0003.jpg,True,Ronde_Barber,Ronde_Barber/Ronde_Barber_0001.jpg,False,0
1049,2,Fred_Durst,Fred_Durst/Fred_Durst_0001.jpg,False,Marisol_Martinez_Sambran,Marisol_Martinez_Sambran/Marisol_Martinez_Sambran_0001.jpg,False,0
1050,2,Fred_Durst,Fred_Durst/Fred_Durst_0001.jpg,False,Shavon_Earp,Shavon_Earp/Shavon_Earp_0001.jpg,False,0
1051,2,Fujio_Cho,Fujio_Cho/Fujio_Cho_0001.jpg,True,Javier_Vargas,Javier_Vargas/Javier_Vargas_0001.jpg,False,0
1052,2,Fujio_Cho,Fujio_Cho/Fujio_Cho_0002.jpg,True,Tatsuya_Fuji,Tatsuya_Fuji/Tatsuya_Fuji_0001.jpg,False,0
1053,2,Fujio_Cho,Fujio_Cho/Fujio_Cho_0003.jpg,True,Michael_Brandon,Michael_Brandon/Michael_Brandon_0001.jpg,False,0
1054,2,Fujio_Cho,Fujio_Cho/Fujio_Cho_0006.jpg,True,Olene_Walker,Olene_Walker/Olene_Walker_0001.jpg,False,0
1055,2,Gabriel_Farhi,Gabriel_Farhi/Gabriel_Farhi_0001.jpg,False,Lars_Burgsmuller,Lars_Burgsmuller/Lars_Burgsmuller_0001.jpg,False,0
1056,2,Gao_Qiang,Gao_Qiang/Gao_Qiang_0002.jpg,False,Kenneth_Brill,Kenneth_Brill/Kenneth_Brill_0001.jpg,False,0
1057,2,Gary_Stevens,Gary_Stevens/Gary_Stevens_0001.jpg,False,Wanda_Ilene_Barzee,Wanda_Ilene_Barzee/Wanda_Ilene_Barzee_0001.jpg,False,0
1058,2,Geoff_Hoon,Geoff_Hoon/Geoff_Hoon_0001.jpg,False,Osama_bin_Laden,Osama_bin_Laden/Osama_bin_Laden_0003.jpg,True,0
1059,2,Geoff_Hoon,Geoff_Hoon/Geoff_Hoon_0003.jpg,False,Richard_Tubb,Richard_Tubb/Richard_Tubb_0001.jpg,False,0
1060,2,Geoff_Hoon,Geoff_Hoon/Geoff_Hoon_0005.jpg,False,Thomas_Stewart,Thomas_Stewart/Thomas_Stewart_0001.jpg,True,0
1061,2,George_Brumley,George_Brumley/George_Brumley_0001.jpg,False,Manfred_Stolpe,Manfred_Stolpe/Manfred_Stolpe_0001.jpg,False,0
1062,2,George_Brumley,George_Brumley/George_Brumley_0001.jpg,False,Ryan_Leaf,Ryan_Leaf/Ryan_Leaf_0001.jpg,True,0
1063,2,George_Brumley,George_Brumley/George_Brumley_0002.jpg,False,Sergei_Yushenkov,Sergei_Yushenkov/Sergei_Yushenkov_0001.jpg,False,0
1064,2,George_Papandreou,George_Papandreou/George_Papandreou_0002.jpg,True,Tatiana_Panova,Tatiana_Panova/Tatiana_Panova_0001.jpg,False,0
1065,2,George_Papandreou,George_Papandreou/George_Papandreou_0004.jpg,True,Larry_Lindsey,Larry_Lindsey/Larry_Lindsey_0002.jpg,True,0
1066,2,George_Papandreou,George_Papandreou/George_Papandreou_0004.jpg,True,Paul_LeClerc,Paul_LeClerc/Paul_LeClerc_0001.jpg,False,0
1067,2,Ghassan_Elashi,Ghassan_Elashi/Ghassan_Elashi_0001.jpg,True,Rick_Rickert,Rick_Rickert/Rick_Rickert_0001.jpg,False,0
1068,2,Gloria_Allred,Gloria_Allred/Gloria_Allred_0002.jpg,False,Roman_Tam,Roman_Tam/Roman_Tam_0001.jpg,True,0
1069,2,Greg_Kinsey,Greg_Kinsey/Greg_Kinsey_0001.jpg,False,Priscilla_Presley,Priscilla_Presley/Priscilla_Presley_0001.jpg,True,0
1070,2,Greg_Ostertag,Greg_Ostertag/Greg_Ostertag_0002.jpg,True,Kevin_Costner,Kevin_Costner/Kevin_Costner_0006.jpg,False,0
1071,2,Greg_Owen,Greg_Owen/Greg_Owen_0001.jpg,False,Mark_Sisk,Mark_Sisk/Mark_Sisk_0001.jpg,False,0
1072,2,Greg_Owen,Greg_Owen/Greg_Owen_0002.jpg,False,Mike_Smith,Mike_Smith/Mike_Smith_0001.jpg,False,0
1073,2,Gretchen_Mol,Gretchen_Mol/Gretchen_Mol_0001.jpg,True,Isabella_Rossellini,Isabella_Rossellini/Isabella_Rossellini_0002.jpg,False,0
1074,2,Gunilla_Backman,Gunilla_Backman/Gunilla_Backman_0001.jpg,True,Kathleen_Abernathy,Kathleen_Abernathy/Kathleen_Abernathy_0001.jpg,False,0
1075,2,Hanan_Ashrawi,Hanan_Ashrawi/Hanan_Ashrawi_0001.jpg,True,Mario_Kreutzberger,Mario_Kreutzberger/Mario_Kreutzberger_0002.jpg,False,0
1076,2,Hans_Leistritz,Hans_Leistritz/Hans_Leistritz_0001.jpg,True,Saddam_Hussein,Saddam_Hussein/Saddam_Hussein_0018.jpg,True,0
1077,2,Hans_Leistritz,Hans_Leistritz/Hans_Leistritz_0001.jpg,True,Sue_Grafton,Sue_Grafton/Sue_Grafton_0001.jpg,True,0
1078,2,Hans_Peter_Briegel,Hans_Peter_Briegel/Hans_Peter_Briegel_0001.jpg,False,Theresa_May,Theresa_May/Theresa_May_0002.jpg,True,0
1079,2,Harriet_Lessy,Harriet_Lessy/Harriet_Lessy_0001.jpg,True,Mike_Carona,Mike_Carona/Mike_Carona_0001.jpg,True,0
1080,2,Harry_Kalas,Harry_Kalas/Harry_Kalas_0002.jpg,True,Joe_Strummer,Joe_Strummer/Joe_Strummer_0001.jpg,True,0
1081,2,Harry_Kalas,Harry_Kalas/Harry_Kalas_0002.jpg,True,Lewis_Booth,Lewis_Booth/Lewis_Booth_0001.jpg,False,0
1082,2,Hayley_Tullett,Hayley_Tullett/Hayley_Tullett_0001.jpg,False,Ian_McKellen,Ian_McKellen/Ian_McKellen_0001.jpg,True,0
1083,2,Henry_Suazo,Henry_Suazo/Henry_Suazo_0001.jpg,True,Ratna_Sari_Dewi_Sukarno,Ratna_Sari_Dewi_Sukarno/Ratna_Sari_Dewi_Sukarno_0001.jpg,False,0
1084,2,Hernan_Crespo,Hernan_Crespo/Hernan_Crespo_0001.jpg,True,Ronde_Barber,Ronde_Barber/Ronde_Barber_0001.jpg,False,0
1085,2,Hiroyuki_Yoshino,Hiroyuki_Yoshino/Hiroyuki_Yoshino_0001.jpg,False,Rollie_Massimino,Rollie_Massimino/Rollie_Massimino_0001.jpg,True,0
1086,2,Hu_Jintao,Hu_Jintao/Hu_Jintao_0006.jpg,True,Jerome_Jenkins,Jerome_Jenkins/Jerome_Jenkins_0001.jpg,False,0
1087,2,Hugh_Jessiman,Hugh_Jessiman/Hugh_Jessiman_0001.jpg,False,Solomon_Passy,Solomon_Passy/Solomon_Passy_0001.jpg,False,0
1088,2,Hugh_Jessiman,Hugh_Jessiman/Hugh_Jessiman_0001.jpg,False,TA_McLendon,TA_McLendon/TA_McLendon_0001.jpg,False,0
1089,2,Hugo_Conte,Hugo_Conte/Hugo_Conte_0001.jpg,True,Laurent_Woulzy,Laurent_Woulzy/Laurent_Woulzy_0001.jpg,False,0
1090,2,Irina_Yatchenko,Irina_Yatchenko/Irina_Yatchenko_0001.jpg,False,Katie_Harman,Katie_Harman/Katie_Harman_0002.jpg,True,0
1091,2,Isidro_Pastor,Isidro_Pastor/Isidro_Pastor_0001.jpg,False,Mark_Butcher,Mark_Butcher/Mark_Butcher_0001.jpg,False,0
1092,2,Ismail_Merchant,Ismail_Merchant/Ismail_Merchant_0001.jpg,False,Mack_Brown,Mack_Brown/Mack_Brown_0002.jpg,True,0
1093,2,Ismail_Merchant,Ismail_Merchant/Ismail_Merchant_0002.jpg,False,Kathleen_Abernathy,Kathleen_Abernathy/Kathleen_Abernathy_0001.jpg,False,0
1094,2,Ivan_Helguera,Ivan_Helguera/Ivan_Helguera_0001.jpg,False,William_Donaldson,William_Donaldson/William_Donaldson_0004.jpg,True,0
1095,2,Iveta_Benesova,Iveta_Benesova/Iveta_Benesova_0001.jpg,False,Jacques_Chirac,Jacques_Chirac/Jacques_Chirac_0050.jpg,True,0
1096,2,Jacques_Chirac,Jacques_Chirac/Jacques_Chirac_0020.jpg,True,Tzipora_Obziler,Tzipora_Obziler/Tzipora_Obziler_0001.jpg,False,0
1097,2,Jacques_Chirac,Jacques_Chirac/Jacques_Chirac_0035.jpg,True,Richard_Shelby,Richard_Shelby/Richard_Shelby_0002.jpg,True,0
1098,2,James_Cameron,James_Cameron/James_Cameron_0001.jpg,False,Richard_Shelby,Richard_Shelby/Richard_Shelby_0002.jpg,True,0
1099,2,James_McGreevey,James_McGreevey/James_McGreevey_0001.jpg,True,Katie_Harman,Katie_Harman/Katie_Harman_0002.jpg,True,0
1100,2,James_McGreevey,James_McGreevey/James_McGreevey_0001.jpg,True,Tzipora_Obziler,Tzipora_Obziler/Tzipora_Obziler_0001.jpg,False,0
1101,2,James_Sensenbrenner,James_Sensenbrenner/James_Sensenbrenner_0001.jpg,False,Jimmy_Smits,Jimmy_Smits/Jimmy_Smits_0001.jpg,False,0
1102,2,James_Sensenbrenner,James_Sensenbrenner/James_Sensenbrenner_0001.jpg,False,Maria_Shkolnikova,Maria_Shkolnikova/Maria_Shkolnikova_0001.jpg,True,0
1103,2,James_Watt,James_Watt/James_Watt_0001.jpg,False,Priscilla_Presley,Priscilla_Presley/Priscilla_Presley_0002.jpg,True,0
1104,2,Jamie_Dimon,Jamie_Dimon/Jamie_Dimon_0001.jpg,False,Robert_Korzeniowski,Robert_Korzeniowski/Robert_Korzeniowski_0001.jpg,False,0
1105,2,Jason_Alexander,Jason_Alexander/Jason_Alexander_0001.jpg,False,Mike_Maroth,Mike_Maroth/Mike_Maroth_0001.jpg,False,0
1106,2,Jason_Alexander,Jason_Alexander/Jason_Alexander_0001.jpg,False,Wayne_Allard,Wayne_Allard/Wayne_Allard_0001.jpg,True,0
1107,2,Jason_Kidd,Jason_Kidd/Jason_Kidd_0007.jpg,False,Louisa_Baileche,Louisa_Baileche/Louisa_Baileche_0001.jpg,False,0
1108,2,Javier_Vargas,Javier_Vargas/Javier_Vargas_0001.jpg,False,Jesse_Helms,Jesse_Helms/Jesse_Helms_0001.jpg,True,0
1109,2,Jeanette_Gray,Jeanette_Gray/Jeanette_Gray_0001.jpg,False,Keith_Fotta,Keith_Fotta/Keith_Fotta_0001.jpg,False,0
1110,2,Jeanette_Stauffer,Jeanette_Stauffer/Jeanette_Stauffer_0001.jpg,False,Marie-Josee_Croze,Marie-Josee_Croze/Marie-Josee_Croze_0001.jpg,False,0
1111,2,Jeffrey_Donaldson,Jeffrey_Donaldson/Jeffrey_Donaldson_0001.jpg,True,Leonardo_DiCaprio,Leonardo_DiCaprio/Leonardo_DiCaprio_0008.jpg,True,0
1112,2,Jeffrey_Donaldson,Jeffrey_Donaldson/Jeffrey_Donaldson_0001.jpg,True,Peter_Bacanovic,Peter_Bacanovic/Peter_Bacanovic_0001.jpg,False,0
1113,2,Jennifer_Connelly,Jennifer_Connelly/Jennifer_Connelly_0004.jpg,False,Martin_Bandier,Martin_Bandier/Martin_Bandier_0001.jpg,False,0
1114,2,Jesper_Parnevik,Jesper_Parnevik/Jesper_Parnevik_0001.jpg,False,Justin_Gatlin,Justin_Gatlin/Justin_Gatlin_0002.jpg,False,0
1115,2,Jimmy_Smits,Jimmy_Smits/Jimmy_Smits_0001.jpg,False,Robin_Johansen,Robin_Johansen/Robin_Johansen_0001.jpg,False,0
1116,2,Jimmy_Smits,Jimmy_Smits/Jimmy_Smits_0001.jpg,False,Shane_Hmiel,Shane_Hmiel/Shane_Hmiel_0001.jpg,False,0
1117,2,Joe_Crede,Joe_Crede/Joe_Crede_0001.jpg,False,Tom_DeLay,Tom_DeLay/Tom_DeLay_0001.jpg,False,0
1118,2,John_Burkett,John_Burkett/John_Burkett_0001.jpg,False,Leonardo_DiCaprio,Leonardo_DiCaprio/Leonardo_DiCaprio_0002.jpg,True,0
1119,2,John_McKay,John_McKay/John_McKay_0001.jpg,True,Mary_Sue_Coleman,Mary_Sue_Coleman/Mary_Sue_Coleman_0001.jpg,False,0
1120,2,Johnny_Hallyday,Johnny_Hallyday/Johnny_Hallyday_0001.jpg,True,Olene_Walker,Olene_Walker/Olene_Walker_0001.jpg,False,0
1121,2,Jonathan_Tiomkin,Jonathan_Tiomkin/Jonathan_Tiomkin_0001.jpg,False,Rita_Grande,Rita_Grande/Rita_Grande_0002.jpg,False,0
1122,2,Jorge_Rodolfo_Canicoba_Corral,Jorge_Rodolfo_Canicoba_Corral/Jorge_Rodolfo_Canicoba_Corral_0001.jpg,False,Wayne_Allard,Wayne_Allard/Wayne_Allard_0001.jpg,True,0
1123,2,Jose_Bove,Jose_Bove/Jose_Bove_0001.jpg,False,Juergen_Trittin,Juergen_Trittin/Juergen_Trittin_0001.jpg,True,0
1124,2,Juljia_Vysotskij,Juljia_Vysotskij/Juljia_Vysotskij_0001.jpg,True,Patrick_Coleman,Patrick_Coleman/Patrick_Coleman_0001.jpg,False,0
1125,2,Kate_Lee,Kate_Lee/Kate_Lee_0001.jpg,False,Toshimitsu_Motegi,Toshimitsu_Motegi/Toshimitsu_Motegi_0001.jpg,False,0
1126,2,Kathie_Louise_Saunders,Kathie_Louise_Saunders/Kathie_Louise_Saunders_0001.jpg,True,Roberto_Lavagna,Roberto_Lavagna/Roberto_Lavagna_0001.jpg,False,0
1127,2,Kathie_Louise_Saunders,Kathie_Louise_Saunders/Kathie_Louise_Saunders_0001.jpg,True,Rosalyn_Carter,Rosalyn_Carter/Rosalyn_Carter_0001.jpg,True,0
1128,2,Kenneth_Branagh,Kenneth_Branagh/Kenneth_Branagh_0001.jpg,False,Pinar_del_Rio,Pinar_del_Rio/Pinar_del_Rio_0001.jpg,False,0
1129,2,Kevin_Costner,Kevin_Costner/Kevin_Costner_0005.jpg,False,Stephen_Glassroth,Stephen_Glassroth/Stephen_Glassroth_0001.jpg,False,0
1130,2,Khader_Rashid_Rahim,Khader_Rashid_Rahim/Khader_Rashid_Rahim_0001.jpg,False,Richard_Cohen,Richard_Cohen/Richard_Cohen_0001.jpg,True,0
1131,2,Khalid_Khannouchi,Khalid_Khannouchi/Khalid_Khannouchi_0001.jpg,True,Werner_Schlager,Werner_Schlager/Werner_Schlager_0001.jpg,False,0
1132,2,Kim_Su_Nam,Kim_Su_Nam/Kim_Su_Nam_0001.jpg,False,Todd_Haynes,Todd_Haynes/Todd_Haynes_0004.jpg,True,0
1133,2,Kim_Weeks,Kim_Weeks/Kim_Weeks_0001.jpg,False,Marie-Josee_Croze,Marie-Josee_Croze/Marie-Josee_Croze_0001.jpg,False,0
1134,2,Kimora_Lee,Kimora_Lee/Kimora_Lee_0001.jpg,False,Robin_Johansen,Robin_Johansen/Robin_Johansen_0001.jpg,False,0
1135,2,Kurt_Suzuki,Kurt_Suzuki/Kurt_Suzuki_0001.jpg,False,Scott_Hoch,Scott_Hoch/Scott_Hoch_0001.jpg,False,0
1136,2,Larry_Lindsey,Larry_Lindsey/Larry_Lindsey_0001.jpg,True,Wanda_Ilene_Barzee,Wanda_Ilene_Barzee/Wanda_Ilene_Barzee_0001.jpg,False,0
1137,2,Larry_Ralston,Larry_Ralston/Larry_Ralston_0001.jpg,False,Richard_Carl,Richard_Carl/Richard_Carl_0001.jpg,False,0
1138,2,Larry_Ralston,Larry_Ralston/Larry_Ralston_0001.jpg,False,William_Donaldson,William_Donaldson/William_Donaldson_0006.jpg,True,0
1139,2,Larry_Ralston,Larry_Ralston/Larry_Ralston_0001.jpg,False,Willie_Wilson,Willie_Wilson/Willie_Wilson_0001.jpg,False,0
1140,2,Laurel_Clark,Laurel_Clark/Laurel_Clark_0001.jpg,False,Laurent_Woulzy,Laurent_Woulzy/Laurent_Woulzy_0001.jpg,False,0
1141,2,Laurel_Clark,Laurel_Clark/Laurel_Clark_0001.jpg,False,Priscilla_Presley,Priscilla_Presley/Priscilla_Presley_0001.jpg,True,0
1142,2,Leandrinho_Barbosa,Leandrinho_Barbosa/Leandrinho_Barbosa_0001.jpg,False,Melissa_Joan_Hart,Melissa_Joan_Hart/Melissa_Joan_Hart_0001.jpg,False,0
1143,2,Leandrinho_Barbosa,Leandrinho_Barbosa/Leandrinho_Barbosa_0001.jpg,False,Olene_Walker,Olene_Walker/Olene_Walker_0001.jpg,False,0
1144,2,Leon_Barmore,Leon_Barmore/Leon_Barmore_0001.jpg,False,Sachin_Tendulkar,Sachin_Tendulkar/Sachin_Tendulkar_0001.jpg,True,0
1145,2,Leon_Barmore,Leon_Barmore/Leon_Barmore_0001.jpg,False,Yusaku_Miyazato,Yusaku_Miyazato/Yusaku_Miyazato_0001.jpg,False,0
1146,2,Leonard_Schrank,Leonard_Schrank/Leonard_Schrank_0001.jpg,False,Marie_Haghal,Marie_Haghal/Marie_Haghal_0001.jpg,False,0
1147,2,Leonard_Schrank,Leonard_Schrank/Leonard_Schrank_0001.jpg,False,Rick_Rickert,Rick_Rickert/Rick_Rickert_0001.jpg,False,0
1148,2,Linda_Franklin,Linda_Franklin/Linda_Franklin_0001.jpg,True,Melissa_Joan_Hart,Melissa_Joan_Hart/Melissa_Joan_Hart_0001.jpg,False,0
1149,2,Lindsay_Davenport,Lindsay_Davenport/Lindsay_Davenport_0001.jpg,True,Martin_Burnham,Martin_Burnham/Martin_Burnham_0001.jpg,True,0
1150,2,Lindsay_Davenport,Lindsay_Davenport/Lindsay_Davenport_0017.jpg,True,Oxana_Fedorova,Oxana_Fedorova/Oxana_Fedorova_0003.jpg,True,0
1151,2,Lionel_Chalmers,Lionel_Chalmers/Lionel_Chalmers_0001.jpg,False,Mohammad_Fares,Mohammad_Fares/Mohammad_Fares_0001.jpg,False,0
1152,2,Lisa_Ling,Lisa_Ling/Lisa_Ling_0002.jpg,False,Mike_Maroth,Mike_Maroth/Mike_Maroth_0001.jpg,False,0
1153,2,Lucy_Liu,Lucy_Liu/Lucy_Liu_0003.jpg,True,Prince_William,Prince_William/Prince_William_0001.jpg,False,0
1154,2,Maria_Luisa_Mendonca,Maria_Luisa_Mendonca/Maria_Luisa_Mendonca_0002.jpg,False,Stephane_Delajoux,Stephane_Delajoux/Stephane_Delajoux_0001.jpg,False,0
1155,2,Maria_Luisa_Mendonca,Maria_Luisa_Mendonca/Maria_Luisa_Mendonca_0002.jpg,False,Terunobu_Maeda,Terunobu_Maeda/Terunobu_Maeda_0001.jpg,False,0
1156,2,Maria_Shkolnikova,Maria_Shkolnikova/Maria_Shkolnikova_0001.jpg,True,Martin_Rodriguez,Martin_Rodriguez/Martin_Rodriguez_0001.jpg,False,0
1157,2,Mariana_Ohata,Mariana_Ohata/Mariana_Ohata_0001.jpg,False,Xavier_Malisse,Xavier_Malisse/Xavier_Malisse_0003.jpg,False,0
1158,2,Mario_Kreutzberger,Mario_Kreutzberger/Mario_Kreutzberger_0001.jpg,False,Shavon_Earp,Shavon_Earp/Shavon_Earp_0001.jpg,False,0
1159,2,Mario_Kreutzberger,Mario_Kreutzberger/Mario_Kreutzberger_0002.jpg,False,Raul_Cubas,Raul_Cubas/Raul_Cubas_0001.jpg,True,0
1160,2,Maritza_Macias_Furano,Maritza_Macias_Furano/Maritza_Macias_Furano_0001.jpg,False,Qusai_Hussein,Qusai_Hussein/Qusai_Hussein_0001.jpg,False,0
1161,2,Mark_Butcher,Mark_Butcher/Mark_Butcher_0001.jpg,False,Scott_Hoch,Scott_Hoch/Scott_Hoch_0001.jpg,False,0
1162,2,Mark_Sisk,Mark_Sisk/Mark_Sisk_0001.jpg,False,Mehdi_Baala,Mehdi_Baala/Mehdi_Baala_0001.jpg,False,0
1163,2,Mark_Sisk,Mark_Sisk/Mark_Sisk_0001.jpg,False,Stephen_Swindal,Stephen_Swindal/Stephen_Swindal_0001.jpg,False,0
1164,2,Masao_Azuma,Masao_Azuma/Masao_Azuma_0001.jpg,True,Mikhail_Kalashnikov,Mikhail_Kalashnikov/Mikhail_Kalashnikov_0001.jpg,True,0
1165,2,McGuire_Gibson,McGuire_Gibson/McGuire_Gibson_0001.jpg,False,Richard_Haass,Richard_Haass/Richard_Haass_0001.jpg,False,0
1166,2,Mehdi_Baala,Mehdi_Baala/Mehdi_Baala_0001.jpg,False,Steve_Avery,Steve_Avery/Steve_Avery_0001.jpg,False,0
1167,2,Melissa_Joan_Hart,Melissa_Joan_Hart/Melissa_Joan_Hart_0001.jpg,False,Mikhail_Kalashnikov,Mikhail_Kalashnikov/Mikhail_Kalashnikov_0001.jpg,True,0
1168,2,Melissa_Joan_Hart,Melissa_Joan_Hart/Melissa_Joan_Hart_0001.jpg,False,Sue_Grafton,Sue_Grafton/Sue_Grafton_0001.jpg,True,0
1169,2,Michael_Brandon,Michael_Brandon/Michael_Brandon_0001.jpg,False,Toshimitsu_Motegi,Toshimitsu_Motegi/Toshimitsu_Motegi_0001.jpg,False,0
1170,2,Michael_Shelby,Michael_Shelby/Michael_Shelby_0001.jpg,False,Olene_Walker,Olene_Walker/Olene_Walker_0001.jpg,False,0
1171,2,Michel_Kratochvil,Michel_Kratochvil/Michel_Kratochvil_0001.jpg,False,Sheldon_Silver,Sheldon_Silver/Sheldon_Silver_0001.jpg,False,0
1172,2,Mike_Eskew,Mike_Eskew/Mike_Eskew_0001.jpg,True,Zarai_Toledo,Zarai_Toledo/Zarai_Toledo_0001.jpg,True,0
1173,2,Mike_OConnell,Mike_OConnell/Mike_OConnell_0001.jpg,False,Roberto_Lavagna,Roberto_Lavagna/Roberto_Lavagna_0001.jpg,False,0
1174,2,Mike_Sherman,Mike_Sherman/Mike_Sherman_0001.jpg,False,Natalie_Maines,Natalie_Maines/Natalie_Maines_0003.jpg,False,0
1175,2,Mike_Sherman,Mike_Sherman/Mike_Sherman_0001.jpg,False,Paige_Fitzgerald,Paige_Fitzgerald/Paige_Fitzgerald_0001.jpg,False,0
1176,2,Milt_Heflin,Milt_Heflin/Milt_Heflin_0001.jpg,False,Pier_Ferdinando_Casini,Pier_Ferdinando_Casini/Pier_Ferdinando_Casini_0001.jpg,False,0
1177,2,Nicholoas_DiMarzio,Nicholoas_DiMarzio/Nicholoas_DiMarzio_0001.jpg,False,Richard_Parsons,Richard_Parsons/Richard_Parsons_0001.jpg,False,0
1178,2,Nikki_McKibbin,Nikki_McKibbin/Nikki_McKibbin_0001.jpg,True,Stephen_Swindal,Stephen_Swindal/Stephen_Swindal_0001.jpg,False,0
1179,2,Nikki_McKibbin,Nikki_McKibbin/Nikki_McKibbin_0001.jpg,True,Steven_Tyler,Steven_Tyler/Steven_Tyler_0001.jpg,False,0
1180,2,Osama_Al_Baz,Osama_Al_Baz/Osama_Al_Baz_0001.jpg,False,Patricia_Wartusch,Patricia_Wartusch/Patricia_Wartusch_0001.jpg,True,0
1181,2,Osama_Al_Baz,Osama_Al_Baz/Osama_Al_Baz_0001.jpg,False,Sandra_Day_OConner,Sandra_Day_OConner/Sandra_Day_OConner_0001.jpg,False,0
1182,2,Patricia_Phillips,Patricia_Phillips/Patricia_Phillips_0001.jpg,True,Thierry_Falise,Thierry_Falise/Thierry_Falise_0002.jpg,False,0
1183,2,Paula_Locke,Paula_Locke/Paula_Locke_0001.jpg,True,Teri_Files,Teri_Files/Teri_Files_0001.jpg,False,0
1184,2,Peter_Bacanovic,Peter_Bacanovic/Peter_Bacanovic_0002.jpg,False,Robert_Korzeniowski,Robert_Korzeniowski/Robert_Korzeniowski_0001.jpg,False,0
1185,2,Pier_Ferdinando_Casini,Pier_Ferdinando_Casini/Pier_Ferdinando_Casini_0001.jpg,False,Ratna_Sari_Dewi_Sukarno,Ratna_Sari_Dewi_Sukarno/Ratna_Sari_Dewi_Sukarno_0001.jpg,False,0
1186,2,Priscilla_Presley,Priscilla_Presley/Priscilla_Presley_0002.jpg,True,Raul_Rivero,Raul_Rivero/Raul_Rivero_0001.jpg,False,0
1187,2,Raaf_Schefter,Raaf_Schefter/Raaf_Schefter_0001.jpg,False,Rick_Dinse,Rick_Dinse/Rick_Dinse_0002.jpg,False,0
1188,2,Richard_Sterner,Richard_Sterner/Richard_Sterner_0001.jpg,False,Steven_Spielberg,Steven_Spielberg/Steven_Spielberg_0002.jpg,True,0
1189,2,Rick_Dinse,Rick_Dinse/Rick_Dinse_0002.jpg,False,Shavon_Earp,Shavon_Earp/Shavon_Earp_0001.jpg,False,0
1190,2,Roberto_Lavagna,Roberto_Lavagna/Roberto_Lavagna_0001.jpg,False,Sandra_Bullock,Sandra_Bullock/Sandra_Bullock_0004.jpg,False,0
1191,2,Rod_Stewart,Rod_Stewart/Rod_Stewart_0001.jpg,False,Steffi_Graf,Steffi_Graf/Steffi_Graf_0002.jpg,True,0
1192,2,Rodolfo_Abalos,Rodolfo_Abalos/Rodolfo_Abalos_0001.jpg,False,Thierry_Falise,Thierry_Falise/Thierry_Falise_0003.jpg,False,0
1193,2,Roman_Tam,Roman_Tam/Roman_Tam_0001.jpg,True,Zalmay_Khalilzad,Zalmay_Khalilzad/Zalmay_Khalilzad_0001.jpg,False,0
1194,2,Scott_Hoch,Scott_Hoch/Scott_Hoch_0001.jpg,False,Thomas_Stewart,Thomas_Stewart/Thomas_Stewart_0001.jpg,True,0
1195,2,Seymour_Cassell,Seymour_Cassell/Seymour_Cassell_0001.jpg,True,Todd_Haynes,Todd_Haynes/Todd_Haynes_0004.jpg,True,0
1196,2,Shaun_Rusling,Shaun_Rusling/Shaun_Rusling_0001.jpg,False,Vincent_Sombrotto,Vincent_Sombrotto/Vincent_Sombrotto_0001.jpg,False,0
1197,2,Sheldon_Silver,Sheldon_Silver/Sheldon_Silver_0001.jpg,False,Xavier_Malisse,Xavier_Malisse/Xavier_Malisse_0003.jpg,False,0
1198,2,Stephane_Delajoux,Stephane_Delajoux/Stephane_Delajoux_0001.jpg,False,Tristan_Gretzky,Tristan_Gretzky/Tristan_Gretzky_0001.jpg,True,0
1199,2,Takahiro_Mori,Takahiro_Mori/Takahiro_Mori_0001.jpg,False,Tony_Blair,Tony_Blair/Tony_Blair_0064.jpg,True,0
1200,2,Thierry_Falise,Thierry_Falise/Thierry_Falise_0002.jpg,False,Werner_Schlager,Werner_Schlager/Werner_Schlager_0001.jpg,False,0
1201,3,Aaron_Sorkin,Aaron_Sorkin/Aaron_Sorkin_0001.jpg,True,Aaron_Sorkin,Aaron_Sorkin/Aaron_Sorkin_0002.jpg,True,1
1202,3,Abdullah,Abdullah/Abdullah_0001.jpg,True,Abdullah,Abdullah/Abdullah_0003.jpg,True,1
1203,3,Abdullah,Abdullah/Abdullah_0002.jpg,True,Abdullah,Abdullah/Abdullah_0003.jpg,True,1
1204,3,Abdullah,Abdullah/Abdullah_0002.jpg,True,Abdullah,Abdullah/Abdullah_0004.jpg,True,1
1205,3,Abdullah,Abdullah/Abdullah_0003.jpg,True,Abdullah,Abdullah/Abdullah_0004.jpg,True,1
1206,3,Abid_Hamid_Mahmud_Al-Tikriti,Abid_Hamid_Mahmud_Al-Tikriti/Abid_Hamid_Mahmud_Al-Tikriti_0001.jpg,False,Abid_Hamid_Mahmud_Al-Tikriti,Abid_Hamid_Mahmud_Al-Tikriti/Abid_Hamid_Mahmud_Al-Tikriti_0002.jpg,False,1
1207,3,Abid_Hamid_Mahmud_Al-Tikriti,Abid_Hamid_Mahmud_Al-Tikriti/Abid_Hamid_Mahmud_Al-Tikriti_0001.jpg,False,Abid_Hamid_Mahmud_Al-Tikriti,Abid_Hamid_Mahmud_Al-Tikriti/Abid_Hamid_Mahmud_Al-Tikriti_0003.jpg,False,1
1208,3,Alan_Ball,Alan_Ball/Alan_Ball_0001.jpg,True,Alan_Ball,Alan_Ball/Alan_Ball_0002.jpg,True,1
1209,3,Albert_Costa,Albert_Costa/Albert_Costa_0003.jpg,True,Albert_Costa,Albert_Costa/Albert_Costa_0005.jpg,True,1
1210,3,Albert_Costa,Albert_Costa/Albert_Costa_0005.jpg,True,Albert_Costa,Albert_Costa/Albert_Costa_0006.jpg,True,1
1211,3,Ali_Khamenei,Ali_Khamenei/Ali_Khamenei_0001.jpg,True,Ali_Khamenei,Ali_Khamenei/Ali_Khamenei_0002.jpg,True,1
1212,3,Ali_Khamenei,Ali_Khamenei/Ali_Khamenei_0001.jpg,True,Ali_Khamenei,Ali_Khamenei/Ali_Khamenei_0003.jpg,True,1
1213,3,Amelia_Vega,Amelia_Vega/Amelia_Vega_0001.jpg,False,Amelia_Vega,Amelia_Vega/Amelia_Vega_0007.jpg,False,1
1214,3,Amelia_Vega,Amelia_Vega/Amelia_Vega_0002.jpg,False,Amelia_Vega,Amelia_Vega/Amelia_Vega_0007.jpg,False,1
1215,3,Amelia_Vega,Amelia_Vega/Amelia_Vega_0003.jpg,False,Amelia_Vega,Amelia_Vega/Amelia_Vega_0005.jpg,False,1
1216,3,Antonio_Banderas,Antonio_Banderas/Antonio_Banderas_0001.jpg,False,Antonio_Banderas,Antonio_Banderas/Antonio_Banderas_0005.jpg,False,1
1217,3,Antonio_Banderas,Antonio_Banderas/Antonio_Banderas_0002.jpg,False,Antonio_Banderas,Antonio_Banderas/Antonio_Banderas_0005.jpg,False,1
1218,3,Antonio_Banderas,Antonio_Banderas/Antonio_Banderas_0003.jpg,False,Antonio_Banderas,Antonio_Banderas/Antonio_Banderas_0005.jpg,False,1
1219,3,Arye_Mekel,Arye_Mekel/Arye_Mekel_0001.jpg,False,Arye_Mekel,Arye_Mekel/Arye_Mekel_0002.jpg,False,1
1220,3,Azra_Akin,Azra_Akin/Azra_Akin_0001.jpg,True,Azra_Akin,Azra_Akin/Azra_Akin_0003.jpg,True,1
1221,3,Azra_Akin,Azra_Akin/Azra_Akin_0001.jpg,True,Azra_Akin,Azra_Akin/Azra_Akin_0004.jpg,True,1
1222,3,Bernard_Landry,Bernard_Landry/Bernard_Landry_0002.jpg,False,Bernard_Landry,Bernard_Landry/Bernard_Landry_0003.jpg,False,1
1223,3,Bernard_Landry,Bernard_Landry/Bernard_Landry_0002.jpg,False,Bernard_Landry,Bernard_Landry/Bernard_Landry_0004.jpg,False,1
1224,3,Bernard_Landry,Bernard_Landry/Bernard_Landry_0003.jpg,False,Bernard_Landry,Bernard_Landry/Bernard_Landry_0004.jpg,False,1
1225,3,Biljana_Plavsic,Biljana_Plavsic/Biljana_Plavsic_0001.jpg,True,Biljana_Plavsic,Biljana_Plavsic/Biljana_Plavsic_0002.jpg,True,1
1226,3,Biljana_Plavsic,Biljana_Plavsic/Biljana_Plavsic_0001.jpg,True,Biljana_Plavsic,Biljana_Plavsic/Biljana_Plavsic_0003.jpg,True,1
1227,3,Biljana_Plavsic,Biljana_Plavsic/Biljana_Plavsic_0002.jpg,True,Biljana_Plavsic,Biljana_Plavsic/Biljana_Plavsic_0003.jpg,True,1
1228,3,Bob_Hope,Bob_Hope/Bob_Hope_0001.jpg,False,Bob_Hope,Bob_Hope/Bob_Hope_0005.jpg,False,1
1229,3,Bob_Hope,Bob_Hope/Bob_Hope_0003.jpg,False,Bob_Hope,Bob_Hope/Bob_Hope_0006.jpg,False,1
1230,3,Bob_Hope,Bob_Hope/Bob_Hope_0004.jpg,False,Bob_Hope,Bob_Hope/Bob_Hope_0005.jpg,False,1
1231,3,Bob_Hope,Bob_Hope/Bob_Hope_0004.jpg,False,Bob_Hope,Bob_Hope/Bob_Hope_0007.jpg,False,1
1232,3,Bridget_Fonda,Bridget_Fonda/Bridget_Fonda_0001.jpg,False,Bridget_Fonda,Bridget_Fonda/Bridget_Fonda_0003.jpg,False,1
1233,3,Bridget_Fonda,Bridget_Fonda/Bridget_Fonda_0002.jpg,False,Bridget_Fonda,Bridget_Fonda/Bridget_Fonda_0003.jpg,False,1
1234,3,Carlos_Ruiz,Carlos_Ruiz/Carlos_Ruiz_0001.jpg,True,Carlos_Ruiz,Carlos_Ruiz/Carlos_Ruiz_0003.jpg,True,1
1235,3,Carlos_Ruiz,Carlos_Ruiz/Carlos_Ruiz_0002.jpg,True,Carlos_Ruiz,Carlos_Ruiz/Carlos_Ruiz_0003.jpg,True,1
1236,3,Carly_Fiorina,Carly_Fiorina/Carly_Fiorina_0001.jpg,True,Carly_Fiorina,Carly_Fiorina/Carly_Fiorina_0002.jpg,True,1
1237,3,Carly_Fiorina,Carly_Fiorina/Carly_Fiorina_0001.jpg,True,Carly_Fiorina,Carly_Fiorina/Carly_Fiorina_0003.jpg,True,1
1238,3,Cherie_Blair,Cherie_Blair/Cherie_Blair_0001.jpg,True,Cherie_Blair,Cherie_Blair/Cherie_Blair_0003.jpg,True,1
1239,3,Cherie_Blair,Cherie_Blair/Cherie_Blair_0001.jpg,True,Cherie_Blair,Cherie_Blair/Cherie_Blair_0004.jpg,True,1
1240,3,Cherie_Blair,Cherie_Blair/Cherie_Blair_0002.jpg,True,Cherie_Blair,Cherie_Blair/Cherie_Blair_0004.jpg,True,1
1241,3,Cherie_Blair,Cherie_Blair/Cherie_Blair_0003.jpg,True,Cherie_Blair,Cherie_Blair/Cherie_Blair_0004.jpg,True,1
1242,3,Chuck_Yeager,Chuck_Yeager/Chuck_Yeager_0001.jpg,False,Chuck_Yeager,Chuck_Yeager/Chuck_Yeager_0002.jpg,False,1
1243,3,Chung_Mong-joon,Chung_Mong-joon/Chung_Mong-joon_0001.jpg,True,Chung_Mong-joon,Chung_Mong-joon/Chung_Mong-joon_0002.jpg,True,1
1244,3,Claire_Hentzen,Claire_Hentzen/Claire_Hentzen_0001.jpg,False,Claire_Hentzen,Claire_Hentzen/Claire_Hentzen_0002.jpg,False,1
1245,3,Claire_Leger,Claire_Leger/Claire_Leger_0001.jpg,False,Claire_Leger,Claire_Leger/Claire_Leger_0002.jpg,False,1
1246,3,Darren_Clarke,Darren_Clarke/Darren_Clarke_0001.jpg,True,Darren_Clarke,Darren_Clarke/Darren_Clarke_0002.jpg,True,1
1247,3,David_Caraway,David_Caraway/David_Caraway_0001.jpg,False,David_Caraway,David_Caraway/David_Caraway_0002.jpg,False,1
1248,3,David_Leahy,David_Leahy/David_Leahy_0001.jpg,True,David_Leahy,David_Leahy/David_Leahy_0002.jpg,True,1
1249,3,Dick_Cheney,Dick_Cheney/Dick_Cheney_0002.jpg,True,Dick_Cheney,Dick_Cheney/Dick_Cheney_0014.jpg,True,1
1250,3,Dick_Cheney,Dick_Cheney/Dick_Cheney_0003.jpg,True,Dick_Cheney,Dick_Cheney/Dick_Cheney_0011.jpg,True,1
1251,3,Dick_Cheney,Dick_Cheney/Dick_Cheney_0003.jpg,True,Dick_Cheney,Dick_Cheney/Dick_Cheney_0012.jpg,True,1
1252,3,Dick_Cheney,Dick_Cheney/Dick_Cheney_0008.jpg,True,Dick_Cheney,Dick_Cheney/Dick_Cheney_0010.jpg,True,1
1253,3,Dino_de_Laurentis,Dino_de_Laurentis/Dino_de_Laurentis_0001.jpg,False,Dino_de_Laurentis,Dino_de_Laurentis/Dino_de_Laurentis_0002.jpg,False,1
1254,3,Don_Nickles,Don_Nickles/Don_Nickles_0001.jpg,False,Don_Nickles,Don_Nickles/Don_Nickles_0002.jpg,False,1
1255,3,Doris_Schroeder,Doris_Schroeder/Doris_Schroeder_0001.jpg,True,Doris_Schroeder,Doris_Schroeder/Doris_Schroeder_0003.jpg,True,1
1256,3,Doris_Schroeder,Doris_Schroeder/Doris_Schroeder_0002.jpg,True,Doris_Schroeder,Doris_Schroeder/Doris_Schroeder_0004.jpg,True,1
1257,3,Eduardo_Duhalde,Eduardo_Duhalde/Eduardo_Duhalde_0002.jpg,True,Eduardo_Duhalde,Eduardo_Duhalde/Eduardo_Duhalde_0003.jpg,True,1
1258,3,Eduardo_Duhalde,Eduardo_Duhalde/Eduardo_Duhalde_0002.jpg,True,Eduardo_Duhalde,Eduardo_Duhalde/Eduardo_Duhalde_0012.jpg,True,1
1259,3,Eduardo_Duhalde,Eduardo_Duhalde/Eduardo_Duhalde_0003.jpg,True,Eduardo_Duhalde,Eduardo_Duhalde/Eduardo_Duhalde_0004.jpg,True,1
1260,3,Eduardo_Duhalde,Eduardo_Duhalde/Eduardo_Duhalde_0006.jpg,True,Eduardo_Duhalde,Eduardo_Duhalde/Eduardo_Duhalde_0013.jpg,True,1
1261,3,Eduardo_Duhalde,Eduardo_Duhalde/Eduardo_Duhalde_0007.jpg,True,Eduardo_Duhalde,Eduardo_Duhalde/Eduardo_Duhalde_0010.jpg,True,1
1262,3,Eduardo_Duhalde,Eduardo_Duhalde/Eduardo_Duhalde_0010.jpg,True,Eduardo_Duhalde,Eduardo_Duhalde/Eduardo_Duhalde_0012.jpg,True,1
1263,3,Edwin_Edwards,Edwin_Edwards/Edwin_Edwards_0001.jpg,False,Edwin_Edwards,Edwin_Edwards/Edwin_Edwards_0003.jpg,False,1
1264,3,Eric_Rosser,Eric_Rosser/Eric_Rosser_0001.jpg,False,Eric_Rosser,Eric_Rosser/Eric_Rosser_0002.jpg,False,1
1265,3,Ernie_Eves,Ernie_Eves/Ernie_Eves_0001.jpg,False,Ernie_Eves,Ernie_Eves/Ernie_Eves_0002.jpg,False,1
1266,3,Ernie_Fletcher,Ernie_Fletcher/Ernie_Fletcher_0001.jpg,False,Ernie_Fletcher,Ernie_Fletcher/Ernie_Fletcher_0002.jpg,False,1
1267,3,Eva_Dimas,Eva_Dimas/Eva_Dimas_0001.jpg,False,Eva_Dimas,Eva_Dimas/Eva_Dimas_0002.jpg,False,1
1268,3,Fernando_Vargas,Fernando_Vargas/Fernando_Vargas_0001.jpg,True,Fernando_Vargas,Fernando_Vargas/Fernando_Vargas_0002.jpg,True,1
1269,3,Fernando_Vargas,Fernando_Vargas/Fernando_Vargas_0001.jpg,True,Fernando_Vargas,Fernando_Vargas/Fernando_Vargas_0003.jpg,True,1
1270,3,Fernando_Vargas,Fernando_Vargas/Fernando_Vargas_0001.jpg,True,Fernando_Vargas,Fernando_Vargas/Fernando_Vargas_0004.jpg,True,1
1271,3,Fernando_Vargas,Fernando_Vargas/Fernando_Vargas_0002.jpg,True,Fernando_Vargas,Fernando_Vargas/Fernando_Vargas_0003.jpg,True,1
1272,3,Fernando_Vargas,Fernando_Vargas/Fernando_Vargas_0003.jpg,True,Fernando_Vargas,Fernando_Vargas/Fernando_Vargas_0004.jpg,True,1
1273,3,Frank_Lautenberg,Frank_Lautenberg/Frank_Lautenberg_0001.jpg,True,Frank_Lautenberg,Frank_Lautenberg/Frank_Lautenberg_0002.jpg,True,1
1274,3,George_HW_Bush,George_HW_Bush/George_HW_Bush_0001.jpg,True,George_HW_Bush,George_HW_Bush/George_HW_Bush_0003.jpg,True,1
1275,3,George_HW_Bush,George_HW_Bush/George_HW_Bush_0002.jpg,True,George_HW_Bush,George_HW_Bush/George_HW_Bush_0013.jpg,True,1
1276,3,George_HW_Bush,George_HW_Bush/George_HW_Bush_0004.jpg,True,George_HW_Bush,George_HW_Bush/George_HW_Bush_0006.jpg,True,1
1277,3,George_HW_Bush,George_HW_Bush/George_HW_Bush_0005.jpg,True,George_HW_Bush,George_HW_Bush/George_HW_Bush_0008.jpg,True,1
1278,3,George_HW_Bush,George_HW_Bush/George_HW_Bush_0009.jpg,True,George_HW_Bush,George_HW_Bush/George_HW_Bush_0010.jpg,True,1
1279,3,Gisele_Bundchen,Gisele_Bundchen/Gisele_Bundchen_0001.jpg,True,Gisele_Bundchen,Gisele_Bundchen/Gisele_Bundchen_0002.jpg,True,1
1280,3,Glafcos_Clerides,Glafcos_Clerides/Glafcos_Clerides_0001.jpg,False,Glafcos_Clerides,Glafcos_Clerides/Glafcos_Clerides_0002.jpg,False,1
1281,3,Glafcos_Clerides,Glafcos_Clerides/Glafcos_Clerides_0001.jpg,False,Glafcos_Clerides,Glafcos_Clerides/Glafcos_Clerides_0003.jpg,False,1
1282,3,Glafcos_Clerides,Glafcos_Clerides/Glafcos_Clerides_0002.jpg,False,Glafcos_Clerides,Glafcos_Clerides/Glafcos_Clerides_0003.jpg,False,1
1283,3,Glafcos_Clerides,Glafcos_Clerides/Glafcos_Clerides_0002.jpg,False,Glafcos_Clerides,Glafcos_Clerides/Glafcos_Clerides_0004.jpg,False,1
1284,3,Greg_Gilbert,Greg_Gilbert/Greg_Gilbert_0001.jpg,False,Greg_Gilbert,Greg_Gilbert/Greg_Gilbert_0002.jpg,False,1
1285,3,Hashim_Thaci,Hashim_Thaci/Hashim_Thaci_0001.jpg,True,Hashim_Thaci,Hashim_Thaci/Hashim_Thaci_0002.jpg,True,1
1286,3,Hassan_Wirajuda,Hassan_Wirajuda/Hassan_Wirajuda_0001.jpg,True,Hassan_Wirajuda,Hassan_Wirajuda/Hassan_Wirajuda_0002.jpg,True,1
1287,3,Hector_Babenco,Hector_Babenco/Hector_Babenco_0001.jpg,False,Hector_Babenco,Hector_Babenco/Hector_Babenco_0003.jpg,False,1
1288,3,Hector_Babenco,Hector_Babenco/Hector_Babenco_0002.jpg,False,Hector_Babenco,Hector_Babenco/Hector_Babenco_0003.jpg,False,1
1289,3,Hideki_Matsui,Hideki_Matsui/Hideki_Matsui_0001.jpg,False,Hideki_Matsui,Hideki_Matsui/Hideki_Matsui_0002.jpg,False,1
1290,3,Hillary_Clinton,Hillary_Clinton/Hillary_Clinton_0001.jpg,True,Hillary_Clinton,Hillary_Clinton/Hillary_Clinton_0010.jpg,True,1
1291,3,Hillary_Clinton,Hillary_Clinton/Hillary_Clinton_0001.jpg,True,Hillary_Clinton,Hillary_Clinton/Hillary_Clinton_0014.jpg,True,1
1292,3,Hillary_Clinton,Hillary_Clinton/Hillary_Clinton_0004.jpg,True,Hillary_Clinton,Hillary_Clinton/Hillary_Clinton_0005.jpg,True,1
1293,3,Hillary_Clinton,Hillary_Clinton/Hillary_Clinton_0007.jpg,True,Hillary_Clinton,Hillary_Clinton/Hillary_Clinton_0010.jpg,True,1
1294,3,Hillary_Clinton,Hillary_Clinton/Hillary_Clinton_0011.jpg,True,Hillary_Clinton,Hillary_Clinton/Hillary_Clinton_0013.jpg,True,1
1295,3,Hisao_Oguchi,Hisao_Oguchi/Hisao_Oguchi_0001.jpg,False,Hisao_Oguchi,Hisao_Oguchi/Hisao_Oguchi_0002.jpg,False,1
1296,3,Hitomi_Soga,Hitomi_Soga/Hitomi_Soga_0001.jpg,True,Hitomi_Soga,Hitomi_Soga/Hitomi_Soga_0004.jpg,True,1
1297,3,Hitomi_Soga,Hitomi_Soga/Hitomi_Soga_0001.jpg,True,Hitomi_Soga,Hitomi_Soga/Hitomi_Soga_0005.jpg,True,1
1298,3,Hitomi_Soga,Hitomi_Soga/Hitomi_Soga_0002.jpg,True,Hitomi_Soga,Hitomi_Soga/Hitomi_Soga_0003.jpg,True,1
1299,3,Hitomi_Soga,Hitomi_Soga/Hitomi_Soga_0003.jpg,True,Hitomi_Soga,Hitomi_Soga/Hitomi_Soga_0004.jpg,True,1
1300,3,JJ_Redick,JJ_Redick/JJ_Redick_0001.jpg,False,JJ_Redick,JJ_Redick/JJ_Redick_0002.jpg,False,1
1301,3,Jean_Brumley,Jean_Brumley/Jean_Brumley_0001.jpg,False,Jean_Brumley,Jean_Brumley/Jean_Brumley_0002.jpg,False,1
1302,3,Jean_Carnahan,Jean_Carnahan/Jean_Carnahan_0001.jpg,False,Jean_Carnahan,Jean_Carnahan/Jean_Carnahan_0002.jpg,False,1
1303,3,Jeremy_Shockey,Jeremy_Shockey/Jeremy_Shockey_0001.jpg,False,Jeremy_Shockey,Jeremy_Shockey/Jeremy_Shockey_0002.jpg,False,1
1304,3,Jerry_Regier,Jerry_Regier/Jerry_Regier_0001.jpg,False,Jerry_Regier,Jerry_Regier/Jerry_Regier_0003.jpg,False,1
1305,3,Jerry_Regier,Jerry_Regier/Jerry_Regier_0002.jpg,False,Jerry_Regier,Jerry_Regier/Jerry_Regier_0003.jpg,False,1
1306,3,Jerry_Springer,Jerry_Springer/Jerry_Springer_0001.jpg,True,Jerry_Springer,Jerry_Springer/Jerry_Springer_0002.jpg,True,1
1307,3,Jerry_Springer,Jerry_Springer/Jerry_Springer_0001.jpg,True,Jerry_Springer,Jerry_Springer/Jerry_Springer_0004.jpg,True,1
1308,3,Jessica_Lynch,Jessica_Lynch/Jessica_Lynch_0001.jpg,False,Jessica_Lynch,Jessica_Lynch/Jessica_Lynch_0002.jpg,False,1
1309,3,Jiang_Zemin,Jiang_Zemin/Jiang_Zemin_0001.jpg,True,Jiang_Zemin,Jiang_Zemin/Jiang_Zemin_0017.jpg,True,1
1310,3,Jiang_Zemin,Jiang_Zemin/Jiang_Zemin_0002.jpg,True,Jiang_Zemin,Jiang_Zemin/Jiang_Zemin_0003.jpg,True,1
1311,3,Jiang_Zemin,Jiang_Zemin/Jiang_Zemin_0004.jpg,True,Jiang_Zemin,Jiang_Zemin/Jiang_Zemin_0010.jpg,True,1
1312,3,Jiang_Zemin,Jiang_Zemin/Jiang_Zemin_0007.jpg,True,Jiang_Zemin,Jiang_Zemin/Jiang_Zemin_0009.jpg,True,1
1313,3,Jiang_Zemin,Jiang_Zemin/Jiang_Zemin_0015.jpg,True,Jiang_Zemin,Jiang_Zemin/Jiang_Zemin_0018.jpg,True,1
1314,3,Jim_Harrick,Jim_Harrick/Jim_Harrick_0001.jpg,False,Jim_Harrick,Jim_Harrick/Jim_Harrick_0002.jpg,False,1
1315,3,Jiri_Novak,Jiri_Novak/Jiri_Novak_0003.jpg,True,Jiri_Novak,Jiri_Novak/Jiri_Novak_0004.jpg,True,1
1316,3,Jiri_Novak,Jiri_Novak/Jiri_Novak_0003.jpg,True,Jiri_Novak,Jiri_Novak/Jiri_Novak_0008.jpg,True,1
1317,3,Jiri_Novak,Jiri_Novak/Jiri_Novak_0003.jpg,True,Jiri_Novak,Jiri_Novak/Jiri_Novak_0009.jpg,True,1
1318,3,Jiri_Novak,Jiri_Novak/Jiri_Novak_0005.jpg,True,Jiri_Novak,Jiri_Novak/Jiri_Novak_0006.jpg,True,1
1319,3,Jiri_Novak,Jiri_Novak/Jiri_Novak_0005.jpg,True,Jiri_Novak,Jiri_Novak/Jiri_Novak_0010.jpg,True,1
1320,3,Jiri_Novak,Jiri_Novak/Jiri_Novak_0005.jpg,True,Jiri_Novak,Jiri_Novak/Jiri_Novak_0011.jpg,True,1
1321,3,Jiri_Novak,Jiri_Novak/Jiri_Novak_0007.jpg,True,Jiri_Novak,Jiri_Novak/Jiri_Novak_0010.jpg,True,1
1322,3,Joe_Torre,Joe_Torre/Joe_Torre_0001.jpg,True,Joe_Torre,Joe_Torre/Joe_Torre_0003.jpg,True,1
1323,3,Joe_Torre,Joe_Torre/Joe_Torre_0002.jpg,True,Joe_Torre,Joe_Torre/Joe_Torre_0004.jpg,True,1
1324,3,John_Wolf,John_Wolf/John_Wolf_0001.jpg,False,John_Wolf,John_Wolf/John_Wolf_0002.jpg,False,1
1325,3,Jonathan_Edwards,Jonathan_Edwards/Jonathan_Edwards_0001.jpg,True,Jonathan_Edwards,Jonathan_Edwards/Jonathan_Edwards_0006.jpg,True,1
1326,3,Jonathan_Edwards,Jonathan_Edwards/Jonathan_Edwards_0002.jpg,True,Jonathan_Edwards,Jonathan_Edwards/Jonathan_Edwards_0007.jpg,True,1
1327,3,Jonathan_Edwards,Jonathan_Edwards/Jonathan_Edwards_0003.jpg,True,Jonathan_Edwards,Jonathan_Edwards/Jonathan_Edwards_0006.jpg,True,1
1328,3,Jonathan_Edwards,Jonathan_Edwards/Jonathan_Edwards_0005.jpg,True,Jonathan_Edwards,Jonathan_Edwards/Jonathan_Edwards_0006.jpg,True,1
1329,3,Jonathan_Edwards,Jonathan_Edwards/Jonathan_Edwards_0005.jpg,True,Jonathan_Edwards,Jonathan_Edwards/Jonathan_Edwards_0007.jpg,True,1
1330,3,Jonathan_Edwards,Jonathan_Edwards/Jonathan_Edwards_0006.jpg,True,Jonathan_Edwards,Jonathan_Edwards/Jonathan_Edwards_0008.jpg,True,1
1331,3,Jose_Manuel_Durao_Barroso,Jose_Manuel_Durao_Barroso/Jose_Manuel_Durao_Barroso_0001.jpg,False,Jose_Manuel_Durao_Barroso,Jose_Manuel_Durao_Barroso/Jose_Manuel_Durao_Barroso_0002.jpg,False,1
1332,3,Jose_Manuel_Durao_Barroso,Jose_Manuel_Durao_Barroso/Jose_Manuel_Durao_Barroso_0001.jpg,False,Jose_Manuel_Durao_Barroso,Jose_Manuel_Durao_Barroso/Jose_Manuel_Durao_Barroso_0006.jpg,False,1
1333,3,Jose_Manuel_Durao_Barroso,Jose_Manuel_Durao_Barroso/Jose_Manuel_Durao_Barroso_0002.jpg,False,Jose_Manuel_Durao_Barroso,Jose_Manuel_Durao_Barroso/Jose_Manuel_Durao_Barroso_0005.jpg,False,1
1334,3,Jose_Manuel_Durao_Barroso,Jose_Manuel_Durao_Barroso/Jose_Manuel_Durao_Barroso_0003.jpg,False,Jose_Manuel_Durao_Barroso,Jose_Manuel_Durao_Barroso/Jose_Manuel_Durao_Barroso_0005.jpg,False,1
1335,3,Jose_Manuel_Durao_Barroso,Jose_Manuel_Durao_Barroso/Jose_Manuel_Durao_Barroso_0004.jpg,False,Jose_Manuel_Durao_Barroso,Jose_Manuel_Durao_Barroso/Jose_Manuel_Durao_Barroso_0005.jpg,False,1
1336,3,Joseph_Biden,Joseph_Biden/Joseph_Biden_0001.jpg,True,Joseph_Biden,Joseph_Biden/Joseph_Biden_0004.jpg,True,1
1337,3,Joseph_Biden,Joseph_Biden/Joseph_Biden_0002.jpg,True,Joseph_Biden,Joseph_Biden/Joseph_Biden_0003.jpg,True,1
1338,3,Joseph_Biden,Joseph_Biden/Joseph_Biden_0003.jpg,True,Joseph_Biden,Joseph_Biden/Joseph_Biden_0004.jpg,True,1
1339,3,Judi_Dench,Judi_Dench/Judi_Dench_0001.jpg,True,Judi_Dench,Judi_Dench/Judi_Dench_0002.jpg,True,1
1340,3,Judy_Genshaft,Judy_Genshaft/Judy_Genshaft_0001.jpg,False,Judy_Genshaft,Judy_Genshaft/Judy_Genshaft_0002.jpg,False,1
1341,3,Keanu_Reeves,Keanu_Reeves/Keanu_Reeves_0001.jpg,True,Keanu_Reeves,Keanu_Reeves/Keanu_Reeves_0009.jpg,True,1
1342,3,Keanu_Reeves,Keanu_Reeves/Keanu_Reeves_0004.jpg,True,Keanu_Reeves,Keanu_Reeves/Keanu_Reeves_0007.jpg,True,1
1343,3,Keanu_Reeves,Keanu_Reeves/Keanu_Reeves_0006.jpg,True,Keanu_Reeves,Keanu_Reeves/Keanu_Reeves_0009.jpg,True,1
1344,3,Keanu_Reeves,Keanu_Reeves/Keanu_Reeves_0006.jpg,True,Keanu_Reeves,Keanu_Reeves/Keanu_Reeves_0010.jpg,True,1
1345,3,Keanu_Reeves,Keanu_Reeves/Keanu_Reeves_0007.jpg,True,Keanu_Reeves,Keanu_Reeves/Keanu_Reeves_0012.jpg,True,1
1346,3,Keira_Knightley,Keira_Knightley/Keira_Knightley_0001.jpg,False,Keira_Knightley,Keira_Knightley/Keira_Knightley_0002.jpg,False,1
1347,3,Ken_Watanabe,Ken_Watanabe/Ken_Watanabe_0001.jpg,False,Ken_Watanabe,Ken_Watanabe/Ken_Watanabe_0002.jpg,False,1
1348,3,Kieran_Prendergast,Kieran_Prendergast/Kieran_Prendergast_0001.jpg,False,Kieran_Prendergast,Kieran_Prendergast/Kieran_Prendergast_0002.jpg,False,1
1349,3,King_Abdullah_II,King_Abdullah_II/King_Abdullah_II_0001.jpg,True,King_Abdullah_II,King_Abdullah_II/King_Abdullah_II_0003.jpg,True,1
1350,3,King_Abdullah_II,King_Abdullah_II/King_Abdullah_II_0001.jpg,True,King_Abdullah_II,King_Abdullah_II/King_Abdullah_II_0004.jpg,True,1
1351,3,King_Abdullah_II,King_Abdullah_II/King_Abdullah_II_0002.jpg,True,King_Abdullah_II,King_Abdullah_II/King_Abdullah_II_0005.jpg,True,1
1352,3,King_Abdullah_II,King_Abdullah_II/King_Abdullah_II_0003.jpg,True,King_Abdullah_II,King_Abdullah_II/King_Abdullah_II_0004.jpg,True,1
1353,3,Kirk_Ferentz,Kirk_Ferentz/Kirk_Ferentz_0001.jpg,True,Kirk_Ferentz,Kirk_Ferentz/Kirk_Ferentz_0002.jpg,True,1
1354,3,Kurt_Busch,Kurt_Busch/Kurt_Busch_0001.jpg,True,Kurt_Busch,Kurt_Busch/Kurt_Busch_0002.jpg,True,1
1355,3,Larry_Bowa,Larry_Bowa/Larry_Bowa_0001.jpg,True,Larry_Bowa,Larry_Bowa/Larry_Bowa_0002.jpg,True,1
1356,3,Larry_Thompson,Larry_Thompson/Larry_Thompson_0001.jpg,True,Larry_Thompson,Larry_Thompson/Larry_Thompson_0003.jpg,True,1
1357,3,Larry_Thompson,Larry_Thompson/Larry_Thompson_0001.jpg,True,Larry_Thompson,Larry_Thompson/Larry_Thompson_0004.jpg,True,1
1358,3,Larry_Thompson,Larry_Thompson/Larry_Thompson_0002.jpg,True,Larry_Thompson,Larry_Thompson/Larry_Thompson_0004.jpg,True,1
1359,3,Laura_Bush,Laura_Bush/Laura_Bush_0001.jpg,True,Laura_Bush,Laura_Bush/Laura_Bush_0011.jpg,True,1
1360,3,Laura_Bush,Laura_Bush/Laura_Bush_0021.jpg,True,Laura_Bush,Laura_Bush/Laura_Bush_0024.jpg,True,1
1361,3,Laura_Bush,Laura_Bush/Laura_Bush_0021.jpg,True,Laura_Bush,Laura_Bush/Laura_Bush_0039.jpg,True,1
1362,3,Laura_Bush,Laura_Bush/Laura_Bush_0026.jpg,True,Laura_Bush,Laura_Bush/Laura_Bush_0029.jpg,True,1
1363,3,Lauren_Hutton,Lauren_Hutton/Lauren_Hutton_0001.jpg,True,Lauren_Hutton,Lauren_Hutton/Lauren_Hutton_0002.jpg,True,1
1364,3,Leslie_Ann_Woodward,Leslie_Ann_Woodward/Leslie_Ann_Woodward_0001.jpg,False,Leslie_Ann_Woodward,Leslie_Ann_Woodward/Leslie_Ann_Woodward_0002.jpg,False,1
1365,3,Leslie_Moonves,Leslie_Moonves/Leslie_Moonves_0001.jpg,False,Leslie_Moonves,Leslie_Moonves/Leslie_Moonves_0002.jpg,False,1
1366,3,Lyle_Vanclief,Lyle_Vanclief/Lyle_Vanclief_0001.jpg,True,Lyle_Vanclief,Lyle_Vanclief/Lyle_Vanclief_0002.jpg,True,1
1367,3,Magui_Serna,Magui_Serna/Magui_Serna_0001.jpg,False,Magui_Serna,Magui_Serna/Magui_Serna_0002.jpg,False,1
1368,3,Makhdoom_Amin_Fahim,Makhdoom_Amin_Fahim/Makhdoom_Amin_Fahim_0001.jpg,True,Makhdoom_Amin_Fahim,Makhdoom_Amin_Fahim/Makhdoom_Amin_Fahim_0003.jpg,True,1
1369,3,Makhdoom_Amin_Fahim,Makhdoom_Amin_Fahim/Makhdoom_Amin_Fahim_0002.jpg,True,Makhdoom_Amin_Fahim,Makhdoom_Amin_Fahim/Makhdoom_Amin_Fahim_0003.jpg,True,1
1370,3,Marc-Andre_Fleury,Marc-Andre_Fleury/Marc-Andre_Fleury_0001.jpg,False,Marc-Andre_Fleury,Marc-Andre_Fleury/Marc-Andre_Fleury_0002.jpg,False,1
1371,3,Marco_Antonio_Barrera,Marco_Antonio_Barrera/Marco_Antonio_Barrera_0001.jpg,True,Marco_Antonio_Barrera,Marco_Antonio_Barrera/Marco_Antonio_Barrera_0005.jpg,True,1
1372,3,Marco_Antonio_Barrera,Marco_Antonio_Barrera/Marco_Antonio_Barrera_0005.jpg,True,Marco_Antonio_Barrera,Marco_Antonio_Barrera/Marco_Antonio_Barrera_0006.jpg,True,1
1373,3,Marie-Reine_Le_Gougne,Marie-Reine_Le_Gougne/Marie-Reine_Le_Gougne_0001.jpg,True,Marie-Reine_Le_Gougne,Marie-Reine_Le_Gougne/Marie-Reine_Le_Gougne_0002.jpg,True,1
1374,3,Marieta_Chrousala,Marieta_Chrousala/Marieta_Chrousala_0001.jpg,False,Marieta_Chrousala,Marieta_Chrousala/Marieta_Chrousala_0002.jpg,False,1
1375,3,Marieta_Chrousala,Marieta_Chrousala/Marieta_Chrousala_0001.jpg,False,Marieta_Chrousala,Marieta_Chrousala/Marieta_Chrousala_0003.jpg,False,1
1376,3,Marieta_Chrousala,Marieta_Chrousala/Marieta_Chrousala_0002.jpg,False,Marieta_Chrousala,Marieta_Chrousala/Marieta_Chrousala_0003.jpg,False,1
1377,3,Marina_Anissina,Marina_Anissina/Marina_Anissina_0001.jpg,True,Marina_Anissina,Marina_Anissina/Marina_Anissina_0002.jpg,True,1
1378,3,Mark_Hamister,Mark_Hamister/Mark_Hamister_0001.jpg,False,Mark_Hamister,Mark_Hamister/Mark_Hamister_0002.jpg,False,1
1379,3,Martha_Stewart,Martha_Stewart/Martha_Stewart_0001.jpg,True,Martha_Stewart,Martha_Stewart/Martha_Stewart_0003.jpg,True,1
1380,3,Martha_Stewart,Martha_Stewart/Martha_Stewart_0001.jpg,True,Martha_Stewart,Martha_Stewart/Martha_Stewart_0005.jpg,True,1
1381,3,Martha_Stewart,Martha_Stewart/Martha_Stewart_0002.jpg,True,Martha_Stewart,Martha_Stewart/Martha_Stewart_0003.jpg,True,1
1382,3,Martha_Stewart,Martha_Stewart/Martha_Stewart_0002.jpg,True,Martha_Stewart,Martha_Stewart/Martha_Stewart_0005.jpg,True,1
1383,3,Martha_Stewart,Martha_Stewart/Martha_Stewart_0003.jpg,True,Martha_Stewart,Martha_Stewart/Martha_Stewart_0004.jpg,True,1
1384,3,Martin_Brodeur,Martin_Brodeur/Martin_Brodeur_0001.jpg,False,Martin_Brodeur,Martin_Brodeur/Martin_Brodeur_0002.jpg,False,1
1385,3,Martin_McCauley,Martin_McCauley/Martin_McCauley_0001.jpg,False,Martin_McCauley,Martin_McCauley/Martin_McCauley_0002.jpg,False,1
1386,3,Martin_Verkerk,Martin_Verkerk/Martin_Verkerk_0001.jpg,False,Martin_Verkerk,Martin_Verkerk/Martin_Verkerk_0002.jpg,False,1
1387,3,Martin_Verkerk,Martin_Verkerk/Martin_Verkerk_0001.jpg,False,Martin_Verkerk,Martin_Verkerk/Martin_Verkerk_0003.jpg,False,1
1388,3,Martin_Verkerk,Martin_Verkerk/Martin_Verkerk_0002.jpg,False,Martin_Verkerk,Martin_Verkerk/Martin_Verkerk_0003.jpg,False,1
1389,3,Martina_McBride,Martina_McBride/Martina_McBride_0001.jpg,True,Martina_McBride,Martina_McBride/Martina_McBride_0003.jpg,True,1
1390,3,Martina_McBride,Martina_McBride/Martina_McBride_0002.jpg,True,Martina_McBride,Martina_McBride/Martina_McBride_0004.jpg,True,1
1391,3,Matt_Doherty,Matt_Doherty/Matt_Doherty_0001.jpg,False,Matt_Doherty,Matt_Doherty/Matt_Doherty_0002.jpg,False,1
1392,3,Matt_Doherty,Matt_Doherty/Matt_Doherty_0001.jpg,False,Matt_Doherty,Matt_Doherty/Matt_Doherty_0003.jpg,False,1
1393,3,Matt_Doherty,Matt_Doherty/Matt_Doherty_0002.jpg,False,Matt_Doherty,Matt_Doherty/Matt_Doherty_0003.jpg,False,1
1394,3,Matthew_Perry,Matthew_Perry/Matthew_Perry_0001.jpg,False,Matthew_Perry,Matthew_Perry/Matthew_Perry_0006.jpg,False,1
1395,3,Matthew_Perry,Matthew_Perry/Matthew_Perry_0002.jpg,False,Matthew_Perry,Matthew_Perry/Matthew_Perry_0007.jpg,False,1
1396,3,Matthew_Perry,Matthew_Perry/Matthew_Perry_0003.jpg,False,Matthew_Perry,Matthew_Perry/Matthew_Perry_0004.jpg,False,1
1397,3,Megawati_Sukarnoputri,Megawati_Sukarnoputri/Megawati_Sukarnoputri_0006.jpg,True,Megawati_Sukarnoputri,Megawati_Sukarnoputri/Megawati_Sukarnoputri_0023.jpg,True,1
1398,3,Megawati_Sukarnoputri,Megawati_Sukarnoputri/Megawati_Sukarnoputri_0007.jpg,True,Megawati_Sukarnoputri,Megawati_Sukarnoputri/Megawati_Sukarnoputri_0022.jpg,True,1
1399,3,Megawati_Sukarnoputri,Megawati_Sukarnoputri/Megawati_Sukarnoputri_0010.jpg,True,Megawati_Sukarnoputri,Megawati_Sukarnoputri/Megawati_Sukarnoputri_0015.jpg,True,1
1400,3,Megawati_Sukarnoputri,Megawati_Sukarnoputri/Megawati_Sukarnoputri_0011.jpg,True,Megawati_Sukarnoputri,Megawati_Sukarnoputri/Megawati_Sukarnoputri_0024.jpg,True,1
1401,3,Megawati_Sukarnoputri,Megawati_Sukarnoputri/Megawati_Sukarnoputri_0020.jpg,True,Megawati_Sukarnoputri,Megawati_Sukarnoputri/Megawati_Sukarnoputri_0024.jpg,True,1
1402,3,Megawati_Sukarnoputri,Megawati_Sukarnoputri/Megawati_Sukarnoputri_0020.jpg,True,Megawati_Sukarnoputri,Megawati_Sukarnoputri/Megawati_Sukarnoputri_0030.jpg,True,1
1403,3,Meghann_Shaughnessy,Meghann_Shaughnessy/Meghann_Shaughnessy_0001.jpg,True,Meghann_Shaughnessy,Meghann_Shaughnessy/Meghann_Shaughnessy_0002.jpg,True,1
1404,3,Michael_Capellas,Michael_Capellas/Michael_Capellas_0001.jpg,False,Michael_Capellas,Michael_Capellas/Michael_Capellas_0002.jpg,False,1
1405,3,Michael_Sullivan,Michael_Sullivan/Michael_Sullivan_0001.jpg,True,Michael_Sullivan,Michael_Sullivan/Michael_Sullivan_0002.jpg,True,1
1406,3,Mike_Brey,Mike_Brey/Mike_Brey_0001.jpg,True,Mike_Brey,Mike_Brey/Mike_Brey_0002.jpg,True,1
1407,3,Naji_Sabri,Naji_Sabri/Naji_Sabri_0001.jpg,True,Naji_Sabri,Naji_Sabri/Naji_Sabri_0006.jpg,True,1
1408,3,Naji_Sabri,Naji_Sabri/Naji_Sabri_0002.jpg,True,Naji_Sabri,Naji_Sabri/Naji_Sabri_0004.jpg,True,1
1409,3,Naji_Sabri,Naji_Sabri/Naji_Sabri_0002.jpg,True,Naji_Sabri,Naji_Sabri/Naji_Sabri_0007.jpg,True,1
1410,3,Naji_Sabri,Naji_Sabri/Naji_Sabri_0003.jpg,True,Naji_Sabri,Naji_Sabri/Naji_Sabri_0008.jpg,True,1
1411,3,Naji_Sabri,Naji_Sabri/Naji_Sabri_0006.jpg,True,Naji_Sabri,Naji_Sabri/Naji_Sabri_0007.jpg,True,1
1412,3,Nanni_Moretti,Nanni_Moretti/Nanni_Moretti_0001.jpg,True,Nanni_Moretti,Nanni_Moretti/Nanni_Moretti_0002.jpg,True,1
1413,3,Nastassia_Kinski,Nastassia_Kinski/Nastassia_Kinski_0001.jpg,False,Nastassia_Kinski,Nastassia_Kinski/Nastassia_Kinski_0002.jpg,False,1
1414,3,Natalie_Coughlin,Natalie_Coughlin/Natalie_Coughlin_0002.jpg,False,Natalie_Coughlin,Natalie_Coughlin/Natalie_Coughlin_0003.jpg,False,1
1415,3,Natalie_Coughlin,Natalie_Coughlin/Natalie_Coughlin_0004.jpg,False,Natalie_Coughlin,Natalie_Coughlin/Natalie_Coughlin_0006.jpg,False,1
1416,3,Natalie_Coughlin,Natalie_Coughlin/Natalie_Coughlin_0005.jpg,False,Natalie_Coughlin,Natalie_Coughlin/Natalie_Coughlin_0006.jpg,False,1
1417,3,Norah_Jones,Norah_Jones/Norah_Jones_0003.jpg,False,Norah_Jones,Norah_Jones/Norah_Jones_0015.jpg,False,1
1418,3,Norah_Jones,Norah_Jones/Norah_Jones_0004.jpg,False,Norah_Jones,Norah_Jones/Norah_Jones_0012.jpg,False,1
1419,3,Norah_Jones,Norah_Jones/Norah_Jones_0007.jpg,False,Norah_Jones,Norah_Jones/Norah_Jones_0015.jpg,False,1
1420,3,Norah_Jones,Norah_Jones/Norah_Jones_0009.jpg,False,Norah_Jones,Norah_Jones/Norah_Jones_0015.jpg,False,1
1421,3,Norah_Jones,Norah_Jones/Norah_Jones_0011.jpg,False,Norah_Jones,Norah_Jones/Norah_Jones_0012.jpg,False,1
1422,3,Norm_Coleman,Norm_Coleman/Norm_Coleman_0005.jpg,True,Norm_Coleman,Norm_Coleman/Norm_Coleman_0007.jpg,True,1
1423,3,Oscar_De_La_Hoya,Oscar_De_La_Hoya/Oscar_De_La_Hoya_0001.jpg,True,Oscar_De_La_Hoya,Oscar_De_La_Hoya/Oscar_De_La_Hoya_0003.jpg,True,1
1424,3,Oscar_De_La_Hoya,Oscar_De_La_Hoya/Oscar_De_La_Hoya_0002.jpg,True,Oscar_De_La_Hoya,Oscar_De_La_Hoya/Oscar_De_La_Hoya_0006.jpg,True,1
1425,3,Oscar_De_La_Hoya,Oscar_De_La_Hoya/Oscar_De_La_Hoya_0002.jpg,True,Oscar_De_La_Hoya,Oscar_De_La_Hoya/Oscar_De_La_Hoya_0007.jpg,True,1
1426,3,Pascal_Lamy,Pascal_Lamy/Pascal_Lamy_0001.jpg,False,Pascal_Lamy,Pascal_Lamy/Pascal_Lamy_0002.jpg,False,1
1427,3,Pat_Burns,Pat_Burns/Pat_Burns_0001.jpg,False,Pat_Burns,Pat_Burns/Pat_Burns_0002.jpg,False,1
1428,3,Paul_McCartney,Paul_McCartney/Paul_McCartney_0003.jpg,True,Paul_McCartney,Paul_McCartney/Paul_McCartney_0004.jpg,True,1
1429,3,Paul_McCartney,Paul_McCartney/Paul_McCartney_0003.jpg,True,Paul_McCartney,Paul_McCartney/Paul_McCartney_0005.jpg,True,1
1430,3,Paul_Wellstone,Paul_Wellstone/Paul_Wellstone_0001.jpg,True,Paul_Wellstone,Paul_Wellstone/Paul_Wellstone_0002.jpg,True,1
1431,3,Paul_Wellstone,Paul_Wellstone/Paul_Wellstone_0001.jpg,True,Paul_Wellstone,Paul_Wellstone/Paul_Wellstone_0003.jpg,True,1
1432,3,Paul_Wellstone,Paul_Wellstone/Paul_Wellstone_0002.jpg,True,Paul_Wellstone,Paul_Wellstone/Paul_Wellstone_0003.jpg,True,1
1433,3,Penelope_Cruz,Penelope_Cruz/Penelope_Cruz_0001.jpg,True,Penelope_Cruz,Penelope_Cruz/Penelope_Cruz_0002.jpg,True,1
1434,3,Penelope_Cruz,Penelope_Cruz/Penelope_Cruz_0001.jpg,True,Penelope_Cruz,Penelope_Cruz/Penelope_Cruz_0003.jpg,True,1
1435,3,Pete_Rose,Pete_Rose/Pete_Rose_0001.jpg,True,Pete_Rose,Pete_Rose/Pete_Rose_0002.jpg,True,1
1436,3,Prince_Harry,Prince_Harry/Prince_Harry_0001.jpg,True,Prince_Harry,Prince_Harry/Prince_Harry_0002.jpg,True,1
1437,3,Prince_Harry,Prince_Harry/Prince_Harry_0002.jpg,True,Prince_Harry,Prince_Harry/Prince_Harry_0003.jpg,True,1
1438,3,Princess_Caroline,Princess_Caroline/Princess_Caroline_0001.jpg,False,Princess_Caroline,Princess_Caroline/Princess_Caroline_0002.jpg,False,1
1439,3,Princess_Caroline,Princess_Caroline/Princess_Caroline_0002.jpg,False,Princess_Caroline,Princess_Caroline/Princess_Caroline_0005.jpg,False,1
1440,3,Raquel_Welch,Raquel_Welch/Raquel_Welch_0001.jpg,True,Raquel_Welch,Raquel_Welch/Raquel_Welch_0002.jpg,True,1
1441,3,Reggie_Miller,Reggie_Miller/Reggie_Miller_0001.jpg,False,Reggie_Miller,Reggie_Miller/Reggie_Miller_0002.jpg,False,1
1442,3,Renee_Zellweger,Renee_Zellweger/Renee_Zellweger_0002.jpg,True,Renee_Zellweger,Renee_Zellweger/Renee_Zellweger_0013.jpg,True,1
1443,3,Renee_Zellweger,Renee_Zellweger/Renee_Zellweger_0002.jpg,True,Renee_Zellweger,Renee_Zellweger/Renee_Zellweger_0016.jpg,True,1
1444,3,Renee_Zellweger,Renee_Zellweger/Renee_Zellweger_0003.jpg,True,Renee_Zellweger,Renee_Zellweger/Renee_Zellweger_0016.jpg,True,1
1445,3,Ricardo_Sanchez,Ricardo_Sanchez/Ricardo_Sanchez_0001.jpg,False,Ricardo_Sanchez,Ricardo_Sanchez/Ricardo_Sanchez_0006.jpg,False,1
1446,3,Ricardo_Sanchez,Ricardo_Sanchez/Ricardo_Sanchez_0002.jpg,False,Ricardo_Sanchez,Ricardo_Sanchez/Ricardo_Sanchez_0004.jpg,False,1
1447,3,Richard_Butler,Richard_Butler/Richard_Butler_0001.jpg,True,Richard_Butler,Richard_Butler/Richard_Butler_0002.jpg,True,1
1448,3,Rubens_Barrichello,Rubens_Barrichello/Rubens_Barrichello_0002.jpg,True,Rubens_Barrichello,Rubens_Barrichello/Rubens_Barrichello_0003.jpg,True,1
1449,3,Rubens_Barrichello,Rubens_Barrichello/Rubens_Barrichello_0004.jpg,True,Rubens_Barrichello,Rubens_Barrichello/Rubens_Barrichello_0005.jpg,True,1
1450,3,Rubens_Barrichello,Rubens_Barrichello/Rubens_Barrichello_0004.jpg,True,Rubens_Barrichello,Rubens_Barrichello/Rubens_Barrichello_0008.jpg,True,1
1451,3,Rubens_Barrichello,Rubens_Barrichello/Rubens_Barrichello_0006.jpg,True,Rubens_Barrichello,Rubens_Barrichello/Rubens_Barrichello_0011.jpg,True,1
1452,3,Rubens_Barrichello,Rubens_Barrichello/Rubens_Barrichello_0009.jpg,True,Rubens_Barrichello,Rubens_Barrichello/Rubens_Barrichello_0012.jpg,True,1
1453,3,Samira_Makhmalbaf,Samira_Makhmalbaf/Samira_Makhmalbaf_0001.jpg,False,Samira_Makhmalbaf,Samira_Makhmalbaf/Samira_Makhmalbaf_0002.jpg,False,1
1454,3,Samuel_Waksal,Samuel_Waksal/Samuel_Waksal_0001.jpg,True,Samuel_Waksal,Samuel_Waksal/Samuel_Waksal_0002.jpg,True,1
1455,3,Samuel_Waksal,Samuel_Waksal/Samuel_Waksal_0001.jpg,True,Samuel_Waksal,Samuel_Waksal/Samuel_Waksal_0003.jpg,True,1
1456,3,Samuel_Waksal,Samuel_Waksal/Samuel_Waksal_0001.jpg,True,Samuel_Waksal,Samuel_Waksal/Samuel_Waksal_0004.jpg,True,1
1457,3,Samuel_Waksal,Samuel_Waksal/Samuel_Waksal_0002.jpg,True,Samuel_Waksal,Samuel_Waksal/Samuel_Waksal_0004.jpg,True,1
1458,3,Scott_McClellan,Scott_McClellan/Scott_McClellan_0001.jpg,False,Scott_McClellan,Scott_McClellan/Scott_McClellan_0003.jpg,False,1
1459,3,Scott_McClellan,Scott_McClellan/Scott_McClellan_0002.jpg,False,Scott_McClellan,Scott_McClellan/Scott_McClellan_0004.jpg,False,1
1460,3,Scott_McClellan,Scott_McClellan/Scott_McClellan_0002.jpg,False,Scott_McClellan,Scott_McClellan/Scott_McClellan_0005.jpg,False,1
1461,3,Scott_Rudin,Scott_Rudin/Scott_Rudin_0001.jpg,False,Scott_Rudin,Scott_Rudin/Scott_Rudin_0002.jpg,False,1
1462,3,Shane_Warne,Shane_Warne/Shane_Warne_0001.jpg,True,Shane_Warne,Shane_Warne/Shane_Warne_0002.jpg,True,1
1463,3,Sheila_Wellstone,Sheila_Wellstone/Sheila_Wellstone_0001.jpg,True,Sheila_Wellstone,Sheila_Wellstone/Sheila_Wellstone_0002.jpg,True,1
1464,3,Sheryl_Crow,Sheryl_Crow/Sheryl_Crow_0001.jpg,False,Sheryl_Crow,Sheryl_Crow/Sheryl_Crow_0003.jpg,False,1
1465,3,Silvan_Shalom,Silvan_Shalom/Silvan_Shalom_0002.jpg,True,Silvan_Shalom,Silvan_Shalom/Silvan_Shalom_0003.jpg,True,1
1466,3,Silvan_Shalom,Silvan_Shalom/Silvan_Shalom_0002.jpg,True,Silvan_Shalom,Silvan_Shalom/Silvan_Shalom_0004.jpg,True,1
1467,3,Silvan_Shalom,Silvan_Shalom/Silvan_Shalom_0002.jpg,True,Silvan_Shalom,Silvan_Shalom/Silvan_Shalom_0006.jpg,True,1
1468,3,Silvan_Shalom,Silvan_Shalom/Silvan_Shalom_0003.jpg,True,Silvan_Shalom,Silvan_Shalom/Silvan_Shalom_0004.jpg,True,1
1469,3,Silvan_Shalom,Silvan_Shalom/Silvan_Shalom_0003.jpg,True,Silvan_Shalom,Silvan_Shalom/Silvan_Shalom_0006.jpg,True,1
1470,3,Steve_Mariucci,Steve_Mariucci/Steve_Mariucci_0001.jpg,True,Steve_Mariucci,Steve_Mariucci/Steve_Mariucci_0003.jpg,True,1
1471,3,Steve_Mariucci,Steve_Mariucci/Steve_Mariucci_0002.jpg,True,Steve_Mariucci,Steve_Mariucci/Steve_Mariucci_0003.jpg,True,1
1472,3,Steven_Seagal,Steven_Seagal/Steven_Seagal_0001.jpg,False,Steven_Seagal,Steven_Seagal/Steven_Seagal_0002.jpg,False,1
1473,3,Taha_Yassin_Ramadan,Taha_Yassin_Ramadan/Taha_Yassin_Ramadan_0003.jpg,True,Taha_Yassin_Ramadan,Taha_Yassin_Ramadan/Taha_Yassin_Ramadan_0012.jpg,True,1
1474,3,Taha_Yassin_Ramadan,Taha_Yassin_Ramadan/Taha_Yassin_Ramadan_0007.jpg,True,Taha_Yassin_Ramadan,Taha_Yassin_Ramadan/Taha_Yassin_Ramadan_0013.jpg,True,1
1475,3,Tammy_Lynn_Michaels,Tammy_Lynn_Michaels/Tammy_Lynn_Michaels_0001.jpg,True,Tammy_Lynn_Michaels,Tammy_Lynn_Michaels/Tammy_Lynn_Michaels_0002.jpg,True,1
1476,3,Theodore_Tweed_Roosevelt,Theodore_Tweed_Roosevelt/Theodore_Tweed_Roosevelt_0001.jpg,True,Theodore_Tweed_Roosevelt,Theodore_Tweed_Roosevelt/Theodore_Tweed_Roosevelt_0002.jpg,True,1
1477,3,Theodore_Tweed_Roosevelt,Theodore_Tweed_Roosevelt/Theodore_Tweed_Roosevelt_0001.jpg,True,Theodore_Tweed_Roosevelt,Theodore_Tweed_Roosevelt/Theodore_Tweed_Roosevelt_0003.jpg,True,1
1478,3,Theodore_Tweed_Roosevelt,Theodore_Tweed_Roosevelt/Theodore_Tweed_Roosevelt_0002.jpg,True,Theodore_Tweed_Roosevelt,Theodore_Tweed_Roosevelt/Theodore_Tweed_Roosevelt_0003.jpg,True,1
1479,3,Tom_Crean,Tom_Crean/Tom_Crean_0001.jpg,False,Tom_Crean,Tom_Crean/Tom_Crean_0002.jpg,False,1
1480,3,Tom_Crean,Tom_Crean/Tom_Crean_0003.jpg,False,Tom_Crean,Tom_Crean/Tom_Crean_0005.jpg,False,1
1481,3,Tom_Crean,Tom_Crean/Tom_Crean_0004.jpg,False,Tom_Crean,Tom_Crean/Tom_Crean_0005.jpg,False,1
1482,3,Tony_Bennett,Tony_Bennett/Tony_Bennett_0001.jpg,False,Tony_Bennett,Tony_Bennett/Tony_Bennett_0003.jpg,False,1
1483,3,Torri_Edwards,Torri_Edwards/Torri_Edwards_0001.jpg,False,Torri_Edwards,Torri_Edwards/Torri_Edwards_0002.jpg,False,1
1484,3,Tung_Chee-hwa,Tung_Chee-hwa/Tung_Chee-hwa_0001.jpg,True,Tung_Chee-hwa,Tung_Chee-hwa/Tung_Chee-hwa_0002.jpg,True,1
1485,3,Tung_Chee-hwa,Tung_Chee-hwa/Tung_Chee-hwa_0001.jpg,True,Tung_Chee-hwa,Tung_Chee-hwa/Tung_Chee-hwa_0008.jpg,True,1
1486,3,Tung_Chee-hwa,Tung_Chee-hwa/Tung_Chee-hwa_0002.jpg,True,Tung_Chee-hwa,Tung_Chee-hwa/Tung_Chee-hwa_0008.jpg,True,1
1487,3,Vidar_Helgesen,Vidar_Helgesen/Vidar_Helgesen_0001.jpg,False,Vidar_Helgesen,Vidar_Helgesen/Vidar_Helgesen_0002.jpg,False,1
1488,3,Warren_Buffett,Warren_Buffett/Warren_Buffett_0001.jpg,False,Warren_Buffett,Warren_Buffett/Warren_Buffett_0002.jpg,False,1
1489,3,Warren_Buffett,Warren_Buffett/Warren_Buffett_0001.jpg,False,Warren_Buffett,Warren_Buffett/Warren_Buffett_0003.jpg,False,1
1490,3,Wen_Jiabao,Wen_Jiabao/Wen_Jiabao_0001.jpg,False,Wen_Jiabao,Wen_Jiabao/Wen_Jiabao_0012.jpg,False,1
1491,3,Wen_Jiabao,Wen_Jiabao/Wen_Jiabao_0002.jpg,False,Wen_Jiabao,Wen_Jiabao/Wen_Jiabao_0011.jpg,False,1
1492,3,Wen_Jiabao,Wen_Jiabao/Wen_Jiabao_0004.jpg,False,Wen_Jiabao,Wen_Jiabao/Wen_Jiabao_0007.jpg,False,1
1493,3,Wen_Jiabao,Wen_Jiabao/Wen_Jiabao_0005.jpg,False,Wen_Jiabao,Wen_Jiabao/Wen_Jiabao_0006.jpg,False,1
1494,3,Wen_Jiabao,Wen_Jiabao/Wen_Jiabao_0007.jpg,False,Wen_Jiabao,Wen_Jiabao/Wen_Jiabao_0009.jpg,False,1
1495,3,Wen_Jiabao,Wen_Jiabao/Wen_Jiabao_0007.jpg,False,Wen_Jiabao,Wen_Jiabao/Wen_Jiabao_0012.jpg,False,1
1496,3,Wen_Jiabao,Wen_Jiabao/Wen_Jiabao_0008.jpg,False,Wen_Jiabao,Wen_Jiabao/Wen_Jiabao_0012.jpg,False,1
1497,3,Wen_Jiabao,Wen_Jiabao/Wen_Jiabao_0010.jpg,False,Wen_Jiabao,Wen_Jiabao/Wen_Jiabao_0011.jpg,False,1
1498,3,Wen_Jiabao,Wen_Jiabao/Wen_Jiabao_0011.jpg,False,Wen_Jiabao,Wen_Jiabao/Wen_Jiabao_0012.jpg,False,1
1499,3,Wesley_Clark,Wesley_Clark/Wesley_Clark_0001.jpg,False,Wesley_Clark,Wesley_Clark/Wesley_Clark_0002.jpg,False,1
1500,3,Yuri_Malenchenko,Yuri_Malenchenko/Yuri_Malenchenko_0001.jpg,False,Yuri_Malenchenko,Yuri_Malenchenko/Yuri_Malenchenko_0002.jpg,False,1
1501,3,Abbas_Kiarostami,Abbas_Kiarostami/Abbas_Kiarostami_0001.jpg,True,Fujio_Mitarai,Fujio_Mitarai/Fujio_Mitarai_0001.jpg,False,0
1502,3,Abdullah,Abdullah/Abdullah_0001.jpg,True,Teresa_Heinz_Kerry,Teresa_Heinz_Kerry/Teresa_Heinz_Kerry_0001.jpg,False,0
1503,3,Abdullah,Abdullah/Abdullah_0003.jpg,True,Samuel_Waksal,Samuel_Waksal/Samuel_Waksal_0001.jpg,True,0
1504,3,Abdullah,Abdullah/Abdullah_0004.jpg,True,Julio_Cesar_Franco,Julio_Cesar_Franco/Julio_Cesar_Franco_0001.jpg,True,0
1505,3,Abid_Hamid_Mahmud_Al-Tikriti,Abid_Hamid_Mahmud_Al-Tikriti/Abid_Hamid_Mahmud_Al-Tikriti_0001.jpg,False,Anjum_Hussain,Anjum_Hussain/Anjum_Hussain_0001.jpg,True,0
1506,3,Abid_Hamid_Mahmud_Al-Tikriti,Abid_Hamid_Mahmud_Al-Tikriti/Abid_Hamid_Mahmud_Al-Tikriti_0002.jpg,False,Doris_Schroeder,Doris_Schroeder/Doris_Schroeder_0001.jpg,True,0
1507,3,Adam_Freier,Adam_Freier/Adam_Freier_0001.jpg,True,Hillary_Clinton,Hillary_Clinton/Hillary_Clinton_0003.jpg,True,0
1508,3,Adam_Freier,Adam_Freier/Adam_Freier_0001.jpg,True,Princess_Caroline,Princess_Caroline/Princess_Caroline_0001.jpg,False,0
1509,3,Adam_Freier,Adam_Freier/Adam_Freier_0001.jpg,True,Regina_Ip,Regina_Ip/Regina_Ip_0001.jpg,False,0
1510,3,Alan_Ball,Alan_Ball/Alan_Ball_0001.jpg,True,Kristin_Scott_Thomas,Kristin_Scott_Thomas/Kristin_Scott_Thomas_0001.jpg,True,0
1511,3,Alan_Ball,Alan_Ball/Alan_Ball_0002.jpg,True,Yuri_Malenchenko,Yuri_Malenchenko/Yuri_Malenchenko_0001.jpg,False,0
1512,3,Albert_Costa,Albert_Costa/Albert_Costa_0006.jpg,True,Gary_Barnett,Gary_Barnett/Gary_Barnett_0001.jpg,False,0
1513,3,Albert_Costa,Albert_Costa/Albert_Costa_0006.jpg,True,John_Marburger,John_Marburger/John_Marburger_0001.jpg,False,0
1514,3,Albert_Costa,Albert_Costa/Albert_Costa_0006.jpg,True,Wen_Jiabao,Wen_Jiabao/Wen_Jiabao_0007.jpg,False,0
1515,3,Alberta_Lee,Alberta_Lee/Alberta_Lee_0001.jpg,False,Babe_Ruth,Babe_Ruth/Babe_Ruth_0001.jpg,False,0
1516,3,Alex_Popov,Alex_Popov/Alex_Popov_0001.jpg,False,Kent_Rominger,Kent_Rominger/Kent_Rominger_0002.jpg,False,0
1517,3,Alex_Popov,Alex_Popov/Alex_Popov_0001.jpg,False,Matthew_During,Matthew_During/Matthew_During_0001.jpg,False,0
1518,3,Ali_Khamenei,Ali_Khamenei/Ali_Khamenei_0002.jpg,True,Roberto_Canessa,Roberto_Canessa/Roberto_Canessa_0001.jpg,True,0
1519,3,Amelia_Vega,Amelia_Vega/Amelia_Vega_0001.jpg,False,Gina_Lollobrigida,Gina_Lollobrigida/Gina_Lollobrigida_0001.jpg,False,0
1520,3,Amelia_Vega,Amelia_Vega/Amelia_Vega_0005.jpg,False,Jim_Harrick,Jim_Harrick/Jim_Harrick_0001.jpg,False,0
1521,3,Amy_Pascal,Amy_Pascal/Amy_Pascal_0001.jpg,False,Eduardo_Duhalde,Eduardo_Duhalde/Eduardo_Duhalde_0007.jpg,True,0
1522,3,Amy_Pascal,Amy_Pascal/Amy_Pascal_0001.jpg,False,Hank_Azaria,Hank_Azaria/Hank_Azaria_0001.jpg,False,0
1523,3,Amy_Pascal,Amy_Pascal/Amy_Pascal_0001.jpg,False,John_Marburger,John_Marburger/John_Marburger_0001.jpg,False,0
1524,3,Amy_Redford,Amy_Redford/Amy_Redford_0001.jpg,False,Roman_Coppola,Roman_Coppola/Roman_Coppola_0001.jpg,False,0
1525,3,Amy_Redford,Amy_Redford/Amy_Redford_0001.jpg,False,Victor_Kraatz,Victor_Kraatz/Victor_Kraatz_0001.jpg,False,0
1526,3,Anderson_Varejao,Anderson_Varejao/Anderson_Varejao_0001.jpg,False,Dennis_Oswald,Dennis_Oswald/Dennis_Oswald_0001.jpg,False,0
1527,3,Anderson_Varejao,Anderson_Varejao/Anderson_Varejao_0001.jpg,False,Garth_Drabinsky,Garth_Drabinsky/Garth_Drabinsky_0001.jpg,True,0
1528,3,Andrei_Nikolishin,Andrei_Nikolishin/Andrei_Nikolishin_0001.jpg,False,Angelica_Romero,Angelica_Romero/Angelica_Romero_0001.jpg,False,0
1529,3,Andrew_Bernard,Andrew_Bernard/Andrew_Bernard_0001.jpg,False,Don_Nickles,Don_Nickles/Don_Nickles_0002.jpg,False,0
1530,3,Andrew_Bernard,Andrew_Bernard/Andrew_Bernard_0001.jpg,False,Hassan_Wirajuda,Hassan_Wirajuda/Hassan_Wirajuda_0001.jpg,True,0
1531,3,Andrew_Bernard,Andrew_Bernard/Andrew_Bernard_0001.jpg,False,Mark_Broxmeyer,Mark_Broxmeyer/Mark_Broxmeyer_0001.jpg,False,0
1532,3,Andrew_Fastow,Andrew_Fastow/Andrew_Fastow_0001.jpg,False,Luca_Cordero_di_Montezemolo,Luca_Cordero_di_Montezemolo/Luca_Cordero_di_Montezemolo_0001.jpg,True,0
1533,3,Andrew_Fastow,Andrew_Fastow/Andrew_Fastow_0001.jpg,False,Meghann_Shaughnessy,Meghann_Shaughnessy/Meghann_Shaughnessy_0001.jpg,True,0
1534,3,Andrew_Fastow,Andrew_Fastow/Andrew_Fastow_0001.jpg,False,Tomas_Malik,Tomas_Malik/Tomas_Malik_0001.jpg,False,0
1535,3,Andrew_Luster,Andrew_Luster/Andrew_Luster_0001.jpg,True,Eric_Rosser,Eric_Rosser/Eric_Rosser_0001.jpg,False,0
1536,3,Andrew_Luster,Andrew_Luster/Andrew_Luster_0001.jpg,True,Jose_Manuel_Durao_Barroso,Jose_Manuel_Durao_Barroso/Jose_Manuel_Durao_Barroso_0006.jpg,False,0
1537,3,Andrew_Luster,Andrew_Luster/Andrew_Luster_0001.jpg,True,Lisa_Murkowski,Lisa_Murkowski/Lisa_Murkowski_0001.jpg,False,0
1538,3,Anita_DeFrantz,Anita_DeFrantz/Anita_DeFrantz_0001.jpg,False,Carla_Gay_Balingit,Carla_Gay_Balingit/Carla_Gay_Balingit_0001.jpg,False,0
1539,3,Anita_DeFrantz,Anita_DeFrantz/Anita_DeFrantz_0001.jpg,False,Penny_Lancaster,Penny_Lancaster/Penny_Lancaster_0001.jpg,False,0
1540,3,Anjum_Hussain,Anjum_Hussain/Anjum_Hussain_0001.jpg,True,David_Caraway,David_Caraway/David_Caraway_0002.jpg,False,0
1541,3,Anne_Cavers,Anne_Cavers/Anne_Cavers_0001.jpg,True,James_Barksdale,James_Barksdale/James_Barksdale_0001.jpg,False,0
1542,3,Anne_Cavers,Anne_Cavers/Anne_Cavers_0001.jpg,True,Stephen_Oake,Stephen_Oake/Stephen_Oake_0001.jpg,False,0
1543,3,Anthony_Hazen,Anthony_Hazen/Anthony_Hazen_0001.jpg,True,Debra_Yang,Debra_Yang/Debra_Yang_0001.jpg,False,0
1544,3,Antonio_Catania,Antonio_Catania/Antonio_Catania_0001.jpg,False,Barry_Bonds,Barry_Bonds/Barry_Bonds_0001.jpg,False,0
1545,3,Antonio_Catania,Antonio_Catania/Antonio_Catania_0001.jpg,False,Taylyn_Solomon,Taylyn_Solomon/Taylyn_Solomon_0001.jpg,False,0
1546,3,Aretha_Franklin,Aretha_Franklin/Aretha_Franklin_0001.jpg,False,Jean_Brumley,Jean_Brumley/Jean_Brumley_0001.jpg,False,0
1547,3,Aretha_Franklin,Aretha_Franklin/Aretha_Franklin_0001.jpg,False,Teruaki_Masumoto,Teruaki_Masumoto/Teruaki_Masumoto_0001.jpg,True,0
1548,3,Art_Lopez,Art_Lopez/Art_Lopez_0001.jpg,True,Diane_Lane,Diane_Lane/Diane_Lane_0001.jpg,False,0
1549,3,Arthur_Johnson,Arthur_Johnson/Arthur_Johnson_0001.jpg,False,Selma_Phoenix,Selma_Phoenix/Selma_Phoenix_0001.jpg,False,0
1550,3,Arye_Mekel,Arye_Mekel/Arye_Mekel_0002.jpg,False,Chung_Mong-joon,Chung_Mong-joon/Chung_Mong-joon_0001.jpg,True,0
1551,3,Arye_Mekel,Arye_Mekel/Arye_Mekel_0002.jpg,False,Georgina_Papin,Georgina_Papin/Georgina_Papin_0001.jpg,True,0
1552,3,Babe_Ruth,Babe_Ruth/Babe_Ruth_0001.jpg,False,Jim_Harrick,Jim_Harrick/Jim_Harrick_0001.jpg,False,0
1553,3,Babe_Ruth,Babe_Ruth/Babe_Ruth_0001.jpg,False,Pete_Aldridge,Pete_Aldridge/Pete_Aldridge_0001.jpg,False,0
1554,3,Barry_Bonds,Barry_Bonds/Barry_Bonds_0001.jpg,False,James_Barksdale,James_Barksdale/James_Barksdale_0001.jpg,False,0
1555,3,Barry_Bonds,Barry_Bonds/Barry_Bonds_0001.jpg,False,Mickey_Sherman,Mickey_Sherman/Mickey_Sherman_0001.jpg,False,0
1556,3,Barry_Switzer,Barry_Switzer/Barry_Switzer_0001.jpg,False,Jiang_Zemin,Jiang_Zemin/Jiang_Zemin_0011.jpg,True,0
1557,3,Barry_Switzer,Barry_Switzer/Barry_Switzer_0001.jpg,False,Kirk_Ferentz,Kirk_Ferentz/Kirk_Ferentz_0002.jpg,True,0
1558,3,Bernard_Giraudeau,Bernard_Giraudeau/Bernard_Giraudeau_0001.jpg,False,Keira_Knightley,Keira_Knightley/Keira_Knightley_0001.jpg,False,0
1559,3,Bernard_Landry,Bernard_Landry/Bernard_Landry_0003.jpg,False,Stacey_Jones,Stacey_Jones/Stacey_Jones_0001.jpg,True,0
1560,3,Bernard_Landry,Bernard_Landry/Bernard_Landry_0004.jpg,False,Sylvia_Plachy,Sylvia_Plachy/Sylvia_Plachy_0001.jpg,False,0
1561,3,Biljana_Plavsic,Biljana_Plavsic/Biljana_Plavsic_0001.jpg,True,Kieran_Prendergast,Kieran_Prendergast/Kieran_Prendergast_0002.jpg,False,0
1562,3,Bill_Cartwright,Bill_Cartwright/Bill_Cartwright_0001.jpg,False,Claude_Jorda,Claude_Jorda/Claude_Jorda_0001.jpg,True,0
1563,3,Bill_Lerach,Bill_Lerach/Bill_Lerach_0001.jpg,False,Martin_Verkerk,Martin_Verkerk/Martin_Verkerk_0002.jpg,False,0
1564,3,Bob_Hope,Bob_Hope/Bob_Hope_0001.jpg,False,Stanley_Ho,Stanley_Ho/Stanley_Ho_0001.jpg,True,0
1565,3,Bob_Hope,Bob_Hope/Bob_Hope_0005.jpg,False,Micah_Knorr,Micah_Knorr/Micah_Knorr_0001.jpg,True,0
1566,3,Bob_Hope,Bob_Hope/Bob_Hope_0005.jpg,False,Mitchell_Potter,Mitchell_Potter/Mitchell_Potter_0001.jpg,False,0
1567,3,Bob_Menendez,Bob_Menendez/Bob_Menendez_0001.jpg,False,David_Caraway,David_Caraway/David_Caraway_0002.jpg,False,0
1568,3,Bob_Menendez,Bob_Menendez/Bob_Menendez_0001.jpg,False,Lauren_Hutton,Lauren_Hutton/Lauren_Hutton_0001.jpg,True,0
1569,3,Bob_Riley,Bob_Riley/Bob_Riley_0001.jpg,True,Danny_Ainge,Danny_Ainge/Danny_Ainge_0001.jpg,False,0
1570,3,Bob_Riley,Bob_Riley/Bob_Riley_0001.jpg,True,Nastassia_Kinski,Nastassia_Kinski/Nastassia_Kinski_0002.jpg,False,0
1571,3,Bob_Riley,Bob_Riley/Bob_Riley_0001.jpg,True,Sheila_Wellstone,Sheila_Wellstone/Sheila_Wellstone_0002.jpg,True,0
1572,3,Brad_Wilk,Brad_Wilk/Brad_Wilk_0001.jpg,False,Phil_Cline,Phil_Cline/Phil_Cline_0001.jpg,False,0
1573,3,Brad_Wilk,Brad_Wilk/Brad_Wilk_0001.jpg,False,Scott_Dalton,Scott_Dalton/Scott_Dalton_0001.jpg,False,0
1574,3,Brian_Grazier,Brian_Grazier/Brian_Grazier_0001.jpg,False,Tomas_Malik,Tomas_Malik/Tomas_Malik_0001.jpg,False,0
1575,3,Brian_StPierre,Brian_StPierre/Brian_StPierre_0001.jpg,False,Steve_Mariucci,Steve_Mariucci/Steve_Mariucci_0002.jpg,True,0
1576,3,Cari_Davis,Cari_Davis/Cari_Davis_0001.jpg,False,Don_Henley,Don_Henley/Don_Henley_0001.jpg,False,0
1577,3,Cari_Davis,Cari_Davis/Cari_Davis_0001.jpg,False,Mark_Broxmeyer,Mark_Broxmeyer/Mark_Broxmeyer_0001.jpg,False,0
1578,3,Carin_Koch,Carin_Koch/Carin_Koch_0001.jpg,False,John_Banko,John_Banko/John_Banko_0002.jpg,True,0
1579,3,Carla_Gay_Balingit,Carla_Gay_Balingit/Carla_Gay_Balingit_0001.jpg,False,Frank_Lautenberg,Frank_Lautenberg/Frank_Lautenberg_0002.jpg,True,0
1580,3,Carla_Gay_Balingit,Carla_Gay_Balingit/Carla_Gay_Balingit_0001.jpg,False,Paula_Dobriansky,Paula_Dobriansky/Paula_Dobriansky_0001.jpg,False,0
1581,3,Carlos_Ruiz,Carlos_Ruiz/Carlos_Ruiz_0001.jpg,True,Peter_Schultz,Peter_Schultz/Peter_Schultz_0001.jpg,True,0
1582,3,Carlos_Ruiz,Carlos_Ruiz/Carlos_Ruiz_0003.jpg,True,Jennifer_Tilly,Jennifer_Tilly/Jennifer_Tilly_0001.jpg,False,0
1583,3,Carly_Fiorina,Carly_Fiorina/Carly_Fiorina_0002.jpg,True,Peter_Ueberroth,Peter_Ueberroth/Peter_Ueberroth_0001.jpg,False,0
1584,3,Catherine_Woodard,Catherine_Woodard/Catherine_Woodard_0001.jpg,False,Mike_Sweeney,Mike_Sweeney/Mike_Sweeney_0001.jpg,False,0
1585,3,Chan_Ho_Park,Chan_Ho_Park/Chan_Ho_Park_0001.jpg,True,Xiang_Xu,Xiang_Xu/Xiang_Xu_0001.jpg,False,0
1586,3,Chance_Mock,Chance_Mock/Chance_Mock_0001.jpg,False,Herb_Ritts,Herb_Ritts/Herb_Ritts_0001.jpg,False,0
1587,3,Chance_Mock,Chance_Mock/Chance_Mock_0001.jpg,False,Shafal_Mosed,Shafal_Mosed/Shafal_Mosed_0001.jpg,True,0
1588,3,Chance_Mock,Chance_Mock/Chance_Mock_0001.jpg,False,Simona_Hradil,Simona_Hradil/Simona_Hradil_0001.jpg,False,0
1589,3,Chance_Mock,Chance_Mock/Chance_Mock_0001.jpg,False,Troy_Jenkins,Troy_Jenkins/Troy_Jenkins_0001.jpg,False,0
1590,3,Charles_Taylor,Charles_Taylor/Charles_Taylor_0007.jpg,False,Tom_Curley,Tom_Curley/Tom_Curley_0001.jpg,False,0
1591,3,Chea_Sophara,Chea_Sophara/Chea_Sophara_0001.jpg,False,John_Wolf,John_Wolf/John_Wolf_0001.jpg,False,0
1592,3,Chris_Cirino,Chris_Cirino/Chris_Cirino_0001.jpg,True,Jen_Bice,Jen_Bice/Jen_Bice_0001.jpg,False,0
1593,3,Chris_Cirino,Chris_Cirino/Chris_Cirino_0001.jpg,True,Mary_Lou_Markakis,Mary_Lou_Markakis/Mary_Lou_Markakis_0001.jpg,False,0
1594,3,Chris_Cirino,Chris_Cirino/Chris_Cirino_0001.jpg,True,Peri_Gilpin,Peri_Gilpin/Peri_Gilpin_0001.jpg,False,0
1595,3,Christina_Sawaya,Christina_Sawaya/Christina_Sawaya_0001.jpg,True,Greg_Gilbert,Greg_Gilbert/Greg_Gilbert_0001.jpg,False,0
1596,3,Chung_Mong-joon,Chung_Mong-joon/Chung_Mong-joon_0001.jpg,True,David_Modell,David_Modell/David_Modell_0001.jpg,False,0
1597,3,Chung_Mong-joon,Chung_Mong-joon/Chung_Mong-joon_0001.jpg,True,Luca_Cordero_di_Montezemolo,Luca_Cordero_di_Montezemolo/Luca_Cordero_di_Montezemolo_0001.jpg,True,0
1598,3,Chung_Mong-joon,Chung_Mong-joon/Chung_Mong-joon_0001.jpg,True,Nick_Markakis,Nick_Markakis/Nick_Markakis_0001.jpg,False,0
1599,3,Chung_Mong-joon,Chung_Mong-joon/Chung_Mong-joon_0002.jpg,True,John_Rusnak,John_Rusnak/John_Rusnak_0001.jpg,True,0
1600,3,Claire_Leger,Claire_Leger/Claire_Leger_0001.jpg,False,David_Caraway,David_Caraway/David_Caraway_0002.jpg,False,0
1601,3,Claire_Leger,Claire_Leger/Claire_Leger_0001.jpg,False,Jerry_Sexton,Jerry_Sexton/Jerry_Sexton_0001.jpg,False,0
1602,3,Claire_Leger,Claire_Leger/Claire_Leger_0001.jpg,False,Nobuyuki_Idei,Nobuyuki_Idei/Nobuyuki_Idei_0001.jpg,False,0
1603,3,Clark_Randt,Clark_Randt/Clark_Randt_0001.jpg,False,Katie_Boone,Katie_Boone/Katie_Boone_0001.jpg,False,0
1604,3,Clark_Randt,Clark_Randt/Clark_Randt_0001.jpg,False,Marc-Andre_Fleury,Marc-Andre_Fleury/Marc-Andre_Fleury_0001.jpg,False,0
1605,3,Clemente_de_la_Vega,Clemente_de_la_Vega/Clemente_de_la_Vega_0001.jpg,False,Ron_Gonzales,Ron_Gonzales/Ron_Gonzales_0001.jpg,False,0
1606,3,Colin_Campbell,Colin_Campbell/Colin_Campbell_0001.jpg,True,Frank_Keating,Frank_Keating/Frank_Keating_0001.jpg,True,0
1607,3,Colin_Campbell,Colin_Campbell/Colin_Campbell_0001.jpg,True,Jean_Carnahan,Jean_Carnahan/Jean_Carnahan_0002.jpg,False,0
1608,3,Colin_Campbell,Colin_Campbell/Colin_Campbell_0001.jpg,True,Mitchell_Potter,Mitchell_Potter/Mitchell_Potter_0001.jpg,False,0
1609,3,Colleen_Atwood,Colleen_Atwood/Colleen_Atwood_0001.jpg,False,Penelope_Cruz,Penelope_Cruz/Penelope_Cruz_0002.jpg,True,0
1610,3,Craig_Morgan,Craig_Morgan/Craig_Morgan_0001.jpg,False,Matthew_McConaughey,Matthew_McConaughey/Matthew_McConaughey_0001.jpg,False,0
1611,3,Dan_Duquette,Dan_Duquette/Dan_Duquette_0001.jpg,False,Paddy_Torsney,Paddy_Torsney/Paddy_Torsney_0001.jpg,True,0
1612,3,Daniel_Ortega,Daniel_Ortega/Daniel_Ortega_0001.jpg,False,Norah_Jones,Norah_Jones/Norah_Jones_0006.jpg,False,0
1613,3,Daniel_Patrick_Moynihan,Daniel_Patrick_Moynihan/Daniel_Patrick_Moynihan_0001.jpg,False,Eglis_Yaima_Cruz,Eglis_Yaima_Cruz/Eglis_Yaima_Cruz_0001.jpg,False,0
1614,3,Daniel_Patrick_Moynihan,Daniel_Patrick_Moynihan/Daniel_Patrick_Moynihan_0001.jpg,False,Newton_Carlton_Slawson,Newton_Carlton_Slawson/Newton_Carlton_Slawson_0001.jpg,False,0
1615,3,Daniel_Rouse,Daniel_Rouse/Daniel_Rouse_0001.jpg,True,Doris_Schroeder,Doris_Schroeder/Doris_Schroeder_0001.jpg,True,0
1616,3,Daniel_Rouse,Daniel_Rouse/Daniel_Rouse_0001.jpg,True,Mike_Johanns,Mike_Johanns/Mike_Johanns_0001.jpg,False,0
1617,3,Daniell_Sunjata,Daniell_Sunjata/Daniell_Sunjata_0001.jpg,False,Marc-Andre_Fleury,Marc-Andre_Fleury/Marc-Andre_Fleury_0002.jpg,False,0
1618,3,Danny_Ainge,Danny_Ainge/Danny_Ainge_0001.jpg,False,Lee_Ann_Terlaji,Lee_Ann_Terlaji/Lee_Ann_Terlaji_0001.jpg,True,0
1619,3,David_Leahy,David_Leahy/David_Leahy_0001.jpg,True,Jerry_Sexton,Jerry_Sexton/Jerry_Sexton_0001.jpg,False,0
1620,3,David_Scott_Morris,David_Scott_Morris/David_Scott_Morris_0001.jpg,False,Valerie_Thwaites,Valerie_Thwaites/Valerie_Thwaites_0001.jpg,False,0
1621,3,David_Zeplowitz,David_Zeplowitz/David_Zeplowitz_0001.jpg,False,Jerry_Springer,Jerry_Springer/Jerry_Springer_0001.jpg,True,0
1622,3,Dawn_Staley,Dawn_Staley/Dawn_Staley_0001.jpg,True,Hasan_Wirayuda,Hasan_Wirayuda/Hasan_Wirayuda_0001.jpg,False,0
1623,3,Debra_Rose,Debra_Rose/Debra_Rose_0001.jpg,False,Jonathan_Edwards,Jonathan_Edwards/Jonathan_Edwards_0002.jpg,True,0
1624,3,Debra_Yang,Debra_Yang/Debra_Yang_0001.jpg,False,Hashim_Thaci,Hashim_Thaci/Hashim_Thaci_0002.jpg,True,0
1625,3,Debra_Yang,Debra_Yang/Debra_Yang_0001.jpg,False,Yekaterina_Guseva,Yekaterina_Guseva/Yekaterina_Guseva_0001.jpg,False,0
1626,3,Denis_Fassou-Nguesso,Denis_Fassou-Nguesso/Denis_Fassou-Nguesso_0001.jpg,True,William_Overlin,William_Overlin/William_Overlin_0001.jpg,False,0
1627,3,Derrick_Taylor,Derrick_Taylor/Derrick_Taylor_0001.jpg,False,Giuseppe_Morchio,Giuseppe_Morchio/Giuseppe_Morchio_0001.jpg,False,0
1628,3,Derrick_Taylor,Derrick_Taylor/Derrick_Taylor_0001.jpg,False,William_Overlin,William_Overlin/William_Overlin_0001.jpg,False,0
1629,3,Dick_Cheney,Dick_Cheney/Dick_Cheney_0005.jpg,True,James_Murdoch,James_Murdoch/James_Murdoch_0001.jpg,True,0
1630,3,Dick_Cheney,Dick_Cheney/Dick_Cheney_0008.jpg,True,Nobuyuki_Idei,Nobuyuki_Idei/Nobuyuki_Idei_0001.jpg,False,0
1631,3,Dick_Smothers,Dick_Smothers/Dick_Smothers_0001.jpg,False,Yoon_Won-Sik,Yoon_Won-Sik/Yoon_Won-Sik_0001.jpg,False,0
1632,3,Dita_Von_Tesse,Dita_Von_Tesse/Dita_Von_Tesse_0001.jpg,False,Mohammed_Al-Douri,Mohammed_Al-Douri/Mohammed_Al-Douri_0012.jpg,True,0
1633,3,Don_Henley,Don_Henley/Don_Henley_0001.jpg,False,Ernie_Eves,Ernie_Eves/Ernie_Eves_0001.jpg,False,0
1634,3,Don_Henley,Don_Henley/Don_Henley_0001.jpg,False,Gil_Cates,Gil_Cates/Gil_Cates_0001.jpg,False,0
1635,3,Don_Henley,Don_Henley/Don_Henley_0001.jpg,False,Stephen_Frears,Stephen_Frears/Stephen_Frears_0001.jpg,True,0
1636,3,Don_Henley,Don_Henley/Don_Henley_0001.jpg,False,Ziwang_Xu,Ziwang_Xu/Ziwang_Xu_0001.jpg,True,0
1637,3,Donald_Regan,Donald_Regan/Donald_Regan_0001.jpg,False,John_Gruden,John_Gruden/John_Gruden_0001.jpg,True,0
1638,3,Doris_Schroeder,Doris_Schroeder/Doris_Schroeder_0002.jpg,True,Joe_Mantegna,Joe_Mantegna/Joe_Mantegna_0001.jpg,False,0
1639,3,Eduardo_Duhalde,Eduardo_Duhalde/Eduardo_Duhalde_0001.jpg,True,Paula_Dobriansky,Paula_Dobriansky/Paula_Dobriansky_0001.jpg,False,0
1640,3,Eduardo_Duhalde,Eduardo_Duhalde/Eduardo_Duhalde_0002.jpg,True,Tab_Turner,Tab_Turner/Tab_Turner_0001.jpg,False,0
1641,3,Eduardo_Duhalde,Eduardo_Duhalde/Eduardo_Duhalde_0013.jpg,True,James_Murdoch,James_Murdoch/James_Murdoch_0001.jpg,True,0
1642,3,Edward_Egan,Edward_Egan/Edward_Egan_0001.jpg,False,Ernie_Fletcher,Ernie_Fletcher/Ernie_Fletcher_0002.jpg,False,0
1643,3,Edward_Johnson,Edward_Johnson/Edward_Johnson_0001.jpg,True,Jessica_Capshaw,Jessica_Capshaw/Jessica_Capshaw_0001.jpg,False,0
1644,3,El_Hadji_Diouf,El_Hadji_Diouf/El_Hadji_Diouf_0001.jpg,False,Hitomi_Soga,Hitomi_Soga/Hitomi_Soga_0002.jpg,True,0
1645,3,Emilio_Botin,Emilio_Botin/Emilio_Botin_0001.jpg,False,Luca_Cordero_di_Montezemolo,Luca_Cordero_di_Montezemolo/Luca_Cordero_di_Montezemolo_0001.jpg,True,0
1646,3,Emilio_Botin,Emilio_Botin/Emilio_Botin_0001.jpg,False,Robert_Hyatt,Robert_Hyatt/Robert_Hyatt_0001.jpg,True,0
1647,3,Enrique_Iglesias,Enrique_Iglesias/Enrique_Iglesias_0001.jpg,False,Gisele_Bundchen,Gisele_Bundchen/Gisele_Bundchen_0002.jpg,True,0
1648,3,Eric_Bana,Eric_Bana/Eric_Bana_0001.jpg,False,Mike_Sweeney,Mike_Sweeney/Mike_Sweeney_0001.jpg,False,0
1649,3,Eric_Bana,Eric_Bana/Eric_Bana_0001.jpg,False,Tab_Turner,Tab_Turner/Tab_Turner_0001.jpg,False,0
1650,3,Eric_Benet,Eric_Benet/Eric_Benet_0001.jpg,False,Mohammad_Mustapha_Miro,Mohammad_Mustapha_Miro/Mohammad_Mustapha_Miro_0001.jpg,False,0
1651,3,Eric_Rosser,Eric_Rosser/Eric_Rosser_0001.jpg,False,Marc-Andre_Fleury,Marc-Andre_Fleury/Marc-Andre_Fleury_0002.jpg,False,0
1652,3,Eric_Rosser,Eric_Rosser/Eric_Rosser_0001.jpg,False,Peter_Chan,Peter_Chan/Peter_Chan_0001.jpg,False,0
1653,3,Ernie_Eves,Ernie_Eves/Ernie_Eves_0002.jpg,False,Hana_Makhmalbaf,Hana_Makhmalbaf/Hana_Makhmalbaf_0001.jpg,False,0
1654,3,Fernando_Vargas,Fernando_Vargas/Fernando_Vargas_0001.jpg,True,Julio_Cesar_Franco,Julio_Cesar_Franco/Julio_Cesar_Franco_0001.jpg,True,0
1655,3,Fernando_Vargas,Fernando_Vargas/Fernando_Vargas_0003.jpg,True,Martin_Verkerk,Martin_Verkerk/Martin_Verkerk_0003.jpg,False,0
1656,3,Flavia_Pennetta,Flavia_Pennetta/Flavia_Pennetta_0001.jpg,False,Larry_Flynt,Larry_Flynt/Larry_Flynt_0001.jpg,False,0
1657,3,Flavia_Pennetta,Flavia_Pennetta/Flavia_Pennetta_0001.jpg,False,Micah_Knorr,Micah_Knorr/Micah_Knorr_0001.jpg,True,0
1658,3,Flavia_Pennetta,Flavia_Pennetta/Flavia_Pennetta_0001.jpg,False,Paul_Wellstone,Paul_Wellstone/Paul_Wellstone_0001.jpg,True,0
1659,3,Frank_Keating,Frank_Keating/Frank_Keating_0001.jpg,True,Paul_McCartney,Paul_McCartney/Paul_McCartney_0007.jpg,True,0
1660,3,Frank_Lautenberg,Frank_Lautenberg/Frank_Lautenberg_0002.jpg,True,Michael_Capellas,Michael_Capellas/Michael_Capellas_0001.jpg,False,0
1661,3,Frank_Lautenberg,Frank_Lautenberg/Frank_Lautenberg_0002.jpg,True,Steve_Allee,Steve_Allee/Steve_Allee_0001.jpg,True,0
1662,3,Fujio_Mitarai,Fujio_Mitarai/Fujio_Mitarai_0001.jpg,False,Harvey_Weinstein,Harvey_Weinstein/Harvey_Weinstein_0001.jpg,False,0
1663,3,Gabriella_Bo,Gabriella_Bo/Gabriella_Bo_0001.jpg,False,Jeremy_Shockey,Jeremy_Shockey/Jeremy_Shockey_0002.jpg,False,0
1664,3,Gavyn_Arthur,Gavyn_Arthur/Gavyn_Arthur_0001.jpg,False,Kevin_Hearn,Kevin_Hearn/Kevin_Hearn_0001.jpg,True,0
1665,3,Gavyn_Arthur,Gavyn_Arthur/Gavyn_Arthur_0001.jpg,False,Lynne_Slepian,Lynne_Slepian/Lynne_Slepian_0001.jpg,False,0
1666,3,Gavyn_Arthur,Gavyn_Arthur/Gavyn_Arthur_0001.jpg,False,Zahir_Shah,Zahir_Shah/Zahir_Shah_0001.jpg,False,0
1667,3,George_HW_Bush,George_HW_Bush/George_HW_Bush_0007.jpg,True,George_Maxwell_Richards,George_Maxwell_Richards/George_Maxwell_Richards_0001.jpg,False,0
1668,3,George_HW_Bush,George_HW_Bush/George_HW_Bush_0013.jpg,True,Penny_Lancaster,Penny_Lancaster/Penny_Lancaster_0001.jpg,False,0
1669,3,George_Maxwell_Richards,George_Maxwell_Richards/George_Maxwell_Richards_0001.jpg,False,Reggie_Miller,Reggie_Miller/Reggie_Miller_0001.jpg,False,0
1670,3,Georgina_Papin,Georgina_Papin/Georgina_Papin_0001.jpg,True,Mary_Lou_Retton,Mary_Lou_Retton/Mary_Lou_Retton_0001.jpg,False,0
1671,3,Georgina_Papin,Georgina_Papin/Georgina_Papin_0001.jpg,True,Svend_Robinson,Svend_Robinson/Svend_Robinson_0001.jpg,False,0
1672,3,Gerry_Kelly,Gerry_Kelly/Gerry_Kelly_0001.jpg,True,Keira_Knightley,Keira_Knightley/Keira_Knightley_0001.jpg,False,0
1673,3,Giannina_Facio,Giannina_Facio/Giannina_Facio_0001.jpg,True,Peri_Gilpin,Peri_Gilpin/Peri_Gilpin_0001.jpg,False,0
1674,3,Gideon_Black,Gideon_Black/Gideon_Black_0001.jpg,True,Kevin_Hearn,Kevin_Hearn/Kevin_Hearn_0001.jpg,True,0
1675,3,Gideon_Black,Gideon_Black/Gideon_Black_0001.jpg,True,Shafal_Mosed,Shafal_Mosed/Shafal_Mosed_0001.jpg,True,0
1676,3,Gisele_Bundchen,Gisele_Bundchen/Gisele_Bundchen_0002.jpg,True,Penny_Lancaster,Penny_Lancaster/Penny_Lancaster_0001.jpg,False,0
1677,3,Giuseppe_Morchio,Giuseppe_Morchio/Giuseppe_Morchio_0001.jpg,False,Penny_Lancaster,Penny_Lancaster/Penny_Lancaster_0001.jpg,False,0
1678,3,Greg_Frers,Greg_Frers/Greg_Frers_0001.jpg,False,Mohammed_Al-Douri,Mohammed_Al-Douri/Mohammed_Al-Douri_0004.jpg,True,0
1679,3,Greg_Gilbert,Greg_Gilbert/Greg_Gilbert_0001.jpg,False,Mehmet_Ali_Sahin,Mehmet_Ali_Sahin/Mehmet_Ali_Sahin_0001.jpg,False,0
1680,3,Gregorio_Honasan,Gregorio_Honasan/Gregorio_Honasan_0001.jpg,False,Jim_Schwarz,Jim_Schwarz/Jim_Schwarz_0001.jpg,False,0
1681,3,Gregorio_Honasan,Gregorio_Honasan/Gregorio_Honasan_0001.jpg,False,Jonathan_Fine,Jonathan_Fine/Jonathan_Fine_0001.jpg,False,0
1682,3,Gregorio_Honasan,Gregorio_Honasan/Gregorio_Honasan_0001.jpg,False,Matt_Doherty,Matt_Doherty/Matt_Doherty_0001.jpg,False,0
1683,3,Hama_Arba_Diallo,Hama_Arba_Diallo/Hama_Arba_Diallo_0001.jpg,False,Zhang_Yimou,Zhang_Yimou/Zhang_Yimou_0001.jpg,False,0
1684,3,Hana_Makhmalbaf,Hana_Makhmalbaf/Hana_Makhmalbaf_0001.jpg,False,Raquel_Welch,Raquel_Welch/Raquel_Welch_0001.jpg,True,0
1685,3,Hassan_Wirajuda,Hassan_Wirajuda/Hassan_Wirajuda_0001.jpg,True,Scott_Dalton,Scott_Dalton/Scott_Dalton_0001.jpg,False,0
1686,3,Hector_Babenco,Hector_Babenco/Hector_Babenco_0002.jpg,False,Talisa_Bratt,Talisa_Bratt/Talisa_Bratt_0001.jpg,False,0
1687,3,Herb_Ritts,Herb_Ritts/Herb_Ritts_0001.jpg,False,Mark_Broxmeyer,Mark_Broxmeyer/Mark_Broxmeyer_0001.jpg,False,0
1688,3,Hugh_Campbell,Hugh_Campbell/Hugh_Campbell_0001.jpg,False,Ken_Watanabe,Ken_Watanabe/Ken_Watanabe_0001.jpg,False,0
1689,3,Hugh_Campbell,Hugh_Campbell/Hugh_Campbell_0001.jpg,False,Masamori_Tokuyama,Masamori_Tokuyama/Masamori_Tokuyama_0001.jpg,False,0
1690,3,Hugh_Campbell,Hugh_Campbell/Hugh_Campbell_0001.jpg,False,Tom_Foy,Tom_Foy/Tom_Foy_0001.jpg,True,0
1691,3,Imran_Khan,Imran_Khan/Imran_Khan_0001.jpg,True,Matt_Morris,Matt_Morris/Matt_Morris_0001.jpg,True,0
1692,3,Imran_Khan,Imran_Khan/Imran_Khan_0001.jpg,True,Nancy_Humbert,Nancy_Humbert/Nancy_Humbert_0001.jpg,False,0
1693,3,Ivan_Lee,Ivan_Lee/Ivan_Lee_0001.jpg,False,Jennifer_Furminger,Jennifer_Furminger/Jennifer_Furminger_0001.jpg,True,0
1694,3,James_Hallock,James_Hallock/James_Hallock_0001.jpg,False,Robert_Beck,Robert_Beck/Robert_Beck_0001.jpg,False,0
1695,3,James_Murdoch,James_Murdoch/James_Murdoch_0001.jpg,True,Martina_McBride,Martina_McBride/Martina_McBride_0003.jpg,True,0
1696,3,Jamie_Kellner,Jamie_Kellner/Jamie_Kellner_0001.jpg,False,Tomas_Malik,Tomas_Malik/Tomas_Malik_0001.jpg,False,0
1697,3,Jamie_King,Jamie_King/Jamie_King_0001.jpg,False,Lauren_Hutton,Lauren_Hutton/Lauren_Hutton_0002.jpg,True,0
1698,3,Jane_Fonda,Jane_Fonda/Jane_Fonda_0002.jpg,True,Martha_Stewart,Martha_Stewart/Martha_Stewart_0004.jpg,True,0
1699,3,Janet_Leigh,Janet_Leigh/Janet_Leigh_0001.jpg,False,Marianne_Stanley,Marianne_Stanley/Marianne_Stanley_0001.jpg,False,0
1700,3,Jaromir_Jagr,Jaromir_Jagr/Jaromir_Jagr_0001.jpg,False,Troy_Jenkins,Troy_Jenkins/Troy_Jenkins_0001.jpg,False,0
1701,3,Jean_Brumley,Jean_Brumley/Jean_Brumley_0002.jpg,False,Jim_Harrick,Jim_Harrick/Jim_Harrick_0001.jpg,False,0
1702,3,Jen_Bice,Jen_Bice/Jen_Bice_0001.jpg,False,Judi_Dench,Judi_Dench/Judi_Dench_0002.jpg,True,0
1703,3,Jennifer_Furminger,Jennifer_Furminger/Jennifer_Furminger_0001.jpg,True,Matthew_During,Matthew_During/Matthew_During_0001.jpg,False,0
1704,3,Jennifer_Tilly,Jennifer_Tilly/Jennifer_Tilly_0001.jpg,False,Serge_Klarsfeld,Serge_Klarsfeld/Serge_Klarsfeld_0001.jpg,True,0
1705,3,Jennifer_Tilly,Jennifer_Tilly/Jennifer_Tilly_0001.jpg,False,Stella_Tennant,Stella_Tennant/Stella_Tennant_0001.jpg,False,0
1706,3,Jeremy_Shockey,Jeremy_Shockey/Jeremy_Shockey_0002.jpg,False,Robert_Beck,Robert_Beck/Robert_Beck_0001.jpg,False,0
1707,3,Jerry_Regier,Jerry_Regier/Jerry_Regier_0002.jpg,False,Paulina_Rodriguez_Davila,Paulina_Rodriguez_Davila/Paulina_Rodriguez_Davila_0001.jpg,True,0
1708,3,Jerry_Regier,Jerry_Regier/Jerry_Regier_0003.jpg,False,Lee_Hyung-taik,Lee_Hyung-taik/Lee_Hyung-taik_0001.jpg,False,0
1709,3,Jerry_Regier,Jerry_Regier/Jerry_Regier_0003.jpg,False,Pete_Rose,Pete_Rose/Pete_Rose_0002.jpg,True,0
1710,3,Jessica_Capshaw,Jessica_Capshaw/Jessica_Capshaw_0001.jpg,False,Penelope_Cruz,Penelope_Cruz/Penelope_Cruz_0002.jpg,True,0
1711,3,Jiang_Zemin,Jiang_Zemin/Jiang_Zemin_0004.jpg,True,Michelangelo_Antonioni,Michelangelo_Antonioni/Michelangelo_Antonioni_0001.jpg,True,0
1712,3,Jiang_Zemin,Jiang_Zemin/Jiang_Zemin_0013.jpg,True,Roman_Coppola,Roman_Coppola/Roman_Coppola_0001.jpg,False,0
1713,3,Jim_Sterk,Jim_Sterk/Jim_Sterk_0001.jpg,False,Jonathan_Edwards,Jonathan_Edwards/Jonathan_Edwards_0003.jpg,True,0
1714,3,Jim_Sterk,Jim_Sterk/Jim_Sterk_0001.jpg,False,Ken_Watanabe,Ken_Watanabe/Ken_Watanabe_0002.jpg,False,0
1715,3,Joey_Harrington,Joey_Harrington/Joey_Harrington_0001.jpg,True,Nick_Price,Nick_Price/Nick_Price_0001.jpg,False,0
1716,3,John_Lynch,John_Lynch/John_Lynch_0001.jpg,False,Michael_Sullivan,Michael_Sullivan/Michael_Sullivan_0001.jpg,True,0
1717,3,John_Robbins,John_Robbins/John_Robbins_0001.jpg,False,Tom_Foy,Tom_Foy/Tom_Foy_0001.jpg,True,0
1718,3,John_Thune,John_Thune/John_Thune_0001.jpg,True,Milan_Milutinovic,Milan_Milutinovic/Milan_Milutinovic_0001.jpg,False,0
1719,3,John_Velazquez,John_Velazquez/John_Velazquez_0001.jpg,True,Marco_Antonio_Barrera,Marco_Antonio_Barrera/Marco_Antonio_Barrera_0003.jpg,True,0
1720,3,John_Velazquez,John_Velazquez/John_Velazquez_0001.jpg,True,Tammy_Lynn_Michaels,Tammy_Lynn_Michaels/Tammy_Lynn_Michaels_0001.jpg,True,0
1721,3,John_Wolf,John_Wolf/John_Wolf_0002.jpg,False,Prince_Harry,Prince_Harry/Prince_Harry_0001.jpg,True,0
1722,3,Jonathan_Byrd,Jonathan_Byrd/Jonathan_Byrd_0001.jpg,False,Mike_Matheny,Mike_Matheny/Mike_Matheny_0001.jpg,True,0
1723,3,Jonathan_Byrd,Jonathan_Byrd/Jonathan_Byrd_0001.jpg,False,Sheikh_Ahmed_Yassin,Sheikh_Ahmed_Yassin/Sheikh_Ahmed_Yassin_0001.jpg,False,0
1724,3,Jonathan_Horton,Jonathan_Horton/Jonathan_Horton_0001.jpg,False,Lee_Ann_Terlaji,Lee_Ann_Terlaji/Lee_Ann_Terlaji_0001.jpg,True,0
1725,3,Jorge_Alberto_Galindo,Jorge_Alberto_Galindo/Jorge_Alberto_Galindo_0001.jpg,True,Roger_King,Roger_King/Roger_King_0001.jpg,False,0
1726,3,Joseph_Biden,Joseph_Biden/Joseph_Biden_0005.jpg,True,Mahdi_Al_Bassam,Mahdi_Al_Bassam/Mahdi_Al_Bassam_0001.jpg,True,0
1727,3,Joseph_Biden,Joseph_Biden/Joseph_Biden_0005.jpg,True,Tung_Chee-hwa,Tung_Chee-hwa/Tung_Chee-hwa_0004.jpg,True,0
1728,3,Judy_Genshaft,Judy_Genshaft/Judy_Genshaft_0001.jpg,False,Shane_Warne,Shane_Warne/Shane_Warne_0001.jpg,True,0
1729,3,Jules_Asner,Jules_Asner/Jules_Asner_0001.jpg,False,Robert_Beck,Robert_Beck/Robert_Beck_0001.jpg,False,0
1730,3,Julien_Varlet,Julien_Varlet/Julien_Varlet_0001.jpg,False,Scott_Dalton,Scott_Dalton/Scott_Dalton_0001.jpg,False,0
1731,3,Kate_Burton,Kate_Burton/Kate_Burton_0001.jpg,False,Martha_Stewart,Martha_Stewart/Martha_Stewart_0002.jpg,True,0
1732,3,Kate_Richardson,Kate_Richardson/Kate_Richardson_0001.jpg,False,Roman_Coppola,Roman_Coppola/Roman_Coppola_0001.jpg,False,0
1733,3,Katie_Boone,Katie_Boone/Katie_Boone_0001.jpg,False,Uthai_Pimchaichon,Uthai_Pimchaichon/Uthai_Pimchaichon_0001.jpg,False,0
1734,3,Katie_Smith,Katie_Smith/Katie_Smith_0001.jpg,False,Leland_Chapman,Leland_Chapman/Leland_Chapman_0001.jpg,False,0
1735,3,Katrin_Susi,Katrin_Susi/Katrin_Susi_0001.jpg,False,Luca_Cordero_di_Montezemolo,Luca_Cordero_di_Montezemolo/Luca_Cordero_di_Montezemolo_0001.jpg,True,0
1736,3,Kay_Bailey_Hutchison,Kay_Bailey_Hutchison/Kay_Bailey_Hutchison_0001.jpg,True,Theodore_Tweed_Roosevelt,Theodore_Tweed_Roosevelt/Theodore_Tweed_Roosevelt_0003.jpg,True,0
1737,3,Kieran_Prendergast,Kieran_Prendergast/Kieran_Prendergast_0001.jpg,False,Lachlan_Murdoch,Lachlan_Murdoch/Lachlan_Murdoch_0001.jpg,False,0
1738,3,King_Abdullah_II,King_Abdullah_II/King_Abdullah_II_0004.jpg,True,Robert_Hyatt,Robert_Hyatt/Robert_Hyatt_0001.jpg,True,0
1739,3,Kirk_Ferentz,Kirk_Ferentz/Kirk_Ferentz_0002.jpg,True,Milan_Milutinovic,Milan_Milutinovic/Milan_Milutinovic_0001.jpg,False,0
1740,3,Lachlan_Murdoch,Lachlan_Murdoch/Lachlan_Murdoch_0001.jpg,False,Mickey_Sherman,Mickey_Sherman/Mickey_Sherman_0001.jpg,False,0
1741,3,Larry_Flynt,Larry_Flynt/Larry_Flynt_0001.jpg,False,Phil_Cline,Phil_Cline/Phil_Cline_0001.jpg,False,0
1742,3,Larry_Greene,Larry_Greene/Larry_Greene_0001.jpg,True,Mike_Brey,Mike_Brey/Mike_Brey_0002.jpg,True,0
1743,3,Laurence_Tribe,Laurence_Tribe/Laurence_Tribe_0001.jpg,False,Uthai_Pimchaichon,Uthai_Pimchaichon/Uthai_Pimchaichon_0001.jpg,False,0
1744,3,Lee_Ann_Terlaji,Lee_Ann_Terlaji/Lee_Ann_Terlaji_0001.jpg,True,Roman_Coppola,Roman_Coppola/Roman_Coppola_0001.jpg,False,0
1745,3,Lee_Yuan-tseh,Lee_Yuan-tseh/Lee_Yuan-tseh_0001.jpg,True,Shafal_Mosed,Shafal_Mosed/Shafal_Mosed_0001.jpg,True,0
1746,3,Lee_Yuan-tseh,Lee_Yuan-tseh/Lee_Yuan-tseh_0001.jpg,True,Yuri_Malenchenko,Yuri_Malenchenko/Yuri_Malenchenko_0002.jpg,False,0
1747,3,Leland_Chapman,Leland_Chapman/Leland_Chapman_0001.jpg,False,Theodore_Tweed_Roosevelt,Theodore_Tweed_Roosevelt/Theodore_Tweed_Roosevelt_0001.jpg,True,0
1748,3,Leslie_Moonves,Leslie_Moonves/Leslie_Moonves_0002.jpg,False,Robert_Hyatt,Robert_Hyatt/Robert_Hyatt_0001.jpg,True,0
1749,3,Lisa_Murkowski,Lisa_Murkowski/Lisa_Murkowski_0001.jpg,False,Serge_Klarsfeld,Serge_Klarsfeld/Serge_Klarsfeld_0001.jpg,True,0
1750,3,Magui_Serna,Magui_Serna/Magui_Serna_0001.jpg,False,Maura_Tierney,Maura_Tierney/Maura_Tierney_0001.jpg,False,0
1751,3,Mahdi_Al_Bassam,Mahdi_Al_Bassam/Mahdi_Al_Bassam_0001.jpg,True,Marc-Andre_Fleury,Marc-Andre_Fleury/Marc-Andre_Fleury_0002.jpg,False,0
1752,3,Mahdi_Al_Bassam,Mahdi_Al_Bassam/Mahdi_Al_Bassam_0001.jpg,True,Mother_Teresa,Mother_Teresa/Mother_Teresa_0001.jpg,True,0
1753,3,Malak_Habbak,Malak_Habbak/Malak_Habbak_0001.jpg,True,Prince_Harry,Prince_Harry/Prince_Harry_0003.jpg,True,0
1754,3,Manuel_Pellegrini,Manuel_Pellegrini/Manuel_Pellegrini_0001.jpg,True,Rolf_Eckrodt,Rolf_Eckrodt/Rolf_Eckrodt_0001.jpg,False,0
1755,3,Manuela_Montebrun,Manuela_Montebrun/Manuela_Montebrun_0001.jpg,False,Martina_McBride,Martina_McBride/Martina_McBride_0002.jpg,True,0
1756,3,Manuela_Montebrun,Manuela_Montebrun/Manuela_Montebrun_0001.jpg,False,Steven_Seagal,Steven_Seagal/Steven_Seagal_0002.jpg,False,0
1757,3,Marion_Fahnestock,Marion_Fahnestock/Marion_Fahnestock_0001.jpg,False,Wen_Jiabao,Wen_Jiabao/Wen_Jiabao_0003.jpg,False,0
1758,3,Mark_Hamister,Mark_Hamister/Mark_Hamister_0001.jpg,False,Xiang_Xu,Xiang_Xu/Xiang_Xu_0001.jpg,False,0
1759,3,Martha_Martinez_Flores,Martha_Martinez_Flores/Martha_Martinez_Flores_0001.jpg,False,Mike_Brey,Mike_Brey/Mike_Brey_0002.jpg,True,0
1760,3,Martha_Stewart,Martha_Stewart/Martha_Stewart_0005.jpg,True,Victor_Kraatz,Victor_Kraatz/Victor_Kraatz_0001.jpg,False,0
1761,3,Martin_Lawrence,Martin_Lawrence/Martin_Lawrence_0001.jpg,False,Mickey_Sherman,Mickey_Sherman/Mickey_Sherman_0001.jpg,False,0
1762,3,Martin_Lawrence,Martin_Lawrence/Martin_Lawrence_0001.jpg,False,Penny_Lancaster,Penny_Lancaster/Penny_Lancaster_0001.jpg,False,0
1763,3,Martin_McCauley,Martin_McCauley/Martin_McCauley_0002.jpg,False,Steven_Seagal,Steven_Seagal/Steven_Seagal_0001.jpg,False,0
1764,3,Martin_Verkerk,Martin_Verkerk/Martin_Verkerk_0001.jpg,False,Steven_Seagal,Steven_Seagal/Steven_Seagal_0001.jpg,False,0
1765,3,Martina_McBride,Martina_McBride/Martina_McBride_0003.jpg,True,Peter_Schultz,Peter_Schultz/Peter_Schultz_0001.jpg,True,0
1766,3,Masamori_Tokuyama,Masamori_Tokuyama/Masamori_Tokuyama_0001.jpg,False,Regina_Ip,Regina_Ip/Regina_Ip_0001.jpg,False,0
1767,3,Masamori_Tokuyama,Masamori_Tokuyama/Masamori_Tokuyama_0001.jpg,False,Serge_Melac,Serge_Melac/Serge_Melac_0001.jpg,False,0
1768,3,Matt_Doherty,Matt_Doherty/Matt_Doherty_0002.jpg,False,Saoud_Al_Faisal,Saoud_Al_Faisal/Saoud_Al_Faisal_0001.jpg,False,0
1769,3,Meghann_Shaughnessy,Meghann_Shaughnessy/Meghann_Shaughnessy_0001.jpg,True,William_Perry,William_Perry/William_Perry_0001.jpg,False,0
1770,3,Mehmet_Ali_Sahin,Mehmet_Ali_Sahin/Mehmet_Ali_Sahin_0001.jpg,False,Peri_Gilpin,Peri_Gilpin/Peri_Gilpin_0001.jpg,False,0
1771,3,Mehmet_Ali_Sahin,Mehmet_Ali_Sahin/Mehmet_Ali_Sahin_0001.jpg,False,Raquel_Welch,Raquel_Welch/Raquel_Welch_0002.jpg,True,0
1772,3,Michael_Capellas,Michael_Capellas/Michael_Capellas_0001.jpg,False,Victor_Garber,Victor_Garber/Victor_Garber_0001.jpg,False,0
1773,3,Mickey_Sherman,Mickey_Sherman/Mickey_Sherman_0001.jpg,False,Roman_Coppola,Roman_Coppola/Roman_Coppola_0001.jpg,False,0
1774,3,Mike_Brey,Mike_Brey/Mike_Brey_0002.jpg,True,Nick_Markakis,Nick_Markakis/Nick_Markakis_0001.jpg,False,0
1775,3,Mike_Johanns,Mike_Johanns/Mike_Johanns_0001.jpg,False,Pascal_Lamy,Pascal_Lamy/Pascal_Lamy_0001.jpg,False,0
1776,3,Mike_Matheny,Mike_Matheny/Mike_Matheny_0001.jpg,True,Norm_Coleman,Norm_Coleman/Norm_Coleman_0005.jpg,True,0
1777,3,Mohammad_Mustapha_Miro,Mohammad_Mustapha_Miro/Mohammad_Mustapha_Miro_0001.jpg,False,Steve_Mariucci,Steve_Mariucci/Steve_Mariucci_0002.jpg,True,0
1778,3,Mother_Teresa,Mother_Teresa/Mother_Teresa_0001.jpg,True,Yekaterina_Guseva,Yekaterina_Guseva/Yekaterina_Guseva_0001.jpg,False,0
1779,3,Nancy_Humbert,Nancy_Humbert/Nancy_Humbert_0001.jpg,False,Park_Na-kyong,Park_Na-kyong/Park_Na-kyong_0001.jpg,False,0
1780,3,Nanni_Moretti,Nanni_Moretti/Nanni_Moretti_0001.jpg,True,Shigeru_Ishiba,Shigeru_Ishiba/Shigeru_Ishiba_0001.jpg,False,0
1781,3,Natalia_Dmitrieva,Natalia_Dmitrieva/Natalia_Dmitrieva_0001.jpg,False,Willie_Nelson,Willie_Nelson/Willie_Nelson_0001.jpg,True,0
1782,3,Natalie_Juniardi,Natalie_Juniardi/Natalie_Juniardi_0001.jpg,False,Uthai_Pimchaichon,Uthai_Pimchaichon/Uthai_Pimchaichon_0001.jpg,False,0
1783,3,Nick_Price,Nick_Price/Nick_Price_0001.jpg,False,Tab_Turner,Tab_Turner/Tab_Turner_0001.jpg,False,0
1784,3,Norm_Coleman,Norm_Coleman/Norm_Coleman_0004.jpg,True,Peri_Gilpin,Peri_Gilpin/Peri_Gilpin_0001.jpg,False,0
1785,3,Norm_Coleman,Norm_Coleman/Norm_Coleman_0007.jpg,True,Scott_McClellan,Scott_McClellan/Scott_McClellan_0005.jpg,False,0
1786,3,Paddy_Torsney,Paddy_Torsney/Paddy_Torsney_0001.jpg,True,Tung_Chee-hwa,Tung_Chee-hwa/Tung_Chee-hwa_0009.jpg,True,0
1787,3,Park_Na-kyong,Park_Na-kyong/Park_Na-kyong_0001.jpg,False,Vecdi_Gonul,Vecdi_Gonul/Vecdi_Gonul_0001.jpg,False,0
1788,3,Patrick_Rafter,Patrick_Rafter/Patrick_Rafter_0001.jpg,False,Peter_Care,Peter_Care/Peter_Care_0001.jpg,False,0
1789,3,Pierre_Van_Hooijdonk,Pierre_Van_Hooijdonk/Pierre_Van_Hooijdonk_0001.jpg,False,Scott_McClellan,Scott_McClellan/Scott_McClellan_0001.jpg,False,0
1790,3,Regina_Ip,Regina_Ip/Regina_Ip_0001.jpg,False,Rohman_al-Ghozi,Rohman_al-Ghozi/Rohman_al-Ghozi_0001.jpg,True,0
1791,3,Renee_Zellweger,Renee_Zellweger/Renee_Zellweger_0009.jpg,True,Yuri_Malenchenko,Yuri_Malenchenko/Yuri_Malenchenko_0002.jpg,False,0
1792,3,Rolf_Eckrodt,Rolf_Eckrodt/Rolf_Eckrodt_0002.jpg,False,Teresa_Heinz_Kerry,Teresa_Heinz_Kerry/Teresa_Heinz_Kerry_0001.jpg,False,0
1793,3,Rubens_Barrichello,Rubens_Barrichello/Rubens_Barrichello_0010.jpg,True,Stella_Tennant,Stella_Tennant/Stella_Tennant_0001.jpg,False,0
1794,3,Saoud_Al_Faisal,Saoud_Al_Faisal/Saoud_Al_Faisal_0001.jpg,False,Vecdi_Gonul,Vecdi_Gonul/Vecdi_Gonul_0001.jpg,False,0
1795,3,Scott_Dalton,Scott_Dalton/Scott_Dalton_0001.jpg,False,Zach_Safrin,Zach_Safrin/Zach_Safrin_0001.jpg,True,0
1796,3,Scott_McClellan,Scott_McClellan/Scott_McClellan_0002.jpg,False,Tom_Schnackenberg,Tom_Schnackenberg/Tom_Schnackenberg_0001.jpg,True,0
1797,3,Todd_MacCulloch,Todd_MacCulloch/Todd_MacCulloch_0001.jpg,False,Willie_Nelson,Willie_Nelson/Willie_Nelson_0001.jpg,True,0
1798,3,Tom_Curley,Tom_Curley/Tom_Curley_0001.jpg,False,Wanda_de_la_Jesus,Wanda_de_la_Jesus/Wanda_de_la_Jesus_0001.jpg,False,0
1799,3,Troy_Jenkins,Troy_Jenkins/Troy_Jenkins_0001.jpg,False,Walid_Al-Awadi,Walid_Al-Awadi/Walid_Al-Awadi_0001.jpg,False,0
1800,3,William_Overlin,William_Overlin/William_Overlin_0001.jpg,False,Yekaterina_Guseva,Yekaterina_Guseva/Yekaterina_Guseva_0001.jpg,False,0
1801,4,Abdoulaye_Wade,Abdoulaye_Wade/Abdoulaye_Wade_0001.jpg,True,Abdoulaye_Wade,Abdoulaye_Wade/Abdoulaye_Wade_0002.jpg,True,1
1802,4,Abdoulaye_Wade,Abdoulaye_Wade/Abdoulaye_Wade_0001.jpg,True,Abdoulaye_Wade,Abdoulaye_Wade/Abdoulaye_Wade_0003.jpg,True,1
1803,4,Abdoulaye_Wade,Abdoulaye_Wade/Abdoulaye_Wade_0002.jpg,True,Abdoulaye_Wade,Abdoulaye_Wade/Abdoulaye_Wade_0003.jpg,True,1
1804,4,Adam_Sandler,Adam_Sandler/Adam_Sandler_0001.jpg,True,Adam_Sandler,Adam_Sandler/Adam_Sandler_0002.jpg,True,1
1805,4,Adam_Sandler,Adam_Sandler/Adam_Sandler_0001.jpg,True,Adam_Sandler,Adam_Sandler/Adam_Sandler_0004.jpg,True,1
1806,4,Adam_Sandler,Adam_Sandler/Adam_Sandler_0002.jpg,True,Adam_Sandler,Adam_Sandler/Adam_Sandler_0003.jpg,True,1
1807,4,Aicha_El_Ouafi,Aicha_El_Ouafi/Aicha_El_Ouafi_0001.jpg,True,Aicha_El_Ouafi,Aicha_El_Ouafi/Aicha_El_Ouafi_0003.jpg,True,1
1808,4,Aicha_El_Ouafi,Aicha_El_Ouafi/Aicha_El_Ouafi_0002.jpg,True,Aicha_El_Ouafi,Aicha_El_Ouafi/Aicha_El_Ouafi_0003.jpg,True,1
1809,4,Akbar_Hashemi_Rafsanjani,Akbar_Hashemi_Rafsanjani/Akbar_Hashemi_Rafsanjani_0001.jpg,True,Akbar_Hashemi_Rafsanjani,Akbar_Hashemi_Rafsanjani/Akbar_Hashemi_Rafsanjani_0003.jpg,True,1
1810,4,Akbar_Hashemi_Rafsanjani,Akbar_Hashemi_Rafsanjani/Akbar_Hashemi_Rafsanjani_0002.jpg,True,Akbar_Hashemi_Rafsanjani,Akbar_Hashemi_Rafsanjani/Akbar_Hashemi_Rafsanjani_0003.jpg,True,1
1811,4,Al_Pacino,Al_Pacino/Al_Pacino_0001.jpg,False,Al_Pacino,Al_Pacino/Al_Pacino_0002.jpg,False,1
1812,4,Al_Pacino,Al_Pacino/Al_Pacino_0001.jpg,False,Al_Pacino,Al_Pacino/Al_Pacino_0003.jpg,False,1
1813,4,Alex_Barros,Alex_Barros/Alex_Barros_0001.jpg,True,Alex_Barros,Alex_Barros/Alex_Barros_0002.jpg,True,1
1814,4,Allyson_Felix,Allyson_Felix/Allyson_Felix_0001.jpg,False,Allyson_Felix,Allyson_Felix/Allyson_Felix_0003.jpg,False,1
1815,4,Allyson_Felix,Allyson_Felix/Allyson_Felix_0001.jpg,False,Allyson_Felix,Allyson_Felix/Allyson_Felix_0004.jpg,False,1
1816,4,Allyson_Felix,Allyson_Felix/Allyson_Felix_0001.jpg,False,Allyson_Felix,Allyson_Felix/Allyson_Felix_0005.jpg,False,1
1817,4,Allyson_Felix,Allyson_Felix/Allyson_Felix_0004.jpg,False,Allyson_Felix,Allyson_Felix/Allyson_Felix_0005.jpg,False,1
1818,4,Anastasia_Myskina,Anastasia_Myskina/Anastasia_Myskina_0001.jpg,False,Anastasia_Myskina,Anastasia_Myskina/Anastasia_Myskina_0002.jpg,False,1
1819,4,Andy_Roddick,Andy_Roddick/Andy_Roddick_0008.jpg,True,Andy_Roddick,Andy_Roddick/Andy_Roddick_0012.jpg,True,1
1820,4,Andy_Roddick,Andy_Roddick/Andy_Roddick_0010.jpg,True,Andy_Roddick,Andy_Roddick/Andy_Roddick_0015.jpg,True,1
1821,4,Andy_Roddick,Andy_Roddick/Andy_Roddick_0013.jpg,True,Andy_Roddick,Andy_Roddick/Andy_Roddick_0015.jpg,True,1
1822,4,Anna_Nicole_Smith,Anna_Nicole_Smith/Anna_Nicole_Smith_0001.jpg,True,Anna_Nicole_Smith,Anna_Nicole_Smith/Anna_Nicole_Smith_0002.jpg,True,1
1823,4,Antonio_Palocci,Antonio_Palocci/Antonio_Palocci_0001.jpg,False,Antonio_Palocci,Antonio_Palocci/Antonio_Palocci_0008.jpg,False,1
1824,4,Antonio_Palocci,Antonio_Palocci/Antonio_Palocci_0003.jpg,False,Antonio_Palocci,Antonio_Palocci/Antonio_Palocci_0006.jpg,False,1
1825,4,Antonio_Palocci,Antonio_Palocci/Antonio_Palocci_0004.jpg,False,Antonio_Palocci,Antonio_Palocci/Antonio_Palocci_0005.jpg,False,1
1826,4,Antonio_Palocci,Antonio_Palocci/Antonio_Palocci_0005.jpg,False,Antonio_Palocci,Antonio_Palocci/Antonio_Palocci_0007.jpg,False,1
1827,4,Antonio_Palocci,Antonio_Palocci/Antonio_Palocci_0006.jpg,False,Antonio_Palocci,Antonio_Palocci/Antonio_Palocci_0008.jpg,False,1
1828,4,Arnoldo_Aleman,Arnoldo_Aleman/Arnoldo_Aleman_0001.jpg,True,Arnoldo_Aleman,Arnoldo_Aleman/Arnoldo_Aleman_0003.jpg,True,1
1829,4,Arnoldo_Aleman,Arnoldo_Aleman/Arnoldo_Aleman_0003.jpg,True,Arnoldo_Aleman,Arnoldo_Aleman/Arnoldo_Aleman_0005.jpg,True,1
1830,4,Ashton_Kutcher,Ashton_Kutcher/Ashton_Kutcher_0001.jpg,True,Ashton_Kutcher,Ashton_Kutcher/Ashton_Kutcher_0003.jpg,True,1
1831,4,Ashton_Kutcher,Ashton_Kutcher/Ashton_Kutcher_0002.jpg,True,Ashton_Kutcher,Ashton_Kutcher/Ashton_Kutcher_0003.jpg,True,1
1832,4,Augusto_Roa_Bastos,Augusto_Roa_Bastos/Augusto_Roa_Bastos_0001.jpg,False,Augusto_Roa_Bastos,Augusto_Roa_Bastos/Augusto_Roa_Bastos_0002.jpg,False,1
1833,4,Aung_San_Suu_Kyi,Aung_San_Suu_Kyi/Aung_San_Suu_Kyi_0001.jpg,False,Aung_San_Suu_Kyi,Aung_San_Suu_Kyi/Aung_San_Suu_Kyi_0002.jpg,False,1
1834,4,Barry_Zito,Barry_Zito/Barry_Zito_0001.jpg,False,Barry_Zito,Barry_Zito/Barry_Zito_0002.jpg,False,1
1835,4,Bill_Graham,Bill_Graham/Bill_Graham_0001.jpg,False,Bill_Graham,Bill_Graham/Bill_Graham_0009.jpg,False,1
1836,4,Bill_Graham,Bill_Graham/Bill_Graham_0003.jpg,False,Bill_Graham,Bill_Graham/Bill_Graham_0004.jpg,False,1
1837,4,Bill_Graham,Bill_Graham/Bill_Graham_0004.jpg,False,Bill_Graham,Bill_Graham/Bill_Graham_0006.jpg,False,1
1838,4,Bill_Graham,Bill_Graham/Bill_Graham_0005.jpg,False,Bill_Graham,Bill_Graham/Bill_Graham_0006.jpg,False,1
1839,4,Bob_Dole,Bob_Dole/Bob_Dole_0001.jpg,False,Bob_Dole,Bob_Dole/Bob_Dole_0003.jpg,False,1
1840,4,Bruce_Weber,Bruce_Weber/Bruce_Weber_0001.jpg,True,Bruce_Weber,Bruce_Weber/Bruce_Weber_0002.jpg,True,1
1841,4,Carlos_Mesa,Carlos_Mesa/Carlos_Mesa_0001.jpg,False,Carlos_Mesa,Carlos_Mesa/Carlos_Mesa_0002.jpg,False,1
1842,4,Carolyn_Dawn_Johnson,Carolyn_Dawn_Johnson/Carolyn_Dawn_Johnson_0001.jpg,False,Carolyn_Dawn_Johnson,Carolyn_Dawn_Johnson/Carolyn_Dawn_Johnson_0002.jpg,False,1
1843,4,Carolyn_Dawn_Johnson,Carolyn_Dawn_Johnson/Carolyn_Dawn_Johnson_0002.jpg,False,Carolyn_Dawn_Johnson,Carolyn_Dawn_Johnson/Carolyn_Dawn_Johnson_0003.jpg,False,1
1844,4,Celine_Dion,Celine_Dion/Celine_Dion_0003.jpg,True,Celine_Dion,Celine_Dion/Celine_Dion_0008.jpg,True,1
1845,4,Chakib_Khelil,Chakib_Khelil/Chakib_Khelil_0001.jpg,True,Chakib_Khelil,Chakib_Khelil/Chakib_Khelil_0002.jpg,True,1
1846,4,Chen_Shui-bian,Chen_Shui-bian/Chen_Shui-bian_0002.jpg,True,Chen_Shui-bian,Chen_Shui-bian/Chen_Shui-bian_0004.jpg,True,1
1847,4,Chen_Shui-bian,Chen_Shui-bian/Chen_Shui-bian_0003.jpg,True,Chen_Shui-bian,Chen_Shui-bian/Chen_Shui-bian_0005.jpg,True,1
1848,4,Christopher_Walken,Christopher_Walken/Christopher_Walken_0001.jpg,False,Christopher_Walken,Christopher_Walken/Christopher_Walken_0003.jpg,False,1
1849,4,Christopher_Walken,Christopher_Walken/Christopher_Walken_0001.jpg,False,Christopher_Walken,Christopher_Walken/Christopher_Walken_0004.jpg,False,1
1850,4,Claudia_Pechstein,Claudia_Pechstein/Claudia_Pechstein_0001.jpg,False,Claudia_Pechstein,Claudia_Pechstein/Claudia_Pechstein_0002.jpg,False,1
1851,4,Claudia_Pechstein,Claudia_Pechstein/Claudia_Pechstein_0001.jpg,False,Claudia_Pechstein,Claudia_Pechstein/Claudia_Pechstein_0004.jpg,False,1
1852,4,Claudia_Pechstein,Claudia_Pechstein/Claudia_Pechstein_0003.jpg,False,Claudia_Pechstein,Claudia_Pechstein/Claudia_Pechstein_0004.jpg,False,1
1853,4,Claudia_Pechstein,Claudia_Pechstein/Claudia_Pechstein_0003.jpg,False,Claudia_Pechstein,Claudia_Pechstein/Claudia_Pechstein_0005.jpg,False,1
1854,4,Claudia_Pechstein,Claudia_Pechstein/Claudia_Pechstein_0004.jpg,False,Claudia_Pechstein,Claudia_Pechstein/Claudia_Pechstein_0005.jpg,False,1
1855,4,Clay_Aiken,Clay_Aiken/Clay_Aiken_0002.jpg,False,Clay_Aiken,Clay_Aiken/Clay_Aiken_0004.jpg,False,1
1856,4,Clay_Aiken,Clay_Aiken/Clay_Aiken_0003.jpg,False,Clay_Aiken,Clay_Aiken/Clay_Aiken_0004.jpg,False,1
1857,4,Clay_Aiken,Clay_Aiken/Clay_Aiken_0003.jpg,False,Clay_Aiken,Clay_Aiken/Clay_Aiken_0005.jpg,False,1
1858,4,Colin_Powell,Colin_Powell/Colin_Powell_0040.jpg,True,Colin_Powell,Colin_Powell/Colin_Powell_0071.jpg,True,1
1859,4,Colin_Powell,Colin_Powell/Colin_Powell_0049.jpg,True,Colin_Powell,Colin_Powell/Colin_Powell_0234.jpg,True,1
1860,4,Colin_Powell,Colin_Powell/Colin_Powell_0133.jpg,True,Colin_Powell,Colin_Powell/Colin_Powell_0170.jpg,True,1
1861,4,Colin_Powell,Colin_Powell/Colin_Powell_0182.jpg,True,Colin_Powell,Colin_Powell/Colin_Powell_0198.jpg,True,1
1862,4,Cristina_Fernandez,Cristina_Fernandez/Cristina_Fernandez_0001.jpg,False,Cristina_Fernandez,Cristina_Fernandez/Cristina_Fernandez_0002.jpg,False,1
1863,4,Daisy_Fuentes,Daisy_Fuentes/Daisy_Fuentes_0002.jpg,True,Daisy_Fuentes,Daisy_Fuentes/Daisy_Fuentes_0003.jpg,True,1
1864,4,Damon_van_Dam,Damon_van_Dam/Damon_van_Dam_0001.jpg,True,Damon_van_Dam,Damon_van_Dam/Damon_van_Dam_0002.jpg,True,1
1865,4,Dan_Wheldon,Dan_Wheldon/Dan_Wheldon_0001.jpg,False,Dan_Wheldon,Dan_Wheldon/Dan_Wheldon_0002.jpg,False,1
1866,4,David_Coulthard,David_Coulthard/David_Coulthard_0001.jpg,True,David_Coulthard,David_Coulthard/David_Coulthard_0002.jpg,True,1
1867,4,David_Kelley,David_Kelley/David_Kelley_0001.jpg,False,David_Kelley,David_Kelley/David_Kelley_0002.jpg,False,1
1868,4,Debra_Brown,Debra_Brown/Debra_Brown_0001.jpg,True,Debra_Brown,Debra_Brown/Debra_Brown_0002.jpg,True,1
1869,4,Dennis_Erickson,Dennis_Erickson/Dennis_Erickson_0001.jpg,False,Dennis_Erickson,Dennis_Erickson/Dennis_Erickson_0002.jpg,False,1
1870,4,Derek_Lowe,Derek_Lowe/Derek_Lowe_0001.jpg,False,Derek_Lowe,Derek_Lowe/Derek_Lowe_0002.jpg,False,1
1871,4,Eddie_Sutton,Eddie_Sutton/Eddie_Sutton_0001.jpg,False,Eddie_Sutton,Eddie_Sutton/Eddie_Sutton_0002.jpg,False,1
1872,4,Edie_Falco,Edie_Falco/Edie_Falco_0001.jpg,False,Edie_Falco,Edie_Falco/Edie_Falco_0002.jpg,False,1
1873,4,Elijah_Wood,Elijah_Wood/Elijah_Wood_0002.jpg,True,Elijah_Wood,Elijah_Wood/Elijah_Wood_0003.jpg,True,1
1874,4,Elizabeth_Hurley,Elizabeth_Hurley/Elizabeth_Hurley_0001.jpg,True,Elizabeth_Hurley,Elizabeth_Hurley/Elizabeth_Hurley_0004.jpg,True,1
1875,4,Elizabeth_Hurley,Elizabeth_Hurley/Elizabeth_Hurley_0002.jpg,True,Elizabeth_Hurley,Elizabeth_Hurley/Elizabeth_Hurley_0005.jpg,True,1
1876,4,Emily_Robison,Emily_Robison/Emily_Robison_0001.jpg,False,Emily_Robison,Emily_Robison/Emily_Robison_0002.jpg,False,1
1877,4,Ethan_Hawke,Ethan_Hawke/Ethan_Hawke_0001.jpg,True,Ethan_Hawke,Ethan_Hawke/Ethan_Hawke_0004.jpg,True,1
1878,4,Eunice_Barber,Eunice_Barber/Eunice_Barber_0001.jpg,False,Eunice_Barber,Eunice_Barber/Eunice_Barber_0002.jpg,False,1
1879,4,Felix_Mantilla,Felix_Mantilla/Felix_Mantilla_0001.jpg,False,Felix_Mantilla,Felix_Mantilla/Felix_Mantilla_0002.jpg,False,1
1880,4,Fidel_Castro,Fidel_Castro/Fidel_Castro_0001.jpg,True,Fidel_Castro,Fidel_Castro/Fidel_Castro_0018.jpg,True,1
1881,4,Fidel_Castro,Fidel_Castro/Fidel_Castro_0003.jpg,True,Fidel_Castro,Fidel_Castro/Fidel_Castro_0007.jpg,True,1
1882,4,Fidel_Castro,Fidel_Castro/Fidel_Castro_0005.jpg,True,Fidel_Castro,Fidel_Castro/Fidel_Castro_0008.jpg,True,1
1883,4,Fidel_Castro,Fidel_Castro/Fidel_Castro_0008.jpg,True,Fidel_Castro,Fidel_Castro/Fidel_Castro_0012.jpg,True,1
1884,4,Fidel_Castro,Fidel_Castro/Fidel_Castro_0011.jpg,True,Fidel_Castro,Fidel_Castro/Fidel_Castro_0013.jpg,True,1
1885,4,Francisco_Flores,Francisco_Flores/Francisco_Flores_0001.jpg,False,Francisco_Flores,Francisco_Flores/Francisco_Flores_0002.jpg,False,1
1886,4,Francisco_Flores,Francisco_Flores/Francisco_Flores_0001.jpg,False,Francisco_Flores,Francisco_Flores/Francisco_Flores_0003.jpg,False,1
1887,4,Frank_Dunham_Jr,Frank_Dunham_Jr/Frank_Dunham_Jr_0001.jpg,True,Frank_Dunham_Jr,Frank_Dunham_Jr/Frank_Dunham_Jr_0002.jpg,True,1
1888,4,Franko_Simatovic,Franko_Simatovic/Franko_Simatovic_0001.jpg,False,Franko_Simatovic,Franko_Simatovic/Franko_Simatovic_0002.jpg,False,1
1889,4,Fred_Eckhard,Fred_Eckhard/Fred_Eckhard_0001.jpg,False,Fred_Eckhard,Fred_Eckhard/Fred_Eckhard_0002.jpg,False,1
1890,4,Fred_Eckhard,Fred_Eckhard/Fred_Eckhard_0001.jpg,False,Fred_Eckhard,Fred_Eckhard/Fred_Eckhard_0003.jpg,False,1
1891,4,Fred_Eckhard,Fred_Eckhard/Fred_Eckhard_0002.jpg,False,Fred_Eckhard,Fred_Eckhard/Fred_Eckhard_0003.jpg,False,1
1892,4,GL_Peiris,GL_Peiris/GL_Peiris_0001.jpg,True,GL_Peiris,GL_Peiris/GL_Peiris_0002.jpg,True,1
1893,4,GL_Peiris,GL_Peiris/GL_Peiris_0001.jpg,True,GL_Peiris,GL_Peiris/GL_Peiris_0003.jpg,True,1
1894,4,GL_Peiris,GL_Peiris/GL_Peiris_0002.jpg,True,GL_Peiris,GL_Peiris/GL_Peiris_0003.jpg,True,1
1895,4,GL_Peiris,GL_Peiris/GL_Peiris_0002.jpg,True,GL_Peiris,GL_Peiris/GL_Peiris_0004.jpg,True,1
1896,4,Garry_Kasparov,Garry_Kasparov/Garry_Kasparov_0001.jpg,True,Garry_Kasparov,Garry_Kasparov/Garry_Kasparov_0002.jpg,True,1
1897,4,Hassan_Nasrallah,Hassan_Nasrallah/Hassan_Nasrallah_0001.jpg,True,Hassan_Nasrallah,Hassan_Nasrallah/Hassan_Nasrallah_0002.jpg,True,1
1898,4,Heidi_Klum,Heidi_Klum/Heidi_Klum_0001.jpg,True,Heidi_Klum,Heidi_Klum/Heidi_Klum_0003.jpg,True,1
1899,4,Heidi_Klum,Heidi_Klum/Heidi_Klum_0001.jpg,True,Heidi_Klum,Heidi_Klum/Heidi_Klum_0004.jpg,True,1
1900,4,Heidi_Klum,Heidi_Klum/Heidi_Klum_0002.jpg,True,Heidi_Klum,Heidi_Klum/Heidi_Klum_0004.jpg,True,1
1901,4,Heidi_Klum,Heidi_Klum/Heidi_Klum_0003.jpg,True,Heidi_Klum,Heidi_Klum/Heidi_Klum_0004.jpg,True,1
1902,4,Heinz_Feldmann,Heinz_Feldmann/Heinz_Feldmann_0001.jpg,False,Heinz_Feldmann,Heinz_Feldmann/Heinz_Feldmann_0002.jpg,False,1
1903,4,Heinz_Feldmann,Heinz_Feldmann/Heinz_Feldmann_0002.jpg,False,Heinz_Feldmann,Heinz_Feldmann/Heinz_Feldmann_0003.jpg,False,1
1904,4,Iban_Mayo,Iban_Mayo/Iban_Mayo_0001.jpg,False,Iban_Mayo,Iban_Mayo/Iban_Mayo_0002.jpg,False,1
1905,4,Imad_Moustapha,Imad_Moustapha/Imad_Moustapha_0001.jpg,False,Imad_Moustapha,Imad_Moustapha/Imad_Moustapha_0002.jpg,False,1
1906,4,Inam-ul-Haq,Inam-ul-Haq/Inam-ul-Haq_0001.jpg,False,Inam-ul-Haq,Inam-ul-Haq/Inam-ul-Haq_0002.jpg,False,1
1907,4,James_Gandolfini,James_Gandolfini/James_Gandolfini_0001.jpg,True,James_Gandolfini,James_Gandolfini/James_Gandolfini_0003.jpg,True,1
1908,4,James_Gandolfini,James_Gandolfini/James_Gandolfini_0002.jpg,True,James_Gandolfini,James_Gandolfini/James_Gandolfini_0003.jpg,True,1
1909,4,Janet_Thorpe,Janet_Thorpe/Janet_Thorpe_0001.jpg,False,Janet_Thorpe,Janet_Thorpe/Janet_Thorpe_0002.jpg,False,1
1910,4,Jean-Pierre_Raffarin,Jean-Pierre_Raffarin/Jean-Pierre_Raffarin_0001.jpg,True,Jean-Pierre_Raffarin,Jean-Pierre_Raffarin/Jean-Pierre_Raffarin_0002.jpg,True,1
1911,4,Jean-Pierre_Raffarin,Jean-Pierre_Raffarin/Jean-Pierre_Raffarin_0001.jpg,True,Jean-Pierre_Raffarin,Jean-Pierre_Raffarin/Jean-Pierre_Raffarin_0006.jpg,True,1
1912,4,Jean-Pierre_Raffarin,Jean-Pierre_Raffarin/Jean-Pierre_Raffarin_0003.jpg,True,Jean-Pierre_Raffarin,Jean-Pierre_Raffarin/Jean-Pierre_Raffarin_0004.jpg,True,1
1913,4,Jean-Pierre_Raffarin,Jean-Pierre_Raffarin/Jean-Pierre_Raffarin_0003.jpg,True,Jean-Pierre_Raffarin,Jean-Pierre_Raffarin/Jean-Pierre_Raffarin_0005.jpg,True,1
1914,4,Jean-Pierre_Raffarin,Jean-Pierre_Raffarin/Jean-Pierre_Raffarin_0004.jpg,True,Jean-Pierre_Raffarin,Jean-Pierre_Raffarin/Jean-Pierre_Raffarin_0007.jpg,True,1
1915,4,Jean-Pierre_Raffarin,Jean-Pierre_Raffarin/Jean-Pierre_Raffarin_0005.jpg,True,Jean-Pierre_Raffarin,Jean-Pierre_Raffarin/Jean-Pierre_Raffarin_0007.jpg,True,1
1916,4,Jean-Pierre_Raffarin,Jean-Pierre_Raffarin/Jean-Pierre_Raffarin_0006.jpg,True,Jean-Pierre_Raffarin,Jean-Pierre_Raffarin/Jean-Pierre_Raffarin_0007.jpg,True,1
1917,4,Jeffrey_Scott_Postell,Jeffrey_Scott_Postell/Jeffrey_Scott_Postell_0001.jpg,False,Jeffrey_Scott_Postell,Jeffrey_Scott_Postell/Jeffrey_Scott_Postell_0002.jpg,False,1
1918,4,Jennifer_Capriati,Jennifer_Capriati/Jennifer_Capriati_0002.jpg,True,Jennifer_Capriati,Jennifer_Capriati/Jennifer_Capriati_0014.jpg,True,1
1919,4,Jennifer_Capriati,Jennifer_Capriati/Jennifer_Capriati_0007.jpg,True,Jennifer_Capriati,Jennifer_Capriati/Jennifer_Capriati_0032.jpg,True,1
1920,4,Jennifer_Capriati,Jennifer_Capriati/Jennifer_Capriati_0033.jpg,True,Jennifer_Capriati,Jennifer_Capriati/Jennifer_Capriati_0042.jpg,True,1
1921,4,Job_Cohen,Job_Cohen/Job_Cohen_0001.jpg,False,Job_Cohen,Job_Cohen/Job_Cohen_0002.jpg,False,1
1922,4,John_McCormack,John_McCormack/John_McCormack_0001.jpg,True,John_McCormack,John_McCormack/John_McCormack_0002.jpg,True,1
1923,4,John_Paul_II,John_Paul_II/John_Paul_II_0001.jpg,True,John_Paul_II,John_Paul_II/John_Paul_II_0004.jpg,True,1
1924,4,John_Paul_II,John_Paul_II/John_Paul_II_0002.jpg,True,John_Paul_II,John_Paul_II/John_Paul_II_0005.jpg,True,1
1925,4,John_Paul_II,John_Paul_II/John_Paul_II_0002.jpg,True,John_Paul_II,John_Paul_II/John_Paul_II_0008.jpg,True,1
1926,4,John_Paul_II,John_Paul_II/John_Paul_II_0004.jpg,True,John_Paul_II,John_Paul_II/John_Paul_II_0009.jpg,True,1
1927,4,John_Paul_II,John_Paul_II/John_Paul_II_0010.jpg,True,John_Paul_II,John_Paul_II/John_Paul_II_0011.jpg,True,1
1928,4,John_Ruiz,John_Ruiz/John_Ruiz_0001.jpg,False,John_Ruiz,John_Ruiz/John_Ruiz_0002.jpg,False,1
1929,4,John_Stallworth,John_Stallworth/John_Stallworth_0001.jpg,True,John_Stallworth,John_Stallworth/John_Stallworth_0002.jpg,True,1
1930,4,John_Stockton,John_Stockton/John_Stockton_0002.jpg,False,John_Stockton,John_Stockton/John_Stockton_0004.jpg,False,1
1931,4,John_Travolta,John_Travolta/John_Travolta_0002.jpg,True,John_Travolta,John_Travolta/John_Travolta_0006.jpg,True,1
1932,4,John_Travolta,John_Travolta/John_Travolta_0003.jpg,True,John_Travolta,John_Travolta/John_Travolta_0005.jpg,True,1
1933,4,John_Travolta,John_Travolta/John_Travolta_0005.jpg,True,John_Travolta,John_Travolta/John_Travolta_0007.jpg,True,1
1934,4,Jonathan_Mostow,Jonathan_Mostow/Jonathan_Mostow_0001.jpg,False,Jonathan_Mostow,Jonathan_Mostow/Jonathan_Mostow_0002.jpg,False,1
1935,4,Jorge_Arce,Jorge_Arce/Jorge_Arce_0001.jpg,False,Jorge_Arce,Jorge_Arce/Jorge_Arce_0002.jpg,False,1
1936,4,Joschka_Fischer,Joschka_Fischer/Joschka_Fischer_0001.jpg,True,Joschka_Fischer,Joschka_Fischer/Joschka_Fischer_0010.jpg,True,1
1937,4,Joschka_Fischer,Joschka_Fischer/Joschka_Fischer_0006.jpg,True,Joschka_Fischer,Joschka_Fischer/Joschka_Fischer_0011.jpg,True,1
1938,4,Joschka_Fischer,Joschka_Fischer/Joschka_Fischer_0007.jpg,True,Joschka_Fischer,Joschka_Fischer/Joschka_Fischer_0011.jpg,True,1
1939,4,Joschka_Fischer,Joschka_Fischer/Joschka_Fischer_0011.jpg,True,Joschka_Fischer,Joschka_Fischer/Joschka_Fischer_0017.jpg,True,1
1940,4,Joschka_Fischer,Joschka_Fischer/Joschka_Fischer_0015.jpg,True,Joschka_Fischer,Joschka_Fischer/Joschka_Fischer_0016.jpg,True,1
1941,4,Jose_Canseco,Jose_Canseco/Jose_Canseco_0001.jpg,False,Jose_Canseco,Jose_Canseco/Jose_Canseco_0003.jpg,False,1
1942,4,Juan_Manuel_Marquez,Juan_Manuel_Marquez/Juan_Manuel_Marquez_0001.jpg,False,Juan_Manuel_Marquez,Juan_Manuel_Marquez/Juan_Manuel_Marquez_0002.jpg,False,1
1943,4,Juan_Manuel_Marquez,Juan_Manuel_Marquez/Juan_Manuel_Marquez_0001.jpg,False,Juan_Manuel_Marquez,Juan_Manuel_Marquez/Juan_Manuel_Marquez_0003.jpg,False,1
1944,4,Juan_Manuel_Marquez,Juan_Manuel_Marquez/Juan_Manuel_Marquez_0002.jpg,False,Juan_Manuel_Marquez,Juan_Manuel_Marquez/Juan_Manuel_Marquez_0003.jpg,False,1
1945,4,Juan_Valencia_Osorio,Juan_Valencia_Osorio/Juan_Valencia_Osorio_0001.jpg,True,Juan_Valencia_Osorio,Juan_Valencia_Osorio/Juan_Valencia_Osorio_0002.jpg,True,1
1946,4,Julie_Gerberding,Julie_Gerberding/Julie_Gerberding_0009.jpg,False,Julie_Gerberding,Julie_Gerberding/Julie_Gerberding_0013.jpg,False,1
1947,4,Julie_Gerberding,Julie_Gerberding/Julie_Gerberding_0012.jpg,False,Julie_Gerberding,Julie_Gerberding/Julie_Gerberding_0015.jpg,False,1
1948,4,Kate_Hudson,Kate_Hudson/Kate_Hudson_0001.jpg,True,Kate_Hudson,Kate_Hudson/Kate_Hudson_0004.jpg,True,1
1949,4,Kate_Hudson,Kate_Hudson/Kate_Hudson_0001.jpg,True,Kate_Hudson,Kate_Hudson/Kate_Hudson_0008.jpg,True,1
1950,4,Kate_Hudson,Kate_Hudson/Kate_Hudson_0002.jpg,True,Kate_Hudson,Kate_Hudson/Kate_Hudson_0003.jpg,True,1
1951,4,Kate_Hudson,Kate_Hudson/Kate_Hudson_0004.jpg,True,Kate_Hudson,Kate_Hudson/Kate_Hudson_0009.jpg,True,1
1952,4,Kate_Hudson,Kate_Hudson/Kate_Hudson_0006.jpg,True,Kate_Hudson,Kate_Hudson/Kate_Hudson_0007.jpg,True,1
1953,4,Kemal_Dervis,Kemal_Dervis/Kemal_Dervis_0001.jpg,False,Kemal_Dervis,Kemal_Dervis/Kemal_Dervis_0003.jpg,False,1
1954,4,Kemal_Dervis,Kemal_Dervis/Kemal_Dervis_0002.jpg,False,Kemal_Dervis,Kemal_Dervis/Kemal_Dervis_0003.jpg,False,1
1955,4,Kenneth_Evans,Kenneth_Evans/Kenneth_Evans_0001.jpg,True,Kenneth_Evans,Kenneth_Evans/Kenneth_Evans_0002.jpg,True,1
1956,4,Kifah_Ajouri,Kifah_Ajouri/Kifah_Ajouri_0001.jpg,True,Kifah_Ajouri,Kifah_Ajouri/Kifah_Ajouri_0002.jpg,True,1
1957,4,Larry_Lucchino,Larry_Lucchino/Larry_Lucchino_0001.jpg,False,Larry_Lucchino,Larry_Lucchino/Larry_Lucchino_0002.jpg,False,1
1958,4,Latrell_Sprewell,Latrell_Sprewell/Latrell_Sprewell_0001.jpg,False,Latrell_Sprewell,Latrell_Sprewell/Latrell_Sprewell_0002.jpg,False,1
1959,4,Lech_Walesa,Lech_Walesa/Lech_Walesa_0001.jpg,False,Lech_Walesa,Lech_Walesa/Lech_Walesa_0002.jpg,False,1
1960,4,Lee_Tae-sik,Lee_Tae-sik/Lee_Tae-sik_0001.jpg,True,Lee_Tae-sik,Lee_Tae-sik/Lee_Tae-sik_0002.jpg,True,1
1961,4,Lisa_Marie_Presley,Lisa_Marie_Presley/Lisa_Marie_Presley_0001.jpg,True,Lisa_Marie_Presley,Lisa_Marie_Presley/Lisa_Marie_Presley_0003.jpg,True,1
1962,4,Liza_Minnelli,Liza_Minnelli/Liza_Minnelli_0002.jpg,True,Liza_Minnelli,Liza_Minnelli/Liza_Minnelli_0003.jpg,True,1
1963,4,Liza_Minnelli,Liza_Minnelli/Liza_Minnelli_0003.jpg,True,Liza_Minnelli,Liza_Minnelli/Liza_Minnelli_0004.jpg,True,1
1964,4,Liza_Minnelli,Liza_Minnelli/Liza_Minnelli_0003.jpg,True,Liza_Minnelli,Liza_Minnelli/Liza_Minnelli_0006.jpg,True,1
1965,4,Liza_Minnelli,Liza_Minnelli/Liza_Minnelli_0004.jpg,True,Liza_Minnelli,Liza_Minnelli/Liza_Minnelli_0005.jpg,True,1
1966,4,Liza_Minnelli,Liza_Minnelli/Liza_Minnelli_0005.jpg,True,Liza_Minnelli,Liza_Minnelli/Liza_Minnelli_0006.jpg,True,1
1967,4,Liza_Minnelli,Liza_Minnelli/Liza_Minnelli_0006.jpg,True,Liza_Minnelli,Liza_Minnelli/Liza_Minnelli_0007.jpg,True,1
1968,4,Madonna,Madonna/Madonna_0001.jpg,False,Madonna,Madonna/Madonna_0004.jpg,False,1
1969,4,Madonna,Madonna/Madonna_0002.jpg,False,Madonna,Madonna/Madonna_0003.jpg,False,1
1970,4,Madonna,Madonna/Madonna_0004.jpg,False,Madonna,Madonna/Madonna_0005.jpg,False,1
1971,4,Mariah_Carey,Mariah_Carey/Mariah_Carey_0003.jpg,False,Mariah_Carey,Mariah_Carey/Mariah_Carey_0006.jpg,False,1
1972,4,Mary_Tyler_Moore,Mary_Tyler_Moore/Mary_Tyler_Moore_0001.jpg,False,Mary_Tyler_Moore,Mary_Tyler_Moore/Mary_Tyler_Moore_0002.jpg,False,1
1973,4,Mathias_Reichhold,Mathias_Reichhold/Mathias_Reichhold_0001.jpg,True,Mathias_Reichhold,Mathias_Reichhold/Mathias_Reichhold_0002.jpg,True,1
1974,4,Matt_Damon,Matt_Damon/Matt_Damon_0001.jpg,True,Matt_Damon,Matt_Damon/Matt_Damon_0002.jpg,True,1
1975,4,Matt_Damon,Matt_Damon/Matt_Damon_0001.jpg,True,Matt_Damon,Matt_Damon/Matt_Damon_0003.jpg,True,1
1976,4,Matt_Damon,Matt_Damon/Matt_Damon_0002.jpg,True,Matt_Damon,Matt_Damon/Matt_Damon_0004.jpg,True,1
1977,4,Matt_Damon,Matt_Damon/Matt_Damon_0003.jpg,True,Matt_Damon,Matt_Damon/Matt_Damon_0004.jpg,True,1
1978,4,Maureen_Fanning,Maureen_Fanning/Maureen_Fanning_0001.jpg,False,Maureen_Fanning,Maureen_Fanning/Maureen_Fanning_0002.jpg,False,1
1979,4,Melanie_Griffith,Melanie_Griffith/Melanie_Griffith_0001.jpg,False,Melanie_Griffith,Melanie_Griffith/Melanie_Griffith_0002.jpg,False,1
1980,4,Melanie_Griffith,Melanie_Griffith/Melanie_Griffith_0001.jpg,False,Melanie_Griffith,Melanie_Griffith/Melanie_Griffith_0003.jpg,False,1
1981,4,Melanie_Griffith,Melanie_Griffith/Melanie_Griffith_0002.jpg,False,Melanie_Griffith,Melanie_Griffith/Melanie_Griffith_0003.jpg,False,1
1982,4,Michael_Ballack,Michael_Ballack/Michael_Ballack_0001.jpg,True,Michael_Ballack,Michael_Ballack/Michael_Ballack_0002.jpg,True,1
1983,4,Michael_Winterbottom,Michael_Winterbottom/Michael_Winterbottom_0001.jpg,False,Michael_Winterbottom,Michael_Winterbottom/Michael_Winterbottom_0003.jpg,False,1
1984,4,Michael_Winterbottom,Michael_Winterbottom/Michael_Winterbottom_0002.jpg,False,Michael_Winterbottom,Michael_Winterbottom/Michael_Winterbottom_0003.jpg,False,1
1985,4,Michelle_Collins,Michelle_Collins/Michelle_Collins_0001.jpg,False,Michelle_Collins,Michelle_Collins/Michelle_Collins_0002.jpg,False,1
1986,4,Milo_Maestrecampo,Milo_Maestrecampo/Milo_Maestrecampo_0001.jpg,False,Milo_Maestrecampo,Milo_Maestrecampo/Milo_Maestrecampo_0002.jpg,False,1
1987,4,Mohamed_Benaissa,Mohamed_Benaissa/Mohamed_Benaissa_0001.jpg,True,Mohamed_Benaissa,Mohamed_Benaissa/Mohamed_Benaissa_0002.jpg,True,1
1988,4,Mohamed_ElBaradei,Mohamed_ElBaradei/Mohamed_ElBaradei_0002.jpg,True,Mohamed_ElBaradei,Mohamed_ElBaradei/Mohamed_ElBaradei_0004.jpg,True,1
1989,4,Mohamed_ElBaradei,Mohamed_ElBaradei/Mohamed_ElBaradei_0003.jpg,True,Mohamed_ElBaradei,Mohamed_ElBaradei/Mohamed_ElBaradei_0008.jpg,True,1
1990,4,Morgan_Freeman,Morgan_Freeman/Morgan_Freeman_0001.jpg,True,Morgan_Freeman,Morgan_Freeman/Morgan_Freeman_0002.jpg,True,1
1991,4,Muhammad_Ali,Muhammad_Ali/Muhammad_Ali_0001.jpg,True,Muhammad_Ali,Muhammad_Ali/Muhammad_Ali_0003.jpg,True,1
1992,4,Muhammad_Ali,Muhammad_Ali/Muhammad_Ali_0001.jpg,True,Muhammad_Ali,Muhammad_Ali/Muhammad_Ali_0007.jpg,True,1
1993,4,Muhammad_Ali,Muhammad_Ali/Muhammad_Ali_0002.jpg,True,Muhammad_Ali,Muhammad_Ali/Muhammad_Ali_0005.jpg,True,1
1994,4,Muhammad_Ali,Muhammad_Ali/Muhammad_Ali_0006.jpg,True,Muhammad_Ali,Muhammad_Ali/Muhammad_Ali_0010.jpg,True,1
1995,4,Muhammad_Ali,Muhammad_Ali/Muhammad_Ali_0007.jpg,True,Muhammad_Ali,Muhammad_Ali/Muhammad_Ali_0009.jpg,True,1
1996,4,Mukesh_Ambani,Mukesh_Ambani/Mukesh_Ambani_0001.jpg,True,Mukesh_Ambani,Mukesh_Ambani/Mukesh_Ambani_0002.jpg,True,1
1997,4,Mukesh_Ambani,Mukesh_Ambani/Mukesh_Ambani_0001.jpg,True,Mukesh_Ambani,Mukesh_Ambani/Mukesh_Ambani_0003.jpg,True,1
1998,4,Paris_Hilton,Paris_Hilton/Paris_Hilton_0001.jpg,False,Paris_Hilton,Paris_Hilton/Paris_Hilton_0002.jpg,False,1
1999,4,Pat_Cox,Pat_Cox/Pat_Cox_0001.jpg,True,Pat_Cox,Pat_Cox/Pat_Cox_0002.jpg,True,1
2000,4,Paul_Burrell,Paul_Burrell/Paul_Burrell_0003.jpg,True,Paul_Burrell,Paul_Burrell/Paul_Burrell_0007.jpg,True,1
2001,4,Paul_Burrell,Paul_Burrell/Paul_Burrell_0005.jpg,True,Paul_Burrell,Paul_Burrell/Paul_Burrell_0011.jpg,True,1
2002,4,Paul_Burrell,Paul_Burrell/Paul_Burrell_0008.jpg,True,Paul_Burrell,Paul_Burrell/Paul_Burrell_0010.jpg,True,1
2003,4,Paul_Wolfowitz,Paul_Wolfowitz/Paul_Wolfowitz_0008.jpg,False,Paul_Wolfowitz,Paul_Wolfowitz/Paul_Wolfowitz_0010.jpg,False,1
2004,4,Paula_Radcliffe,Paula_Radcliffe/Paula_Radcliffe_0001.jpg,True,Paula_Radcliffe,Paula_Radcliffe/Paula_Radcliffe_0002.jpg,True,1
2005,4,Paula_Radcliffe,Paula_Radcliffe/Paula_Radcliffe_0001.jpg,True,Paula_Radcliffe,Paula_Radcliffe/Paula_Radcliffe_0003.jpg,True,1
2006,4,Paula_Radcliffe,Paula_Radcliffe/Paula_Radcliffe_0002.jpg,True,Paula_Radcliffe,Paula_Radcliffe/Paula_Radcliffe_0003.jpg,True,1
2007,4,Paula_Radcliffe,Paula_Radcliffe/Paula_Radcliffe_0002.jpg,True,Paula_Radcliffe,Paula_Radcliffe/Paula_Radcliffe_0004.jpg,True,1
2008,4,Paula_Radcliffe,Paula_Radcliffe/Paula_Radcliffe_0003.jpg,True,Paula_Radcliffe,Paula_Radcliffe/Paula_Radcliffe_0004.jpg,True,1
2009,4,Paula_Radcliffe,Paula_Radcliffe/Paula_Radcliffe_0003.jpg,True,Paula_Radcliffe,Paula_Radcliffe/Paula_Radcliffe_0005.jpg,True,1
2010,4,Paula_Radcliffe,Paula_Radcliffe/Paula_Radcliffe_0004.jpg,True,Paula_Radcliffe,Paula_Radcliffe/Paula_Radcliffe_0005.jpg,True,1
2011,4,Paulo_Cesar_Pinheiro,Paulo_Cesar_Pinheiro/Paulo_Cesar_Pinheiro_0001.jpg,True,Paulo_Cesar_Pinheiro,Paulo_Cesar_Pinheiro/Paulo_Cesar_Pinheiro_0002.jpg,True,1
2012,4,Pedro_Solbes,Pedro_Solbes/Pedro_Solbes_0001.jpg,False,Pedro_Solbes,Pedro_Solbes/Pedro_Solbes_0003.jpg,False,1
2013,4,Pedro_Solbes,Pedro_Solbes/Pedro_Solbes_0001.jpg,False,Pedro_Solbes,Pedro_Solbes/Pedro_Solbes_0004.jpg,False,1
2014,4,Pedro_Solbes,Pedro_Solbes/Pedro_Solbes_0002.jpg,False,Pedro_Solbes,Pedro_Solbes/Pedro_Solbes_0003.jpg,False,1
2015,4,Pedro_Solbes,Pedro_Solbes/Pedro_Solbes_0003.jpg,False,Pedro_Solbes,Pedro_Solbes/Pedro_Solbes_0004.jpg,False,1
2016,4,Pete_Carroll,Pete_Carroll/Pete_Carroll_0001.jpg,True,Pete_Carroll,Pete_Carroll/Pete_Carroll_0002.jpg,True,1
2017,4,Pete_Carroll,Pete_Carroll/Pete_Carroll_0001.jpg,True,Pete_Carroll,Pete_Carroll/Pete_Carroll_0003.jpg,True,1
2018,4,Pete_Carroll,Pete_Carroll/Pete_Carroll_0002.jpg,True,Pete_Carroll,Pete_Carroll/Pete_Carroll_0003.jpg,True,1
2019,4,Pete_Sampras,Pete_Sampras/Pete_Sampras_0002.jpg,True,Pete_Sampras,Pete_Sampras/Pete_Sampras_0012.jpg,True,1
2020,4,Pete_Sampras,Pete_Sampras/Pete_Sampras_0002.jpg,True,Pete_Sampras,Pete_Sampras/Pete_Sampras_0013.jpg,True,1
2021,4,Pete_Sampras,Pete_Sampras/Pete_Sampras_0003.jpg,True,Pete_Sampras,Pete_Sampras/Pete_Sampras_0015.jpg,True,1
2022,4,Pete_Sampras,Pete_Sampras/Pete_Sampras_0004.jpg,True,Pete_Sampras,Pete_Sampras/Pete_Sampras_0020.jpg,True,1
2023,4,Pete_Sampras,Pete_Sampras/Pete_Sampras_0006.jpg,True,Pete_Sampras,Pete_Sampras/Pete_Sampras_0007.jpg,True,1
2024,4,Pete_Sampras,Pete_Sampras/Pete_Sampras_0006.jpg,True,Pete_Sampras,Pete_Sampras/Pete_Sampras_0008.jpg,True,1
2025,4,Pete_Sampras,Pete_Sampras/Pete_Sampras_0010.jpg,True,Pete_Sampras,Pete_Sampras/Pete_Sampras_0013.jpg,True,1
2026,4,Pete_Sampras,Pete_Sampras/Pete_Sampras_0012.jpg,True,Pete_Sampras,Pete_Sampras/Pete_Sampras_0015.jpg,True,1
2027,4,Peter_Struck,Peter_Struck/Peter_Struck_0001.jpg,True,Peter_Struck,Peter_Struck/Peter_Struck_0005.jpg,True,1
2028,4,Peter_Struck,Peter_Struck/Peter_Struck_0002.jpg,True,Peter_Struck,Peter_Struck/Peter_Struck_0005.jpg,True,1
2029,4,Phil_Vassar,Phil_Vassar/Phil_Vassar_0001.jpg,True,Phil_Vassar,Phil_Vassar/Phil_Vassar_0002.jpg,True,1
2030,4,Pierre_Boulanger,Pierre_Boulanger/Pierre_Boulanger_0001.jpg,False,Pierre_Boulanger,Pierre_Boulanger/Pierre_Boulanger_0002.jpg,False,1
2031,4,Prince_Willem-Alexander,Prince_Willem-Alexander/Prince_Willem-Alexander_0001.jpg,True,Prince_Willem-Alexander,Prince_Willem-Alexander/Prince_Willem-Alexander_0002.jpg,True,1
2032,4,Prince_Willem-Alexander,Prince_Willem-Alexander/Prince_Willem-Alexander_0001.jpg,True,Prince_Willem-Alexander,Prince_Willem-Alexander/Prince_Willem-Alexander_0003.jpg,True,1
2033,4,Prince_Willem-Alexander,Prince_Willem-Alexander/Prince_Willem-Alexander_0002.jpg,True,Prince_Willem-Alexander,Prince_Willem-Alexander/Prince_Willem-Alexander_0003.jpg,True,1
2034,4,Queen_Elizabeth_II,Queen_Elizabeth_II/Queen_Elizabeth_II_0003.jpg,True,Queen_Elizabeth_II,Queen_Elizabeth_II/Queen_Elizabeth_II_0007.jpg,True,1
2035,4,Queen_Elizabeth_II,Queen_Elizabeth_II/Queen_Elizabeth_II_0009.jpg,True,Queen_Elizabeth_II,Queen_Elizabeth_II/Queen_Elizabeth_II_0012.jpg,True,1
2036,4,Queen_Elizabeth_II,Queen_Elizabeth_II/Queen_Elizabeth_II_0010.jpg,True,Queen_Elizabeth_II,Queen_Elizabeth_II/Queen_Elizabeth_II_0011.jpg,True,1
2037,4,Queen_Elizabeth_II,Queen_Elizabeth_II/Queen_Elizabeth_II_0010.jpg,True,Queen_Elizabeth_II,Queen_Elizabeth_II/Queen_Elizabeth_II_0012.jpg,True,1
2038,4,Ray_Nagin,Ray_Nagin/Ray_Nagin_0001.jpg,False,Ray_Nagin,Ray_Nagin/Ray_Nagin_0002.jpg,False,1
2039,4,Ricardo_Maduro,Ricardo_Maduro/Ricardo_Maduro_0001.jpg,True,Ricardo_Maduro,Ricardo_Maduro/Ricardo_Maduro_0002.jpg,True,1
2040,4,Richard_Branson,Richard_Branson/Richard_Branson_0001.jpg,True,Richard_Branson,Richard_Branson/Richard_Branson_0002.jpg,True,1
2041,4,Richard_Virenque,Richard_Virenque/Richard_Virenque_0001.jpg,True,Richard_Virenque,Richard_Virenque/Richard_Virenque_0004.jpg,True,1
2042,4,Richard_Virenque,Richard_Virenque/Richard_Virenque_0001.jpg,True,Richard_Virenque,Richard_Virenque/Richard_Virenque_0006.jpg,True,1
2043,4,Richard_Virenque,Richard_Virenque/Richard_Virenque_0001.jpg,True,Richard_Virenque,Richard_Virenque/Richard_Virenque_0007.jpg,True,1
2044,4,Richard_Virenque,Richard_Virenque/Richard_Virenque_0002.jpg,True,Richard_Virenque,Richard_Virenque/Richard_Virenque_0007.jpg,True,1
2045,4,Richard_Virenque,Richard_Virenque/Richard_Virenque_0002.jpg,True,Richard_Virenque,Richard_Virenque/Richard_Virenque_0008.jpg,True,1
2046,4,Rick_Carlisle,Rick_Carlisle/Rick_Carlisle_0002.jpg,False,Rick_Carlisle,Rick_Carlisle/Rick_Carlisle_0004.jpg,False,1
2047,4,Rick_Wagoner,Rick_Wagoner/Rick_Wagoner_0001.jpg,False,Rick_Wagoner,Rick_Wagoner/Rick_Wagoner_0002.jpg,False,1
2048,4,Robbie_Williams,Robbie_Williams/Robbie_Williams_0001.jpg,True,Robbie_Williams,Robbie_Williams/Robbie_Williams_0002.jpg,True,1
2049,4,Robbie_Williams,Robbie_Williams/Robbie_Williams_0001.jpg,True,Robbie_Williams,Robbie_Williams/Robbie_Williams_0003.jpg,True,1
2050,4,Roberto_Carlos,Roberto_Carlos/Roberto_Carlos_0002.jpg,False,Roberto_Carlos,Roberto_Carlos/Roberto_Carlos_0003.jpg,False,1
2051,4,Roberto_Carlos,Roberto_Carlos/Roberto_Carlos_0002.jpg,False,Roberto_Carlos,Roberto_Carlos/Roberto_Carlos_0004.jpg,False,1
2052,4,Roseanne_Barr,Roseanne_Barr/Roseanne_Barr_0001.jpg,True,Roseanne_Barr,Roseanne_Barr/Roseanne_Barr_0002.jpg,True,1
2053,4,Roseanne_Barr,Roseanne_Barr/Roseanne_Barr_0002.jpg,True,Roseanne_Barr,Roseanne_Barr/Roseanne_Barr_0003.jpg,True,1
2054,4,Ruben_Studdard,Ruben_Studdard/Ruben_Studdard_0001.jpg,False,Ruben_Studdard,Ruben_Studdard/Ruben_Studdard_0002.jpg,False,1
2055,4,Sammy_Sosa,Sammy_Sosa/Sammy_Sosa_0001.jpg,True,Sammy_Sosa,Sammy_Sosa/Sammy_Sosa_0002.jpg,True,1
2056,4,Sarah_Jessica_Parker,Sarah_Jessica_Parker/Sarah_Jessica_Parker_0001.jpg,True,Sarah_Jessica_Parker,Sarah_Jessica_Parker/Sarah_Jessica_Parker_0003.jpg,True,1
2057,4,Sarah_Jessica_Parker,Sarah_Jessica_Parker/Sarah_Jessica_Parker_0002.jpg,True,Sarah_Jessica_Parker,Sarah_Jessica_Parker/Sarah_Jessica_Parker_0004.jpg,True,1
2058,4,Sarah_Jessica_Parker,Sarah_Jessica_Parker/Sarah_Jessica_Parker_0003.jpg,True,Sarah_Jessica_Parker,Sarah_Jessica_Parker/Sarah_Jessica_Parker_0004.jpg,True,1
2059,4,Sharon_Davis,Sharon_Davis/Sharon_Davis_0001.jpg,False,Sharon_Davis,Sharon_Davis/Sharon_Davis_0002.jpg,False,1
2060,4,Shaul_Mofaz,Shaul_Mofaz/Shaul_Mofaz_0001.jpg,False,Shaul_Mofaz,Shaul_Mofaz/Shaul_Mofaz_0002.jpg,False,1
2061,4,Shaul_Mofaz,Shaul_Mofaz/Shaul_Mofaz_0002.jpg,False,Shaul_Mofaz,Shaul_Mofaz/Shaul_Mofaz_0003.jpg,False,1
2062,4,Stan_Heath,Stan_Heath/Stan_Heath_0001.jpg,False,Stan_Heath,Stan_Heath/Stan_Heath_0002.jpg,False,1
2063,4,Svetlana_Koroleva,Svetlana_Koroleva/Svetlana_Koroleva_0001.jpg,True,Svetlana_Koroleva,Svetlana_Koroleva/Svetlana_Koroleva_0002.jpg,True,1
2064,4,Terrell_Suggs,Terrell_Suggs/Terrell_Suggs_0001.jpg,False,Terrell_Suggs,Terrell_Suggs/Terrell_Suggs_0002.jpg,False,1
2065,4,Tim_Henman,Tim_Henman/Tim_Henman_0002.jpg,True,Tim_Henman,Tim_Henman/Tim_Henman_0012.jpg,True,1
2066,4,Tim_Henman,Tim_Henman/Tim_Henman_0008.jpg,True,Tim_Henman,Tim_Henman/Tim_Henman_0019.jpg,True,1
2067,4,Tom_Daschle,Tom_Daschle/Tom_Daschle_0007.jpg,True,Tom_Daschle,Tom_Daschle/Tom_Daschle_0008.jpg,True,1
2068,4,Tom_Daschle,Tom_Daschle/Tom_Daschle_0015.jpg,True,Tom_Daschle,Tom_Daschle/Tom_Daschle_0021.jpg,True,1
2069,4,Tom_Daschle,Tom_Daschle/Tom_Daschle_0015.jpg,True,Tom_Daschle,Tom_Daschle/Tom_Daschle_0022.jpg,True,1
2070,4,Tony_Curtis,Tony_Curtis/Tony_Curtis_0001.jpg,True,Tony_Curtis,Tony_Curtis/Tony_Curtis_0002.jpg,True,1
2071,4,Valentino_Rossi,Valentino_Rossi/Valentino_Rossi_0001.jpg,True,Valentino_Rossi,Valentino_Rossi/Valentino_Rossi_0002.jpg,True,1
2072,4,Valentino_Rossi,Valentino_Rossi/Valentino_Rossi_0002.jpg,True,Valentino_Rossi,Valentino_Rossi/Valentino_Rossi_0004.jpg,True,1
2073,4,Valentino_Rossi,Valentino_Rossi/Valentino_Rossi_0003.jpg,True,Valentino_Rossi,Valentino_Rossi/Valentino_Rossi_0006.jpg,True,1
2074,4,Valentino_Rossi,Valentino_Rossi/Valentino_Rossi_0004.jpg,True,Valentino_Rossi,Valentino_Rossi/Valentino_Rossi_0005.jpg,True,1
2075,4,Valentino_Rossi,Valentino_Rossi/Valentino_Rossi_0005.jpg,True,Valentino_Rossi,Valentino_Rossi/Valentino_Rossi_0006.jpg,True,1
2076,4,Vanessa_Redgrave,Vanessa_Redgrave/Vanessa_Redgrave_0001.jpg,True,Vanessa_Redgrave,Vanessa_Redgrave/Vanessa_Redgrave_0003.jpg,True,1
2077,4,Vanessa_Redgrave,Vanessa_Redgrave/Vanessa_Redgrave_0001.jpg,True,Vanessa_Redgrave,Vanessa_Redgrave/Vanessa_Redgrave_0004.jpg,True,1
2078,4,Vanessa_Redgrave,Vanessa_Redgrave/Vanessa_Redgrave_0002.jpg,True,Vanessa_Redgrave,Vanessa_Redgrave/Vanessa_Redgrave_0005.jpg,True,1
2079,4,Vanessa_Redgrave,Vanessa_Redgrave/Vanessa_Redgrave_0003.jpg,True,Vanessa_Redgrave,Vanessa_Redgrave/Vanessa_Redgrave_0004.jpg,True,1
2080,4,Victoria_Clarke,Victoria_Clarke/Victoria_Clarke_0001.jpg,True,Victoria_Clarke,Victoria_Clarke/Victoria_Clarke_0005.jpg,True,1
2081,4,Vladimiro_Montesinos,Vladimiro_Montesinos/Vladimiro_Montesinos_0001.jpg,False,Vladimiro_Montesinos,Vladimiro_Montesinos/Vladimiro_Montesinos_0002.jpg,False,1
2082,4,Vladimiro_Montesinos,Vladimiro_Montesinos/Vladimiro_Montesinos_0001.jpg,False,Vladimiro_Montesinos,Vladimiro_Montesinos/Vladimiro_Montesinos_0003.jpg,False,1
2083,4,Vladimiro_Montesinos,Vladimiro_Montesinos/Vladimiro_Montesinos_0002.jpg,False,Vladimiro_Montesinos,Vladimiro_Montesinos/Vladimiro_Montesinos_0003.jpg,False,1
2084,4,Wayne_Ferreira,Wayne_Ferreira/Wayne_Ferreira_0001.jpg,False,Wayne_Ferreira,Wayne_Ferreira/Wayne_Ferreira_0002.jpg,False,1
2085,4,Wayne_Ferreira,Wayne_Ferreira/Wayne_Ferreira_0001.jpg,False,Wayne_Ferreira,Wayne_Ferreira/Wayne_Ferreira_0003.jpg,False,1
2086,4,Wayne_Ferreira,Wayne_Ferreira/Wayne_Ferreira_0001.jpg,False,Wayne_Ferreira,Wayne_Ferreira/Wayne_Ferreira_0005.jpg,False,1
2087,4,Wayne_Ferreira,Wayne_Ferreira/Wayne_Ferreira_0002.jpg,False,Wayne_Ferreira,Wayne_Ferreira/Wayne_Ferreira_0005.jpg,False,1
2088,4,Wayne_Ferreira,Wayne_Ferreira/Wayne_Ferreira_0003.jpg,False,Wayne_Ferreira,Wayne_Ferreira/Wayne_Ferreira_0004.jpg,False,1
2089,4,Will_Smith,Will_Smith/Will_Smith_0001.jpg,True,Will_Smith,Will_Smith/Will_Smith_0002.jpg,True,1
2090,4,Yasser_Arafat,Yasser_Arafat/Yasser_Arafat_0001.jpg,True,Yasser_Arafat,Yasser_Arafat/Yasser_Arafat_0006.jpg,True,1
2091,4,Yasser_Arafat,Yasser_Arafat/Yasser_Arafat_0001.jpg,True,Yasser_Arafat,Yasser_Arafat/Yasser_Arafat_0008.jpg,True,1
2092,4,Yasser_Arafat,Yasser_Arafat/Yasser_Arafat_0002.jpg,True,Yasser_Arafat,Yasser_Arafat/Yasser_Arafat_0003.jpg,True,1
2093,4,Yasser_Arafat,Yasser_Arafat/Yasser_Arafat_0002.jpg,True,Yasser_Arafat,Yasser_Arafat/Yasser_Arafat_0005.jpg,True,1
2094,4,Yasser_Arafat,Yasser_Arafat/Yasser_Arafat_0003.jpg,True,Yasser_Arafat,Yasser_Arafat/Yasser_Arafat_0004.jpg,True,1
2095,4,Yasser_Arafat,Yasser_Arafat/Yasser_Arafat_0003.jpg,True,Yasser_Arafat,Yasser_Arafat/Yasser_Arafat_0008.jpg,True,1
2096,4,Yasser_Arafat,Yasser_Arafat/Yasser_Arafat_0004.jpg,True,Yasser_Arafat,Yasser_Arafat/Yasser_Arafat_0005.jpg,True,1
2097,4,Yasser_Arafat,Yasser_Arafat/Yasser_Arafat_0005.jpg,True,Yasser_Arafat,Yasser_Arafat/Yasser_Arafat_0008.jpg,True,1
2098,4,Yuri_Fedotov,Yuri_Fedotov/Yuri_Fedotov_0001.jpg,False,Yuri_Fedotov,Yuri_Fedotov/Yuri_Fedotov_0002.jpg,False,1
2099,4,Zoran_Djindjic,Zoran_Djindjic/Zoran_Djindjic_0001.jpg,False,Zoran_Djindjic,Zoran_Djindjic/Zoran_Djindjic_0003.jpg,False,1
2100,4,Zoran_Djindjic,Zoran_Djindjic/Zoran_Djindjic_0001.jpg,False,Zoran_Djindjic,Zoran_Djindjic/Zoran_Djindjic_0004.jpg,False,1
2101,4,Aaron_Patterson,Aaron_Patterson/Aaron_Patterson_0001.jpg,True,Frank_Bell,Frank_Bell/Frank_Bell_0001.jpg,True,0
2102,4,Abdoulaye_Wade,Abdoulaye_Wade/Abdoulaye_Wade_0004.jpg,True,Bruce_Weber,Bruce_Weber/Bruce_Weber_0002.jpg,True,0
2103,4,Abner_Martinez,Abner_Martinez/Abner_Martinez_0001.jpg,False,Carlos_Alberto,Carlos_Alberto/Carlos_Alberto_0001.jpg,False,0
2104,4,Adam_Sandler,Adam_Sandler/Adam_Sandler_0002.jpg,True,Matthew_Ouimet,Matthew_Ouimet/Matthew_Ouimet_0001.jpg,False,0
2105,4,Adam_Sandler,Adam_Sandler/Adam_Sandler_0003.jpg,True,Saeed_Anwar,Saeed_Anwar/Saeed_Anwar_0001.jpg,False,0
2106,4,Adolfo_Aguilar_Zinser,Adolfo_Aguilar_Zinser/Adolfo_Aguilar_Zinser_0003.jpg,False,Jaime_Pressly,Jaime_Pressly/Jaime_Pressly_0001.jpg,False,0
2107,4,Agnelo_Queiroz,Agnelo_Queiroz/Agnelo_Queiroz_0001.jpg,False,Aung_San_Suu_Kyi,Aung_San_Suu_Kyi/Aung_San_Suu_Kyi_0002.jpg,False,0
2108,4,Agnelo_Queiroz,Agnelo_Queiroz/Agnelo_Queiroz_0001.jpg,False,Dave_Barr,Dave_Barr/Dave_Barr_0001.jpg,False,0
2109,4,Aicha_El_Ouafi,Aicha_El_Ouafi/Aicha_El_Ouafi_0003.jpg,True,Michael_Lechner,Michael_Lechner/Michael_Lechner_0001.jpg,False,0
2110,4,Akbar_Hashemi_Rafsanjani,Akbar_Hashemi_Rafsanjani/Akbar_Hashemi_Rafsanjani_0001.jpg,True,Larry_Harris,Larry_Harris/Larry_Harris_0001.jpg,False,0
2111,4,Al_Pacino,Al_Pacino/Al_Pacino_0002.jpg,False,Charles_Cope,Charles_Cope/Charles_Cope_0001.jpg,False,0
2112,4,Alex_Barros,Alex_Barros/Alex_Barros_0001.jpg,True,Brandon_Jones,Brandon_Jones/Brandon_Jones_0001.jpg,False,0
2113,4,Alex_Barros,Alex_Barros/Alex_Barros_0002.jpg,True,Will_Smith,Will_Smith/Will_Smith_0002.jpg,True,0
2114,4,Alex_Ferguson,Alex_Ferguson/Alex_Ferguson_0001.jpg,False,Rainer_Gut,Rainer_Gut/Rainer_Gut_0001.jpg,False,0
2115,4,Alex_Wallau,Alex_Wallau/Alex_Wallau_0001.jpg,False,Shireen_Amir_Begum,Shireen_Amir_Begum/Shireen_Amir_Begum_0001.jpg,False,0
2116,4,Alexandra_Jackson,Alexandra_Jackson/Alexandra_Jackson_0001.jpg,False,Larry_Harris,Larry_Harris/Larry_Harris_0001.jpg,False,0
2117,4,Alfonso_Portillo,Alfonso_Portillo/Alfonso_Portillo_0001.jpg,False,Benito_Santiago,Benito_Santiago/Benito_Santiago_0001.jpg,True,0
2118,4,Alfonso_Portillo,Alfonso_Portillo/Alfonso_Portillo_0001.jpg,False,Faye_Alibocus,Faye_Alibocus/Faye_Alibocus_0001.jpg,False,0
2119,4,Alfonso_Portillo,Alfonso_Portillo/Alfonso_Portillo_0001.jpg,False,Fidel_Castro,Fidel_Castro/Fidel_Castro_0017.jpg,True,0
2120,4,Ali_Abdullah_Saleh,Ali_Abdullah_Saleh/Ali_Abdullah_Saleh_0001.jpg,False,Khalid_Qazi,Khalid_Qazi/Khalid_Qazi_0001.jpg,True,0
2121,4,Allan_Houston,Allan_Houston/Allan_Houston_0001.jpg,False,Andy_Garcia,Andy_Garcia/Andy_Garcia_0001.jpg,False,0
2122,4,Allan_Houston,Allan_Houston/Allan_Houston_0001.jpg,False,Heidi_Klum,Heidi_Klum/Heidi_Klum_0001.jpg,True,0
2123,4,Allan_Houston,Allan_Houston/Allan_Houston_0001.jpg,False,Thomas_Mesereau_Jr,Thomas_Mesereau_Jr/Thomas_Mesereau_Jr_0001.jpg,False,0
2124,4,Ally_Sheedy,Ally_Sheedy/Ally_Sheedy_0001.jpg,False,Hugh_Carey,Hugh_Carey/Hugh_Carey_0001.jpg,False,0
2125,4,Ally_Sheedy,Ally_Sheedy/Ally_Sheedy_0001.jpg,False,Myung_Yang,Myung_Yang/Myung_Yang_0001.jpg,True,0
2126,4,Amanda_Marsh,Amanda_Marsh/Amanda_Marsh_0001.jpg,False,Tony_Curtis,Tony_Curtis/Tony_Curtis_0002.jpg,True,0
2127,4,Anastasia_Myskina,Anastasia_Myskina/Anastasia_Myskina_0001.jpg,False,Raul_Gonzalez,Raul_Gonzalez/Raul_Gonzalez_0001.jpg,False,0
2128,4,Anastasia_Myskina,Anastasia_Myskina/Anastasia_Myskina_0003.jpg,False,Len_Jenoff,Len_Jenoff/Len_Jenoff_0002.jpg,False,0
2129,4,Andrzej_Tyszkiewicz,Andrzej_Tyszkiewicz/Andrzej_Tyszkiewicz_0001.jpg,False,Wes_Craven,Wes_Craven/Wes_Craven_0001.jpg,False,0
2130,4,Andy_Griggs,Andy_Griggs/Andy_Griggs_0001.jpg,True,Lech_Walesa,Lech_Walesa/Lech_Walesa_0002.jpg,False,0
2131,4,Andy_Rooney,Andy_Rooney/Andy_Rooney_0001.jpg,False,Jessica_Simpson,Jessica_Simpson/Jessica_Simpson_0001.jpg,False,0
2132,4,Anna_Nicole_Smith,Anna_Nicole_Smith/Anna_Nicole_Smith_0002.jpg,True,Marcus_Garrettson,Marcus_Garrettson/Marcus_Garrettson_0001.jpg,False,0
2133,4,Antonio_Palocci,Antonio_Palocci/Antonio_Palocci_0003.jpg,False,Liza_Minnelli,Liza_Minnelli/Liza_Minnelli_0001.jpg,True,0
2134,4,Antonio_Palocci,Antonio_Palocci/Antonio_Palocci_0005.jpg,False,JC_Chasez,JC_Chasez/JC_Chasez_0001.jpg,False,0
2135,4,Antonio_Palocci,Antonio_Palocci/Antonio_Palocci_0005.jpg,False,Jose_Woldenberg,Jose_Woldenberg/Jose_Woldenberg_0001.jpg,False,0
2136,4,Antonio_Palocci,Antonio_Palocci/Antonio_Palocci_0006.jpg,False,John_Geoghan,John_Geoghan/John_Geoghan_0001.jpg,True,0
2137,4,Antonio_Palocci,Antonio_Palocci/Antonio_Palocci_0008.jpg,False,Hans_Corell,Hans_Corell/Hans_Corell_0001.jpg,False,0
2138,4,Arif_Mardin,Arif_Mardin/Arif_Mardin_0001.jpg,False,Eduardo_Fischer,Eduardo_Fischer/Eduardo_Fischer_0001.jpg,False,0
2139,4,Arnaud_Lagardere,Arnaud_Lagardere/Arnaud_Lagardere_0001.jpg,False,Melanie_Griffith,Melanie_Griffith/Melanie_Griffith_0003.jpg,False,0
2140,4,Ashton_Kutcher,Ashton_Kutcher/Ashton_Kutcher_0002.jpg,True,Daniel_Barenboim,Daniel_Barenboim/Daniel_Barenboim_0001.jpg,False,0
2141,4,Asif_Hanif,Asif_Hanif/Asif_Hanif_0001.jpg,False,Robbie_Williams,Robbie_Williams/Robbie_Williams_0001.jpg,True,0
2142,4,Asmaa_Assad,Asmaa_Assad/Asmaa_Assad_0001.jpg,False,Barry_Hinson,Barry_Hinson/Barry_Hinson_0001.jpg,False,0
2143,4,Aung_San_Suu_Kyi,Aung_San_Suu_Kyi/Aung_San_Suu_Kyi_0001.jpg,False,Charla_Moye,Charla_Moye/Charla_Moye_0001.jpg,True,0
2144,4,Azmi_Bishara,Azmi_Bishara/Azmi_Bishara_0001.jpg,False,Sammy_Sosa,Sammy_Sosa/Sammy_Sosa_0002.jpg,True,0
2145,4,Barry_Hinson,Barry_Hinson/Barry_Hinson_0001.jpg,False,Nino_DAngelo,Nino_DAngelo/Nino_DAngelo_0001.jpg,False,0
2146,4,Barry_Zito,Barry_Zito/Barry_Zito_0002.jpg,False,Chris_Gratton,Chris_Gratton/Chris_Gratton_0001.jpg,True,0
2147,4,Bill_Graham,Bill_Graham/Bill_Graham_0008.jpg,False,Michelle_Hofland,Michelle_Hofland/Michelle_Hofland_0001.jpg,False,0
2148,4,Bill_Graham,Bill_Graham/Bill_Graham_0009.jpg,False,Jacqueline_Marris,Jacqueline_Marris/Jacqueline_Marris_0001.jpg,False,0
2149,4,Bill_Readdy,Bill_Readdy/Bill_Readdy_0001.jpg,False,Brendan_Gaughan,Brendan_Gaughan/Brendan_Gaughan_0001.jpg,False,0
2150,4,Bill_Readdy,Bill_Readdy/Bill_Readdy_0001.jpg,False,Jaymon_Crabb,Jaymon_Crabb/Jaymon_Crabb_0001.jpg,False,0
2151,4,Bill_Readdy,Bill_Readdy/Bill_Readdy_0001.jpg,False,Yasser_Arafat,Yasser_Arafat/Yasser_Arafat_0003.jpg,True,0
2152,4,Billy_Rork,Billy_Rork/Billy_Rork_0001.jpg,False,Eva_Mendes,Eva_Mendes/Eva_Mendes_0001.jpg,False,0
2153,4,Billy_Rork,Billy_Rork/Billy_Rork_0001.jpg,False,German_Khan,German_Khan/German_Khan_0001.jpg,False,0
2154,4,Billy_Rork,Billy_Rork/Billy_Rork_0001.jpg,False,Peter_Struck,Peter_Struck/Peter_Struck_0002.jpg,True,0
2155,4,Bison_Dele,Bison_Dele/Bison_Dele_0001.jpg,True,Brian_McIntyre,Brian_McIntyre/Brian_McIntyre_0001.jpg,False,0
2156,4,Bob_Dole,Bob_Dole/Bob_Dole_0002.jpg,False,Dai_Chul_Chyung,Dai_Chul_Chyung/Dai_Chul_Chyung_0001.jpg,False,0
2157,4,Bob_Dole,Bob_Dole/Bob_Dole_0002.jpg,False,John_Henry,John_Henry/John_Henry_0001.jpg,False,0
2158,4,Bob_Dole,Bob_Dole/Bob_Dole_0003.jpg,False,Chris_Gratton,Chris_Gratton/Chris_Gratton_0001.jpg,True,0
2159,4,Bob_Dole,Bob_Dole/Bob_Dole_0003.jpg,False,Hugh_Carey,Hugh_Carey/Hugh_Carey_0001.jpg,False,0
2160,4,Bob_Geldof,Bob_Geldof/Bob_Geldof_0001.jpg,True,Zoran_Djindjic,Zoran_Djindjic/Zoran_Djindjic_0002.jpg,False,0
2161,4,Bob_Geldof,Bob_Geldof/Bob_Geldof_0002.jpg,True,Ed_Wade,Ed_Wade/Ed_Wade_0001.jpg,False,0
2162,4,Bob_Holden,Bob_Holden/Bob_Holden_0001.jpg,False,Fernando_Leon_de_Aranoa,Fernando_Leon_de_Aranoa/Fernando_Leon_de_Aranoa_0001.jpg,True,0
2163,4,Bob_Iger,Bob_Iger/Bob_Iger_0001.jpg,False,Edie_Falco,Edie_Falco/Edie_Falco_0001.jpg,False,0
2164,4,Bob_Iger,Bob_Iger/Bob_Iger_0001.jpg,False,Jean-Claude_Van_Damme,Jean-Claude_Van_Damme/Jean-Claude_Van_Damme_0001.jpg,False,0
2165,4,Brian_Clemens,Brian_Clemens/Brian_Clemens_0001.jpg,False,Brian_Meadors,Brian_Meadors/Brian_Meadors_0001.jpg,False,0
2166,4,Brian_Clemens,Brian_Clemens/Brian_Clemens_0001.jpg,False,Melanie_Griffith,Melanie_Griffith/Melanie_Griffith_0002.jpg,False,0
2167,4,Brian_Heidik,Brian_Heidik/Brian_Heidik_0002.jpg,False,Djabir_Said-Guerni,Djabir_Said-Guerni/Djabir_Said-Guerni_0001.jpg,False,0
2168,4,Brian_McIntyre,Brian_McIntyre/Brian_McIntyre_0001.jpg,False,Hans_Corell,Hans_Corell/Hans_Corell_0001.jpg,False,0
2169,4,Brian_McIntyre,Brian_McIntyre/Brian_McIntyre_0001.jpg,False,Mohammed_Abulhasan,Mohammed_Abulhasan/Mohammed_Abulhasan_0001.jpg,False,0
2170,4,Brian_Pavlich,Brian_Pavlich/Brian_Pavlich_0001.jpg,False,Ruben_Wolkowyski,Ruben_Wolkowyski/Ruben_Wolkowyski_0001.jpg,True,0
2171,4,Brook_Robinson,Brook_Robinson/Brook_Robinson_0001.jpg,False,Tom_McClintock,Tom_McClintock/Tom_McClintock_0001.jpg,False,0
2172,4,Brooke_Adams,Brooke_Adams/Brooke_Adams_0001.jpg,True,Paula_Prentiss,Paula_Prentiss/Paula_Prentiss_0001.jpg,False,0
2173,4,Brooke_Gordon,Brooke_Gordon/Brooke_Gordon_0001.jpg,False,Joschka_Fischer,Joschka_Fischer/Joschka_Fischer_0012.jpg,True,0
2174,4,Bruce_Weber,Bruce_Weber/Bruce_Weber_0001.jpg,True,Hal_Sellers,Hal_Sellers/Hal_Sellers_0001.jpg,False,0
2175,4,Bryan_Thomas,Bryan_Thomas/Bryan_Thomas_0001.jpg,True,Joey_Mantia,Joey_Mantia/Joey_Mantia_0001.jpg,False,0
2176,4,Bustam_A_Zedan_Aljanabi,Bustam_A_Zedan_Aljanabi/Bustam_A_Zedan_Aljanabi_0001.jpg,True,Kajsa_Bergqvist,Kajsa_Bergqvist/Kajsa_Bergqvist_0001.jpg,False,0
2177,4,Calvin_Joseph_Coleman,Calvin_Joseph_Coleman/Calvin_Joseph_Coleman_0001.jpg,False,Hassan_Nasrallah,Hassan_Nasrallah/Hassan_Nasrallah_0001.jpg,True,0
2178,4,Carla_Sullivan,Carla_Sullivan/Carla_Sullivan_0001.jpg,True,Edie_Falco,Edie_Falco/Edie_Falco_0001.jpg,False,0
2179,4,Carlos_Barragan,Carlos_Barragan/Carlos_Barragan_0001.jpg,False,Chen_Shui-bian,Chen_Shui-bian/Chen_Shui-bian_0003.jpg,True,0
2180,4,Carlos_Salinas,Carlos_Salinas/Carlos_Salinas_0001.jpg,False,Norman_Mailer,Norman_Mailer/Norman_Mailer_0001.jpg,True,0
2181,4,Carlos_Salinas,Carlos_Salinas/Carlos_Salinas_0001.jpg,False,Sonya_Walger,Sonya_Walger/Sonya_Walger_0001.jpg,False,0
2182,4,Carolyn_Dawn_Johnson,Carolyn_Dawn_Johnson/Carolyn_Dawn_Johnson_0003.jpg,False,Lydia_Shum,Lydia_Shum/Lydia_Shum_0001.jpg,True,0
2183,4,Carolyn_Kuhl,Carolyn_Kuhl/Carolyn_Kuhl_0001.jpg,False,Pierre_Boulanger,Pierre_Boulanger/Pierre_Boulanger_0001.jpg,False,0
2184,4,Celine_Dion,Celine_Dion/Celine_Dion_0002.jpg,True,John_Stallworth,John_Stallworth/John_Stallworth_0002.jpg,True,0
2185,4,Celine_Dion,Celine_Dion/Celine_Dion_0005.jpg,True,Linda_Baboolal,Linda_Baboolal/Linda_Baboolal_0001.jpg,True,0
2186,4,Celine_Dion,Celine_Dion/Celine_Dion_0005.jpg,True,Tom_Poston,Tom_Poston/Tom_Poston_0001.jpg,True,0
2187,4,Chakib_Khelil,Chakib_Khelil/Chakib_Khelil_0002.jpg,True,Chuck_Woolery,Chuck_Woolery/Chuck_Woolery_0001.jpg,False,0
2188,4,Charla_Moye,Charla_Moye/Charla_Moye_0001.jpg,True,Patti_Balgojevich,Patti_Balgojevich/Patti_Balgojevich_0001.jpg,True,0
2189,4,Charles_Cope,Charles_Cope/Charles_Cope_0001.jpg,False,Garry_Alejano,Garry_Alejano/Garry_Alejano_0001.jpg,False,0
2190,4,Charles_Holzner,Charles_Holzner/Charles_Holzner_0001.jpg,True,Eurico_Guterres,Eurico_Guterres/Eurico_Guterres_0001.jpg,False,0
2191,4,Charles_Holzner,Charles_Holzner/Charles_Holzner_0001.jpg,True,Greg_Kinnear,Greg_Kinnear/Greg_Kinnear_0001.jpg,False,0
2192,4,Chen_Shui-bian,Chen_Shui-bian/Chen_Shui-bian_0003.jpg,True,Gaston_Gaudio,Gaston_Gaudio/Gaston_Gaudio_0001.jpg,False,0
2193,4,Chris_Gratton,Chris_Gratton/Chris_Gratton_0001.jpg,True,Mario_Vasquez_Rana,Mario_Vasquez_Rana/Mario_Vasquez_Rana_0001.jpg,False,0
2194,4,Chris_Kolanas,Chris_Kolanas/Chris_Kolanas_0001.jpg,False,Joshua_Gracin,Joshua_Gracin/Joshua_Gracin_0001.jpg,False,0
2195,4,Claudia_Pechstein,Claudia_Pechstein/Claudia_Pechstein_0002.jpg,False,Mireille_Jospin-Dandieu,Mireille_Jospin-Dandieu/Mireille_Jospin-Dandieu_0001.jpg,True,0
2196,4,Clay_Aiken,Clay_Aiken/Clay_Aiken_0001.jpg,False,Svetlana_Koroleva,Svetlana_Koroleva/Svetlana_Koroleva_0001.jpg,True,0
2197,4,Colin_Powell,Colin_Powell/Colin_Powell_0095.jpg,True,Frank_Hsieh,Frank_Hsieh/Frank_Hsieh_0001.jpg,True,0
2198,4,Craig_David,Craig_David/Craig_David_0001.jpg,False,Tom_McClintock,Tom_McClintock/Tom_McClintock_0001.jpg,False,0
2199,4,Craig_Wilson,Craig_Wilson/Craig_Wilson_0001.jpg,False,Kajsa_Bergqvist,Kajsa_Bergqvist/Kajsa_Bergqvist_0001.jpg,False,0
2200,4,Cristina_Fernandez,Cristina_Fernandez/Cristina_Fernandez_0002.jpg,False,Stephen_Cooper,Stephen_Cooper/Stephen_Cooper_0001.jpg,False,0
2201,4,Curtis_Joseph,Curtis_Joseph/Curtis_Joseph_0001.jpg,False,Terrell_Suggs,Terrell_Suggs/Terrell_Suggs_0002.jpg,False,0
2202,4,Cynthia_Rowley,Cynthia_Rowley/Cynthia_Rowley_0001.jpg,False,Michael_Friedman,Michael_Friedman/Michael_Friedman_0001.jpg,False,0
2203,4,Damon_van_Dam,Damon_van_Dam/Damon_van_Dam_0002.jpg,True,Jason_Sorens,Jason_Sorens/Jason_Sorens_0001.jpg,False,0
2204,4,Daniel_Barenboim,Daniel_Barenboim/Daniel_Barenboim_0001.jpg,False,Tyler_Grillo,Tyler_Grillo/Tyler_Grillo_0001.jpg,False,0
2205,4,Daniel_Bruehl,Daniel_Bruehl/Daniel_Bruehl_0001.jpg,False,Gus_Frerotte,Gus_Frerotte/Gus_Frerotte_0001.jpg,False,0
2206,4,Daniel_Bruehl,Daniel_Bruehl/Daniel_Bruehl_0001.jpg,False,Max_Mosley,Max_Mosley/Max_Mosley_0001.jpg,False,0
2207,4,Daniel_Bruehl,Daniel_Bruehl/Daniel_Bruehl_0001.jpg,False,Ramon_Cardenas,Ramon_Cardenas/Ramon_Cardenas_0001.jpg,False,0
2208,4,Daniele_Bergamin,Daniele_Bergamin/Daniele_Bergamin_0001.jpg,True,Kenneth_Evans,Kenneth_Evans/Kenneth_Evans_0001.jpg,True,0
2209,4,Danielle_Spencer,Danielle_Spencer/Danielle_Spencer_0001.jpg,True,Rachel_Wheatley,Rachel_Wheatley/Rachel_Wheatley_0001.jpg,False,0
2210,4,Darcy_Regier,Darcy_Regier/Darcy_Regier_0001.jpg,True,William_Hurt,William_Hurt/William_Hurt_0001.jpg,False,0
2211,4,Dave_Matthews,Dave_Matthews/Dave_Matthews_0001.jpg,True,Linda_Dano,Linda_Dano/Linda_Dano_0001.jpg,False,0
2212,4,Dave_Matthews,Dave_Matthews/Dave_Matthews_0001.jpg,True,Paul_Burrell,Paul_Burrell/Paul_Burrell_0007.jpg,True,0
2213,4,Dave_McNealey,Dave_McNealey/Dave_McNealey_0001.jpg,True,Gerald_Riley,Gerald_Riley/Gerald_Riley_0001.jpg,False,0
2214,4,David_Bisbal,David_Bisbal/David_Bisbal_0001.jpg,False,Terri_Clark,Terri_Clark/Terri_Clark_0001.jpg,True,0
2215,4,David_Chase,David_Chase/David_Chase_0001.jpg,True,Ekaterina_Dmitriev,Ekaterina_Dmitriev/Ekaterina_Dmitriev_0001.jpg,False,0
2216,4,David_McCullough,David_McCullough/David_McCullough_0001.jpg,True,Evo_Morales,Evo_Morales/Evo_Morales_0001.jpg,False,0
2217,4,David_McKiernan,David_McKiernan/David_McKiernan_0001.jpg,False,Fernando_Leon_de_Aranoa,Fernando_Leon_de_Aranoa/Fernando_Leon_de_Aranoa_0001.jpg,True,0
2218,4,David_McKiernan,David_McKiernan/David_McKiernan_0001.jpg,False,Jane_Leeves,Jane_Leeves/Jane_Leeves_0001.jpg,False,0
2219,4,Dennis_Erickson,Dennis_Erickson/Dennis_Erickson_0002.jpg,False,Hisham_Halawi,Hisham_Halawi/Hisham_Halawi_0001.jpg,False,0
2220,4,Dennis_Erickson,Dennis_Erickson/Dennis_Erickson_0002.jpg,False,Noer_Muis,Noer_Muis/Noer_Muis_0001.jpg,False,0
2221,4,Derek_Lowe,Derek_Lowe/Derek_Lowe_0002.jpg,False,Hisham_Halawi,Hisham_Halawi/Hisham_Halawi_0001.jpg,False,0
2222,4,Derek_Lowe,Derek_Lowe/Derek_Lowe_0002.jpg,False,Madonna,Madonna/Madonna_0001.jpg,False,0
2223,4,Derek_Lowe,Derek_Lowe/Derek_Lowe_0002.jpg,False,Mohamed_Benaissa,Mohamed_Benaissa/Mohamed_Benaissa_0001.jpg,True,0
2224,4,Diego_Colorado,Diego_Colorado/Diego_Colorado_0001.jpg,False,Jason_Sorens,Jason_Sorens/Jason_Sorens_0001.jpg,False,0
2225,4,Diego_Colorado,Diego_Colorado/Diego_Colorado_0001.jpg,False,John_Gordnick,John_Gordnick/John_Gordnick_0001.jpg,False,0
2226,4,Diego_Diego_Lerman,Diego_Diego_Lerman/Diego_Diego_Lerman_0001.jpg,False,Francisco_Flores,Francisco_Flores/Francisco_Flores_0002.jpg,False,0
2227,4,Diego_Diego_Lerman,Diego_Diego_Lerman/Diego_Diego_Lerman_0001.jpg,False,Lesley_Coppin,Lesley_Coppin/Lesley_Coppin_0001.jpg,True,0
2228,4,Djabir_Said-Guerni,Djabir_Said-Guerni/Djabir_Said-Guerni_0001.jpg,False,Paul_Tracy,Paul_Tracy/Paul_Tracy_0001.jpg,False,0
2229,4,Djabir_Said-Guerni,Djabir_Said-Guerni/Djabir_Said-Guerni_0001.jpg,False,Pedro_Solbes,Pedro_Solbes/Pedro_Solbes_0003.jpg,False,0
2230,4,Dominik_Hrbaty,Dominik_Hrbaty/Dominik_Hrbaty_0001.jpg,False,Toshi_Izawa,Toshi_Izawa/Toshi_Izawa_0001.jpg,False,0
2231,4,Donald_Keck,Donald_Keck/Donald_Keck_0001.jpg,True,Kyoko_Nakayama,Kyoko_Nakayama/Kyoko_Nakayama_0001.jpg,False,0
2232,4,Donald_Keck,Donald_Keck/Donald_Keck_0001.jpg,True,Tom_Poston,Tom_Poston/Tom_Poston_0001.jpg,True,0
2233,4,Donna_Walker,Donna_Walker/Donna_Walker_0001.jpg,False,Jacqueline_Marris,Jacqueline_Marris/Jacqueline_Marris_0001.jpg,False,0
2234,4,Dragan_Covic,Dragan_Covic/Dragan_Covic_0001.jpg,False,Todd_Reid,Todd_Reid/Todd_Reid_0001.jpg,False,0
2235,4,Dudley_Rogers,Dudley_Rogers/Dudley_Rogers_0001.jpg,False,Syed_Ibrahim,Syed_Ibrahim/Syed_Ibrahim_0001.jpg,True,0
2236,4,Dunn_Lampton,Dunn_Lampton/Dunn_Lampton_0001.jpg,False,Jessica_Simpson,Jessica_Simpson/Jessica_Simpson_0001.jpg,False,0
2237,4,Dustin_Hoffman,Dustin_Hoffman/Dustin_Hoffman_0001.jpg,True,Nicole_Parker,Nicole_Parker/Nicole_Parker_0001.jpg,True,0
2238,4,Ed_Wade,Ed_Wade/Ed_Wade_0001.jpg,False,Roger_Staubach,Roger_Staubach/Roger_Staubach_0001.jpg,False,0
2239,4,Ed_Wade,Ed_Wade/Ed_Wade_0001.jpg,False,Terri_Clark,Terri_Clark/Terri_Clark_0001.jpg,True,0
2240,4,Eddie_Lucio,Eddie_Lucio/Eddie_Lucio_0001.jpg,False,Patti_Balgojevich,Patti_Balgojevich/Patti_Balgojevich_0001.jpg,True,0
2241,4,Eddie_Sutton,Eddie_Sutton/Eddie_Sutton_0001.jpg,False,James_Wattana,James_Wattana/James_Wattana_0001.jpg,False,0
2242,4,Eddie_Sutton,Eddie_Sutton/Eddie_Sutton_0001.jpg,False,Jeanne_Anne_Schroeder,Jeanne_Anne_Schroeder/Jeanne_Anne_Schroeder_0001.jpg,True,0
2243,4,Eddie_Sutton,Eddie_Sutton/Eddie_Sutton_0002.jpg,False,Ronald_Ito,Ronald_Ito/Ronald_Ito_0001.jpg,False,0
2244,4,Eduardo_Fischer,Eduardo_Fischer/Eduardo_Fischer_0001.jpg,False,Kimberly_Bruckner,Kimberly_Bruckner/Kimberly_Bruckner_0001.jpg,False,0
2245,4,Edward_Lohn,Edward_Lohn/Edward_Lohn_0001.jpg,True,Lily_Safra,Lily_Safra/Lily_Safra_0001.jpg,False,0
2246,4,Edward_Lohn,Edward_Lohn/Edward_Lohn_0001.jpg,True,Nino_DAngelo,Nino_DAngelo/Nino_DAngelo_0001.jpg,False,0
2247,4,Ekaterina_Dmitriev,Ekaterina_Dmitriev/Ekaterina_Dmitriev_0001.jpg,False,Mitch_Kupchak,Mitch_Kupchak/Mitch_Kupchak_0001.jpg,False,0
2248,4,Eladio_Larez,Eladio_Larez/Eladio_Larez_0001.jpg,False,Frank_Pallone,Frank_Pallone/Frank_Pallone_0001.jpg,True,0
2249,4,Eli_Broad,Eli_Broad/Eli_Broad_0001.jpg,False,Ravan_AG_Farhadi,Ravan_AG_Farhadi/Ravan_AG_Farhadi_0001.jpg,False,0
2250,4,Elijah_Wood,Elijah_Wood/Elijah_Wood_0002.jpg,True,Stefano_Gabbana,Stefano_Gabbana/Stefano_Gabbana_0001.jpg,True,0
2251,4,Elijah_Wood,Elijah_Wood/Elijah_Wood_0003.jpg,True,Marcus_Garrettson,Marcus_Garrettson/Marcus_Garrettson_0001.jpg,False,0
2252,4,Elijan_Ingram,Elijan_Ingram/Elijan_Ingram_0001.jpg,False,Michelle_Hofland,Michelle_Hofland/Michelle_Hofland_0001.jpg,False,0
2253,4,Elijan_Ingram,Elijan_Ingram/Elijan_Ingram_0001.jpg,False,Nastia_Liukin,Nastia_Liukin/Nastia_Liukin_0001.jpg,False,0
2254,4,Elvis_Costello,Elvis_Costello/Elvis_Costello_0001.jpg,False,Jaime_Pressly,Jaime_Pressly/Jaime_Pressly_0001.jpg,False,0
2255,4,Emelie_Loit,Emelie_Loit/Emelie_Loit_0001.jpg,False,Thomas_Mesereau_Jr,Thomas_Mesereau_Jr/Thomas_Mesereau_Jr_0001.jpg,False,0
2256,4,Eric_Staal,Eric_Staal/Eric_Staal_0001.jpg,False,Jerry_Lewis,Jerry_Lewis/Jerry_Lewis_0001.jpg,True,0
2257,4,Erin_Hershey_Presley,Erin_Hershey_Presley/Erin_Hershey_Presley_0001.jpg,False,Frank_Dunham_Jr,Frank_Dunham_Jr/Frank_Dunham_Jr_0001.jpg,True,0
2258,4,Erin_Hershey_Presley,Erin_Hershey_Presley/Erin_Hershey_Presley_0001.jpg,False,Yukio_Hatoyama,Yukio_Hatoyama/Yukio_Hatoyama_0001.jpg,False,0
2259,4,Eva_Mendes,Eva_Mendes/Eva_Mendes_0001.jpg,False,Larry_Harris,Larry_Harris/Larry_Harris_0001.jpg,False,0
2260,4,Faye_Alibocus,Faye_Alibocus/Faye_Alibocus_0001.jpg,False,Frank_Bell,Frank_Bell/Frank_Bell_0001.jpg,True,0
2261,4,Faye_Alibocus,Faye_Alibocus/Faye_Alibocus_0001.jpg,False,Tommy_Tubberville,Tommy_Tubberville/Tommy_Tubberville_0001.jpg,True,0
2262,4,Felix_Mantilla,Felix_Mantilla/Felix_Mantilla_0001.jpg,False,Jerry_Lewis,Jerry_Lewis/Jerry_Lewis_0001.jpg,True,0
2263,4,Fernando_Leon_de_Aranoa,Fernando_Leon_de_Aranoa/Fernando_Leon_de_Aranoa_0001.jpg,True,John_Scarlett,John_Scarlett/John_Scarlett_0001.jpg,False,0
2264,4,Fernando_Leon_de_Aranoa,Fernando_Leon_de_Aranoa/Fernando_Leon_de_Aranoa_0001.jpg,True,Mike_Leach,Mike_Leach/Mike_Leach_0001.jpg,False,0
2265,4,Fidel_Castro,Fidel_Castro/Fidel_Castro_0007.jpg,True,Hu_Maoyuan,Hu_Maoyuan/Hu_Maoyuan_0001.jpg,True,0
2266,4,Francisco_Flores,Francisco_Flores/Francisco_Flores_0004.jpg,False,Hisham_Halawi,Hisham_Halawi/Hisham_Halawi_0001.jpg,False,0
2267,4,Frank_Bell,Frank_Bell/Frank_Bell_0001.jpg,True,Khatol_Mohammad_Zai,Khatol_Mohammad_Zai/Khatol_Mohammad_Zai_0001.jpg,True,0
2268,4,Frank_Dunham_Jr,Frank_Dunham_Jr/Frank_Dunham_Jr_0001.jpg,True,Tom_McClintock,Tom_McClintock/Tom_McClintock_0001.jpg,False,0
2269,4,Frank_Hsieh,Frank_Hsieh/Frank_Hsieh_0001.jpg,True,Paula_Prentiss,Paula_Prentiss/Paula_Prentiss_0001.jpg,False,0
2270,4,Frank_Pallone,Frank_Pallone/Frank_Pallone_0001.jpg,True,Jim_Wall,Jim_Wall/Jim_Wall_0001.jpg,True,0
2271,4,Frank_Pallone,Frank_Pallone/Frank_Pallone_0001.jpg,True,Mary_Tyler_Moore,Mary_Tyler_Moore/Mary_Tyler_Moore_0002.jpg,False,0
2272,4,Frank_Schmoekel,Frank_Schmoekel/Frank_Schmoekel_0001.jpg,False,Ronald_Ito,Ronald_Ito/Ronald_Ito_0001.jpg,False,0
2273,4,Franko_Simatovic,Franko_Simatovic/Franko_Simatovic_0002.jpg,False,Tyler_Grillo,Tyler_Grillo/Tyler_Grillo_0001.jpg,False,0
2274,4,Franz_Gsell,Franz_Gsell/Franz_Gsell_0001.jpg,False,John_Scarlett,John_Scarlett/John_Scarlett_0001.jpg,False,0
2275,4,Franz_Gsell,Franz_Gsell/Franz_Gsell_0001.jpg,False,Sarah_Jessica_Parker,Sarah_Jessica_Parker/Sarah_Jessica_Parker_0002.jpg,True,0
2276,4,Fred_Eckhard,Fred_Eckhard/Fred_Eckhard_0001.jpg,False,Rachel_Wheatley,Rachel_Wheatley/Rachel_Wheatley_0001.jpg,False,0
2277,4,Garry_Alejano,Garry_Alejano/Garry_Alejano_0001.jpg,False,Iban_Mayo,Iban_Mayo/Iban_Mayo_0001.jpg,False,0
2278,4,Garry_Alejano,Garry_Alejano/Garry_Alejano_0001.jpg,False,Michael_Olowokandi,Michael_Olowokandi/Michael_Olowokandi_0001.jpg,False,0
2279,4,Garry_Alejano,Garry_Alejano/Garry_Alejano_0001.jpg,False,Morgan_Freeman,Morgan_Freeman/Morgan_Freeman_0002.jpg,True,0
2280,4,Garry_Alejano,Garry_Alejano/Garry_Alejano_0001.jpg,False,Peter_Struck,Peter_Struck/Peter_Struck_0005.jpg,True,0
2281,4,Gary_Marshall,Gary_Marshall/Gary_Marshall_0001.jpg,False,Rashid_Qureshi,Rashid_Qureshi/Rashid_Qureshi_0001.jpg,False,0
2282,4,Gerald_Fitch,Gerald_Fitch/Gerald_Fitch_0001.jpg,False,Robin_Williams,Robin_Williams/Robin_Williams_0001.jpg,True,0
2283,4,Gerald_Riley,Gerald_Riley/Gerald_Riley_0001.jpg,False,Michael_Hagee,Michael_Hagee/Michael_Hagee_0001.jpg,False,0
2284,4,German_Khan,German_Khan/German_Khan_0001.jpg,False,Morgan_Freeman,Morgan_Freeman/Morgan_Freeman_0002.jpg,True,0
2285,4,Grady_Little,Grady_Little/Grady_Little_0001.jpg,False,Robert_Morvillo,Robert_Morvillo/Robert_Morvillo_0001.jpg,False,0
2286,4,Hal_Sellers,Hal_Sellers/Hal_Sellers_0001.jpg,False,Janet_Thorpe,Janet_Thorpe/Janet_Thorpe_0001.jpg,False,0
2287,4,Hans_Corell,Hans_Corell/Hans_Corell_0001.jpg,False,John_Gordnick,John_Gordnick/John_Gordnick_0001.jpg,False,0
2288,4,Heidi_Klum,Heidi_Klum/Heidi_Klum_0002.jpg,True,Paul_Reiser,Paul_Reiser/Paul_Reiser_0001.jpg,False,0
2289,4,Heidi_Klum,Heidi_Klum/Heidi_Klum_0003.jpg,True,Pedro_Solbes,Pedro_Solbes/Pedro_Solbes_0001.jpg,False,0
2290,4,Hermando_Harton,Hermando_Harton/Hermando_Harton_0001.jpg,False,Paris_Hilton,Paris_Hilton/Paris_Hilton_0002.jpg,False,0
2291,4,Holly_Robinson_Peete,Holly_Robinson_Peete/Holly_Robinson_Peete_0001.jpg,False,Michael_Hagee,Michael_Hagee/Michael_Hagee_0001.jpg,False,0
2292,4,Howard_Ross,Howard_Ross/Howard_Ross_0001.jpg,False,Kajsa_Bergqvist,Kajsa_Bergqvist/Kajsa_Bergqvist_0001.jpg,False,0
2293,4,Howard_Ross,Howard_Ross/Howard_Ross_0001.jpg,False,Patsy_Hardy,Patsy_Hardy/Patsy_Hardy_0001.jpg,False,0
2294,4,Hugh_Carey,Hugh_Carey/Hugh_Carey_0001.jpg,False,Lawrence_Roberts,Lawrence_Roberts/Lawrence_Roberts_0001.jpg,False,0
2295,4,Hugh_Carey,Hugh_Carey/Hugh_Carey_0001.jpg,False,Tracee_Treadwell,Tracee_Treadwell/Tracee_Treadwell_0001.jpg,False,0
2296,4,Iban_Mayo,Iban_Mayo/Iban_Mayo_0002.jpg,False,Juan_Valencia_Osorio,Juan_Valencia_Osorio/Juan_Valencia_Osorio_0001.jpg,True,0
2297,4,Iban_Mayo,Iban_Mayo/Iban_Mayo_0002.jpg,False,Rosalie_Perkov,Rosalie_Perkov/Rosalie_Perkov_0001.jpg,False,0
2298,4,Ibrahim_Al-Marashi,Ibrahim_Al-Marashi/Ibrahim_Al-Marashi_0001.jpg,False,John_Travolta,John_Travolta/John_Travolta_0003.jpg,True,0
2299,4,Ibrahim_Al-Marashi,Ibrahim_Al-Marashi/Ibrahim_Al-Marashi_0001.jpg,False,Joshua_Gracin,Joshua_Gracin/Joshua_Gracin_0001.jpg,False,0
2300,4,Imad_Moustapha,Imad_Moustapha/Imad_Moustapha_0002.jpg,False,Kyoko_Nakayama,Kyoko_Nakayama/Kyoko_Nakayama_0001.jpg,False,0
2301,4,Ira_Einhorn,Ira_Einhorn/Ira_Einhorn_0001.jpg,True,John_Ruiz,John_Ruiz/John_Ruiz_0002.jpg,False,0
2302,4,Jacqueline_Marris,Jacqueline_Marris/Jacqueline_Marris_0001.jpg,False,Matthew_Ouimet,Matthew_Ouimet/Matthew_Ouimet_0001.jpg,False,0
2303,4,Jaime_Pressly,Jaime_Pressly/Jaime_Pressly_0001.jpg,False,Tiago_Splitter,Tiago_Splitter/Tiago_Splitter_0001.jpg,False,0
2304,4,James_Brown,James_Brown/James_Brown_0001.jpg,False,Mary_Blige,Mary_Blige/Mary_Blige_0001.jpg,False,0
2305,4,James_Brown,James_Brown/James_Brown_0001.jpg,False,Paul_Reiser,Paul_Reiser/Paul_Reiser_0001.jpg,False,0
2306,4,James_Mathis,James_Mathis/James_Mathis_0001.jpg,True,Yuri_Fedotov,Yuri_Fedotov/Yuri_Fedotov_0001.jpg,False,0
2307,4,James_Wattana,James_Wattana/James_Wattana_0001.jpg,False,Paul_Reiser,Paul_Reiser/Paul_Reiser_0001.jpg,False,0
2308,4,James_Wattana,James_Wattana/James_Wattana_0001.jpg,False,Ron_Kirk,Ron_Kirk/Ron_Kirk_0001.jpg,True,0
2309,4,James_Young,James_Young/James_Young_0001.jpg,False,Jeffrey_Scott_Postell,Jeffrey_Scott_Postell/Jeffrey_Scott_Postell_0002.jpg,False,0
2310,4,James_Young,James_Young/James_Young_0001.jpg,False,Ronald_Harwood,Ronald_Harwood/Ronald_Harwood_0001.jpg,False,0
2311,4,Jane_Leeves,Jane_Leeves/Jane_Leeves_0001.jpg,False,Tom_McClintock,Tom_McClintock/Tom_McClintock_0001.jpg,False,0
2312,4,Janet_Crawford,Janet_Crawford/Janet_Crawford_0001.jpg,False,Thomas_Scavone,Thomas_Scavone/Thomas_Scavone_0001.jpg,False,0
2313,4,Jason_Sorens,Jason_Sorens/Jason_Sorens_0001.jpg,False,Lidija_Djukanovic,Lidija_Djukanovic/Lidija_Djukanovic_0001.jpg,True,0
2314,4,Jason_Vale,Jason_Vale/Jason_Vale_0001.jpg,False,Marcus_Garrettson,Marcus_Garrettson/Marcus_Garrettson_0001.jpg,False,0
2315,4,Jason_Vale,Jason_Vale/Jason_Vale_0001.jpg,False,Zoran_Djindjic,Zoran_Djindjic/Zoran_Djindjic_0003.jpg,False,0
2316,4,Jaymon_Crabb,Jaymon_Crabb/Jaymon_Crabb_0001.jpg,False,Ted_Christopher,Ted_Christopher/Ted_Christopher_0001.jpg,False,0
2317,4,Jeff_Weaver,Jeff_Weaver/Jeff_Weaver_0001.jpg,False,Kyoko_Nakayama,Kyoko_Nakayama/Kyoko_Nakayama_0001.jpg,False,0
2318,4,Jeff_Weaver,Jeff_Weaver/Jeff_Weaver_0001.jpg,False,Rosalie_Perkov,Rosalie_Perkov/Rosalie_Perkov_0001.jpg,False,0
2319,4,Jeffrey_Scott_Postell,Jeffrey_Scott_Postell/Jeffrey_Scott_Postell_0001.jpg,False,Tara_Dawn_Christensen,Tara_Dawn_Christensen/Tara_Dawn_Christensen_0001.jpg,True,0
2320,4,Jeffrey_Scott_Postell,Jeffrey_Scott_Postell/Jeffrey_Scott_Postell_0002.jpg,False,Lesley_Coppin,Lesley_Coppin/Lesley_Coppin_0001.jpg,True,0
2321,4,Jennifer_Capriati,Jennifer_Capriati/Jennifer_Capriati_0026.jpg,True,Ruben_Wolkowyski,Ruben_Wolkowyski/Ruben_Wolkowyski_0001.jpg,True,0
2322,4,Jim_Bunning,Jim_Bunning/Jim_Bunning_0001.jpg,False,Terence_Newman,Terence_Newman/Terence_Newman_0001.jpg,True,0
2323,4,Jim_Jeffords,Jim_Jeffords/Jim_Jeffords_0001.jpg,False,Peter_Rasch,Peter_Rasch/Peter_Rasch_0001.jpg,True,0
2324,4,Jim_Jeffords,Jim_Jeffords/Jim_Jeffords_0001.jpg,False,Tom_Sizemore,Tom_Sizemore/Tom_Sizemore_0001.jpg,False,0
2325,4,Job_Cohen,Job_Cohen/Job_Cohen_0001.jpg,False,John_Stockton,John_Stockton/John_Stockton_0002.jpg,False,0
2326,4,John_Franco,John_Franco/John_Franco_0001.jpg,True,Paul_Wolfowitz,Paul_Wolfowitz/Paul_Wolfowitz_0004.jpg,False,0
2327,4,John_Gordnick,John_Gordnick/John_Gordnick_0001.jpg,False,Linda_Dano,Linda_Dano/Linda_Dano_0001.jpg,False,0
2328,4,John_Gordnick,John_Gordnick/John_Gordnick_0001.jpg,False,Paul_Vathis,Paul_Vathis/Paul_Vathis_0001.jpg,True,0
2329,4,John_Gordnick,John_Gordnick/John_Gordnick_0001.jpg,False,Yasser_Arafat,Yasser_Arafat/Yasser_Arafat_0003.jpg,True,0
2330,4,John_Stockton,John_Stockton/John_Stockton_0004.jpg,False,Patsy_Hardy,Patsy_Hardy/Patsy_Hardy_0001.jpg,False,0
2331,4,John_Travolta,John_Travolta/John_Travolta_0002.jpg,True,Lech_Walesa,Lech_Walesa/Lech_Walesa_0001.jpg,False,0
2332,4,Juan_Valencia_Osorio,Juan_Valencia_Osorio/Juan_Valencia_Osorio_0001.jpg,True,Tom_Daschle,Tom_Daschle/Tom_Daschle_0006.jpg,True,0
2333,4,Juergen_Schrempp,Juergen_Schrempp/Juergen_Schrempp_0001.jpg,False,Mitt_Romney,Mitt_Romney/Mitt_Romney_0001.jpg,False,0
2334,4,Julien_Boutter,Julien_Boutter/Julien_Boutter_0001.jpg,False,Saeed_Anwar,Saeed_Anwar/Saeed_Anwar_0001.jpg,False,0
2335,4,Kaisser_Bazan,Kaisser_Bazan/Kaisser_Bazan_0001.jpg,False,Lawrence_Vito,Lawrence_Vito/Lawrence_Vito_0001.jpg,True,0
2336,4,Kaisser_Bazan,Kaisser_Bazan/Kaisser_Bazan_0001.jpg,False,Pierre_Lacroix,Pierre_Lacroix/Pierre_Lacroix_0001.jpg,True,0
2337,4,Kajsa_Bergqvist,Kajsa_Bergqvist/Kajsa_Bergqvist_0001.jpg,False,Tayshaun_Prince,Tayshaun_Prince/Tayshaun_Prince_0001.jpg,True,0
2338,4,Keith_Snyder,Keith_Snyder/Keith_Snyder_0001.jpg,True,Terri_Clark,Terri_Clark/Terri_Clark_0001.jpg,True,0
2339,4,Kemal_Dervis,Kemal_Dervis/Kemal_Dervis_0003.jpg,False,Roger_Staubach,Roger_Staubach/Roger_Staubach_0001.jpg,False,0
2340,4,Kifah_Ajouri,Kifah_Ajouri/Kifah_Ajouri_0001.jpg,True,Laurie_Pirtle,Laurie_Pirtle/Laurie_Pirtle_0001.jpg,True,0
2341,4,Kifah_Ajouri,Kifah_Ajouri/Kifah_Ajouri_0001.jpg,True,Raul_Gonzalez,Raul_Gonzalez/Raul_Gonzalez_0001.jpg,False,0
2342,4,Kimberly_Bruckner,Kimberly_Bruckner/Kimberly_Bruckner_0001.jpg,False,Pete_Carroll,Pete_Carroll/Pete_Carroll_0001.jpg,True,0
2343,4,Kirk_Douglas,Kirk_Douglas/Kirk_Douglas_0001.jpg,True,Nida_Blanca,Nida_Blanca/Nida_Blanca_0001.jpg,False,0
2344,4,Larry_Harris,Larry_Harris/Larry_Harris_0001.jpg,False,Michael_Lechner,Michael_Lechner/Michael_Lechner_0001.jpg,False,0
2345,4,Larry_Lucchino,Larry_Lucchino/Larry_Lucchino_0001.jpg,False,Rudy_Tomjanovich,Rudy_Tomjanovich/Rudy_Tomjanovich_0001.jpg,False,0
2346,4,Latrell_Sprewell,Latrell_Sprewell/Latrell_Sprewell_0001.jpg,False,Rosalie_Perkov,Rosalie_Perkov/Rosalie_Perkov_0001.jpg,False,0
2347,4,Laura_Schlessinger,Laura_Schlessinger/Laura_Schlessinger_0001.jpg,False,Tony_Curtis,Tony_Curtis/Tony_Curtis_0001.jpg,True,0
2348,4,Laurie_Pirtle,Laurie_Pirtle/Laurie_Pirtle_0001.jpg,True,Roberta_Combs,Roberta_Combs/Roberta_Combs_0001.jpg,True,0
2349,4,Lawrence_Roberts,Lawrence_Roberts/Lawrence_Roberts_0001.jpg,False,Lynne_Thigpen,Lynne_Thigpen/Lynne_Thigpen_0001.jpg,False,0
2350,4,Lawrence_Roberts,Lawrence_Roberts/Lawrence_Roberts_0001.jpg,False,Nick_Cassavetes,Nick_Cassavetes/Nick_Cassavetes_0001.jpg,False,0
2351,4,Lech_Walesa,Lech_Walesa/Lech_Walesa_0002.jpg,False,Rick_Wagoner,Rick_Wagoner/Rick_Wagoner_0002.jpg,False,0
2352,4,Len_Jenoff,Len_Jenoff/Len_Jenoff_0002.jpg,False,Tom_Daschle,Tom_Daschle/Tom_Daschle_0007.jpg,True,0
2353,4,Lew_Rywin,Lew_Rywin/Lew_Rywin_0001.jpg,True,Terri_Clark,Terri_Clark/Terri_Clark_0001.jpg,True,0
2354,4,Linda_Dano,Linda_Dano/Linda_Dano_0001.jpg,False,Terence_Newman,Terence_Newman/Terence_Newman_0001.jpg,True,0
2355,4,Lydia_Shum,Lydia_Shum/Lydia_Shum_0001.jpg,True,Mario_Vasquez_Rana,Mario_Vasquez_Rana/Mario_Vasquez_Rana_0001.jpg,False,0
2356,4,Lynne_Thigpen,Lynne_Thigpen/Lynne_Thigpen_0001.jpg,False,Mary_Blige,Mary_Blige/Mary_Blige_0001.jpg,False,0
2357,4,Malcolm_Glazer,Malcolm_Glazer/Malcolm_Glazer_0001.jpg,False,Noer_Muis,Noer_Muis/Noer_Muis_0001.jpg,False,0
2358,4,Malcolm_Glazer,Malcolm_Glazer/Malcolm_Glazer_0001.jpg,False,Tabare_Vazquez,Tabare_Vazquez/Tabare_Vazquez_0001.jpg,False,0
2359,4,Marc_Bulger,Marc_Bulger/Marc_Bulger_0001.jpg,False,Paul_Wolfowitz,Paul_Wolfowitz/Paul_Wolfowitz_0007.jpg,False,0
2360,4,Marcus_Garrettson,Marcus_Garrettson/Marcus_Garrettson_0001.jpg,False,Pham_Sy_Chien,Pham_Sy_Chien/Pham_Sy_Chien_0001.jpg,False,0
2361,4,Marcus_Garrettson,Marcus_Garrettson/Marcus_Garrettson_0001.jpg,False,Roberto_Carlos,Roberto_Carlos/Roberto_Carlos_0003.jpg,False,0
2362,4,Maribel_Dominguez,Maribel_Dominguez/Maribel_Dominguez_0001.jpg,False,Michael_Winterbottom,Michael_Winterbottom/Michael_Winterbottom_0003.jpg,False,0
2363,4,Marion_Barry,Marion_Barry/Marion_Barry_0001.jpg,False,Steve_Peace,Steve_Peace/Steve_Peace_0001.jpg,False,0
2364,4,Mark_Hogan,Mark_Hogan/Mark_Hogan_0001.jpg,False,Queen_Elizabeth_II,Queen_Elizabeth_II/Queen_Elizabeth_II_0011.jpg,True,0
2365,4,Mark_Hogan,Mark_Hogan/Mark_Hogan_0001.jpg,False,Roger_Toussaint,Roger_Toussaint/Roger_Toussaint_0001.jpg,False,0
2366,4,Mary_Blige,Mary_Blige/Mary_Blige_0001.jpg,False,Raul_Gonzalez,Raul_Gonzalez/Raul_Gonzalez_0001.jpg,False,0
2367,4,Massoud_Barzani,Massoud_Barzani/Massoud_Barzani_0001.jpg,False,Pierre_Lacroix,Pierre_Lacroix/Pierre_Lacroix_0001.jpg,True,0
2368,4,Max_Mosley,Max_Mosley/Max_Mosley_0001.jpg,False,Raul_Gonzalez,Raul_Gonzalez/Raul_Gonzalez_0001.jpg,False,0
2369,4,Melvin_Talbert,Melvin_Talbert/Melvin_Talbert_0001.jpg,False,Rudy_Tomjanovich,Rudy_Tomjanovich/Rudy_Tomjanovich_0001.jpg,False,0
2370,4,Michael_Hagee,Michael_Hagee/Michael_Hagee_0001.jpg,False,Sonya_Walger,Sonya_Walger/Sonya_Walger_0001.jpg,False,0
2371,4,Michael_Killeen,Michael_Killeen/Michael_Killeen_0001.jpg,False,Sammy_Sosa,Sammy_Sosa/Sammy_Sosa_0002.jpg,True,0
2372,4,Michael_Olowokandi,Michael_Olowokandi/Michael_Olowokandi_0001.jpg,False,Pete_Carroll,Pete_Carroll/Pete_Carroll_0002.jpg,True,0
2373,4,Michael_Winterbottom,Michael_Winterbottom/Michael_Winterbottom_0001.jpg,False,Pierre_Boulanger,Pierre_Boulanger/Pierre_Boulanger_0001.jpg,False,0
2374,4,Mike_Price,Mike_Price/Mike_Price_0002.jpg,True,Tom_Miller,Tom_Miller/Tom_Miller_0001.jpg,True,0
2375,4,Milo_Maestrecampo,Milo_Maestrecampo/Milo_Maestrecampo_0001.jpg,False,Yuri_Fedotov,Yuri_Fedotov/Yuri_Fedotov_0001.jpg,False,0
2376,4,Milo_Maestrecampo,Milo_Maestrecampo/Milo_Maestrecampo_0002.jpg,False,Steve_Peace,Steve_Peace/Steve_Peace_0001.jpg,False,0
2377,4,Milo_Maestrecampo,Milo_Maestrecampo/Milo_Maestrecampo_0003.jpg,False,Stacey_Dales-Schuman,Stacey_Dales-Schuman/Stacey_Dales-Schuman_0001.jpg,False,0
2378,4,Mitt_Romney,Mitt_Romney/Mitt_Romney_0001.jpg,False,Nida_Blanca,Nida_Blanca/Nida_Blanca_0001.jpg,False,0
2379,4,Mohamed_ElBaradei,Mohamed_ElBaradei/Mohamed_ElBaradei_0008.jpg,True,Rachel_Wheatley,Rachel_Wheatley/Rachel_Wheatley_0001.jpg,False,0
2380,4,Mohammad_Aktar,Mohammad_Aktar/Mohammad_Aktar_0001.jpg,True,Rafeeuddin_Ahmed,Rafeeuddin_Ahmed/Rafeeuddin_Ahmed_0001.jpg,False,0
2381,4,Mohammad_Aktar,Mohammad_Aktar/Mohammad_Aktar_0001.jpg,True,Tom_McClintock,Tom_McClintock/Tom_McClintock_0001.jpg,False,0
2382,4,Mohammed_Abulhasan,Mohammed_Abulhasan/Mohammed_Abulhasan_0001.jpg,False,Stephane_Rousseau,Stephane_Rousseau/Stephane_Rousseau_0001.jpg,False,0
2383,4,Mohammed_Abulhasan,Mohammed_Abulhasan/Mohammed_Abulhasan_0001.jpg,False,Vladimiro_Montesinos,Vladimiro_Montesinos/Vladimiro_Montesinos_0001.jpg,False,0
2384,4,Nastia_Liukin,Nastia_Liukin/Nastia_Liukin_0001.jpg,False,Nicole_Parker,Nicole_Parker/Nicole_Parker_0001.jpg,True,0
2385,4,Nastia_Liukin,Nastia_Liukin/Nastia_Liukin_0001.jpg,False,Sharon_Davis,Sharon_Davis/Sharon_Davis_0002.jpg,False,0
2386,4,Nicolas_Latorre,Nicolas_Latorre/Nicolas_Latorre_0001.jpg,True,Paula_Prentiss,Paula_Prentiss/Paula_Prentiss_0001.jpg,False,0
2387,4,Nicolas_Latorre,Nicolas_Latorre/Nicolas_Latorre_0001.jpg,True,Vassilis_Xiros,Vassilis_Xiros/Vassilis_Xiros_0001.jpg,True,0
2388,4,Nicolas_Latorre,Nicolas_Latorre/Nicolas_Latorre_0001.jpg,True,William_Delahunt,William_Delahunt/William_Delahunt_0001.jpg,True,0
2389,4,Pete_Sampras,Pete_Sampras/Pete_Sampras_0010.jpg,True,Stan_Heath,Stan_Heath/Stan_Heath_0001.jpg,False,0
2390,4,Phil_Vassar,Phil_Vassar/Phil_Vassar_0002.jpg,True,Tabare_Vazquez,Tabare_Vazquez/Tabare_Vazquez_0001.jpg,False,0
2391,4,Philip_Zalewski,Philip_Zalewski/Philip_Zalewski_0001.jpg,False,Stefan_Holm,Stefan_Holm/Stefan_Holm_0001.jpg,True,0
2392,4,Roberto_Carlos,Roberto_Carlos/Roberto_Carlos_0001.jpg,False,Yasser_Arafat,Yasser_Arafat/Yasser_Arafat_0005.jpg,True,0
2393,4,Roger_Cook,Roger_Cook/Roger_Cook_0001.jpg,False,Wilbert_Foy,Wilbert_Foy/Wilbert_Foy_0001.jpg,True,0
2394,4,Roger_Staubach,Roger_Staubach/Roger_Staubach_0001.jpg,False,Severino_Antinori,Severino_Antinori/Severino_Antinori_0001.jpg,False,0
2395,4,Ron_Kirk,Ron_Kirk/Ron_Kirk_0001.jpg,True,Troy_Hudson,Troy_Hudson/Troy_Hudson_0001.jpg,True,0
2396,4,Sammy_Sosa,Sammy_Sosa/Sammy_Sosa_0002.jpg,True,Stan_Heath,Stan_Heath/Stan_Heath_0002.jpg,False,0
2397,4,Sandra_Ceccarelli,Sandra_Ceccarelli/Sandra_Ceccarelli_0001.jpg,True,Stephen_Cooper,Stephen_Cooper/Stephen_Cooper_0001.jpg,False,0
2398,4,Sandra_Ceccarelli,Sandra_Ceccarelli/Sandra_Ceccarelli_0001.jpg,True,Tom_Coughlin,Tom_Coughlin/Tom_Coughlin_0001.jpg,False,0
2399,4,Shireen_Amir_Begum,Shireen_Amir_Begum/Shireen_Amir_Begum_0001.jpg,False,Sushma_Swaraj,Sushma_Swaraj/Sushma_Swaraj_0001.jpg,False,0
2400,4,Sinead_OConnor,Sinead_OConnor/Sinead_OConnor_0001.jpg,True,Stephane_Rochon,Stephane_Rochon/Stephane_Rochon_0001.jpg,False,0
2401,5,Aitor_Gonzalez,Aitor_Gonzalez/Aitor_Gonzalez_0001.jpg,True,Aitor_Gonzalez,Aitor_Gonzalez/Aitor_Gonzalez_0002.jpg,True,1
2402,5,Alec_Baldwin,Alec_Baldwin/Alec_Baldwin_0002.jpg,True,Alec_Baldwin,Alec_Baldwin/Alec_Baldwin_0004.jpg,True,1
2403,5,Allison_Janney,Allison_Janney/Allison_Janney_0001.jpg,True,Allison_Janney,Allison_Janney/Allison_Janney_0002.jpg,True,1
2404,5,Alvaro_Noboa,Alvaro_Noboa/Alvaro_Noboa_0001.jpg,True,Alvaro_Noboa,Alvaro_Noboa/Alvaro_Noboa_0003.jpg,True,1
2405,5,Alvaro_Noboa,Alvaro_Noboa/Alvaro_Noboa_0002.jpg,True,Alvaro_Noboa,Alvaro_Noboa/Alvaro_Noboa_0003.jpg,True,1
2406,5,Amanda_Coetzer,Amanda_Coetzer/Amanda_Coetzer_0001.jpg,True,Amanda_Coetzer,Amanda_Coetzer/Amanda_Coetzer_0002.jpg,True,1
2407,5,Amer_al-Saadi,Amer_al-Saadi/Amer_al-Saadi_0001.jpg,True,Amer_al-Saadi,Amer_al-Saadi/Amer_al-Saadi_0003.jpg,True,1
2408,5,Amer_al-Saadi,Amer_al-Saadi/Amer_al-Saadi_0001.jpg,True,Amer_al-Saadi,Amer_al-Saadi/Amer_al-Saadi_0004.jpg,True,1
2409,5,Amer_al-Saadi,Amer_al-Saadi/Amer_al-Saadi_0002.jpg,True,Amer_al-Saadi,Amer_al-Saadi/Amer_al-Saadi_0004.jpg,True,1
2410,5,Ana_Guevara,Ana_Guevara/Ana_Guevara_0002.jpg,True,Ana_Guevara,Ana_Guevara/Ana_Guevara_0007.jpg,True,1
2411,5,Ana_Guevara,Ana_Guevara/Ana_Guevara_0003.jpg,True,Ana_Guevara,Ana_Guevara/Ana_Guevara_0007.jpg,True,1
2412,5,Anneli_Jaatteenmaki,Anneli_Jaatteenmaki/Anneli_Jaatteenmaki_0001.jpg,False,Anneli_Jaatteenmaki,Anneli_Jaatteenmaki/Anneli_Jaatteenmaki_0002.jpg,False,1
2413,5,Ari_Fleischer,Ari_Fleischer/Ari_Fleischer_0006.jpg,True,Ari_Fleischer,Ari_Fleischer/Ari_Fleischer_0009.jpg,True,1
2414,5,Ari_Fleischer,Ari_Fleischer/Ari_Fleischer_0007.jpg,True,Ari_Fleischer,Ari_Fleischer/Ari_Fleischer_0012.jpg,True,1
2415,5,Arianna_Huffington,Arianna_Huffington/Arianna_Huffington_0001.jpg,False,Arianna_Huffington,Arianna_Huffington/Arianna_Huffington_0002.jpg,False,1
2416,5,Arianna_Huffington,Arianna_Huffington/Arianna_Huffington_0001.jpg,False,Arianna_Huffington,Arianna_Huffington/Arianna_Huffington_0004.jpg,False,1
2417,5,Arianna_Huffington,Arianna_Huffington/Arianna_Huffington_0002.jpg,False,Arianna_Huffington,Arianna_Huffington/Arianna_Huffington_0003.jpg,False,1
2418,5,Arianna_Huffington,Arianna_Huffington/Arianna_Huffington_0002.jpg,False,Arianna_Huffington,Arianna_Huffington/Arianna_Huffington_0004.jpg,False,1
2419,5,Arnaud_Clement,Arnaud_Clement/Arnaud_Clement_0001.jpg,True,Arnaud_Clement,Arnaud_Clement/Arnaud_Clement_0002.jpg,True,1
2420,5,Arsinee_Khanjian,Arsinee_Khanjian/Arsinee_Khanjian_0001.jpg,True,Arsinee_Khanjian,Arsinee_Khanjian/Arsinee_Khanjian_0002.jpg,True,1
2421,5,Art_Howe,Art_Howe/Art_Howe_0001.jpg,True,Art_Howe,Art_Howe/Art_Howe_0002.jpg,True,1
2422,5,Art_Howe,Art_Howe/Art_Howe_0001.jpg,True,Art_Howe,Art_Howe/Art_Howe_0003.jpg,True,1
2423,5,Art_Howe,Art_Howe/Art_Howe_0001.jpg,True,Art_Howe,Art_Howe/Art_Howe_0004.jpg,True,1
2424,5,Art_Howe,Art_Howe/Art_Howe_0002.jpg,True,Art_Howe,Art_Howe/Art_Howe_0003.jpg,True,1
2425,5,Art_Howe,Art_Howe/Art_Howe_0003.jpg,True,Art_Howe,Art_Howe/Art_Howe_0004.jpg,True,1
2426,5,Ben_Affleck,Ben_Affleck/Ben_Affleck_0002.jpg,False,Ben_Affleck,Ben_Affleck/Ben_Affleck_0003.jpg,False,1
2427,5,Ben_Affleck,Ben_Affleck/Ben_Affleck_0002.jpg,False,Ben_Affleck,Ben_Affleck/Ben_Affleck_0004.jpg,False,1
2428,5,Ben_Affleck,Ben_Affleck/Ben_Affleck_0002.jpg,False,Ben_Affleck,Ben_Affleck/Ben_Affleck_0007.jpg,False,1
2429,5,Ben_Affleck,Ben_Affleck/Ben_Affleck_0003.jpg,False,Ben_Affleck,Ben_Affleck/Ben_Affleck_0006.jpg,False,1
2430,5,Ben_Affleck,Ben_Affleck/Ben_Affleck_0005.jpg,False,Ben_Affleck,Ben_Affleck/Ben_Affleck_0006.jpg,False,1
2431,5,Betsy_Smith,Betsy_Smith/Betsy_Smith_0001.jpg,True,Betsy_Smith,Betsy_Smith/Betsy_Smith_0002.jpg,True,1
2432,5,Bill_Callahan,Bill_Callahan/Bill_Callahan_0001.jpg,False,Bill_Callahan,Bill_Callahan/Bill_Callahan_0003.jpg,False,1
2433,5,Blythe_Hartley,Blythe_Hartley/Blythe_Hartley_0001.jpg,False,Blythe_Hartley,Blythe_Hartley/Blythe_Hartley_0002.jpg,False,1
2434,5,Bob_Huggins,Bob_Huggins/Bob_Huggins_0001.jpg,True,Bob_Huggins,Bob_Huggins/Bob_Huggins_0003.jpg,True,1
2435,5,Bob_Huggins,Bob_Huggins/Bob_Huggins_0003.jpg,True,Bob_Huggins,Bob_Huggins/Bob_Huggins_0004.jpg,True,1
2436,5,Bobby_Goldwater,Bobby_Goldwater/Bobby_Goldwater_0001.jpg,False,Bobby_Goldwater,Bobby_Goldwater/Bobby_Goldwater_0002.jpg,False,1
2437,5,Bono,Bono/Bono_0001.jpg,True,Bono,Bono/Bono_0002.jpg,True,1
2438,5,Bono,Bono/Bono_0001.jpg,True,Bono,Bono/Bono_0003.jpg,True,1
2439,5,Bono,Bono/Bono_0002.jpg,True,Bono,Bono/Bono_0003.jpg,True,1
2440,5,Brad_Garrett,Brad_Garrett/Brad_Garrett_0001.jpg,True,Brad_Garrett,Brad_Garrett/Brad_Garrett_0003.jpg,True,1
2441,5,Brad_Garrett,Brad_Garrett/Brad_Garrett_0002.jpg,True,Brad_Garrett,Brad_Garrett/Brad_Garrett_0003.jpg,True,1
2442,5,Brad_Garrett,Brad_Garrett/Brad_Garrett_0002.jpg,True,Brad_Garrett,Brad_Garrett/Brad_Garrett_0004.jpg,True,1
2443,5,Brian_Mulroney,Brian_Mulroney/Brian_Mulroney_0001.jpg,True,Brian_Mulroney,Brian_Mulroney/Brian_Mulroney_0002.jpg,True,1
2444,5,Bud_Selig,Bud_Selig/Bud_Selig_0001.jpg,False,Bud_Selig,Bud_Selig/Bud_Selig_0002.jpg,False,1
2445,5,Bud_Selig,Bud_Selig/Bud_Selig_0002.jpg,False,Bud_Selig,Bud_Selig/Bud_Selig_0003.jpg,False,1
2446,5,Bud_Selig,Bud_Selig/Bud_Selig_0002.jpg,False,Bud_Selig,Bud_Selig/Bud_Selig_0004.jpg,False,1
2447,5,Carla_Del_Ponte,Carla_Del_Ponte/Carla_Del_Ponte_0001.jpg,True,Carla_Del_Ponte,Carla_Del_Ponte/Carla_Del_Ponte_0002.jpg,True,1
2448,5,Carla_Del_Ponte,Carla_Del_Ponte/Carla_Del_Ponte_0002.jpg,True,Carla_Del_Ponte,Carla_Del_Ponte/Carla_Del_Ponte_0004.jpg,True,1
2449,5,Carla_Del_Ponte,Carla_Del_Ponte/Carla_Del_Ponte_0002.jpg,True,Carla_Del_Ponte,Carla_Del_Ponte/Carla_Del_Ponte_0005.jpg,True,1
2450,5,Carla_Del_Ponte,Carla_Del_Ponte/Carla_Del_Ponte_0003.jpg,True,Carla_Del_Ponte,Carla_Del_Ponte/Carla_Del_Ponte_0005.jpg,True,1
2451,5,Carlos_Ghosn,Carlos_Ghosn/Carlos_Ghosn_0001.jpg,False,Carlos_Ghosn,Carlos_Ghosn/Carlos_Ghosn_0002.jpg,False,1
2452,5,Carlos_Manuel_Pruneda,Carlos_Manuel_Pruneda/Carlos_Manuel_Pruneda_0001.jpg,False,Carlos_Manuel_Pruneda,Carlos_Manuel_Pruneda/Carlos_Manuel_Pruneda_0002.jpg,False,1
2453,5,Carlos_Manuel_Pruneda,Carlos_Manuel_Pruneda/Carlos_Manuel_Pruneda_0001.jpg,False,Carlos_Manuel_Pruneda,Carlos_Manuel_Pruneda/Carlos_Manuel_Pruneda_0003.jpg,False,1
2454,5,Carlos_Menem,Carlos_Menem/Carlos_Menem_0002.jpg,True,Carlos_Menem,Carlos_Menem/Carlos_Menem_0021.jpg,True,1
2455,5,Carlos_Menem,Carlos_Menem/Carlos_Menem_0005.jpg,True,Carlos_Menem,Carlos_Menem/Carlos_Menem_0018.jpg,True,1
2456,5,Carlos_Menem,Carlos_Menem/Carlos_Menem_0008.jpg,True,Carlos_Menem,Carlos_Menem/Carlos_Menem_0015.jpg,True,1
2457,5,Carlos_Menem,Carlos_Menem/Carlos_Menem_0011.jpg,True,Carlos_Menem,Carlos_Menem/Carlos_Menem_0012.jpg,True,1
2458,5,Carlos_Menem,Carlos_Menem/Carlos_Menem_0014.jpg,True,Carlos_Menem,Carlos_Menem/Carlos_Menem_0021.jpg,True,1
2459,5,Carlos_Menem,Carlos_Menem/Carlos_Menem_0016.jpg,True,Carlos_Menem,Carlos_Menem/Carlos_Menem_0018.jpg,True,1
2460,5,Carmen_Electra,Carmen_Electra/Carmen_Electra_0003.jpg,False,Carmen_Electra,Carmen_Electra/Carmen_Electra_0004.jpg,False,1
2461,5,Carmen_Electra,Carmen_Electra/Carmen_Electra_0004.jpg,False,Carmen_Electra,Carmen_Electra/Carmen_Electra_0006.jpg,False,1
2462,5,Charlotte_Rampling,Charlotte_Rampling/Charlotte_Rampling_0001.jpg,False,Charlotte_Rampling,Charlotte_Rampling/Charlotte_Rampling_0002.jpg,False,1
2463,5,Chick_Hearn,Chick_Hearn/Chick_Hearn_0001.jpg,False,Chick_Hearn,Chick_Hearn/Chick_Hearn_0002.jpg,False,1
2464,5,Christine_Todd_Whitman,Christine_Todd_Whitman/Christine_Todd_Whitman_0002.jpg,True,Christine_Todd_Whitman,Christine_Todd_Whitman/Christine_Todd_Whitman_0003.jpg,True,1
2465,5,Christine_Todd_Whitman,Christine_Todd_Whitman/Christine_Todd_Whitman_0005.jpg,True,Christine_Todd_Whitman,Christine_Todd_Whitman/Christine_Todd_Whitman_0006.jpg,True,1
2466,5,Christopher_Reeve,Christopher_Reeve/Christopher_Reeve_0001.jpg,True,Christopher_Reeve,Christopher_Reeve/Christopher_Reeve_0003.jpg,True,1
2467,5,Chuck_Amato,Chuck_Amato/Chuck_Amato_0001.jpg,False,Chuck_Amato,Chuck_Amato/Chuck_Amato_0002.jpg,False,1
2468,5,Cindy_Crawford,Cindy_Crawford/Cindy_Crawford_0002.jpg,False,Cindy_Crawford,Cindy_Crawford/Cindy_Crawford_0003.jpg,False,1
2469,5,Cindy_Margolis,Cindy_Margolis/Cindy_Margolis_0001.jpg,False,Cindy_Margolis,Cindy_Margolis/Cindy_Margolis_0002.jpg,False,1
2470,5,Claire_Danes,Claire_Danes/Claire_Danes_0001.jpg,True,Claire_Danes,Claire_Danes/Claire_Danes_0003.jpg,True,1
2471,5,Claire_Danes,Claire_Danes/Claire_Danes_0002.jpg,True,Claire_Danes,Claire_Danes/Claire_Danes_0003.jpg,True,1
2472,5,Conan_OBrien,Conan_OBrien/Conan_OBrien_0001.jpg,True,Conan_OBrien,Conan_OBrien/Conan_OBrien_0002.jpg,True,1
2473,5,Conan_OBrien,Conan_OBrien/Conan_OBrien_0002.jpg,True,Conan_OBrien,Conan_OBrien/Conan_OBrien_0003.jpg,True,1
2474,5,Conan_OBrien,Conan_OBrien/Conan_OBrien_0002.jpg,True,Conan_OBrien,Conan_OBrien/Conan_OBrien_0004.jpg,True,1
2475,5,Conchita_Martinez,Conchita_Martinez/Conchita_Martinez_0001.jpg,True,Conchita_Martinez,Conchita_Martinez/Conchita_Martinez_0002.jpg,True,1
2476,5,Conchita_Martinez,Conchita_Martinez/Conchita_Martinez_0001.jpg,True,Conchita_Martinez,Conchita_Martinez/Conchita_Martinez_0003.jpg,True,1
2477,5,Dan_Morales,Dan_Morales/Dan_Morales_0001.jpg,False,Dan_Morales,Dan_Morales/Dan_Morales_0002.jpg,False,1
2478,5,Dan_Morales,Dan_Morales/Dan_Morales_0001.jpg,False,Dan_Morales,Dan_Morales/Dan_Morales_0003.jpg,False,1
2479,5,David_Hyde_Pierce,David_Hyde_Pierce/David_Hyde_Pierce_0001.jpg,True,David_Hyde_Pierce,David_Hyde_Pierce/David_Hyde_Pierce_0002.jpg,True,1
2480,5,David_Hyde_Pierce,David_Hyde_Pierce/David_Hyde_Pierce_0001.jpg,True,David_Hyde_Pierce,David_Hyde_Pierce/David_Hyde_Pierce_0003.jpg,True,1
2481,5,David_Hyde_Pierce,David_Hyde_Pierce/David_Hyde_Pierce_0002.jpg,True,David_Hyde_Pierce,David_Hyde_Pierce/David_Hyde_Pierce_0003.jpg,True,1
2482,5,David_Hyde_Pierce,David_Hyde_Pierce/David_Hyde_Pierce_0002.jpg,True,David_Hyde_Pierce,David_Hyde_Pierce/David_Hyde_Pierce_0004.jpg,True,1
2483,5,David_Myers,David_Myers/David_Myers_0001.jpg,True,David_Myers,David_Myers/David_Myers_0002.jpg,True,1
2484,5,David_Nalbandian,David_Nalbandian/David_Nalbandian_0001.jpg,True,David_Nalbandian,David_Nalbandian/David_Nalbandian_0003.jpg,True,1
2485,5,David_Nalbandian,David_Nalbandian/David_Nalbandian_0002.jpg,True,David_Nalbandian,David_Nalbandian/David_Nalbandian_0009.jpg,True,1
2486,5,David_Nalbandian,David_Nalbandian/David_Nalbandian_0003.jpg,True,David_Nalbandian,David_Nalbandian/David_Nalbandian_0004.jpg,True,1
2487,5,David_Nalbandian,David_Nalbandian/David_Nalbandian_0004.jpg,True,David_Nalbandian,David_Nalbandian/David_Nalbandian_0013.jpg,True,1
2488,5,David_Nalbandian,David_Nalbandian/David_Nalbandian_0011.jpg,True,David_Nalbandian,David_Nalbandian/David_Nalbandian_0012.jpg,True,1
2489,5,David_Stern,David_Stern/David_Stern_0001.jpg,False,David_Stern,David_Stern/David_Stern_0002.jpg,False,1
2490,5,David_Stern,David_Stern/David_Stern_0002.jpg,False,David_Stern,David_Stern/David_Stern_0003.jpg,False,1
2491,5,Derek_Jeter,Derek_Jeter/Derek_Jeter_0002.jpg,True,Derek_Jeter,Derek_Jeter/Derek_Jeter_0003.jpg,True,1
2492,5,Derek_Jeter,Derek_Jeter/Derek_Jeter_0002.jpg,True,Derek_Jeter,Derek_Jeter/Derek_Jeter_0004.jpg,True,1
2493,5,Donatella_Versace,Donatella_Versace/Donatella_Versace_0001.jpg,True,Donatella_Versace,Donatella_Versace/Donatella_Versace_0003.jpg,True,1
2494,5,Donatella_Versace,Donatella_Versace/Donatella_Versace_0002.jpg,True,Donatella_Versace,Donatella_Versace/Donatella_Versace_0003.jpg,True,1
2495,5,Donna_Shalala,Donna_Shalala/Donna_Shalala_0001.jpg,False,Donna_Shalala,Donna_Shalala/Donna_Shalala_0002.jpg,False,1
2496,5,Edmund_Hillary,Edmund_Hillary/Edmund_Hillary_0001.jpg,False,Edmund_Hillary,Edmund_Hillary/Edmund_Hillary_0002.jpg,False,1
2497,5,Edmund_Hillary,Edmund_Hillary/Edmund_Hillary_0001.jpg,False,Edmund_Hillary,Edmund_Hillary/Edmund_Hillary_0003.jpg,False,1
2498,5,Edmund_Hillary,Edmund_Hillary/Edmund_Hillary_0002.jpg,False,Edmund_Hillary,Edmund_Hillary/Edmund_Hillary_0003.jpg,False,1
2499,5,Elisabeth_Schumacher,Elisabeth_Schumacher/Elisabeth_Schumacher_0001.jpg,True,Elisabeth_Schumacher,Elisabeth_Schumacher/Elisabeth_Schumacher_0002.jpg,True,1
2500,5,Elizabeth_Smart,Elizabeth_Smart/Elizabeth_Smart_0003.jpg,False,Elizabeth_Smart,Elizabeth_Smart/Elizabeth_Smart_0005.jpg,False,1
2501,5,Erin_Runnion,Erin_Runnion/Erin_Runnion_0001.jpg,True,Erin_Runnion,Erin_Runnion/Erin_Runnion_0003.jpg,True,1
2502,5,Erin_Runnion,Erin_Runnion/Erin_Runnion_0002.jpg,True,Erin_Runnion,Erin_Runnion/Erin_Runnion_0003.jpg,True,1
2503,5,Erin_Runnion,Erin_Runnion/Erin_Runnion_0002.jpg,True,Erin_Runnion,Erin_Runnion/Erin_Runnion_0004.jpg,True,1
2504,5,Erin_Runnion,Erin_Runnion/Erin_Runnion_0003.jpg,True,Erin_Runnion,Erin_Runnion/Erin_Runnion_0004.jpg,True,1
2505,5,Fernando_Henrique_Cardoso,Fernando_Henrique_Cardoso/Fernando_Henrique_Cardoso_0001.jpg,True,Fernando_Henrique_Cardoso,Fernando_Henrique_Cardoso/Fernando_Henrique_Cardoso_0002.jpg,True,1
2506,5,Fernando_Henrique_Cardoso,Fernando_Henrique_Cardoso/Fernando_Henrique_Cardoso_0001.jpg,True,Fernando_Henrique_Cardoso,Fernando_Henrique_Cardoso/Fernando_Henrique_Cardoso_0003.jpg,True,1
2507,5,Fernando_Henrique_Cardoso,Fernando_Henrique_Cardoso/Fernando_Henrique_Cardoso_0001.jpg,True,Fernando_Henrique_Cardoso,Fernando_Henrique_Cardoso/Fernando_Henrique_Cardoso_0004.jpg,True,1
2508,5,Fernando_Henrique_Cardoso,Fernando_Henrique_Cardoso/Fernando_Henrique_Cardoso_0002.jpg,True,Fernando_Henrique_Cardoso,Fernando_Henrique_Cardoso/Fernando_Henrique_Cardoso_0007.jpg,True,1
2509,5,Fernando_Henrique_Cardoso,Fernando_Henrique_Cardoso/Fernando_Henrique_Cardoso_0005.jpg,True,Fernando_Henrique_Cardoso,Fernando_Henrique_Cardoso/Fernando_Henrique_Cardoso_0007.jpg,True,1
2510,5,Fernando_Henrique_Cardoso,Fernando_Henrique_Cardoso/Fernando_Henrique_Cardoso_0006.jpg,True,Fernando_Henrique_Cardoso,Fernando_Henrique_Cardoso/Fernando_Henrique_Cardoso_0007.jpg,True,1
2511,5,Francis_Mer,Francis_Mer/Francis_Mer_0001.jpg,False,Francis_Mer,Francis_Mer/Francis_Mer_0002.jpg,False,1
2512,5,Franz_Fischler,Franz_Fischler/Franz_Fischler_0001.jpg,True,Franz_Fischler,Franz_Fischler/Franz_Fischler_0002.jpg,True,1
2513,5,Gary_Locke,Gary_Locke/Gary_Locke_0001.jpg,False,Gary_Locke,Gary_Locke/Gary_Locke_0002.jpg,False,1
2514,5,Gerry_Adams,Gerry_Adams/Gerry_Adams_0001.jpg,True,Gerry_Adams,Gerry_Adams/Gerry_Adams_0003.jpg,True,1
2515,5,Gerry_Adams,Gerry_Adams/Gerry_Adams_0001.jpg,True,Gerry_Adams,Gerry_Adams/Gerry_Adams_0007.jpg,True,1
2516,5,Gerry_Adams,Gerry_Adams/Gerry_Adams_0002.jpg,True,Gerry_Adams,Gerry_Adams/Gerry_Adams_0006.jpg,True,1
2517,5,Gerry_Adams,Gerry_Adams/Gerry_Adams_0003.jpg,True,Gerry_Adams,Gerry_Adams/Gerry_Adams_0005.jpg,True,1
2518,5,Gerry_Adams,Gerry_Adams/Gerry_Adams_0004.jpg,True,Gerry_Adams,Gerry_Adams/Gerry_Adams_0006.jpg,True,1
2519,5,Gerry_Adams,Gerry_Adams/Gerry_Adams_0005.jpg,True,Gerry_Adams,Gerry_Adams/Gerry_Adams_0006.jpg,True,1
2520,5,Gianna_Angelopoulos-Daskalaki,Gianna_Angelopoulos-Daskalaki/Gianna_Angelopoulos-Daskalaki_0001.jpg,True,Gianna_Angelopoulos-Daskalaki,Gianna_Angelopoulos-Daskalaki/Gianna_Angelopoulos-Daskalaki_0002.jpg,True,1
2521,5,Gil_de_Ferran,Gil_de_Ferran/Gil_de_Ferran_0001.jpg,False,Gil_de_Ferran,Gil_de_Ferran/Gil_de_Ferran_0005.jpg,False,1
2522,5,Gil_de_Ferran,Gil_de_Ferran/Gil_de_Ferran_0002.jpg,False,Gil_de_Ferran,Gil_de_Ferran/Gil_de_Ferran_0004.jpg,False,1
2523,5,Gil_de_Ferran,Gil_de_Ferran/Gil_de_Ferran_0003.jpg,False,Gil_de_Ferran,Gil_de_Ferran/Gil_de_Ferran_0005.jpg,False,1
2524,5,Goh_Kun,Goh_Kun/Goh_Kun_0001.jpg,False,Goh_Kun,Goh_Kun/Goh_Kun_0002.jpg,False,1
2525,5,Grady_Irvin_Jr,Grady_Irvin_Jr/Grady_Irvin_Jr_0001.jpg,False,Grady_Irvin_Jr,Grady_Irvin_Jr/Grady_Irvin_Jr_0002.jpg,False,1
2526,5,Gunter_Pleuger,Gunter_Pleuger/Gunter_Pleuger_0003.jpg,False,Gunter_Pleuger,Gunter_Pleuger/Gunter_Pleuger_0005.jpg,False,1
2527,5,Gunter_Pleuger,Gunter_Pleuger/Gunter_Pleuger_0003.jpg,False,Gunter_Pleuger,Gunter_Pleuger/Gunter_Pleuger_0006.jpg,False,1
2528,5,Harry_Belafonte,Harry_Belafonte/Harry_Belafonte_0001.jpg,False,Harry_Belafonte,Harry_Belafonte/Harry_Belafonte_0002.jpg,False,1
2529,5,Harry_Schmidt,Harry_Schmidt/Harry_Schmidt_0001.jpg,False,Harry_Schmidt,Harry_Schmidt/Harry_Schmidt_0003.jpg,False,1
2530,5,Harry_Schmidt,Harry_Schmidt/Harry_Schmidt_0001.jpg,False,Harry_Schmidt,Harry_Schmidt/Harry_Schmidt_0004.jpg,False,1
2531,5,Harry_Schmidt,Harry_Schmidt/Harry_Schmidt_0002.jpg,False,Harry_Schmidt,Harry_Schmidt/Harry_Schmidt_0003.jpg,False,1
2532,5,Harry_Schmidt,Harry_Schmidt/Harry_Schmidt_0003.jpg,False,Harry_Schmidt,Harry_Schmidt/Harry_Schmidt_0004.jpg,False,1
2533,5,Helen_Clark,Helen_Clark/Helen_Clark_0002.jpg,True,Helen_Clark,Helen_Clark/Helen_Clark_0004.jpg,True,1
2534,5,Hermann_Maier,Hermann_Maier/Hermann_Maier_0001.jpg,False,Hermann_Maier,Hermann_Maier/Hermann_Maier_0002.jpg,False,1
2535,5,Ian_Thorpe,Ian_Thorpe/Ian_Thorpe_0001.jpg,True,Ian_Thorpe,Ian_Thorpe/Ian_Thorpe_0007.jpg,True,1
2536,5,Ian_Thorpe,Ian_Thorpe/Ian_Thorpe_0001.jpg,True,Ian_Thorpe,Ian_Thorpe/Ian_Thorpe_0010.jpg,True,1
2537,5,Ian_Thorpe,Ian_Thorpe/Ian_Thorpe_0003.jpg,True,Ian_Thorpe,Ian_Thorpe/Ian_Thorpe_0009.jpg,True,1
2538,5,Ian_Thorpe,Ian_Thorpe/Ian_Thorpe_0005.jpg,True,Ian_Thorpe,Ian_Thorpe/Ian_Thorpe_0007.jpg,True,1
2539,5,Ian_Thorpe,Ian_Thorpe/Ian_Thorpe_0006.jpg,True,Ian_Thorpe,Ian_Thorpe/Ian_Thorpe_0010.jpg,True,1
2540,5,Isabelle_Huppert,Isabelle_Huppert/Isabelle_Huppert_0001.jpg,False,Isabelle_Huppert,Isabelle_Huppert/Isabelle_Huppert_0002.jpg,False,1
2541,5,James_Butts,James_Butts/James_Butts_0001.jpg,False,James_Butts,James_Butts/James_Butts_0002.jpg,False,1
2542,5,Jan-Michael_Gambill,Jan-Michael_Gambill/Jan-Michael_Gambill_0001.jpg,True,Jan-Michael_Gambill,Jan-Michael_Gambill/Jan-Michael_Gambill_0002.jpg,True,1
2543,5,Jan-Michael_Gambill,Jan-Michael_Gambill/Jan-Michael_Gambill_0002.jpg,True,Jan-Michael_Gambill,Jan-Michael_Gambill/Jan-Michael_Gambill_0003.jpg,True,1
2544,5,Jean-Francois_Pontal,Jean-Francois_Pontal/Jean-Francois_Pontal_0001.jpg,True,Jean-Francois_Pontal,Jean-Francois_Pontal/Jean-Francois_Pontal_0003.jpg,True,1
2545,5,Jean-Marc_de_La_Sabliere,Jean-Marc_de_La_Sabliere/Jean-Marc_de_La_Sabliere_0001.jpg,False,Jean-Marc_de_La_Sabliere,Jean-Marc_de_La_Sabliere/Jean-Marc_de_La_Sabliere_0002.jpg,False,1
2546,5,Jean-Sebastien_Giguere,Jean-Sebastien_Giguere/Jean-Sebastien_Giguere_0001.jpg,False,Jean-Sebastien_Giguere,Jean-Sebastien_Giguere/Jean-Sebastien_Giguere_0002.jpg,False,1
2547,5,Jeb_Bush,Jeb_Bush/Jeb_Bush_0001.jpg,True,Jeb_Bush,Jeb_Bush/Jeb_Bush_0006.jpg,True,1
2548,5,Jeb_Bush,Jeb_Bush/Jeb_Bush_0002.jpg,True,Jeb_Bush,Jeb_Bush/Jeb_Bush_0006.jpg,True,1
2549,5,Jeb_Bush,Jeb_Bush/Jeb_Bush_0005.jpg,True,Jeb_Bush,Jeb_Bush/Jeb_Bush_0007.jpg,True,1
2550,5,Jeffrey_Jones,Jeffrey_Jones/Jeffrey_Jones_0001.jpg,False,Jeffrey_Jones,Jeffrey_Jones/Jeffrey_Jones_0002.jpg,False,1
2551,5,Jim_OBrien,Jim_OBrien/Jim_OBrien_0001.jpg,False,Jim_OBrien,Jim_OBrien/Jim_OBrien_0002.jpg,False,1
2552,5,Jim_OBrien,Jim_OBrien/Jim_OBrien_0001.jpg,False,Jim_OBrien,Jim_OBrien/Jim_OBrien_0003.jpg,False,1
2553,5,Joe_Gatti,Joe_Gatti/Joe_Gatti_0001.jpg,False,Joe_Gatti,Joe_Gatti/Joe_Gatti_0002.jpg,False,1
2554,5,John_Cusack,John_Cusack/John_Cusack_0001.jpg,False,John_Cusack,John_Cusack/John_Cusack_0002.jpg,False,1
2555,5,John_Edwards,John_Edwards/John_Edwards_0001.jpg,True,John_Edwards,John_Edwards/John_Edwards_0003.jpg,True,1
2556,5,John_Edwards,John_Edwards/John_Edwards_0001.jpg,True,John_Edwards,John_Edwards/John_Edwards_0007.jpg,True,1
2557,5,John_Edwards,John_Edwards/John_Edwards_0002.jpg,True,John_Edwards,John_Edwards/John_Edwards_0005.jpg,True,1
2558,5,John_Edwards,John_Edwards/John_Edwards_0003.jpg,True,John_Edwards,John_Edwards/John_Edwards_0007.jpg,True,1
2559,5,John_Edwards,John_Edwards/John_Edwards_0004.jpg,True,John_Edwards,John_Edwards/John_Edwards_0006.jpg,True,1
2560,5,John_Edwards,John_Edwards/John_Edwards_0004.jpg,True,John_Edwards,John_Edwards/John_Edwards_0008.jpg,True,1
2561,5,John_Edwards,John_Edwards/John_Edwards_0006.jpg,True,John_Edwards,John_Edwards/John_Edwards_0007.jpg,True,1
2562,5,John_Spencer,John_Spencer/John_Spencer_0001.jpg,True,John_Spencer,John_Spencer/John_Spencer_0002.jpg,True,1
2563,5,John_Taylor,John_Taylor/John_Taylor_0001.jpg,True,John_Taylor,John_Taylor/John_Taylor_0002.jpg,True,1
2564,5,John_Walsh,John_Walsh/John_Walsh_0001.jpg,False,John_Walsh,John_Walsh/John_Walsh_0002.jpg,False,1
2565,5,Jolanta_Kwasniewski,Jolanta_Kwasniewski/Jolanta_Kwasniewski_0001.jpg,False,Jolanta_Kwasniewski,Jolanta_Kwasniewski/Jolanta_Kwasniewski_0002.jpg,False,1
2566,5,Jose_Mourinho,Jose_Mourinho/Jose_Mourinho_0001.jpg,False,Jose_Mourinho,Jose_Mourinho/Jose_Mourinho_0002.jpg,False,1
2567,5,Juergen_Peters,Juergen_Peters/Juergen_Peters_0001.jpg,False,Juergen_Peters,Juergen_Peters/Juergen_Peters_0002.jpg,False,1
2568,5,Kalpana_Chawla,Kalpana_Chawla/Kalpana_Chawla_0001.jpg,True,Kalpana_Chawla,Kalpana_Chawla/Kalpana_Chawla_0004.jpg,True,1
2569,5,Kalpana_Chawla,Kalpana_Chawla/Kalpana_Chawla_0002.jpg,True,Kalpana_Chawla,Kalpana_Chawla/Kalpana_Chawla_0003.jpg,True,1
2570,5,Kalpana_Chawla,Kalpana_Chawla/Kalpana_Chawla_0002.jpg,True,Kalpana_Chawla,Kalpana_Chawla/Kalpana_Chawla_0005.jpg,True,1
2571,5,Kalpana_Chawla,Kalpana_Chawla/Kalpana_Chawla_0003.jpg,True,Kalpana_Chawla,Kalpana_Chawla/Kalpana_Chawla_0004.jpg,True,1
2572,5,Kelli_White,Kelli_White/Kelli_White_0001.jpg,False,Kelli_White,Kelli_White/Kelli_White_0002.jpg,False,1
2573,5,Kim_Jin-sun,Kim_Jin-sun/Kim_Jin-sun_0001.jpg,False,Kim_Jin-sun,Kim_Jin-sun/Kim_Jin-sun_0002.jpg,False,1
2574,5,Lana_Clarkson,Lana_Clarkson/Lana_Clarkson_0001.jpg,False,Lana_Clarkson,Lana_Clarkson/Lana_Clarkson_0002.jpg,False,1
2575,5,Laura_Hernandez,Laura_Hernandez/Laura_Hernandez_0001.jpg,False,Laura_Hernandez,Laura_Hernandez/Laura_Hernandez_0002.jpg,False,1
2576,5,Laura_Linney,Laura_Linney/Laura_Linney_0001.jpg,True,Laura_Linney,Laura_Linney/Laura_Linney_0002.jpg,True,1
2577,5,Laura_Linney,Laura_Linney/Laura_Linney_0001.jpg,True,Laura_Linney,Laura_Linney/Laura_Linney_0003.jpg,True,1
2578,5,Laura_Linney,Laura_Linney/Laura_Linney_0002.jpg,True,Laura_Linney,Laura_Linney/Laura_Linney_0004.jpg,True,1
2579,5,Laura_Linney,Laura_Linney/Laura_Linney_0003.jpg,True,Laura_Linney,Laura_Linney/Laura_Linney_0004.jpg,True,1
2580,5,Lenny_Wilkens,Lenny_Wilkens/Lenny_Wilkens_0001.jpg,False,Lenny_Wilkens,Lenny_Wilkens/Lenny_Wilkens_0002.jpg,False,1
2581,5,Lenny_Wilkens,Lenny_Wilkens/Lenny_Wilkens_0001.jpg,False,Lenny_Wilkens,Lenny_Wilkens/Lenny_Wilkens_0003.jpg,False,1
2582,5,Lenny_Wilkens,Lenny_Wilkens/Lenny_Wilkens_0002.jpg,False,Lenny_Wilkens,Lenny_Wilkens/Lenny_Wilkens_0003.jpg,False,1
2583,5,Lloyd_Ward,Lloyd_Ward/Lloyd_Ward_0001.jpg,False,Lloyd_Ward,Lloyd_Ward/Lloyd_Ward_0002.jpg,False,1
2584,5,Mahathir_Mohamad,Mahathir_Mohamad/Mahathir_Mohamad_0001.jpg,True,Mahathir_Mohamad,Mahathir_Mohamad/Mahathir_Mohamad_0007.jpg,True,1
2585,5,Mahathir_Mohamad,Mahathir_Mohamad/Mahathir_Mohamad_0001.jpg,True,Mahathir_Mohamad,Mahathir_Mohamad/Mahathir_Mohamad_0012.jpg,True,1
2586,5,Mahathir_Mohamad,Mahathir_Mohamad/Mahathir_Mohamad_0006.jpg,True,Mahathir_Mohamad,Mahathir_Mohamad/Mahathir_Mohamad_0010.jpg,True,1
2587,5,Mark_Cuban,Mark_Cuban/Mark_Cuban_0001.jpg,False,Mark_Cuban,Mark_Cuban/Mark_Cuban_0002.jpg,False,1
2588,5,Mark_Heller,Mark_Heller/Mark_Heller_0001.jpg,True,Mark_Heller,Mark_Heller/Mark_Heller_0002.jpg,True,1
2589,5,Mark_Schweiker,Mark_Schweiker/Mark_Schweiker_0001.jpg,True,Mark_Schweiker,Mark_Schweiker/Mark_Schweiker_0002.jpg,True,1
2590,5,Marty_Mornhinweg,Marty_Mornhinweg/Marty_Mornhinweg_0001.jpg,True,Marty_Mornhinweg,Marty_Mornhinweg/Marty_Mornhinweg_0002.jpg,True,1
2591,5,Marty_Mornhinweg,Marty_Mornhinweg/Marty_Mornhinweg_0001.jpg,True,Marty_Mornhinweg,Marty_Mornhinweg/Marty_Mornhinweg_0003.jpg,True,1
2592,5,Marty_Mornhinweg,Marty_Mornhinweg/Marty_Mornhinweg_0002.jpg,True,Marty_Mornhinweg,Marty_Mornhinweg/Marty_Mornhinweg_0003.jpg,True,1
2593,5,Michael_Phelps,Michael_Phelps/Michael_Phelps_0001.jpg,False,Michael_Phelps,Michael_Phelps/Michael_Phelps_0002.jpg,False,1
2594,5,Michael_Phelps,Michael_Phelps/Michael_Phelps_0002.jpg,False,Michael_Phelps,Michael_Phelps/Michael_Phelps_0004.jpg,False,1
2595,5,Mick_Jagger,Mick_Jagger/Mick_Jagger_0002.jpg,False,Mick_Jagger,Mick_Jagger/Mick_Jagger_0004.jpg,False,1
2596,5,Miguel_Estrada,Miguel_Estrada/Miguel_Estrada_0001.jpg,True,Miguel_Estrada,Miguel_Estrada/Miguel_Estrada_0002.jpg,True,1
2597,5,Mike_Myers,Mike_Myers/Mike_Myers_0001.jpg,True,Mike_Myers,Mike_Myers/Mike_Myers_0006.jpg,True,1
2598,5,Mike_Myers,Mike_Myers/Mike_Myers_0002.jpg,True,Mike_Myers,Mike_Myers/Mike_Myers_0003.jpg,True,1
2599,5,Mike_Myers,Mike_Myers/Mike_Myers_0002.jpg,True,Mike_Myers,Mike_Myers/Mike_Myers_0004.jpg,True,1
2600,5,Mike_Myers,Mike_Myers/Mike_Myers_0002.jpg,True,Mike_Myers,Mike_Myers/Mike_Myers_0005.jpg,True,1
2601,5,Nadine_Vinzens,Nadine_Vinzens/Nadine_Vinzens_0001.jpg,True,Nadine_Vinzens,Nadine_Vinzens/Nadine_Vinzens_0002.jpg,True,1
2602,5,Nathan_Lane,Nathan_Lane/Nathan_Lane_0001.jpg,False,Nathan_Lane,Nathan_Lane/Nathan_Lane_0002.jpg,False,1
2603,5,Nicolas_Cage,Nicolas_Cage/Nicolas_Cage_0001.jpg,False,Nicolas_Cage,Nicolas_Cage/Nicolas_Cage_0002.jpg,False,1
2604,5,Nicolas_Cage,Nicolas_Cage/Nicolas_Cage_0002.jpg,False,Nicolas_Cage,Nicolas_Cage/Nicolas_Cage_0004.jpg,False,1
2605,5,Nicolas_Cage,Nicolas_Cage/Nicolas_Cage_0003.jpg,False,Nicolas_Cage,Nicolas_Cage/Nicolas_Cage_0004.jpg,False,1
2606,5,Nicole_Kidman,Nicole_Kidman/Nicole_Kidman_0003.jpg,True,Nicole_Kidman,Nicole_Kidman/Nicole_Kidman_0011.jpg,True,1
2607,5,Nicole_Kidman,Nicole_Kidman/Nicole_Kidman_0008.jpg,True,Nicole_Kidman,Nicole_Kidman/Nicole_Kidman_0017.jpg,True,1
2608,5,Nicole_Kidman,Nicole_Kidman/Nicole_Kidman_0011.jpg,True,Nicole_Kidman,Nicole_Kidman/Nicole_Kidman_0013.jpg,True,1
2609,5,Nicole_Kidman,Nicole_Kidman/Nicole_Kidman_0013.jpg,True,Nicole_Kidman,Nicole_Kidman/Nicole_Kidman_0014.jpg,True,1
2610,5,Nicole_Kidman,Nicole_Kidman/Nicole_Kidman_0015.jpg,True,Nicole_Kidman,Nicole_Kidman/Nicole_Kidman_0019.jpg,True,1
2611,5,Omar_Sharif,Omar_Sharif/Omar_Sharif_0001.jpg,False,Omar_Sharif,Omar_Sharif/Omar_Sharif_0002.jpg,False,1
2612,5,Omar_Sharif,Omar_Sharif/Omar_Sharif_0001.jpg,False,Omar_Sharif,Omar_Sharif/Omar_Sharif_0003.jpg,False,1
2613,5,Omar_Sharif,Omar_Sharif/Omar_Sharif_0001.jpg,False,Omar_Sharif,Omar_Sharif/Omar_Sharif_0004.jpg,False,1
2614,5,Omar_Sharif,Omar_Sharif/Omar_Sharif_0002.jpg,False,Omar_Sharif,Omar_Sharif/Omar_Sharif_0003.jpg,False,1
2615,5,Parris_Glendening,Parris_Glendening/Parris_Glendening_0001.jpg,True,Parris_Glendening,Parris_Glendening/Parris_Glendening_0002.jpg,True,1
2616,5,Patrick_Leahy,Patrick_Leahy/Patrick_Leahy_0001.jpg,True,Patrick_Leahy,Patrick_Leahy/Patrick_Leahy_0002.jpg,True,1
2617,5,Patrick_McEnroe,Patrick_McEnroe/Patrick_McEnroe_0001.jpg,False,Patrick_McEnroe,Patrick_McEnroe/Patrick_McEnroe_0002.jpg,False,1
2618,5,Patrick_Stewart,Patrick_Stewart/Patrick_Stewart_0001.jpg,False,Patrick_Stewart,Patrick_Stewart/Patrick_Stewart_0002.jpg,False,1
2619,5,Paul_Gascoigne,Paul_Gascoigne/Paul_Gascoigne_0001.jpg,False,Paul_Gascoigne,Paul_Gascoigne/Paul_Gascoigne_0003.jpg,False,1
2620,5,Peter_Hillary,Peter_Hillary/Peter_Hillary_0001.jpg,False,Peter_Hillary,Peter_Hillary/Peter_Hillary_0002.jpg,False,1
2621,5,Phan_Van_Khai,Phan_Van_Khai/Phan_Van_Khai_0001.jpg,True,Phan_Van_Khai,Phan_Van_Khai/Phan_Van_Khai_0002.jpg,True,1
2622,5,Phan_Van_Khai,Phan_Van_Khai/Phan_Van_Khai_0001.jpg,True,Phan_Van_Khai,Phan_Van_Khai/Phan_Van_Khai_0003.jpg,True,1
2623,5,Phan_Van_Khai,Phan_Van_Khai/Phan_Van_Khai_0002.jpg,True,Phan_Van_Khai,Phan_Van_Khai/Phan_Van_Khai_0003.jpg,True,1
2624,5,Prince_Claus,Prince_Claus/Prince_Claus_0001.jpg,True,Prince_Claus,Prince_Claus/Prince_Claus_0004.jpg,True,1
2625,5,Prince_Claus,Prince_Claus/Prince_Claus_0002.jpg,True,Prince_Claus,Prince_Claus/Prince_Claus_0003.jpg,True,1
2626,5,Prince_Claus,Prince_Claus/Prince_Claus_0002.jpg,True,Prince_Claus,Prince_Claus/Prince_Claus_0004.jpg,True,1
2627,5,Raghad_Saddam_Hussein,Raghad_Saddam_Hussein/Raghad_Saddam_Hussein_0001.jpg,False,Raghad_Saddam_Hussein,Raghad_Saddam_Hussein/Raghad_Saddam_Hussein_0002.jpg,False,1
2628,5,Ray_Allen,Ray_Allen/Ray_Allen_0001.jpg,False,Ray_Allen,Ray_Allen/Ray_Allen_0002.jpg,False,1
2629,5,Ray_Allen,Ray_Allen/Ray_Allen_0002.jpg,False,Ray_Allen,Ray_Allen/Ray_Allen_0003.jpg,False,1
2630,5,Richard_Crenna,Richard_Crenna/Richard_Crenna_0001.jpg,False,Richard_Crenna,Richard_Crenna/Richard_Crenna_0002.jpg,False,1
2631,5,Richard_Gere,Richard_Gere/Richard_Gere_0001.jpg,True,Richard_Gere,Richard_Gere/Richard_Gere_0010.jpg,True,1
2632,5,Richard_Gere,Richard_Gere/Richard_Gere_0006.jpg,True,Richard_Gere,Richard_Gere/Richard_Gere_0009.jpg,True,1
2633,5,Richard_Myers,Richard_Myers/Richard_Myers_0001.jpg,True,Richard_Myers,Richard_Myers/Richard_Myers_0002.jpg,True,1
2634,5,Richard_Myers,Richard_Myers/Richard_Myers_0001.jpg,True,Richard_Myers,Richard_Myers/Richard_Myers_0004.jpg,True,1
2635,5,Richard_Myers,Richard_Myers/Richard_Myers_0004.jpg,True,Richard_Myers,Richard_Myers/Richard_Myers_0008.jpg,True,1
2636,5,Richard_Myers,Richard_Myers/Richard_Myers_0015.jpg,True,Richard_Myers,Richard_Myers/Richard_Myers_0016.jpg,True,1
2637,5,Rick_Romley,Rick_Romley/Rick_Romley_0001.jpg,False,Rick_Romley,Rick_Romley/Rick_Romley_0003.jpg,False,1
2638,5,Rob_Lowe,Rob_Lowe/Rob_Lowe_0001.jpg,True,Rob_Lowe,Rob_Lowe/Rob_Lowe_0003.jpg,True,1
2639,5,Rob_Lowe,Rob_Lowe/Rob_Lowe_0001.jpg,True,Rob_Lowe,Rob_Lowe/Rob_Lowe_0004.jpg,True,1
2640,5,Rob_Lowe,Rob_Lowe/Rob_Lowe_0002.jpg,True,Rob_Lowe,Rob_Lowe/Rob_Lowe_0003.jpg,True,1
2641,5,Rob_Lowe,Rob_Lowe/Rob_Lowe_0003.jpg,True,Rob_Lowe,Rob_Lowe/Rob_Lowe_0004.jpg,True,1
2642,5,Robby_Ginepri,Robby_Ginepri/Robby_Ginepri_0001.jpg,False,Robby_Ginepri,Robby_Ginepri/Robby_Ginepri_0002.jpg,False,1
2643,5,Robert_Witt,Robert_Witt/Robert_Witt_0001.jpg,False,Robert_Witt,Robert_Witt/Robert_Witt_0002.jpg,False,1
2644,5,Rod_Blagojevich,Rod_Blagojevich/Rod_Blagojevich_0001.jpg,True,Rod_Blagojevich,Rod_Blagojevich/Rod_Blagojevich_0002.jpg,True,1
2645,5,Rolandas_Paksas,Rolandas_Paksas/Rolandas_Paksas_0001.jpg,False,Rolandas_Paksas,Rolandas_Paksas/Rolandas_Paksas_0002.jpg,False,1
2646,5,Russell_Coutts,Russell_Coutts/Russell_Coutts_0001.jpg,False,Russell_Coutts,Russell_Coutts/Russell_Coutts_0002.jpg,False,1
2647,5,Ruth_Dreifuss,Ruth_Dreifuss/Ruth_Dreifuss_0001.jpg,True,Ruth_Dreifuss,Ruth_Dreifuss/Ruth_Dreifuss_0002.jpg,True,1
2648,5,Sally_Kirkland,Sally_Kirkland/Sally_Kirkland_0001.jpg,False,Sally_Kirkland,Sally_Kirkland/Sally_Kirkland_0004.jpg,False,1
2649,5,Sean_Patrick_OMalley,Sean_Patrick_OMalley/Sean_Patrick_OMalley_0001.jpg,False,Sean_Patrick_OMalley,Sean_Patrick_OMalley/Sean_Patrick_OMalley_0003.jpg,False,1
2650,5,Sebastian_Saja,Sebastian_Saja/Sebastian_Saja_0001.jpg,False,Sebastian_Saja,Sebastian_Saja/Sebastian_Saja_0002.jpg,False,1
2651,5,Sebastian_Saja,Sebastian_Saja/Sebastian_Saja_0001.jpg,False,Sebastian_Saja,Sebastian_Saja/Sebastian_Saja_0003.jpg,False,1
2652,5,Sila_Calderon,Sila_Calderon/Sila_Calderon_0001.jpg,True,Sila_Calderon,Sila_Calderon/Sila_Calderon_0002.jpg,True,1
2653,5,Sila_Calderon,Sila_Calderon/Sila_Calderon_0001.jpg,True,Sila_Calderon,Sila_Calderon/Sila_Calderon_0003.jpg,True,1
2654,5,Sila_Calderon,Sila_Calderon/Sila_Calderon_0001.jpg,True,Sila_Calderon,Sila_Calderon/Sila_Calderon_0004.jpg,True,1
2655,5,Sila_Calderon,Sila_Calderon/Sila_Calderon_0002.jpg,True,Sila_Calderon,Sila_Calderon/Sila_Calderon_0003.jpg,True,1
2656,5,Stanley_Tong,Stanley_Tong/Stanley_Tong_0001.jpg,True,Stanley_Tong,Stanley_Tong/Stanley_Tong_0002.jpg,True,1
2657,5,Steve_Park,Steve_Park/Steve_Park_0001.jpg,False,Steve_Park,Steve_Park/Steve_Park_0002.jpg,False,1
2658,5,Susie_Castillo,Susie_Castillo/Susie_Castillo_0001.jpg,False,Susie_Castillo,Susie_Castillo/Susie_Castillo_0002.jpg,False,1
2659,5,Sylvester_Stallone,Sylvester_Stallone/Sylvester_Stallone_0001.jpg,True,Sylvester_Stallone,Sylvester_Stallone/Sylvester_Stallone_0005.jpg,True,1
2660,5,Sylvester_Stallone,Sylvester_Stallone/Sylvester_Stallone_0002.jpg,True,Sylvester_Stallone,Sylvester_Stallone/Sylvester_Stallone_0004.jpg,True,1
2661,5,Sylvester_Stallone,Sylvester_Stallone/Sylvester_Stallone_0003.jpg,True,Sylvester_Stallone,Sylvester_Stallone/Sylvester_Stallone_0008.jpg,True,1
2662,5,Sylvester_Stallone,Sylvester_Stallone/Sylvester_Stallone_0004.jpg,True,Sylvester_Stallone,Sylvester_Stallone/Sylvester_Stallone_0005.jpg,True,1
2663,5,Takashi_Sorimachi,Takashi_Sorimachi/Takashi_Sorimachi_0001.jpg,False,Takashi_Sorimachi,Takashi_Sorimachi/Takashi_Sorimachi_0002.jpg,False,1
2664,5,Tang_Jiaxuan,Tang_Jiaxuan/Tang_Jiaxuan_0002.jpg,True,Tang_Jiaxuan,Tang_Jiaxuan/Tang_Jiaxuan_0006.jpg,True,1
2665,5,Tang_Jiaxuan,Tang_Jiaxuan/Tang_Jiaxuan_0002.jpg,True,Tang_Jiaxuan,Tang_Jiaxuan/Tang_Jiaxuan_0011.jpg,True,1
2666,5,Tang_Jiaxuan,Tang_Jiaxuan/Tang_Jiaxuan_0004.jpg,True,Tang_Jiaxuan,Tang_Jiaxuan/Tang_Jiaxuan_0009.jpg,True,1
2667,5,Tang_Jiaxuan,Tang_Jiaxuan/Tang_Jiaxuan_0005.jpg,True,Tang_Jiaxuan,Tang_Jiaxuan/Tang_Jiaxuan_0009.jpg,True,1
2668,5,Tang_Jiaxuan,Tang_Jiaxuan/Tang_Jiaxuan_0007.jpg,True,Tang_Jiaxuan,Tang_Jiaxuan/Tang_Jiaxuan_0010.jpg,True,1
2669,5,Terje_Roed-Larsen,Terje_Roed-Larsen/Terje_Roed-Larsen_0001.jpg,False,Terje_Roed-Larsen,Terje_Roed-Larsen/Terje_Roed-Larsen_0002.jpg,False,1
2670,5,Thomas_Birmingham,Thomas_Birmingham/Thomas_Birmingham_0001.jpg,True,Thomas_Birmingham,Thomas_Birmingham/Thomas_Birmingham_0002.jpg,True,1
2671,5,Tiger_Woods,Tiger_Woods/Tiger_Woods_0002.jpg,True,Tiger_Woods,Tiger_Woods/Tiger_Woods_0006.jpg,True,1
2672,5,Tiger_Woods,Tiger_Woods/Tiger_Woods_0003.jpg,True,Tiger_Woods,Tiger_Woods/Tiger_Woods_0021.jpg,True,1
2673,5,Tiger_Woods,Tiger_Woods/Tiger_Woods_0005.jpg,True,Tiger_Woods,Tiger_Woods/Tiger_Woods_0011.jpg,True,1
2674,5,Tiger_Woods,Tiger_Woods/Tiger_Woods_0005.jpg,True,Tiger_Woods,Tiger_Woods/Tiger_Woods_0012.jpg,True,1
2675,5,Tiger_Woods,Tiger_Woods/Tiger_Woods_0006.jpg,True,Tiger_Woods,Tiger_Woods/Tiger_Woods_0018.jpg,True,1
2676,5,Tiger_Woods,Tiger_Woods/Tiger_Woods_0006.jpg,True,Tiger_Woods,Tiger_Woods/Tiger_Woods_0021.jpg,True,1
2677,5,Tiger_Woods,Tiger_Woods/Tiger_Woods_0009.jpg,True,Tiger_Woods,Tiger_Woods/Tiger_Woods_0012.jpg,True,1
2678,5,Tiger_Woods,Tiger_Woods/Tiger_Woods_0009.jpg,True,Tiger_Woods,Tiger_Woods/Tiger_Woods_0023.jpg,True,1
2679,5,Tiger_Woods,Tiger_Woods/Tiger_Woods_0016.jpg,True,Tiger_Woods,Tiger_Woods/Tiger_Woods_0018.jpg,True,1
2680,5,Tim_Curry,Tim_Curry/Tim_Curry_0001.jpg,True,Tim_Curry,Tim_Curry/Tim_Curry_0002.jpg,True,1
2681,5,Tom_Brady,Tom_Brady/Tom_Brady_0001.jpg,True,Tom_Brady,Tom_Brady/Tom_Brady_0002.jpg,True,1
2682,5,Toshihiko_Fukui,Toshihiko_Fukui/Toshihiko_Fukui_0001.jpg,False,Toshihiko_Fukui,Toshihiko_Fukui/Toshihiko_Fukui_0002.jpg,False,1
2683,5,Toshihiko_Fukui,Toshihiko_Fukui/Toshihiko_Fukui_0001.jpg,False,Toshihiko_Fukui,Toshihiko_Fukui/Toshihiko_Fukui_0003.jpg,False,1
2684,5,Uma_Thurman,Uma_Thurman/Uma_Thurman_0001.jpg,False,Uma_Thurman,Uma_Thurman/Uma_Thurman_0003.jpg,False,1
2685,5,Uma_Thurman,Uma_Thurman/Uma_Thurman_0002.jpg,False,Uma_Thurman,Uma_Thurman/Uma_Thurman_0003.jpg,False,1
2686,5,Vaclav_Klaus,Vaclav_Klaus/Vaclav_Klaus_0001.jpg,False,Vaclav_Klaus,Vaclav_Klaus/Vaclav_Klaus_0002.jpg,False,1
2687,5,Vanessa_Incontrada,Vanessa_Incontrada/Vanessa_Incontrada_0001.jpg,False,Vanessa_Incontrada,Vanessa_Incontrada/Vanessa_Incontrada_0002.jpg,False,1
2688,5,Vanessa_Incontrada,Vanessa_Incontrada/Vanessa_Incontrada_0001.jpg,False,Vanessa_Incontrada,Vanessa_Incontrada/Vanessa_Incontrada_0003.jpg,False,1
2689,5,Vanessa_Incontrada,Vanessa_Incontrada/Vanessa_Incontrada_0001.jpg,False,Vanessa_Incontrada,Vanessa_Incontrada/Vanessa_Incontrada_0004.jpg,False,1
2690,5,Vanessa_Incontrada,Vanessa_Incontrada/Vanessa_Incontrada_0002.jpg,False,Vanessa_Incontrada,Vanessa_Incontrada/Vanessa_Incontrada_0003.jpg,False,1
2691,5,Vanessa_Incontrada,Vanessa_Incontrada/Vanessa_Incontrada_0002.jpg,False,Vanessa_Incontrada,Vanessa_Incontrada/Vanessa_Incontrada_0004.jpg,False,1
2692,5,Vanessa_Incontrada,Vanessa_Incontrada/Vanessa_Incontrada_0003.jpg,False,Vanessa_Incontrada,Vanessa_Incontrada/Vanessa_Incontrada_0004.jpg,False,1
2693,5,Vin_Diesel,Vin_Diesel/Vin_Diesel_0001.jpg,False,Vin_Diesel,Vin_Diesel/Vin_Diesel_0002.jpg,False,1
2694,5,Vladimir_Spidla,Vladimir_Spidla/Vladimir_Spidla_0001.jpg,False,Vladimir_Spidla,Vladimir_Spidla/Vladimir_Spidla_0002.jpg,False,1
2695,5,Vladimir_Spidla,Vladimir_Spidla/Vladimir_Spidla_0001.jpg,False,Vladimir_Spidla,Vladimir_Spidla/Vladimir_Spidla_0003.jpg,False,1
2696,5,Vladimir_Spidla,Vladimir_Spidla/Vladimir_Spidla_0002.jpg,False,Vladimir_Spidla,Vladimir_Spidla/Vladimir_Spidla_0003.jpg,False,1
2697,5,Win_Aung,Win_Aung/Win_Aung_0001.jpg,True,Win_Aung,Win_Aung/Win_Aung_0003.jpg,True,1
2698,5,Win_Aung,Win_Aung/Win_Aung_0001.jpg,True,Win_Aung,Win_Aung/Win_Aung_0004.jpg,True,1
2699,5,Zhang_Ziyi,Zhang_Ziyi/Zhang_Ziyi_0001.jpg,False,Zhang_Ziyi,Zhang_Ziyi/Zhang_Ziyi_0003.jpg,False,1
2700,5,Zhang_Ziyi,Zhang_Ziyi/Zhang_Ziyi_0002.jpg,False,Zhang_Ziyi,Zhang_Ziyi/Zhang_Ziyi_0003.jpg,False,1
2701,5,Adrian_Annus,Adrian_Annus/Adrian_Annus_0001.jpg,False,Jorge_Marquez-Ruarte,Jorge_Marquez-Ruarte/Jorge_Marquez-Ruarte_0001.jpg,False,0
2702,5,Adrian_Annus,Adrian_Annus/Adrian_Annus_0001.jpg,False,Patrick_Bourrat,Patrick_Bourrat/Patrick_Bourrat_0001.jpg,True,0
2703,5,Adrian_Murrell,Adrian_Murrell/Adrian_Murrell_0001.jpg,False,Jose_Cevallos,Jose_Cevallos/Jose_Cevallos_0001.jpg,False,0
2704,5,Adrian_Murrell,Adrian_Murrell/Adrian_Murrell_0001.jpg,False,Paul_Brandt,Paul_Brandt/Paul_Brandt_0001.jpg,True,0
2705,5,Ahmed_Ibrahim_Bilal,Ahmed_Ibrahim_Bilal/Ahmed_Ibrahim_Bilal_0001.jpg,True,Beatrice_Dalle,Beatrice_Dalle/Beatrice_Dalle_0001.jpg,False,0
2706,5,Ahmed_Ibrahim_Bilal,Ahmed_Ibrahim_Bilal/Ahmed_Ibrahim_Bilal_0001.jpg,True,Lee_Chang-dong,Lee_Chang-dong/Lee_Chang-dong_0001.jpg,True,0
2707,5,Aileen_Riggin_Soule,Aileen_Riggin_Soule/Aileen_Riggin_Soule_0001.jpg,True,Norio_Ohga,Norio_Ohga/Norio_Ohga_0001.jpg,False,0
2708,5,Aitor_Gonzalez,Aitor_Gonzalez/Aitor_Gonzalez_0002.jpg,True,Horace_Donovan_Reid,Horace_Donovan_Reid/Horace_Donovan_Reid_0001.jpg,True,0
2709,5,Ajit_Agarkar,Ajit_Agarkar/Ajit_Agarkar_0001.jpg,False,Jesse_James,Jesse_James/Jesse_James_0001.jpg,False,0
2710,5,Akbar_Al_Baker,Akbar_Al_Baker/Akbar_Al_Baker_0001.jpg,False,Andrei_Konchalovsky,Andrei_Konchalovsky/Andrei_Konchalovsky_0001.jpg,True,0
2711,5,Akbar_Al_Baker,Akbar_Al_Baker/Akbar_Al_Baker_0001.jpg,False,Bobby_Goldwater,Bobby_Goldwater/Bobby_Goldwater_0001.jpg,False,0
2712,5,Alain_Cervantes,Alain_Cervantes/Alain_Cervantes_0001.jpg,False,Bob_Huggins,Bob_Huggins/Bob_Huggins_0003.jpg,True,0
2713,5,Alain_Cervantes,Alain_Cervantes/Alain_Cervantes_0001.jpg,False,Pierre_Png,Pierre_Png/Pierre_Png_0001.jpg,True,0
2714,5,Alanna_Ubach,Alanna_Ubach/Alanna_Ubach_0001.jpg,False,Paul_Gascoigne,Paul_Gascoigne/Paul_Gascoigne_0001.jpg,False,0
2715,5,Alec_Baldwin,Alec_Baldwin/Alec_Baldwin_0004.jpg,True,Goh_Kun,Goh_Kun/Goh_Kun_0002.jpg,False,0
2716,5,Alex_Holmes,Alex_Holmes/Alex_Holmes_0001.jpg,False,Beatrice_Dalle,Beatrice_Dalle/Beatrice_Dalle_0001.jpg,False,0
2717,5,Alfred_Sant,Alfred_Sant/Alfred_Sant_0001.jpg,False,Randall_Tobias,Randall_Tobias/Randall_Tobias_0001.jpg,False,0
2718,5,Alfredo_Moreno,Alfredo_Moreno/Alfredo_Moreno_0001.jpg,False,Dyab_Abou_Jahjah,Dyab_Abou_Jahjah/Dyab_Abou_Jahjah_0001.jpg,False,0
2719,5,Alfredo_Moreno,Alfredo_Moreno/Alfredo_Moreno_0001.jpg,False,Suzanne_Torrance,Suzanne_Torrance/Suzanne_Torrance_0001.jpg,True,0
2720,5,Alfredo_Pena,Alfredo_Pena/Alfredo_Pena_0001.jpg,False,Emmanuel_Milingo,Emmanuel_Milingo/Emmanuel_Milingo_0001.jpg,True,0
2721,5,Alvaro_Noboa,Alvaro_Noboa/Alvaro_Noboa_0001.jpg,True,Phan_Van_Khai,Phan_Van_Khai/Phan_Van_Khai_0001.jpg,True,0
2722,5,Alvaro_Noboa,Alvaro_Noboa/Alvaro_Noboa_0002.jpg,True,Timothy_Rigas,Timothy_Rigas/Timothy_Rigas_0001.jpg,True,0
2723,5,Amanda_Coetzer,Amanda_Coetzer/Amanda_Coetzer_0001.jpg,True,Bridgette_Wilson-Sampras,Bridgette_Wilson-Sampras/Bridgette_Wilson-Sampras_0002.jpg,False,0
2724,5,Amanda_Coetzer,Amanda_Coetzer/Amanda_Coetzer_0001.jpg,True,Eddie_Jordan,Eddie_Jordan/Eddie_Jordan_0001.jpg,False,0
2725,5,Amer_al-Saadi,Amer_al-Saadi/Amer_al-Saadi_0004.jpg,True,Miguel_Cotto,Miguel_Cotto/Miguel_Cotto_0001.jpg,True,0
2726,5,Amy_Brenneman,Amy_Brenneman/Amy_Brenneman_0001.jpg,True,Russell_Coutts,Russell_Coutts/Russell_Coutts_0002.jpg,False,0
2727,5,Amy_Brenneman,Amy_Brenneman/Amy_Brenneman_0001.jpg,True,Terje_Roed-Larsen,Terje_Roed-Larsen/Terje_Roed-Larsen_0001.jpg,False,0
2728,5,Andrew_Firestone,Andrew_Firestone/Andrew_Firestone_0001.jpg,False,Harry_Schmidt,Harry_Schmidt/Harry_Schmidt_0004.jpg,False,0
2729,5,Andrew_Firestone,Andrew_Firestone/Andrew_Firestone_0001.jpg,False,Ian_Campbell,Ian_Campbell/Ian_Campbell_0001.jpg,False,0
2730,5,Andrew_Firestone,Andrew_Firestone/Andrew_Firestone_0001.jpg,False,Jose_Acasuso,Jose_Acasuso/Jose_Acasuso_0001.jpg,True,0
2731,5,Andrew_Firestone,Andrew_Firestone/Andrew_Firestone_0001.jpg,False,Omar_Sharif,Omar_Sharif/Omar_Sharif_0004.jpg,False,0
2732,5,Andy_Graves,Andy_Graves/Andy_Graves_0001.jpg,False,Gil_de_Ferran,Gil_de_Ferran/Gil_de_Ferran_0001.jpg,False,0
2733,5,Angela_Alvarado_Rosa,Angela_Alvarado_Rosa/Angela_Alvarado_Rosa_0001.jpg,False,Gerald_Calabrese,Gerald_Calabrese/Gerald_Calabrese_0001.jpg,True,0
2734,5,Angela_Alvarado_Rosa,Angela_Alvarado_Rosa/Angela_Alvarado_Rosa_0001.jpg,False,Jeffrey_Jones,Jeffrey_Jones/Jeffrey_Jones_0001.jpg,False,0
2735,5,Anneli_Jaatteenmaki,Anneli_Jaatteenmaki/Anneli_Jaatteenmaki_0002.jpg,False,Eric_Robert_Rudolph,Eric_Robert_Rudolph/Eric_Robert_Rudolph_0002.jpg,False,0
2736,5,Anneli_Jaatteenmaki,Anneli_Jaatteenmaki/Anneli_Jaatteenmaki_0002.jpg,False,Gerry_Adams,Gerry_Adams/Gerry_Adams_0006.jpg,True,0
2737,5,Anneli_Jaatteenmaki,Anneli_Jaatteenmaki/Anneli_Jaatteenmaki_0002.jpg,False,Jorge_Marquez-Ruarte,Jorge_Marquez-Ruarte/Jorge_Marquez-Ruarte_0001.jpg,False,0
2738,5,Anthony_Corso,Anthony_Corso/Anthony_Corso_0001.jpg,False,Johnny_Benson,Johnny_Benson/Johnny_Benson_0001.jpg,False,0
2739,5,Anthony_Corso,Anthony_Corso/Anthony_Corso_0001.jpg,False,Ray_Allen,Ray_Allen/Ray_Allen_0003.jpg,False,0
2740,5,Anthony_Pico,Anthony_Pico/Anthony_Pico_0001.jpg,False,Stephanie_Cohen_Aloro,Stephanie_Cohen_Aloro/Stephanie_Cohen_Aloro_0001.jpg,False,0
2741,5,Ari_Fleischer,Ari_Fleischer/Ari_Fleischer_0001.jpg,True,Razali_Ismail,Razali_Ismail/Razali_Ismail_0001.jpg,False,0
2742,5,Ari_Fleischer,Ari_Fleischer/Ari_Fleischer_0009.jpg,True,Jean-Marc_de_La_Sabliere,Jean-Marc_de_La_Sabliere/Jean-Marc_de_La_Sabliere_0002.jpg,False,0
2743,5,Arianna_Huffington,Arianna_Huffington/Arianna_Huffington_0004.jpg,False,Philippe_Gagnon,Philippe_Gagnon/Philippe_Gagnon_0001.jpg,False,0
2744,5,Arnaud_Clement,Arnaud_Clement/Arnaud_Clement_0001.jpg,True,Jeffrey_Jones,Jeffrey_Jones/Jeffrey_Jones_0002.jpg,False,0
2745,5,Arnaud_Clement,Arnaud_Clement/Arnaud_Clement_0001.jpg,True,King_Gyanendra,King_Gyanendra/King_Gyanendra_0001.jpg,False,0
2746,5,Arnaud_Clement,Arnaud_Clement/Arnaud_Clement_0002.jpg,True,Grady_Irvin_Jr,Grady_Irvin_Jr/Grady_Irvin_Jr_0002.jpg,False,0
2747,5,Arnold_Scott,Arnold_Scott/Arnold_Scott_0001.jpg,False,Randy_Dryer,Randy_Dryer/Randy_Dryer_0001.jpg,False,0
2748,5,Art_Howe,Art_Howe/Art_Howe_0002.jpg,True,Luciano_Bovicelli,Luciano_Bovicelli/Luciano_Bovicelli_0001.jpg,False,0
2749,5,Art_Howe,Art_Howe/Art_Howe_0003.jpg,True,Teresa_Worbis,Teresa_Worbis/Teresa_Worbis_0001.jpg,False,0
2750,5,Artieas_Shanks,Artieas_Shanks/Artieas_Shanks_0001.jpg,True,Derek_King,Derek_King/Derek_King_0001.jpg,True,0
2751,5,Astrid_Betancourt,Astrid_Betancourt/Astrid_Betancourt_0001.jpg,False,Frederick_Madden,Frederick_Madden/Frederick_Madden_0001.jpg,True,0
2752,5,Barbara_De_Brun,Barbara_De_Brun/Barbara_De_Brun_0001.jpg,False,Cosmo_Iacavazzi,Cosmo_Iacavazzi/Cosmo_Iacavazzi_0001.jpg,True,0
2753,5,Barry_Collier,Barry_Collier/Barry_Collier_0001.jpg,False,Narendra_Modi,Narendra_Modi/Narendra_Modi_0001.jpg,True,0
2754,5,Ben_Affleck,Ben_Affleck/Ben_Affleck_0003.jpg,False,Patricia_Hearst,Patricia_Hearst/Patricia_Hearst_0001.jpg,False,0
2755,5,Ben_Affleck,Ben_Affleck/Ben_Affleck_0004.jpg,False,Daniel_Scioli,Daniel_Scioli/Daniel_Scioli_0001.jpg,False,0
2756,5,Ben_Affleck,Ben_Affleck/Ben_Affleck_0007.jpg,False,Marcio_de_Souza,Marcio_de_Souza/Marcio_de_Souza_0001.jpg,False,0
2757,5,Ben_Broussard,Ben_Broussard/Ben_Broussard_0001.jpg,True,Rudi_Voeller,Rudi_Voeller/Rudi_Voeller_0001.jpg,True,0
2758,5,Betsy_Smith,Betsy_Smith/Betsy_Smith_0002.jpg,True,Steven_Kinlock,Steven_Kinlock/Steven_Kinlock_0001.jpg,False,0
2759,5,Betty_Williams,Betty_Williams/Betty_Williams_0001.jpg,False,Mary_Catherine_Correll,Mary_Catherine_Correll/Mary_Catherine_Correll_0001.jpg,True,0
2760,5,Bianca_Jagger,Bianca_Jagger/Bianca_Jagger_0001.jpg,False,Dario_Camuffo,Dario_Camuffo/Dario_Camuffo_0001.jpg,False,0
2761,5,Bianca_Jagger,Bianca_Jagger/Bianca_Jagger_0001.jpg,False,Fabricio_Oberto,Fabricio_Oberto/Fabricio_Oberto_0001.jpg,True,0
2762,5,Bill_Callahan,Bill_Callahan/Bill_Callahan_0001.jpg,False,Gina_Gershon,Gina_Gershon/Gina_Gershon_0001.jpg,False,0
2763,5,Bill_Kollar,Bill_Kollar/Bill_Kollar_0001.jpg,False,Gina_Gershon,Gina_Gershon/Gina_Gershon_0001.jpg,False,0
2764,5,Bill_Kollar,Bill_Kollar/Bill_Kollar_0001.jpg,False,Jose_Miguel_Aleman,Jose_Miguel_Aleman/Jose_Miguel_Aleman_0001.jpg,False,0
2765,5,Bill_Kollar,Bill_Kollar/Bill_Kollar_0001.jpg,False,Mae_Jemison,Mae_Jemison/Mae_Jemison_0001.jpg,True,0
2766,5,Bill_Kollar,Bill_Kollar/Bill_Kollar_0001.jpg,False,Mohammed_Ashraf_Hafiz,Mohammed_Ashraf_Hafiz/Mohammed_Ashraf_Hafiz_0001.jpg,True,0
2767,5,Bill_Kollar,Bill_Kollar/Bill_Kollar_0001.jpg,False,Patty_Sheehan,Patty_Sheehan/Patty_Sheehan_0001.jpg,True,0
2768,5,Bill_Parsons,Bill_Parsons/Bill_Parsons_0001.jpg,False,Donna_Barrera,Donna_Barrera/Donna_Barrera_0001.jpg,False,0
2769,5,Bill_Stein,Bill_Stein/Bill_Stein_0001.jpg,False,Vanessa_Incontrada,Vanessa_Incontrada/Vanessa_Incontrada_0004.jpg,False,0
2770,5,Blythe_Hartley,Blythe_Hartley/Blythe_Hartley_0001.jpg,False,Jackie_Dennis,Jackie_Dennis/Jackie_Dennis_0001.jpg,False,0
2771,5,Blythe_Hartley,Blythe_Hartley/Blythe_Hartley_0002.jpg,False,Gil_de_Ferran,Gil_de_Ferran/Gil_de_Ferran_0002.jpg,False,0
2772,5,Bob_Curtis,Bob_Curtis/Bob_Curtis_0001.jpg,False,Helen_Clark,Helen_Clark/Helen_Clark_0001.jpg,True,0
2773,5,Bob_Huggins,Bob_Huggins/Bob_Huggins_0003.jpg,True,Sylvester_Stallone,Sylvester_Stallone/Sylvester_Stallone_0002.jpg,True,0
2774,5,Bobby_Goldwater,Bobby_Goldwater/Bobby_Goldwater_0001.jpg,False,John_Moxley,John_Moxley/John_Moxley_0001.jpg,False,0
2775,5,Bobby_Goldwater,Bobby_Goldwater/Bobby_Goldwater_0001.jpg,False,Ulrich_Kueperkoch,Ulrich_Kueperkoch/Ulrich_Kueperkoch_0001.jpg,False,0
2776,5,Bono,Bono/Bono_0003.jpg,True,Ian_Huntley,Ian_Huntley/Ian_Huntley_0001.jpg,False,0
2777,5,Brad_Garrett,Brad_Garrett/Brad_Garrett_0001.jpg,True,Hoda_Asfor,Hoda_Asfor/Hoda_Asfor_0001.jpg,True,0
2778,5,Brad_Garrett,Brad_Garrett/Brad_Garrett_0004.jpg,True,Wang_Nan,Wang_Nan/Wang_Nan_0001.jpg,False,0
2779,5,Brandon_Hammond,Brandon_Hammond/Brandon_Hammond_0001.jpg,False,Thomas_Kelly,Thomas_Kelly/Thomas_Kelly_0001.jpg,False,0
2780,5,Brandon_Robinson,Brandon_Robinson/Brandon_Robinson_0001.jpg,True,Giovanny_Cordoba,Giovanny_Cordoba/Giovanny_Cordoba_0001.jpg,True,0
2781,5,Brandon_Robinson,Brandon_Robinson/Brandon_Robinson_0001.jpg,True,Michael_Linscott,Michael_Linscott/Michael_Linscott_0001.jpg,False,0
2782,5,Brandon_Robinson,Brandon_Robinson/Brandon_Robinson_0001.jpg,True,Shi_Guangsheng,Shi_Guangsheng/Shi_Guangsheng_0001.jpg,True,0
2783,5,Brendan_Stai,Brendan_Stai/Brendan_Stai_0001.jpg,False,Dan_Guerrero,Dan_Guerrero/Dan_Guerrero_0001.jpg,False,0
2784,5,Brett_Boone,Brett_Boone/Brett_Boone_0001.jpg,False,Jean-Marc_de_La_Sabliere,Jean-Marc_de_La_Sabliere/Jean-Marc_de_La_Sabliere_0001.jpg,False,0
2785,5,Brett_Boone,Brett_Boone/Brett_Boone_0001.jpg,False,Teresa_Worbis,Teresa_Worbis/Teresa_Worbis_0001.jpg,False,0
2786,5,Brian_Billick,Brian_Billick/Brian_Billick_0001.jpg,False,Ian_Huntley,Ian_Huntley/Ian_Huntley_0001.jpg,False,0
2787,5,Brian_Billick,Brian_Billick/Brian_Billick_0001.jpg,False,John_Wayne,John_Wayne/John_Wayne_0001.jpg,True,0
2788,5,Brian_Billick,Brian_Billick/Brian_Billick_0001.jpg,False,Stephanie_Moore,Stephanie_Moore/Stephanie_Moore_0001.jpg,True,0
2789,5,Brian_Olson,Brian_Olson/Brian_Olson_0001.jpg,False,Roberto_Tovar,Roberto_Tovar/Roberto_Tovar_0001.jpg,False,0
2790,5,Bud_Selig,Bud_Selig/Bud_Selig_0001.jpg,False,Franz_Fischler,Franz_Fischler/Franz_Fischler_0001.jpg,True,0
2791,5,Bud_Selig,Bud_Selig/Bud_Selig_0003.jpg,False,John_Duprey,John_Duprey/John_Duprey_0001.jpg,False,0
2792,5,Carla_Moreno,Carla_Moreno/Carla_Moreno_0001.jpg,True,Suzanne_Torrance,Suzanne_Torrance/Suzanne_Torrance_0001.jpg,True,0
2793,5,Carla_Moreno,Carla_Moreno/Carla_Moreno_0001.jpg,True,Tang_Jiaxuan,Tang_Jiaxuan/Tang_Jiaxuan_0003.jpg,True,0
2794,5,Carlos_Beltran,Carlos_Beltran/Carlos_Beltran_0001.jpg,True,Ulrich_Kueperkoch,Ulrich_Kueperkoch/Ulrich_Kueperkoch_0001.jpg,False,0
2795,5,Carlos_Ghosn,Carlos_Ghosn/Carlos_Ghosn_0001.jpg,False,Jim_Paxson,Jim_Paxson/Jim_Paxson_0001.jpg,False,0
2796,5,Carlos_Ghosn,Carlos_Ghosn/Carlos_Ghosn_0002.jpg,False,Ray_Allen,Ray_Allen/Ray_Allen_0003.jpg,False,0
2797,5,Carlton_Dotson,Carlton_Dotson/Carlton_Dotson_0001.jpg,False,Jim_Paxson,Jim_Paxson/Jim_Paxson_0001.jpg,False,0
2798,5,Carlton_Dotson,Carlton_Dotson/Carlton_Dotson_0001.jpg,False,Patrick_Bourrat,Patrick_Bourrat/Patrick_Bourrat_0001.jpg,True,0
2799,5,Carlton_Dotson,Carlton_Dotson/Carlton_Dotson_0001.jpg,False,Porter_Goss,Porter_Goss/Porter_Goss_0001.jpg,False,0
2800,5,Carlton_Dotson,Carlton_Dotson/Carlton_Dotson_0001.jpg,False,Vyacheslav_Fetisov,Vyacheslav_Fetisov/Vyacheslav_Fetisov_0001.jpg,True,0
2801,5,Cass_Ballenger,Cass_Ballenger/Cass_Ballenger_0001.jpg,False,Norio_Ohga,Norio_Ohga/Norio_Ohga_0001.jpg,False,0
2802,5,Cecile_de_France,Cecile_de_France/Cecile_de_France_0001.jpg,False,Dyab_Abou_Jahjah,Dyab_Abou_Jahjah/Dyab_Abou_Jahjah_0001.jpg,False,0
2803,5,Cecile_de_France,Cecile_de_France/Cecile_de_France_0001.jpg,False,Terrence_Kiel,Terrence_Kiel/Terrence_Kiel_0001.jpg,False,0
2804,5,Charles_Bell,Charles_Bell/Charles_Bell_0001.jpg,False,Tatjana_Gsell,Tatjana_Gsell/Tatjana_Gsell_0001.jpg,False,0
2805,5,Charlotte_Rampling,Charlotte_Rampling/Charlotte_Rampling_0001.jpg,False,Lana_Clarkson,Lana_Clarkson/Lana_Clarkson_0002.jpg,False,0
2806,5,Chick_Hearn,Chick_Hearn/Chick_Hearn_0001.jpg,False,Mohammed_Salmane,Mohammed_Salmane/Mohammed_Salmane_0001.jpg,True,0
2807,5,Christopher_Reeve,Christopher_Reeve/Christopher_Reeve_0004.jpg,True,Pauline_Landers,Pauline_Landers/Pauline_Landers_0001.jpg,True,0
2808,5,Christopher_Reeve,Christopher_Reeve/Christopher_Reeve_0004.jpg,True,Scott_OGrady,Scott_OGrady/Scott_OGrady_0001.jpg,False,0
2809,5,Cindy_Margolis,Cindy_Margolis/Cindy_Margolis_0001.jpg,False,Mark_Cuban,Mark_Cuban/Mark_Cuban_0002.jpg,False,0
2810,5,Claire_Danes,Claire_Danes/Claire_Danes_0002.jpg,True,Nadine_Vinzens,Nadine_Vinzens/Nadine_Vinzens_0001.jpg,True,0
2811,5,Claudio_Lopez,Claudio_Lopez/Claudio_Lopez_0001.jpg,False,Gabrielle_Rose,Gabrielle_Rose/Gabrielle_Rose_0001.jpg,True,0
2812,5,Collis_Temple_III,Collis_Temple_III/Collis_Temple_III_0001.jpg,False,Eva_Amurri,Eva_Amurri/Eva_Amurri_0001.jpg,False,0
2813,5,Collis_Temple_III,Collis_Temple_III/Collis_Temple_III_0001.jpg,False,Rob_Niedermayer,Rob_Niedermayer/Rob_Niedermayer_0001.jpg,False,0
2814,5,Collis_Temple_III,Collis_Temple_III/Collis_Temple_III_0001.jpg,False,Santiago_Botero,Santiago_Botero/Santiago_Botero_0001.jpg,True,0
2815,5,Collis_Temple_III,Collis_Temple_III/Collis_Temple_III_0001.jpg,False,Simon_Chalk,Simon_Chalk/Simon_Chalk_0001.jpg,False,0
2816,5,Conan_OBrien,Conan_OBrien/Conan_OBrien_0001.jpg,True,Liliana_Cavani,Liliana_Cavani/Liliana_Cavani_0001.jpg,True,0
2817,5,Corinna_Harfouch,Corinna_Harfouch/Corinna_Harfouch_0001.jpg,False,Ivo_Dubs,Ivo_Dubs/Ivo_Dubs_0001.jpg,True,0
2818,5,Corinna_Harfouch,Corinna_Harfouch/Corinna_Harfouch_0001.jpg,False,Tim_Curry,Tim_Curry/Tim_Curry_0001.jpg,True,0
2819,5,Cristina_Kirchner,Cristina_Kirchner/Cristina_Kirchner_0001.jpg,False,Stefanie_De_Roux,Stefanie_De_Roux/Stefanie_De_Roux_0001.jpg,False,0
2820,5,Dan_Boyle,Dan_Boyle/Dan_Boyle_0001.jpg,False,Paul_Clark,Paul_Clark/Paul_Clark_0001.jpg,False,0
2821,5,Dan_Boyle,Dan_Boyle/Dan_Boyle_0001.jpg,False,Thabo_Mbeki,Thabo_Mbeki/Thabo_Mbeki_0003.jpg,True,0
2822,5,Daniel_Chin,Daniel_Chin/Daniel_Chin_0001.jpg,False,Ian_Huntley,Ian_Huntley/Ian_Huntley_0001.jpg,False,0
2823,5,Daniel_Chin,Daniel_Chin/Daniel_Chin_0001.jpg,False,Jim_Letten,Jim_Letten/Jim_Letten_0001.jpg,False,0
2824,5,Daniel_Chin,Daniel_Chin/Daniel_Chin_0001.jpg,False,Julia_Glass,Julia_Glass/Julia_Glass_0001.jpg,False,0
2825,5,Daniel_Scioli,Daniel_Scioli/Daniel_Scioli_0001.jpg,False,Lena_Katina,Lena_Katina/Lena_Katina_0001.jpg,False,0
2826,5,Daniel_Scioli,Daniel_Scioli/Daniel_Scioli_0001.jpg,False,Lindsay_Lohan,Lindsay_Lohan/Lindsay_Lohan_0001.jpg,False,0
2827,5,Dario_Camuffo,Dario_Camuffo/Dario_Camuffo_0001.jpg,False,Eli_Stutsman,Eli_Stutsman/Eli_Stutsman_0001.jpg,False,0
2828,5,David_Brinkley,David_Brinkley/David_Brinkley_0001.jpg,False,Jeff_Bridges,Jeff_Bridges/Jeff_Bridges_0001.jpg,False,0
2829,5,David_Brinkley,David_Brinkley/David_Brinkley_0001.jpg,False,Stephen_Arigbabu,Stephen_Arigbabu/Stephen_Arigbabu_0001.jpg,True,0
2830,5,David_Montoya,David_Montoya/David_Montoya_0001.jpg,False,Mary_Elizabeth_Mastrantonio,Mary_Elizabeth_Mastrantonio/Mary_Elizabeth_Mastrantonio_0001.jpg,False,0
2831,5,David_Siegel,David_Siegel/David_Siegel_0001.jpg,False,Francis_Mer,Francis_Mer/Francis_Mer_0001.jpg,False,0
2832,5,Dennis_Johnson,Dennis_Johnson/Dennis_Johnson_0001.jpg,False,Satnarine_Sharma,Satnarine_Sharma/Satnarine_Sharma_0001.jpg,False,0
2833,5,Denys_Arcand,Denys_Arcand/Denys_Arcand_0001.jpg,False,Nadine_Vinzens,Nadine_Vinzens/Nadine_Vinzens_0002.jpg,True,0
2834,5,Derek_Jeter,Derek_Jeter/Derek_Jeter_0001.jpg,True,Tian_Zhuang_Zhuang,Tian_Zhuang_Zhuang/Tian_Zhuang_Zhuang_0001.jpg,True,0
2835,5,Derek_Jeter,Derek_Jeter/Derek_Jeter_0003.jpg,True,Jolanta_Kwasniewski,Jolanta_Kwasniewski/Jolanta_Kwasniewski_0002.jpg,False,0
2836,5,Derek_King,Derek_King/Derek_King_0001.jpg,True,Yasein_Taher,Yasein_Taher/Yasein_Taher_0001.jpg,True,0
2837,5,Derrick_Battie,Derrick_Battie/Derrick_Battie_0001.jpg,True,Ian_Huntley,Ian_Huntley/Ian_Huntley_0001.jpg,False,0
2838,5,Diego_Armando_Maradona,Diego_Armando_Maradona/Diego_Armando_Maradona_0001.jpg,True,Robert_Gordon_Card,Robert_Gordon_Card/Robert_Gordon_Card_0001.jpg,True,0
2839,5,Don_King,Don_King/Don_King_0001.jpg,False,Thomas_Kelly,Thomas_Kelly/Thomas_Kelly_0001.jpg,False,0
2840,5,Don_King,Don_King/Don_King_0001.jpg,False,Zurab_Tsereteli,Zurab_Tsereteli/Zurab_Tsereteli_0001.jpg,False,0
2841,5,Donna_Barrera,Donna_Barrera/Donna_Barrera_0001.jpg,False,Francis_Mer,Francis_Mer/Francis_Mer_0002.jpg,False,0
2842,5,Donna_Shalala,Donna_Shalala/Donna_Shalala_0002.jpg,False,Sereyvuth_Kem,Sereyvuth_Kem/Sereyvuth_Kem_0001.jpg,False,0
2843,5,Duncan_Fletcher,Duncan_Fletcher/Duncan_Fletcher_0001.jpg,False,John_Cusack,John_Cusack/John_Cusack_0002.jpg,False,0
2844,5,Duncan_Fletcher,Duncan_Fletcher/Duncan_Fletcher_0001.jpg,False,Mike_Alden,Mike_Alden/Mike_Alden_0001.jpg,False,0
2845,5,Dustin_Brown,Dustin_Brown/Dustin_Brown_0001.jpg,False,Jose_Cevallos,Jose_Cevallos/Jose_Cevallos_0001.jpg,False,0
2846,5,Dyab_Abou_Jahjah,Dyab_Abou_Jahjah/Dyab_Abou_Jahjah_0001.jpg,False,John_Cornyn,John_Cornyn/John_Cornyn_0001.jpg,False,0
2847,5,Ed_Mekertichian,Ed_Mekertichian/Ed_Mekertichian_0001.jpg,True,Paul_Clark,Paul_Clark/Paul_Clark_0001.jpg,False,0
2848,5,Edmund_Hillary,Edmund_Hillary/Edmund_Hillary_0002.jpg,False,Miguel_Cotto,Miguel_Cotto/Miguel_Cotto_0001.jpg,True,0
2849,5,Elena_Likhovtseva,Elena_Likhovtseva/Elena_Likhovtseva_0001.jpg,False,Marty_Mornhinweg,Marty_Mornhinweg/Marty_Mornhinweg_0002.jpg,True,0
2850,5,Eli_Stutsman,Eli_Stutsman/Eli_Stutsman_0001.jpg,False,Kalpana_Chawla,Kalpana_Chawla/Kalpana_Chawla_0004.jpg,True,0
2851,5,Eli_Stutsman,Eli_Stutsman/Eli_Stutsman_0001.jpg,False,Marcio_de_Souza,Marcio_de_Souza/Marcio_de_Souza_0001.jpg,False,0
2852,5,Eli_Stutsman,Eli_Stutsman/Eli_Stutsman_0001.jpg,False,Michael_Phelps,Michael_Phelps/Michael_Phelps_0001.jpg,False,0
2853,5,Elizabeth_Regan,Elizabeth_Regan/Elizabeth_Regan_0001.jpg,False,Eugene_Teslovic,Eugene_Teslovic/Eugene_Teslovic_0001.jpg,True,0
2854,5,Emmanuel_Milingo,Emmanuel_Milingo/Emmanuel_Milingo_0001.jpg,True,Enrica_Fico,Enrica_Fico/Enrica_Fico_0001.jpg,True,0
2855,5,Enola_Rice,Enola_Rice/Enola_Rice_0001.jpg,False,Lana_Clarkson,Lana_Clarkson/Lana_Clarkson_0002.jpg,False,0
2856,5,Erin_Runnion,Erin_Runnion/Erin_Runnion_0003.jpg,True,Rob_Lowe,Rob_Lowe/Rob_Lowe_0002.jpg,True,0
2857,5,Eugene_Teslovic,Eugene_Teslovic/Eugene_Teslovic_0001.jpg,True,Goh_Kun,Goh_Kun/Goh_Kun_0001.jpg,False,0
2858,5,Eugene_Teslovic,Eugene_Teslovic/Eugene_Teslovic_0001.jpg,True,Jean-Marc_de_La_Sabliere,Jean-Marc_de_La_Sabliere/Jean-Marc_de_La_Sabliere_0002.jpg,False,0
2859,5,Eva_Amurri,Eva_Amurri/Eva_Amurri_0001.jpg,False,Tanya_Holyk,Tanya_Holyk/Tanya_Holyk_0001.jpg,True,0
2860,5,Fabricio_Oberto,Fabricio_Oberto/Fabricio_Oberto_0001.jpg,True,Rudi_Voeller,Rudi_Voeller/Rudi_Voeller_0001.jpg,True,0
2861,5,Felix_Sanchez,Felix_Sanchez/Felix_Sanchez_0001.jpg,True,Ian_Moran,Ian_Moran/Ian_Moran_0001.jpg,False,0
2862,5,Fernando_Henrique_Cardoso,Fernando_Henrique_Cardoso/Fernando_Henrique_Cardoso_0001.jpg,True,Michael_Phelps,Michael_Phelps/Michael_Phelps_0001.jpg,False,0
2863,5,Fernando_Henrique_Cardoso,Fernando_Henrique_Cardoso/Fernando_Henrique_Cardoso_0008.jpg,True,Sherry_Fisher,Sherry_Fisher/Sherry_Fisher_0001.jpg,True,0
2864,5,Francis_Mer,Francis_Mer/Francis_Mer_0002.jpg,False,Patrick_Bourrat,Patrick_Bourrat/Patrick_Bourrat_0001.jpg,True,0
2865,5,Franz_Fischler,Franz_Fischler/Franz_Fischler_0002.jpg,True,Robert_Lange,Robert_Lange/Robert_Lange_0001.jpg,True,0
2866,5,Frederick_Madden,Frederick_Madden/Frederick_Madden_0001.jpg,True,Gary_Condit,Gary_Condit/Gary_Condit_0001.jpg,False,0
2867,5,Gary_Bauer,Gary_Bauer/Gary_Bauer_0001.jpg,True,Greg_Hodge,Greg_Hodge/Greg_Hodge_0001.jpg,True,0
2868,5,Gary_Condit,Gary_Condit/Gary_Condit_0001.jpg,False,Nathan_Lane,Nathan_Lane/Nathan_Lane_0002.jpg,False,0
2869,5,Gary_Locke,Gary_Locke/Gary_Locke_0001.jpg,False,Marcio_de_Souza,Marcio_de_Souza/Marcio_de_Souza_0001.jpg,False,0
2870,5,Gen_Meredith,Gen_Meredith/Gen_Meredith_0001.jpg,False,Matthew_Vaughan,Matthew_Vaughan/Matthew_Vaughan_0001.jpg,False,0
2871,5,Gerry_Adams,Gerry_Adams/Gerry_Adams_0008.jpg,True,Jamir_Miller,Jamir_Miller/Jamir_Miller_0001.jpg,False,0
2872,5,Gilles_Panizzi,Gilles_Panizzi/Gilles_Panizzi_0001.jpg,True,Jim_Piper,Jim_Piper/Jim_Piper_0001.jpg,False,0
2873,5,Gina_Gershon,Gina_Gershon/Gina_Gershon_0001.jpg,False,Patricia_Garone,Patricia_Garone/Patricia_Garone_0001.jpg,True,0
2874,5,Gina_Gershon,Gina_Gershon/Gina_Gershon_0001.jpg,False,Zhang_Ziyi,Zhang_Ziyi/Zhang_Ziyi_0002.jpg,False,0
2875,5,Giovanny_Cordoba,Giovanny_Cordoba/Giovanny_Cordoba_0001.jpg,True,Jackie_Sherrill,Jackie_Sherrill/Jackie_Sherrill_0001.jpg,False,0
2876,5,Giovanny_Cordoba,Giovanny_Cordoba/Giovanny_Cordoba_0001.jpg,True,Keith_Olbermann,Keith_Olbermann/Keith_Olbermann_0001.jpg,False,0
2877,5,Grady_Irvin_Jr,Grady_Irvin_Jr/Grady_Irvin_Jr_0002.jpg,False,Oracene_Williams,Oracene_Williams/Oracene_Williams_0001.jpg,True,0
2878,5,Graeme_Smith,Graeme_Smith/Graeme_Smith_0001.jpg,False,John_Salazar,John_Salazar/John_Salazar_0001.jpg,False,0
2879,5,Graham_Bentley,Graham_Bentley/Graham_Bentley_0001.jpg,False,Jason_Clermont,Jason_Clermont/Jason_Clermont_0001.jpg,False,0
2880,5,Guillaume_Depardieu,Guillaume_Depardieu/Guillaume_Depardieu_0001.jpg,False,Manuel_Llorente,Manuel_Llorente/Manuel_Llorente_0001.jpg,False,0
2881,5,Gunter_Pleuger,Gunter_Pleuger/Gunter_Pleuger_0001.jpg,False,Nicole_Kidman,Nicole_Kidman/Nicole_Kidman_0002.jpg,True,0
2882,5,Gunter_Pleuger,Gunter_Pleuger/Gunter_Pleuger_0002.jpg,False,Robby_Ginepri,Robby_Ginepri/Robby_Ginepri_0001.jpg,False,0
2883,5,Gunter_Pleuger,Gunter_Pleuger/Gunter_Pleuger_0003.jpg,False,Vaclav_Klaus,Vaclav_Klaus/Vaclav_Klaus_0001.jpg,False,0
2884,5,Hanns_Schumacher,Hanns_Schumacher/Hanns_Schumacher_0001.jpg,False,Martin_Gecht,Martin_Gecht/Martin_Gecht_0001.jpg,False,0
2885,5,Henri_Proglio,Henri_Proglio/Henri_Proglio_0001.jpg,False,Ibrahim_Haddad,Ibrahim_Haddad/Ibrahim_Haddad_0001.jpg,False,0
2886,5,Henri_Proglio,Henri_Proglio/Henri_Proglio_0001.jpg,False,Jeffery_Hendren,Jeffery_Hendren/Jeffery_Hendren_0001.jpg,False,0
2887,5,Hermann_Maier,Hermann_Maier/Hermann_Maier_0001.jpg,False,Phan_Van_Khai,Phan_Van_Khai/Phan_Van_Khai_0001.jpg,True,0
2888,5,Hermann_Maier,Hermann_Maier/Hermann_Maier_0002.jpg,False,Stephen_Arigbabu,Stephen_Arigbabu/Stephen_Arigbabu_0001.jpg,True,0
2889,5,Hideki_Sato,Hideki_Sato/Hideki_Sato_0001.jpg,False,Peter_Mugyeni,Peter_Mugyeni/Peter_Mugyeni_0001.jpg,False,0
2890,5,Hideki_Sato,Hideki_Sato/Hideki_Sato_0001.jpg,False,Troy_Aikman,Troy_Aikman/Troy_Aikman_0001.jpg,False,0
2891,5,Hoda_Asfor,Hoda_Asfor/Hoda_Asfor_0001.jpg,True,Juergen_Peters,Juergen_Peters/Juergen_Peters_0001.jpg,False,0
2892,5,Hoda_Asfor,Hoda_Asfor/Hoda_Asfor_0001.jpg,True,Lindsay_Lohan,Lindsay_Lohan/Lindsay_Lohan_0001.jpg,False,0
2893,5,Horace_Donovan_Reid,Horace_Donovan_Reid/Horace_Donovan_Reid_0001.jpg,True,Rob_Lowe,Rob_Lowe/Rob_Lowe_0001.jpg,True,0
2894,5,Hunter_Kemper,Hunter_Kemper/Hunter_Kemper_0001.jpg,False,Marsha_Thomason,Marsha_Thomason/Marsha_Thomason_0001.jpg,False,0
2895,5,Ian_Campbell,Ian_Campbell/Ian_Campbell_0001.jpg,False,Mike_Alden,Mike_Alden/Mike_Alden_0001.jpg,False,0
2896,5,Ian_Huntley,Ian_Huntley/Ian_Huntley_0001.jpg,False,Jalen_Rose,Jalen_Rose/Jalen_Rose_0001.jpg,False,0
2897,5,Ian_Huntley,Ian_Huntley/Ian_Huntley_0001.jpg,False,Sebastian_Saja,Sebastian_Saja/Sebastian_Saja_0002.jpg,False,0
2898,5,Ian_Moran,Ian_Moran/Ian_Moran_0001.jpg,False,Stephanie_Cohen_Aloro,Stephanie_Cohen_Aloro/Stephanie_Cohen_Aloro_0001.jpg,False,0
2899,5,Ian_Thorpe,Ian_Thorpe/Ian_Thorpe_0005.jpg,True,Mickey_Gilley,Mickey_Gilley/Mickey_Gilley_0001.jpg,False,0
2900,5,Ignacio_Antonio_Velasco,Ignacio_Antonio_Velasco/Ignacio_Antonio_Velasco_0001.jpg,False,Rich_Brooks,Rich_Brooks/Rich_Brooks_0001.jpg,True,0
2901,5,Iran_Brown,Iran_Brown/Iran_Brown_0001.jpg,True,Margaret_Caruso,Margaret_Caruso/Margaret_Caruso_0001.jpg,True,0
2902,5,Isabelle_Huppert,Isabelle_Huppert/Isabelle_Huppert_0001.jpg,False,Marcio_de_Souza,Marcio_de_Souza/Marcio_de_Souza_0001.jpg,False,0
2903,5,Isabelle_Huppert,Isabelle_Huppert/Isabelle_Huppert_0002.jpg,False,Phan_Van_Khai,Phan_Van_Khai/Phan_Van_Khai_0003.jpg,True,0
2904,5,Ivan_Shvedoff,Ivan_Shvedoff/Ivan_Shvedoff_0001.jpg,False,Josh_Childress,Josh_Childress/Josh_Childress_0001.jpg,False,0
2905,5,Ivan_Shvedoff,Ivan_Shvedoff/Ivan_Shvedoff_0001.jpg,False,Miguel_Estrada,Miguel_Estrada/Miguel_Estrada_0002.jpg,True,0
2906,5,Ivan_Shvedoff,Ivan_Shvedoff/Ivan_Shvedoff_0001.jpg,False,Vojislav_Seselj,Vojislav_Seselj/Vojislav_Seselj_0001.jpg,True,0
2907,5,Izzat_Ibrahim,Izzat_Ibrahim/Izzat_Ibrahim_0001.jpg,True,Jerry_Rice,Jerry_Rice/Jerry_Rice_0001.jpg,True,0
2908,5,Jacques_Villeneuve,Jacques_Villeneuve/Jacques_Villeneuve_0001.jpg,False,Wim_Duisenberg,Wim_Duisenberg/Wim_Duisenberg_0001.jpg,True,0
2909,5,Jalen_Rose,Jalen_Rose/Jalen_Rose_0001.jpg,False,Suzanne_Torrance,Suzanne_Torrance/Suzanne_Torrance_0001.jpg,True,0
2910,5,James_Butts,James_Butts/James_Butts_0001.jpg,False,Nicole_Kidman,Nicole_Kidman/Nicole_Kidman_0002.jpg,True,0
2911,5,James_Butts,James_Butts/James_Butts_0002.jpg,False,Jerry_Colangelo,Jerry_Colangelo/Jerry_Colangelo_0001.jpg,False,0
2912,5,James_Butts,James_Butts/James_Butts_0002.jpg,False,Sherry_Fisher,Sherry_Fisher/Sherry_Fisher_0001.jpg,True,0
2913,5,James_May,James_May/James_May_0001.jpg,False,Trevor_McDonald,Trevor_McDonald/Trevor_McDonald_0001.jpg,False,0
2914,5,James_May,James_May/James_May_0001.jpg,False,Vaclav_Klaus,Vaclav_Klaus/Vaclav_Klaus_0002.jpg,False,0
2915,5,Jamie_Cooke,Jamie_Cooke/Jamie_Cooke_0001.jpg,False,Kalpana_Chawla,Kalpana_Chawla/Kalpana_Chawla_0005.jpg,True,0
2916,5,Jamie_Cooke,Jamie_Cooke/Jamie_Cooke_0001.jpg,False,Mickey_Rooney,Mickey_Rooney/Mickey_Rooney_0001.jpg,False,0
2917,5,Jamir_Miller,Jamir_Miller/Jamir_Miller_0001.jpg,False,Laura_Hernandez,Laura_Hernandez/Laura_Hernandez_0001.jpg,False,0
2918,5,Jana_Pittman,Jana_Pittman/Jana_Pittman_0001.jpg,False,Liv_Tyler,Liv_Tyler/Liv_Tyler_0001.jpg,False,0
2919,5,Jason_Clermont,Jason_Clermont/Jason_Clermont_0001.jpg,False,Jose_Carlo_Fernandez,Jose_Carlo_Fernandez/Jose_Carlo_Fernandez_0001.jpg,False,0
2920,5,Jason_Clermont,Jason_Clermont/Jason_Clermont_0001.jpg,False,Patty_Duke,Patty_Duke/Patty_Duke_0001.jpg,True,0
2921,5,Jeff_Bridges,Jeff_Bridges/Jeff_Bridges_0001.jpg,False,Landon_Donovan,Landon_Donovan/Landon_Donovan_0001.jpg,True,0
2922,5,Jeff_Bridges,Jeff_Bridges/Jeff_Bridges_0001.jpg,False,Patty_Duke,Patty_Duke/Patty_Duke_0001.jpg,True,0
2923,5,Jeffery_Hendren,Jeffery_Hendren/Jeffery_Hendren_0001.jpg,False,Jeremy_Wotherspoon,Jeremy_Wotherspoon/Jeremy_Wotherspoon_0001.jpg,False,0
2924,5,Jennifer_McCoy,Jennifer_McCoy/Jennifer_McCoy_0001.jpg,False,Manuel_Llorente,Manuel_Llorente/Manuel_Llorente_0001.jpg,False,0
2925,5,Jennifer_McCoy,Jennifer_McCoy/Jennifer_McCoy_0001.jpg,False,William_Cocksedge,William_Cocksedge/William_Cocksedge_0001.jpg,False,0
2926,5,Jerry_Colangelo,Jerry_Colangelo/Jerry_Colangelo_0001.jpg,False,Vin_Diesel,Vin_Diesel/Vin_Diesel_0002.jpg,False,0
2927,5,Jerry_Rice,Jerry_Rice/Jerry_Rice_0001.jpg,True,Joe_Gatti,Joe_Gatti/Joe_Gatti_0002.jpg,False,0
2928,5,Jessica_Brungo,Jessica_Brungo/Jessica_Brungo_0001.jpg,False,Landon_Donovan,Landon_Donovan/Landon_Donovan_0001.jpg,True,0
2929,5,Jim_OBrien,Jim_OBrien/Jim_OBrien_0001.jpg,False,Nadine_Vinzens,Nadine_Vinzens/Nadine_Vinzens_0001.jpg,True,0
2930,5,Jim_Paxson,Jim_Paxson/Jim_Paxson_0001.jpg,False,Robert_Gordon_Card,Robert_Gordon_Card/Robert_Gordon_Card_0001.jpg,True,0
2931,5,Joe_Gatti,Joe_Gatti/Joe_Gatti_0002.jpg,False,Mike_Samp,Mike_Samp/Mike_Samp_0001.jpg,True,0
2932,5,Joel_Todd,Joel_Todd/Joel_Todd_0001.jpg,False,John_Fox,John_Fox/John_Fox_0001.jpg,False,0
2933,5,Joel_Todd,Joel_Todd/Joel_Todd_0001.jpg,False,Momir_Nikolic,Momir_Nikolic/Momir_Nikolic_0001.jpg,False,0
2934,5,John_Cornyn,John_Cornyn/John_Cornyn_0001.jpg,False,Jose_Mourinho,Jose_Mourinho/Jose_Mourinho_0002.jpg,False,0
2935,5,John_Cornyn,John_Cornyn/John_Cornyn_0001.jpg,False,Robert_Weitzel,Robert_Weitzel/Robert_Weitzel_0001.jpg,False,0
2936,5,John_Cornyn,John_Cornyn/John_Cornyn_0001.jpg,False,Toshihiko_Fukui,Toshihiko_Fukui/Toshihiko_Fukui_0002.jpg,False,0
2937,5,John_Dallager,John_Dallager/John_Dallager_0001.jpg,False,Jose_Canseco_Sr,Jose_Canseco_Sr/Jose_Canseco_Sr_0001.jpg,False,0
2938,5,John_Spencer,John_Spencer/John_Spencer_0002.jpg,True,Stephanie_Moore,Stephanie_Moore/Stephanie_Moore_0001.jpg,True,0
2939,5,John_Walsh,John_Walsh/John_Walsh_0001.jpg,False,Kalpana_Chawla,Kalpana_Chawla/Kalpana_Chawla_0001.jpg,True,0
2940,5,John_Wright,John_Wright/John_Wright_0001.jpg,False,Sandra_Milo,Sandra_Milo/Sandra_Milo_0001.jpg,False,0
2941,5,John_Wright,John_Wright/John_Wright_0001.jpg,False,Trevor_McDonald,Trevor_McDonald/Trevor_McDonald_0001.jpg,False,0
2942,5,Johnny_Benson,Johnny_Benson/Johnny_Benson_0001.jpg,False,Lana_Clarkson,Lana_Clarkson/Lana_Clarkson_0002.jpg,False,0
2943,5,Johnny_Benson,Johnny_Benson/Johnny_Benson_0001.jpg,False,Teresa_Worbis,Teresa_Worbis/Teresa_Worbis_0001.jpg,False,0
2944,5,Jolanta_Kwasniewski,Jolanta_Kwasniewski/Jolanta_Kwasniewski_0002.jpg,False,Martin_Howard,Martin_Howard/Martin_Howard_0001.jpg,False,0
2945,5,Jose_Canseco_Sr,Jose_Canseco_Sr/Jose_Canseco_Sr_0001.jpg,False,Julia_Glass,Julia_Glass/Julia_Glass_0001.jpg,False,0
2946,5,Jose_Mourinho,Jose_Mourinho/Jose_Mourinho_0001.jpg,False,Joseph_LePore,Joseph_LePore/Joseph_LePore_0001.jpg,False,0
2947,5,Jose_Mourinho,Jose_Mourinho/Jose_Mourinho_0002.jpg,False,LeRoy_Millette_Jr,LeRoy_Millette_Jr/LeRoy_Millette_Jr_0001.jpg,False,0
2948,5,Jose_Vicente_Rangel,Jose_Vicente_Rangel/Jose_Vicente_Rangel_0001.jpg,False,Leuris_Pupo,Leuris_Pupo/Leuris_Pupo_0001.jpg,False,0
2949,5,Jose_Vicente_Rangel,Jose_Vicente_Rangel/Jose_Vicente_Rangel_0001.jpg,False,Scott_OGrady,Scott_OGrady/Scott_OGrady_0001.jpg,False,0
2950,5,Joy_Lee_Sadler,Joy_Lee_Sadler/Joy_Lee_Sadler_0001.jpg,False,Laurie_Chan,Laurie_Chan/Laurie_Chan_0001.jpg,False,0
2951,5,Joy_Lee_Sadler,Joy_Lee_Sadler/Joy_Lee_Sadler_0001.jpg,False,Norio_Ohga,Norio_Ohga/Norio_Ohga_0001.jpg,False,0
2952,5,Joy_Lee_Sadler,Joy_Lee_Sadler/Joy_Lee_Sadler_0001.jpg,False,Stephanie_Moore,Stephanie_Moore/Stephanie_Moore_0001.jpg,True,0
2953,5,Karen_Pereiras,Karen_Pereiras/Karen_Pereiras_0001.jpg,True,Michael_Phelps,Michael_Phelps/Michael_Phelps_0002.jpg,False,0
2954,5,Keith_Brown,Keith_Brown/Keith_Brown_0001.jpg,False,Nicole_Kidman,Nicole_Kidman/Nicole_Kidman_0017.jpg,True,0
2955,5,Keith_Brown,Keith_Brown/Keith_Brown_0001.jpg,False,William_Harrison,William_Harrison/William_Harrison_0001.jpg,True,0
2956,5,Keith_Van_Horn,Keith_Van_Horn/Keith_Van_Horn_0001.jpg,False,Sherry_Fisher,Sherry_Fisher/Sherry_Fisher_0001.jpg,True,0
2957,5,Kelli_White,Kelli_White/Kelli_White_0001.jpg,False,Rudi_Voeller,Rudi_Voeller/Rudi_Voeller_0001.jpg,True,0
2958,5,King_Gyanendra,King_Gyanendra/King_Gyanendra_0001.jpg,False,Otto_Reich,Otto_Reich/Otto_Reich_0001.jpg,False,0
2959,5,Lana_Clarkson,Lana_Clarkson/Lana_Clarkson_0001.jpg,False,Mike_Samp,Mike_Samp/Mike_Samp_0001.jpg,True,0
2960,5,Landon_Donovan,Landon_Donovan/Landon_Donovan_0001.jpg,True,Robby_Ginepri,Robby_Ginepri/Robby_Ginepri_0001.jpg,False,0
2961,5,Larry_Tanenbaum,Larry_Tanenbaum/Larry_Tanenbaum_0001.jpg,False,Mike_Samp,Mike_Samp/Mike_Samp_0001.jpg,True,0
2962,5,Laura_Ziskin,Laura_Ziskin/Laura_Ziskin_0001.jpg,True,Reyyan_Uzuner,Reyyan_Uzuner/Reyyan_Uzuner_0001.jpg,False,0
2963,5,Laura_Ziskin,Laura_Ziskin/Laura_Ziskin_0001.jpg,True,Robert_Gordon_Card,Robert_Gordon_Card/Robert_Gordon_Card_0001.jpg,True,0
2964,5,LeRoy_Millette_Jr,LeRoy_Millette_Jr/LeRoy_Millette_Jr_0001.jpg,False,Leuris_Pupo,Leuris_Pupo/Leuris_Pupo_0001.jpg,False,0
2965,5,Lee_Chang-dong,Lee_Chang-dong/Lee_Chang-dong_0001.jpg,True,Phil_Bredesen,Phil_Bredesen/Phil_Bredesen_0001.jpg,False,0
2966,5,Liliana_Cavani,Liliana_Cavani/Liliana_Cavani_0001.jpg,True,Richard_Pennington,Richard_Pennington/Richard_Pennington_0001.jpg,False,0
2967,5,Lindsay_Lohan,Lindsay_Lohan/Lindsay_Lohan_0001.jpg,False,Mireya_Elisa_Moscoso_Rodriguez,Mireya_Elisa_Moscoso_Rodriguez/Mireya_Elisa_Moscoso_Rodriguez_0001.jpg,True,0
2968,5,Lloyd_Ward,Lloyd_Ward/Lloyd_Ward_0002.jpg,False,Tina_Andrews,Tina_Andrews/Tina_Andrews_0001.jpg,False,0
2969,5,Mark_Heller,Mark_Heller/Mark_Heller_0001.jpg,True,Nicolas_Kiefer,Nicolas_Kiefer/Nicolas_Kiefer_0001.jpg,True,0
2970,5,Mark_Heller,Mark_Heller/Mark_Heller_0001.jpg,True,Parris_Glendening,Parris_Glendening/Parris_Glendening_0001.jpg,True,0
2971,5,Mark_Heller,Mark_Heller/Mark_Heller_0001.jpg,True,Peter_Hillary,Peter_Hillary/Peter_Hillary_0002.jpg,False,0
2972,5,Martin_Gecht,Martin_Gecht/Martin_Gecht_0001.jpg,False,Peter_Hillary,Peter_Hillary/Peter_Hillary_0001.jpg,False,0
2973,5,Mary_Elizabeth_Mastrantonio,Mary_Elizabeth_Mastrantonio/Mary_Elizabeth_Mastrantonio_0001.jpg,False,Vaclav_Klaus,Vaclav_Klaus/Vaclav_Klaus_0001.jpg,False,0
2974,5,Michael_Arif,Michael_Arif/Michael_Arif_0001.jpg,False,Sean_Patrick_OMalley,Sean_Patrick_OMalley/Sean_Patrick_OMalley_0003.jpg,False,0
2975,5,Michael_Linscott,Michael_Linscott/Michael_Linscott_0001.jpg,False,Tom_Brady,Tom_Brady/Tom_Brady_0002.jpg,True,0
2976,5,Mick_Jagger,Mick_Jagger/Mick_Jagger_0003.jpg,False,Oracene_Williams,Oracene_Williams/Oracene_Williams_0001.jpg,True,0
2977,5,Mo_Elleithee,Mo_Elleithee/Mo_Elleithee_0001.jpg,True,Tanya_Holyk,Tanya_Holyk/Tanya_Holyk_0001.jpg,True,0
2978,5,Mohammed_Ashraf_Hafiz,Mohammed_Ashraf_Hafiz/Mohammed_Ashraf_Hafiz_0001.jpg,True,Rod_Bryden,Rod_Bryden/Rod_Bryden_0001.jpg,False,0
2979,5,Mukhtar_Alytnbayev,Mukhtar_Alytnbayev/Mukhtar_Alytnbayev_0001.jpg,False,Oracene_Williams,Oracene_Williams/Oracene_Williams_0001.jpg,True,0
2980,5,Patricia_Garone,Patricia_Garone/Patricia_Garone_0001.jpg,True,Sean_Patrick_OMalley,Sean_Patrick_OMalley/Sean_Patrick_OMalley_0002.jpg,False,0
2981,5,Patricia_Hearst,Patricia_Hearst/Patricia_Hearst_0001.jpg,False,Scott_Dickson,Scott_Dickson/Scott_Dickson_0001.jpg,True,0
2982,5,Patty_Duke,Patty_Duke/Patty_Duke_0001.jpg,True,Simon_Chalk,Simon_Chalk/Simon_Chalk_0001.jpg,False,0
2983,5,Paul_Bettany,Paul_Bettany/Paul_Bettany_0001.jpg,False,Ulrich_Kueperkoch,Ulrich_Kueperkoch/Ulrich_Kueperkoch_0001.jpg,False,0
2984,5,Paul_Gascoigne,Paul_Gascoigne/Paul_Gascoigne_0003.jpg,False,Tian_Liang,Tian_Liang/Tian_Liang_0001.jpg,False,0
2985,5,Paul_Greengrass,Paul_Greengrass/Paul_Greengrass_0001.jpg,False,Tim_Pawlenty,Tim_Pawlenty/Tim_Pawlenty_0001.jpg,False,0
2986,5,Perry_Compton,Perry_Compton/Perry_Compton_0001.jpg,False,William_Shatner,William_Shatner/William_Shatner_0001.jpg,True,0
2987,5,Peter_Camejo,Peter_Camejo/Peter_Camejo_0001.jpg,False,Ruth_Christofferson,Ruth_Christofferson/Ruth_Christofferson_0001.jpg,False,0
2988,5,Porter_Goss,Porter_Goss/Porter_Goss_0001.jpg,False,Tara_Kirk,Tara_Kirk/Tara_Kirk_0001.jpg,False,0
2989,5,Rand_Miller,Rand_Miller/Rand_Miller_0001.jpg,False,Robert_Nillson,Robert_Nillson/Robert_Nillson_0001.jpg,False,0
2990,5,Rich_Brooks,Rich_Brooks/Rich_Brooks_0001.jpg,True,Sharess_Harrell,Sharess_Harrell/Sharess_Harrell_0001.jpg,False,0
2991,5,Richard_Pennington,Richard_Pennington/Richard_Pennington_0001.jpg,False,Robby_Ginepri,Robby_Ginepri/Robby_Ginepri_0002.jpg,False,0
2992,5,Robert_Gordon_Card,Robert_Gordon_Card/Robert_Gordon_Card_0001.jpg,True,William_Shatner,William_Shatner/William_Shatner_0001.jpg,True,0
2993,5,Robert_Kipkoech_Cheruiyot,Robert_Kipkoech_Cheruiyot/Robert_Kipkoech_Cheruiyot_0001.jpg,False,Sally_Kirkland,Sally_Kirkland/Sally_Kirkland_0003.jpg,False,0
2994,5,Robert_Kipkoech_Cheruiyot,Robert_Kipkoech_Cheruiyot/Robert_Kipkoech_Cheruiyot_0001.jpg,False,Steve_Park,Steve_Park/Steve_Park_0001.jpg,False,0
2995,5,Russell_Coutts,Russell_Coutts/Russell_Coutts_0001.jpg,False,Tian_Liang,Tian_Liang/Tian_Liang_0001.jpg,False,0
2996,5,Sandra_Milo,Sandra_Milo/Sandra_Milo_0001.jpg,False,Satnarine_Sharma,Satnarine_Sharma/Satnarine_Sharma_0001.jpg,False,0
2997,5,Steve_Nesbitt,Steve_Nesbitt/Steve_Nesbitt_0001.jpg,False,Win_Aung,Win_Aung/Win_Aung_0004.jpg,True,0
2998,5,Sylvester_Stallone,Sylvester_Stallone/Sylvester_Stallone_0007.jpg,True,TJ_Ford,TJ_Ford/TJ_Ford_0001.jpg,False,0
2999,5,Sylvie_Guillem,Sylvie_Guillem/Sylvie_Guillem_0001.jpg,False,Vadim_Devyatovskiy,Vadim_Devyatovskiy/Vadim_Devyatovskiy_0001.jpg,False,0
3000,5,Tara_Kirk,Tara_Kirk/Tara_Kirk_0001.jpg,False,Win_Aung,Win_Aung/Win_Aung_0001.jpg,True,0
3001,6,Aaron_Peirsol,Aaron_Peirsol/Aaron_Peirsol_0001.jpg,False,Aaron_Peirsol,Aaron_Peirsol/Aaron_Peirsol_0004.jpg,False,1
3002,6,Aaron_Peirsol,Aaron_Peirsol/Aaron_Peirsol_0003.jpg,False,Aaron_Peirsol,Aaron_Peirsol/Aaron_Peirsol_0004.jpg,False,1
3003,6,Adrian_Nastase,Adrian_Nastase/Adrian_Nastase_0001.jpg,False,Adrian_Nastase,Adrian_Nastase/Adrian_Nastase_0002.jpg,False,1
3004,6,Ahmed_Chalabi,Ahmed_Chalabi/Ahmed_Chalabi_0001.jpg,False,Ahmed_Chalabi,Ahmed_Chalabi/Ahmed_Chalabi_0003.jpg,False,1
3005,6,Ahmed_Chalabi,Ahmed_Chalabi/Ahmed_Chalabi_0001.jpg,False,Ahmed_Chalabi,Ahmed_Chalabi/Ahmed_Chalabi_0005.jpg,False,1
3006,6,Albrecht_Mentz,Albrecht_Mentz/Albrecht_Mentz_0001.jpg,True,Albrecht_Mentz,Albrecht_Mentz/Albrecht_Mentz_0002.jpg,True,1
3007,6,Alejandro_Toledo,Alejandro_Toledo/Alejandro_Toledo_0020.jpg,True,Alejandro_Toledo,Alejandro_Toledo/Alejandro_Toledo_0036.jpg,True,1
3008,6,Alejandro_Toledo,Alejandro_Toledo/Alejandro_Toledo_0021.jpg,True,Alejandro_Toledo,Alejandro_Toledo/Alejandro_Toledo_0024.jpg,True,1
3009,6,Alejandro_Toledo,Alejandro_Toledo/Alejandro_Toledo_0021.jpg,True,Alejandro_Toledo,Alejandro_Toledo/Alejandro_Toledo_0030.jpg,True,1
3010,6,Alejandro_Toledo,Alejandro_Toledo/Alejandro_Toledo_0023.jpg,True,Alejandro_Toledo,Alejandro_Toledo/Alejandro_Toledo_0027.jpg,True,1
3011,6,Alejandro_Toledo,Alejandro_Toledo/Alejandro_Toledo_0026.jpg,True,Alejandro_Toledo,Alejandro_Toledo/Alejandro_Toledo_0029.jpg,True,1
3012,6,Alexander_Losyukov,Alexander_Losyukov/Alexander_Losyukov_0001.jpg,False,Alexander_Losyukov,Alexander_Losyukov/Alexander_Losyukov_0003.jpg,False,1
3013,6,Alexander_Losyukov,Alexander_Losyukov/Alexander_Losyukov_0002.jpg,False,Alexander_Losyukov,Alexander_Losyukov/Alexander_Losyukov_0003.jpg,False,1
3014,6,Alexander_Losyukov,Alexander_Losyukov/Alexander_Losyukov_0002.jpg,False,Alexander_Losyukov,Alexander_Losyukov/Alexander_Losyukov_0004.jpg,False,1
3015,6,Alimzhan_Tokhtakhounov,Alimzhan_Tokhtakhounov/Alimzhan_Tokhtakhounov_0001.jpg,False,Alimzhan_Tokhtakhounov,Alimzhan_Tokhtakhounov/Alimzhan_Tokhtakhounov_0002.jpg,False,1
3016,6,Amelie_Mauresmo,Amelie_Mauresmo/Amelie_Mauresmo_0007.jpg,True,Amelie_Mauresmo,Amelie_Mauresmo/Amelie_Mauresmo_0014.jpg,True,1
3017,6,Amelie_Mauresmo,Amelie_Mauresmo/Amelie_Mauresmo_0011.jpg,True,Amelie_Mauresmo,Amelie_Mauresmo/Amelie_Mauresmo_0017.jpg,True,1
3018,6,Amelie_Mauresmo,Amelie_Mauresmo/Amelie_Mauresmo_0014.jpg,True,Amelie_Mauresmo,Amelie_Mauresmo/Amelie_Mauresmo_0017.jpg,True,1
3019,6,Angelo_Reyes,Angelo_Reyes/Angelo_Reyes_0001.jpg,False,Angelo_Reyes,Angelo_Reyes/Angelo_Reyes_0002.jpg,False,1
3020,6,Angelo_Reyes,Angelo_Reyes/Angelo_Reyes_0001.jpg,False,Angelo_Reyes,Angelo_Reyes/Angelo_Reyes_0003.jpg,False,1
3021,6,Begum_Khaleda_Zia,Begum_Khaleda_Zia/Begum_Khaleda_Zia_0001.jpg,True,Begum_Khaleda_Zia,Begum_Khaleda_Zia/Begum_Khaleda_Zia_0002.jpg,True,1
3022,6,Ben_Curtis,Ben_Curtis/Ben_Curtis_0001.jpg,False,Ben_Curtis,Ben_Curtis/Ben_Curtis_0002.jpg,False,1
3023,6,Bijan_Namdar_Zangeneh,Bijan_Namdar_Zangeneh/Bijan_Namdar_Zangeneh_0001.jpg,True,Bijan_Namdar_Zangeneh,Bijan_Namdar_Zangeneh/Bijan_Namdar_Zangeneh_0002.jpg,True,1
3024,6,Bill_Paxton,Bill_Paxton/Bill_Paxton_0001.jpg,False,Bill_Paxton,Bill_Paxton/Bill_Paxton_0002.jpg,False,1
3025,6,Bill_Paxton,Bill_Paxton/Bill_Paxton_0001.jpg,False,Bill_Paxton,Bill_Paxton/Bill_Paxton_0003.jpg,False,1
3026,6,Bill_Paxton,Bill_Paxton/Bill_Paxton_0002.jpg,False,Bill_Paxton,Bill_Paxton/Bill_Paxton_0004.jpg,False,1
3027,6,Bill_Paxton,Bill_Paxton/Bill_Paxton_0003.jpg,False,Bill_Paxton,Bill_Paxton/Bill_Paxton_0004.jpg,False,1
3028,6,Billy_Crystal,Billy_Crystal/Billy_Crystal_0001.jpg,True,Billy_Crystal,Billy_Crystal/Billy_Crystal_0002.jpg,True,1
3029,6,Billy_Crystal,Billy_Crystal/Billy_Crystal_0001.jpg,True,Billy_Crystal,Billy_Crystal/Billy_Crystal_0003.jpg,True,1
3030,6,Billy_Crystal,Billy_Crystal/Billy_Crystal_0001.jpg,True,Billy_Crystal,Billy_Crystal/Billy_Crystal_0005.jpg,True,1
3031,6,Billy_Crystal,Billy_Crystal/Billy_Crystal_0003.jpg,True,Billy_Crystal,Billy_Crystal/Billy_Crystal_0005.jpg,True,1
3032,6,Billy_Graham,Billy_Graham/Billy_Graham_0001.jpg,True,Billy_Graham,Billy_Graham/Billy_Graham_0002.jpg,True,1
3033,6,Bob_Colvin,Bob_Colvin/Bob_Colvin_0001.jpg,True,Bob_Colvin,Bob_Colvin/Bob_Colvin_0002.jpg,True,1
3034,6,Brian_Cowen,Brian_Cowen/Brian_Cowen_0001.jpg,False,Brian_Cowen,Brian_Cowen/Brian_Cowen_0002.jpg,False,1
3035,6,Butch_Davis,Butch_Davis/Butch_Davis_0001.jpg,True,Butch_Davis,Butch_Davis/Butch_Davis_0002.jpg,True,1
3036,6,Byron_Scott,Byron_Scott/Byron_Scott_0001.jpg,False,Byron_Scott,Byron_Scott/Byron_Scott_0002.jpg,False,1
3037,6,Carol_Burnett,Carol_Burnett/Carol_Burnett_0001.jpg,False,Carol_Burnett,Carol_Burnett/Carol_Burnett_0002.jpg,False,1
3038,6,Charles_Mathews,Charles_Mathews/Charles_Mathews_0001.jpg,True,Charles_Mathews,Charles_Mathews/Charles_Mathews_0002.jpg,True,1
3039,6,Christine_Ebersole,Christine_Ebersole/Christine_Ebersole_0001.jpg,True,Christine_Ebersole,Christine_Ebersole/Christine_Ebersole_0002.jpg,True,1
3040,6,Claudia_Schiffer,Claudia_Schiffer/Claudia_Schiffer_0001.jpg,False,Claudia_Schiffer,Claudia_Schiffer/Claudia_Schiffer_0002.jpg,False,1
3041,6,Condoleezza_Rice,Condoleezza_Rice/Condoleezza_Rice_0001.jpg,True,Condoleezza_Rice,Condoleezza_Rice/Condoleezza_Rice_0004.jpg,True,1
3042,6,Condoleezza_Rice,Condoleezza_Rice/Condoleezza_Rice_0002.jpg,True,Condoleezza_Rice,Condoleezza_Rice/Condoleezza_Rice_0010.jpg,True,1
3043,6,Condoleezza_Rice,Condoleezza_Rice/Condoleezza_Rice_0004.jpg,True,Condoleezza_Rice,Condoleezza_Rice/Condoleezza_Rice_0005.jpg,True,1
3044,6,Condoleezza_Rice,Condoleezza_Rice/Condoleezza_Rice_0008.jpg,True,Condoleezza_Rice,Condoleezza_Rice/Condoleezza_Rice_0009.jpg,True,1
3045,6,Condoleezza_Rice,Condoleezza_Rice/Condoleezza_Rice_0009.jpg,True,Condoleezza_Rice,Condoleezza_Rice/Condoleezza_Rice_0010.jpg,True,1
3046,6,Costas_Simitis,Costas_Simitis/Costas_Simitis_0001.jpg,True,Costas_Simitis,Costas_Simitis/Costas_Simitis_0004.jpg,True,1
3047,6,Costas_Simitis,Costas_Simitis/Costas_Simitis_0001.jpg,True,Costas_Simitis,Costas_Simitis/Costas_Simitis_0005.jpg,True,1
3048,6,Costas_Simitis,Costas_Simitis/Costas_Simitis_0003.jpg,True,Costas_Simitis,Costas_Simitis/Costas_Simitis_0005.jpg,True,1
3049,6,Costas_Simitis,Costas_Simitis/Costas_Simitis_0004.jpg,True,Costas_Simitis,Costas_Simitis/Costas_Simitis_0006.jpg,True,1
3050,6,Cristina_Saralegui,Cristina_Saralegui/Cristina_Saralegui_0001.jpg,False,Cristina_Saralegui,Cristina_Saralegui/Cristina_Saralegui_0002.jpg,False,1
3051,6,Cruz_Bustamante,Cruz_Bustamante/Cruz_Bustamante_0001.jpg,False,Cruz_Bustamante,Cruz_Bustamante/Cruz_Bustamante_0004.jpg,False,1
3052,6,Cruz_Bustamante,Cruz_Bustamante/Cruz_Bustamante_0003.jpg,False,Cruz_Bustamante,Cruz_Bustamante/Cruz_Bustamante_0005.jpg,False,1
3053,6,David_Heymann,David_Heymann/David_Heymann_0003.jpg,False,David_Heymann,David_Heymann/David_Heymann_0005.jpg,False,1
3054,6,Diana_Krall,Diana_Krall/Diana_Krall_0001.jpg,False,Diana_Krall,Diana_Krall/Diana_Krall_0006.jpg,False,1
3055,6,Diana_Krall,Diana_Krall/Diana_Krall_0003.jpg,False,Diana_Krall,Diana_Krall/Diana_Krall_0004.jpg,False,1
3056,6,Diana_Munz,Diana_Munz/Diana_Munz_0001.jpg,False,Diana_Munz,Diana_Munz/Diana_Munz_0003.jpg,False,1
3057,6,Diana_Munz,Diana_Munz/Diana_Munz_0002.jpg,False,Diana_Munz,Diana_Munz/Diana_Munz_0003.jpg,False,1
3058,6,Dominique_de_Villepin,Dominique_de_Villepin/Dominique_de_Villepin_0002.jpg,False,Dominique_de_Villepin,Dominique_de_Villepin/Dominique_de_Villepin_0013.jpg,False,1
3059,6,Dominique_de_Villepin,Dominique_de_Villepin/Dominique_de_Villepin_0003.jpg,False,Dominique_de_Villepin,Dominique_de_Villepin/Dominique_de_Villepin_0008.jpg,False,1
3060,6,Dominique_de_Villepin,Dominique_de_Villepin/Dominique_de_Villepin_0003.jpg,False,Dominique_de_Villepin,Dominique_de_Villepin/Dominique_de_Villepin_0010.jpg,False,1
3061,6,Dominique_de_Villepin,Dominique_de_Villepin/Dominique_de_Villepin_0007.jpg,False,Dominique_de_Villepin,Dominique_de_Villepin/Dominique_de_Villepin_0011.jpg,False,1
3062,6,Dominique_de_Villepin,Dominique_de_Villepin/Dominique_de_Villepin_0010.jpg,False,Dominique_de_Villepin,Dominique_de_Villepin/Dominique_de_Villepin_0014.jpg,False,1
3063,6,Dominique_de_Villepin,Dominique_de_Villepin/Dominique_de_Villepin_0011.jpg,False,Dominique_de_Villepin,Dominique_de_Villepin/Dominique_de_Villepin_0012.jpg,False,1
3064,6,Don_Siegelman,Don_Siegelman/Don_Siegelman_0001.jpg,True,Don_Siegelman,Don_Siegelman/Don_Siegelman_0003.jpg,True,1
3065,6,Don_Siegelman,Don_Siegelman/Don_Siegelman_0002.jpg,True,Don_Siegelman,Don_Siegelman/Don_Siegelman_0004.jpg,True,1
3066,6,Donald_Pettit,Donald_Pettit/Donald_Pettit_0001.jpg,False,Donald_Pettit,Donald_Pettit/Donald_Pettit_0002.jpg,False,1
3067,6,Donald_Pettit,Donald_Pettit/Donald_Pettit_0001.jpg,False,Donald_Pettit,Donald_Pettit/Donald_Pettit_0003.jpg,False,1
3068,6,Donald_Pettit,Donald_Pettit/Donald_Pettit_0002.jpg,False,Donald_Pettit,Donald_Pettit/Donald_Pettit_0003.jpg,False,1
3069,6,Doug_Collins,Doug_Collins/Doug_Collins_0001.jpg,True,Doug_Collins,Doug_Collins/Doug_Collins_0002.jpg,True,1
3070,6,Edward_James_Olmos,Edward_James_Olmos/Edward_James_Olmos_0001.jpg,True,Edward_James_Olmos,Edward_James_Olmos/Edward_James_Olmos_0002.jpg,True,1
3071,6,Elin_Nordegren,Elin_Nordegren/Elin_Nordegren_0001.jpg,True,Elin_Nordegren,Elin_Nordegren/Elin_Nordegren_0002.jpg,True,1
3072,6,Elizabeth_Taylor,Elizabeth_Taylor/Elizabeth_Taylor_0001.jpg,True,Elizabeth_Taylor,Elizabeth_Taylor/Elizabeth_Taylor_0002.jpg,True,1
3073,6,Ellen_DeGeneres,Ellen_DeGeneres/Ellen_DeGeneres_0001.jpg,True,Ellen_DeGeneres,Ellen_DeGeneres/Ellen_DeGeneres_0002.jpg,True,1
3074,6,Elton_John,Elton_John/Elton_John_0001.jpg,False,Elton_John,Elton_John/Elton_John_0004.jpg,False,1
3075,6,Elton_John,Elton_John/Elton_John_0002.jpg,False,Elton_John,Elton_John/Elton_John_0003.jpg,False,1
3076,6,Elton_John,Elton_John/Elton_John_0003.jpg,False,Elton_John,Elton_John/Elton_John_0006.jpg,False,1
3077,6,Elton_John,Elton_John/Elton_John_0005.jpg,False,Elton_John,Elton_John/Elton_John_0006.jpg,False,1
3078,6,Elton_John,Elton_John/Elton_John_0005.jpg,False,Elton_John,Elton_John/Elton_John_0007.jpg,False,1
3079,6,Emma_Watson,Emma_Watson/Emma_Watson_0002.jpg,True,Emma_Watson,Emma_Watson/Emma_Watson_0003.jpg,True,1
3080,6,Emma_Watson,Emma_Watson/Emma_Watson_0003.jpg,True,Emma_Watson,Emma_Watson/Emma_Watson_0004.jpg,True,1
3081,6,Emma_Watson,Emma_Watson/Emma_Watson_0003.jpg,True,Emma_Watson,Emma_Watson/Emma_Watson_0005.jpg,True,1
3082,6,Fabrice_Santoro,Fabrice_Santoro/Fabrice_Santoro_0001.jpg,True,Fabrice_Santoro,Fabrice_Santoro/Fabrice_Santoro_0003.jpg,True,1
3083,6,Fabrice_Santoro,Fabrice_Santoro/Fabrice_Santoro_0002.jpg,True,Fabrice_Santoro,Fabrice_Santoro/Fabrice_Santoro_0003.jpg,True,1
3084,6,Flavia_Delaroli,Flavia_Delaroli/Flavia_Delaroli_0001.jpg,False,Flavia_Delaroli,Flavia_Delaroli/Flavia_Delaroli_0002.jpg,False,1
3085,6,George_Lopez,George_Lopez/George_Lopez_0001.jpg,False,George_Lopez,George_Lopez/George_Lopez_0004.jpg,False,1
3086,6,George_Lopez,George_Lopez/George_Lopez_0002.jpg,False,George_Lopez,George_Lopez/George_Lopez_0004.jpg,False,1
3087,6,George_Lopez,George_Lopez/George_Lopez_0002.jpg,False,George_Lopez,George_Lopez/George_Lopez_0005.jpg,False,1
3088,6,George_Lopez,George_Lopez/George_Lopez_0004.jpg,False,George_Lopez,George_Lopez/George_Lopez_0005.jpg,False,1
3089,6,Gerard_Depardieu,Gerard_Depardieu/Gerard_Depardieu_0001.jpg,False,Gerard_Depardieu,Gerard_Depardieu/Gerard_Depardieu_0002.jpg,False,1
3090,6,Gerhard_Schroeder,Gerhard_Schroeder/Gerhard_Schroeder_0005.jpg,True,Gerhard_Schroeder,Gerhard_Schroeder/Gerhard_Schroeder_0043.jpg,True,1
3091,6,Gerhard_Schroeder,Gerhard_Schroeder/Gerhard_Schroeder_0017.jpg,True,Gerhard_Schroeder,Gerhard_Schroeder/Gerhard_Schroeder_0025.jpg,True,1
3092,6,Gerhard_Schroeder,Gerhard_Schroeder/Gerhard_Schroeder_0027.jpg,True,Gerhard_Schroeder,Gerhard_Schroeder/Gerhard_Schroeder_0032.jpg,True,1
3093,6,Gerhard_Schroeder,Gerhard_Schroeder/Gerhard_Schroeder_0045.jpg,True,Gerhard_Schroeder,Gerhard_Schroeder/Gerhard_Schroeder_0067.jpg,True,1
3094,6,Gerhard_Schroeder,Gerhard_Schroeder/Gerhard_Schroeder_0066.jpg,True,Gerhard_Schroeder,Gerhard_Schroeder/Gerhard_Schroeder_0100.jpg,True,1
3095,6,Gilberto_Rodriguez_Orejuela,Gilberto_Rodriguez_Orejuela/Gilberto_Rodriguez_Orejuela_0001.jpg,False,Gilberto_Rodriguez_Orejuela,Gilberto_Rodriguez_Orejuela/Gilberto_Rodriguez_Orejuela_0003.jpg,False,1
3096,6,Gilberto_Rodriguez_Orejuela,Gilberto_Rodriguez_Orejuela/Gilberto_Rodriguez_Orejuela_0002.jpg,False,Gilberto_Rodriguez_Orejuela,Gilberto_Rodriguez_Orejuela/Gilberto_Rodriguez_Orejuela_0003.jpg,False,1
3097,6,Gilberto_Rodriguez_Orejuela,Gilberto_Rodriguez_Orejuela/Gilberto_Rodriguez_Orejuela_0003.jpg,False,Gilberto_Rodriguez_Orejuela,Gilberto_Rodriguez_Orejuela/Gilberto_Rodriguez_Orejuela_0004.jpg,False,1
3098,6,Giuseppe_Gibilisco,Giuseppe_Gibilisco/Giuseppe_Gibilisco_0001.jpg,False,Giuseppe_Gibilisco,Giuseppe_Gibilisco/Giuseppe_Gibilisco_0003.jpg,False,1
3099,6,Giuseppe_Gibilisco,Giuseppe_Gibilisco/Giuseppe_Gibilisco_0001.jpg,False,Giuseppe_Gibilisco,Giuseppe_Gibilisco/Giuseppe_Gibilisco_0004.jpg,False,1
3100,6,Giuseppe_Gibilisco,Giuseppe_Gibilisco/Giuseppe_Gibilisco_0003.jpg,False,Giuseppe_Gibilisco,Giuseppe_Gibilisco/Giuseppe_Gibilisco_0004.jpg,False,1
3101,6,Guillermo_Canas,Guillermo_Canas/Guillermo_Canas_0001.jpg,True,Guillermo_Canas,Guillermo_Canas/Guillermo_Canas_0002.jpg,True,1
3102,6,Guillermo_Canas,Guillermo_Canas/Guillermo_Canas_0001.jpg,True,Guillermo_Canas,Guillermo_Canas/Guillermo_Canas_0003.jpg,True,1
3103,6,Guillermo_Canas,Guillermo_Canas/Guillermo_Canas_0002.jpg,True,Guillermo_Canas,Guillermo_Canas/Guillermo_Canas_0004.jpg,True,1
3104,6,Guillermo_Canas,Guillermo_Canas/Guillermo_Canas_0003.jpg,True,Guillermo_Canas,Guillermo_Canas/Guillermo_Canas_0004.jpg,True,1
3105,6,Hans_Blix,Hans_Blix/Hans_Blix_0007.jpg,True,Hans_Blix,Hans_Blix/Hans_Blix_0008.jpg,True,1
3106,6,Hans_Blix,Hans_Blix/Hans_Blix_0007.jpg,True,Hans_Blix,Hans_Blix/Hans_Blix_0018.jpg,True,1
3107,6,Hans_Blix,Hans_Blix/Hans_Blix_0007.jpg,True,Hans_Blix,Hans_Blix/Hans_Blix_0038.jpg,True,1
3108,6,Hans_Blix,Hans_Blix/Hans_Blix_0008.jpg,True,Hans_Blix,Hans_Blix/Hans_Blix_0024.jpg,True,1
3109,6,Hans_Blix,Hans_Blix/Hans_Blix_0009.jpg,True,Hans_Blix,Hans_Blix/Hans_Blix_0012.jpg,True,1
3110,6,Hans_Blix,Hans_Blix/Hans_Blix_0026.jpg,True,Hans_Blix,Hans_Blix/Hans_Blix_0036.jpg,True,1
3111,6,Hans_Blix,Hans_Blix/Hans_Blix_0027.jpg,True,Hans_Blix,Hans_Blix/Hans_Blix_0037.jpg,True,1
3112,6,Hans_Blix,Hans_Blix/Hans_Blix_0031.jpg,True,Hans_Blix,Hans_Blix/Hans_Blix_0037.jpg,True,1
3113,6,Heath_Ledger,Heath_Ledger/Heath_Ledger_0001.jpg,True,Heath_Ledger,Heath_Ledger/Heath_Ledger_0002.jpg,True,1
3114,6,Heath_Ledger,Heath_Ledger/Heath_Ledger_0001.jpg,True,Heath_Ledger,Heath_Ledger/Heath_Ledger_0004.jpg,True,1
3115,6,Heath_Ledger,Heath_Ledger/Heath_Ledger_0002.jpg,True,Heath_Ledger,Heath_Ledger/Heath_Ledger_0003.jpg,True,1
3116,6,Heath_Ledger,Heath_Ledger/Heath_Ledger_0002.jpg,True,Heath_Ledger,Heath_Ledger/Heath_Ledger_0004.jpg,True,1
3117,6,Herta_Daeubler-Gmelin,Herta_Daeubler-Gmelin/Herta_Daeubler-Gmelin_0001.jpg,True,Herta_Daeubler-Gmelin,Herta_Daeubler-Gmelin/Herta_Daeubler-Gmelin_0002.jpg,True,1
3118,6,Hilary_Duff,Hilary_Duff/Hilary_Duff_0001.jpg,False,Hilary_Duff,Hilary_Duff/Hilary_Duff_0003.jpg,False,1
3119,6,Hilary_Duff,Hilary_Duff/Hilary_Duff_0002.jpg,False,Hilary_Duff,Hilary_Duff/Hilary_Duff_0003.jpg,False,1
3120,6,Hosni_Mubarak,Hosni_Mubarak/Hosni_Mubarak_0006.jpg,True,Hosni_Mubarak,Hosni_Mubarak/Hosni_Mubarak_0007.jpg,True,1
3121,6,Hun_Sen,Hun_Sen/Hun_Sen_0001.jpg,False,Hun_Sen,Hun_Sen/Hun_Sen_0004.jpg,False,1
3122,6,Hun_Sen,Hun_Sen/Hun_Sen_0002.jpg,False,Hun_Sen,Hun_Sen/Hun_Sen_0004.jpg,False,1
3123,6,Iain_Duncan_Smith,Iain_Duncan_Smith/Iain_Duncan_Smith_0001.jpg,True,Iain_Duncan_Smith,Iain_Duncan_Smith/Iain_Duncan_Smith_0003.jpg,True,1
3124,6,Iain_Duncan_Smith,Iain_Duncan_Smith/Iain_Duncan_Smith_0002.jpg,True,Iain_Duncan_Smith,Iain_Duncan_Smith/Iain_Duncan_Smith_0003.jpg,True,1
3125,6,Iain_Duncan_Smith,Iain_Duncan_Smith/Iain_Duncan_Smith_0002.jpg,True,Iain_Duncan_Smith,Iain_Duncan_Smith/Iain_Duncan_Smith_0004.jpg,True,1
3126,6,Iain_Duncan_Smith,Iain_Duncan_Smith/Iain_Duncan_Smith_0003.jpg,True,Iain_Duncan_Smith,Iain_Duncan_Smith/Iain_Duncan_Smith_0004.jpg,True,1
3127,6,Inocencio_Arias,Inocencio_Arias/Inocencio_Arias_0001.jpg,False,Inocencio_Arias,Inocencio_Arias/Inocencio_Arias_0002.jpg,False,1
3128,6,JK_Rowling,JK_Rowling/JK_Rowling_0001.jpg,True,JK_Rowling,JK_Rowling/JK_Rowling_0002.jpg,True,1
3129,6,JK_Rowling,JK_Rowling/JK_Rowling_0002.jpg,True,JK_Rowling,JK_Rowling/JK_Rowling_0003.jpg,True,1
3130,6,JK_Rowling,JK_Rowling/JK_Rowling_0002.jpg,True,JK_Rowling,JK_Rowling/JK_Rowling_0004.jpg,True,1
3131,6,JK_Rowling,JK_Rowling/JK_Rowling_0003.jpg,True,JK_Rowling,JK_Rowling/JK_Rowling_0005.jpg,True,1
3132,6,Jackie_Chan,Jackie_Chan/Jackie_Chan_0001.jpg,True,Jackie_Chan,Jackie_Chan/Jackie_Chan_0003.jpg,True,1
3133,6,Jackie_Chan,Jackie_Chan/Jackie_Chan_0005.jpg,True,Jackie_Chan,Jackie_Chan/Jackie_Chan_0008.jpg,True,1
3134,6,Jane_Kaczmarek,Jane_Kaczmarek/Jane_Kaczmarek_0001.jpg,False,Jane_Kaczmarek,Jane_Kaczmarek/Jane_Kaczmarek_0002.jpg,False,1
3135,6,Janet_Napolitano,Janet_Napolitano/Janet_Napolitano_0001.jpg,False,Janet_Napolitano,Janet_Napolitano/Janet_Napolitano_0002.jpg,False,1
3136,6,Janet_Napolitano,Janet_Napolitano/Janet_Napolitano_0001.jpg,False,Janet_Napolitano,Janet_Napolitano/Janet_Napolitano_0004.jpg,False,1
3137,6,Jay_Leno,Jay_Leno/Jay_Leno_0001.jpg,True,Jay_Leno,Jay_Leno/Jay_Leno_0003.jpg,True,1
3138,6,Jay_Leno,Jay_Leno/Jay_Leno_0002.jpg,True,Jay_Leno,Jay_Leno/Jay_Leno_0003.jpg,True,1
3139,6,Jean-David_Levitte,Jean-David_Levitte/Jean-David_Levitte_0001.jpg,True,Jean-David_Levitte,Jean-David_Levitte/Jean-David_Levitte_0002.jpg,True,1
3140,6,Jean-David_Levitte,Jean-David_Levitte/Jean-David_Levitte_0001.jpg,True,Jean-David_Levitte,Jean-David_Levitte/Jean-David_Levitte_0004.jpg,True,1
3141,6,Jean-David_Levitte,Jean-David_Levitte/Jean-David_Levitte_0002.jpg,True,Jean-David_Levitte,Jean-David_Levitte/Jean-David_Levitte_0005.jpg,True,1
3142,6,Jean-David_Levitte,Jean-David_Levitte/Jean-David_Levitte_0003.jpg,True,Jean-David_Levitte,Jean-David_Levitte/Jean-David_Levitte_0004.jpg,True,1
3143,6,Jean-David_Levitte,Jean-David_Levitte/Jean-David_Levitte_0004.jpg,True,Jean-David_Levitte,Jean-David_Levitte/Jean-David_Levitte_0009.jpg,True,1
3144,6,Jeff_Van_Gundy,Jeff_Van_Gundy/Jeff_Van_Gundy_0001.jpg,False,Jeff_Van_Gundy,Jeff_Van_Gundy/Jeff_Van_Gundy_0002.jpg,False,1
3145,6,Jeff_Van_Gundy,Jeff_Van_Gundy/Jeff_Van_Gundy_0001.jpg,False,Jeff_Van_Gundy,Jeff_Van_Gundy/Jeff_Van_Gundy_0003.jpg,False,1
3146,6,Jeff_Van_Gundy,Jeff_Van_Gundy/Jeff_Van_Gundy_0002.jpg,False,Jeff_Van_Gundy,Jeff_Van_Gundy/Jeff_Van_Gundy_0003.jpg,False,1
3147,6,Jim_Furyk,Jim_Furyk/Jim_Furyk_0001.jpg,False,Jim_Furyk,Jim_Furyk/Jim_Furyk_0006.jpg,False,1
3148,6,Jim_Furyk,Jim_Furyk/Jim_Furyk_0003.jpg,False,Jim_Furyk,Jim_Furyk/Jim_Furyk_0006.jpg,False,1
3149,6,John_Garamendi,John_Garamendi/John_Garamendi_0001.jpg,False,John_Garamendi,John_Garamendi/John_Garamendi_0002.jpg,False,1
3150,6,John_Rigas,John_Rigas/John_Rigas_0001.jpg,False,John_Rigas,John_Rigas/John_Rigas_0002.jpg,False,1
3151,6,John_Warner,John_Warner/John_Warner_0001.jpg,True,John_Warner,John_Warner/John_Warner_0002.jpg,True,1
3152,6,John_Warner,John_Warner/John_Warner_0001.jpg,True,John_Warner,John_Warner/John_Warner_0003.jpg,True,1
3153,6,John_Warner,John_Warner/John_Warner_0002.jpg,True,John_Warner,John_Warner/John_Warner_0004.jpg,True,1
3154,6,John_Warner,John_Warner/John_Warner_0003.jpg,True,John_Warner,John_Warner/John_Warner_0004.jpg,True,1
3155,6,Julia_Tymoshenko,Julia_Tymoshenko/Julia_Tymoshenko_0001.jpg,True,Julia_Tymoshenko,Julia_Tymoshenko/Julia_Tymoshenko_0002.jpg,True,1
3156,6,Julia_Tymoshenko,Julia_Tymoshenko/Julia_Tymoshenko_0001.jpg,True,Julia_Tymoshenko,Julia_Tymoshenko/Julia_Tymoshenko_0003.jpg,True,1
3157,6,Julia_Tymoshenko,Julia_Tymoshenko/Julia_Tymoshenko_0002.jpg,True,Julia_Tymoshenko,Julia_Tymoshenko/Julia_Tymoshenko_0003.jpg,True,1
3158,6,Keith_Bogans,Keith_Bogans/Keith_Bogans_0001.jpg,False,Keith_Bogans,Keith_Bogans/Keith_Bogans_0003.jpg,False,1
3159,6,Keith_Bogans,Keith_Bogans/Keith_Bogans_0002.jpg,False,Keith_Bogans,Keith_Bogans/Keith_Bogans_0003.jpg,False,1
3160,6,Ken_Macha,Ken_Macha/Ken_Macha_0001.jpg,True,Ken_Macha,Ken_Macha/Ken_Macha_0003.jpg,True,1
3161,6,Ken_Macha,Ken_Macha/Ken_Macha_0002.jpg,True,Ken_Macha,Ken_Macha/Ken_Macha_0003.jpg,True,1
3162,6,Kenneth_Bowersox,Kenneth_Bowersox/Kenneth_Bowersox_0001.jpg,False,Kenneth_Bowersox,Kenneth_Bowersox/Kenneth_Bowersox_0002.jpg,False,1
3163,6,Kenneth_Bowersox,Kenneth_Bowersox/Kenneth_Bowersox_0001.jpg,False,Kenneth_Bowersox,Kenneth_Bowersox/Kenneth_Bowersox_0003.jpg,False,1
3164,6,Kenneth_Bowersox,Kenneth_Bowersox/Kenneth_Bowersox_0002.jpg,False,Kenneth_Bowersox,Kenneth_Bowersox/Kenneth_Bowersox_0003.jpg,False,1
3165,6,Kristanna_Loken,Kristanna_Loken/Kristanna_Loken_0001.jpg,False,Kristanna_Loken,Kristanna_Loken/Kristanna_Loken_0002.jpg,False,1
3166,6,Kristanna_Loken,Kristanna_Loken/Kristanna_Loken_0003.jpg,False,Kristanna_Loken,Kristanna_Loken/Kristanna_Loken_0004.jpg,False,1
3167,6,Kristanna_Loken,Kristanna_Loken/Kristanna_Loken_0004.jpg,False,Kristanna_Loken,Kristanna_Loken/Kristanna_Loken_0005.jpg,False,1
3168,6,LK_Advani,LK_Advani/LK_Advani_0001.jpg,True,LK_Advani,LK_Advani/LK_Advani_0002.jpg,True,1
3169,6,LK_Advani,LK_Advani/LK_Advani_0001.jpg,True,LK_Advani,LK_Advani/LK_Advani_0003.jpg,True,1
3170,6,Lauren_Killian,Lauren_Killian/Lauren_Killian_0001.jpg,False,Lauren_Killian,Lauren_Killian/Lauren_Killian_0002.jpg,False,1
3171,6,Lennox_Lewis,Lennox_Lewis/Lennox_Lewis_0001.jpg,True,Lennox_Lewis,Lennox_Lewis/Lennox_Lewis_0002.jpg,True,1
3172,6,Lennox_Lewis,Lennox_Lewis/Lennox_Lewis_0001.jpg,True,Lennox_Lewis,Lennox_Lewis/Lennox_Lewis_0003.jpg,True,1
3173,6,Lili_Taylor,Lili_Taylor/Lili_Taylor_0001.jpg,True,Lili_Taylor,Lili_Taylor/Lili_Taylor_0002.jpg,True,1
3174,6,Lily_Tomlin,Lily_Tomlin/Lily_Tomlin_0001.jpg,True,Lily_Tomlin,Lily_Tomlin/Lily_Tomlin_0002.jpg,True,1
3175,6,Lon_Kruger,Lon_Kruger/Lon_Kruger_0001.jpg,False,Lon_Kruger,Lon_Kruger/Lon_Kruger_0002.jpg,False,1
3176,6,Lynn_Abraham,Lynn_Abraham/Lynn_Abraham_0001.jpg,True,Lynn_Abraham,Lynn_Abraham/Lynn_Abraham_0002.jpg,True,1
3177,6,Mahmoud_Abbas,Mahmoud_Abbas/Mahmoud_Abbas_0007.jpg,True,Mahmoud_Abbas,Mahmoud_Abbas/Mahmoud_Abbas_0011.jpg,True,1
3178,6,Mahmoud_Abbas,Mahmoud_Abbas/Mahmoud_Abbas_0015.jpg,True,Mahmoud_Abbas,Mahmoud_Abbas/Mahmoud_Abbas_0020.jpg,True,1
3179,6,Mahmoud_Abbas,Mahmoud_Abbas/Mahmoud_Abbas_0022.jpg,True,Mahmoud_Abbas,Mahmoud_Abbas/Mahmoud_Abbas_0027.jpg,True,1
3180,6,Mark_Richt,Mark_Richt/Mark_Richt_0001.jpg,True,Mark_Richt,Mark_Richt/Mark_Richt_0002.jpg,True,1
3181,6,Mark_Richt,Mark_Richt/Mark_Richt_0001.jpg,True,Mark_Richt,Mark_Richt/Mark_Richt_0003.jpg,True,1
3182,6,Mary-Kate_Olsen,Mary-Kate_Olsen/Mary-Kate_Olsen_0001.jpg,False,Mary-Kate_Olsen,Mary-Kate_Olsen/Mary-Kate_Olsen_0002.jpg,False,1
3183,6,Mary-Kate_Olsen,Mary-Kate_Olsen/Mary-Kate_Olsen_0002.jpg,False,Mary-Kate_Olsen,Mary-Kate_Olsen/Mary-Kate_Olsen_0003.jpg,False,1
3184,6,Matt_Dillon,Matt_Dillon/Matt_Dillon_0001.jpg,True,Matt_Dillon,Matt_Dillon/Matt_Dillon_0002.jpg,True,1
3185,6,Max_Mayfield,Max_Mayfield/Max_Mayfield_0001.jpg,True,Max_Mayfield,Max_Mayfield/Max_Mayfield_0002.jpg,True,1
3186,6,Megan_Mullally,Megan_Mullally/Megan_Mullally_0001.jpg,False,Megan_Mullally,Megan_Mullally/Megan_Mullally_0002.jpg,False,1
3187,6,Megan_Mullally,Megan_Mullally/Megan_Mullally_0001.jpg,False,Megan_Mullally,Megan_Mullally/Megan_Mullally_0003.jpg,False,1
3188,6,Michael_Caine,Michael_Caine/Michael_Caine_0001.jpg,False,Michael_Caine,Michael_Caine/Michael_Caine_0002.jpg,False,1
3189,6,Michael_Caine,Michael_Caine/Michael_Caine_0001.jpg,False,Michael_Caine,Michael_Caine/Michael_Caine_0003.jpg,False,1
3190,6,Michael_Caine,Michael_Caine/Michael_Caine_0003.jpg,False,Michael_Caine,Michael_Caine/Michael_Caine_0004.jpg,False,1
3191,6,Michael_J_Sheehan,Michael_J_Sheehan/Michael_J_Sheehan_0001.jpg,False,Michael_J_Sheehan,Michael_J_Sheehan/Michael_J_Sheehan_0002.jpg,False,1
3192,6,Michael_Keaton,Michael_Keaton/Michael_Keaton_0001.jpg,False,Michael_Keaton,Michael_Keaton/Michael_Keaton_0002.jpg,False,1
3193,6,Michael_Powell,Michael_Powell/Michael_Powell_0001.jpg,False,Michael_Powell,Michael_Powell/Michael_Powell_0002.jpg,False,1
3194,6,Michael_Powell,Michael_Powell/Michael_Powell_0001.jpg,False,Michael_Powell,Michael_Powell/Michael_Powell_0003.jpg,False,1
3195,6,Michael_Powell,Michael_Powell/Michael_Powell_0001.jpg,False,Michael_Powell,Michael_Powell/Michael_Powell_0005.jpg,False,1
3196,6,Michael_Powell,Michael_Powell/Michael_Powell_0002.jpg,False,Michael_Powell,Michael_Powell/Michael_Powell_0003.jpg,False,1
3197,6,Michael_Powell,Michael_Powell/Michael_Powell_0002.jpg,False,Michael_Powell,Michael_Powell/Michael_Powell_0004.jpg,False,1
3198,6,Michael_Powell,Michael_Powell/Michael_Powell_0002.jpg,False,Michael_Powell,Michael_Powell/Michael_Powell_0005.jpg,False,1
3199,6,Michael_Powell,Michael_Powell/Michael_Powell_0004.jpg,False,Michael_Powell,Michael_Powell/Michael_Powell_0005.jpg,False,1
3200,6,Miguel_Contreras,Miguel_Contreras/Miguel_Contreras_0001.jpg,True,Miguel_Contreras,Miguel_Contreras/Miguel_Contreras_0002.jpg,True,1
3201,6,Mike_Weir,Mike_Weir/Mike_Weir_0001.jpg,True,Mike_Weir,Mike_Weir/Mike_Weir_0006.jpg,True,1
3202,6,Mike_Weir,Mike_Weir/Mike_Weir_0003.jpg,True,Mike_Weir,Mike_Weir/Mike_Weir_0011.jpg,True,1
3203,6,Mikhail_Kasyanov,Mikhail_Kasyanov/Mikhail_Kasyanov_0001.jpg,True,Mikhail_Kasyanov,Mikhail_Kasyanov/Mikhail_Kasyanov_0002.jpg,True,1
3204,6,Mikhail_Kasyanov,Mikhail_Kasyanov/Mikhail_Kasyanov_0001.jpg,True,Mikhail_Kasyanov,Mikhail_Kasyanov/Mikhail_Kasyanov_0003.jpg,True,1
3205,6,Mikhail_Kasyanov,Mikhail_Kasyanov/Mikhail_Kasyanov_0003.jpg,True,Mikhail_Kasyanov,Mikhail_Kasyanov/Mikhail_Kasyanov_0004.jpg,True,1
3206,6,Mohammed_Baqir_al-Hakim,Mohammed_Baqir_al-Hakim/Mohammed_Baqir_al-Hakim_0001.jpg,True,Mohammed_Baqir_al-Hakim,Mohammed_Baqir_al-Hakim/Mohammed_Baqir_al-Hakim_0003.jpg,True,1
3207,6,Monica_Lewinsky,Monica_Lewinsky/Monica_Lewinsky_0001.jpg,False,Monica_Lewinsky,Monica_Lewinsky/Monica_Lewinsky_0002.jpg,False,1
3208,6,Monica_Lewinsky,Monica_Lewinsky/Monica_Lewinsky_0001.jpg,False,Monica_Lewinsky,Monica_Lewinsky/Monica_Lewinsky_0003.jpg,False,1
3209,6,Monica_Lewinsky,Monica_Lewinsky/Monica_Lewinsky_0002.jpg,False,Monica_Lewinsky,Monica_Lewinsky/Monica_Lewinsky_0003.jpg,False,1
3210,6,Nan_Wang,Nan_Wang/Nan_Wang_0001.jpg,False,Nan_Wang,Nan_Wang/Nan_Wang_0003.jpg,False,1
3211,6,Nan_Wang,Nan_Wang/Nan_Wang_0002.jpg,False,Nan_Wang,Nan_Wang/Nan_Wang_0003.jpg,False,1
3212,6,Nan_Wang,Nan_Wang/Nan_Wang_0003.jpg,False,Nan_Wang,Nan_Wang/Nan_Wang_0004.jpg,False,1
3213,6,Nancy_Demme,Nancy_Demme/Nancy_Demme_0001.jpg,True,Nancy_Demme,Nancy_Demme/Nancy_Demme_0002.jpg,True,1
3214,6,Nancy_Reagan,Nancy_Reagan/Nancy_Reagan_0001.jpg,True,Nancy_Reagan,Nancy_Reagan/Nancy_Reagan_0002.jpg,True,1
3215,6,Naoto_Kan,Naoto_Kan/Naoto_Kan_0001.jpg,True,Naoto_Kan,Naoto_Kan/Naoto_Kan_0003.jpg,True,1
3216,6,Naoto_Kan,Naoto_Kan/Naoto_Kan_0002.jpg,True,Naoto_Kan,Naoto_Kan/Naoto_Kan_0003.jpg,True,1
3217,6,Natasha_McElhone,Natasha_McElhone/Natasha_McElhone_0001.jpg,False,Natasha_McElhone,Natasha_McElhone/Natasha_McElhone_0002.jpg,False,1
3218,6,Natasha_McElhone,Natasha_McElhone/Natasha_McElhone_0001.jpg,False,Natasha_McElhone,Natasha_McElhone/Natasha_McElhone_0003.jpg,False,1
3219,6,Neri_Marcore,Neri_Marcore/Neri_Marcore_0001.jpg,False,Neri_Marcore,Neri_Marcore/Neri_Marcore_0002.jpg,False,1
3220,6,Nicholas_Tse,Nicholas_Tse/Nicholas_Tse_0001.jpg,True,Nicholas_Tse,Nicholas_Tse/Nicholas_Tse_0002.jpg,True,1
3221,6,Nicolas_Escude,Nicolas_Escude/Nicolas_Escude_0001.jpg,True,Nicolas_Escude,Nicolas_Escude/Nicolas_Escude_0002.jpg,True,1
3222,6,Noelle_Bush,Noelle_Bush/Noelle_Bush_0001.jpg,True,Noelle_Bush,Noelle_Bush/Noelle_Bush_0003.jpg,True,1
3223,6,Noelle_Bush,Noelle_Bush/Noelle_Bush_0001.jpg,True,Noelle_Bush,Noelle_Bush/Noelle_Bush_0004.jpg,True,1
3224,6,Noelle_Bush,Noelle_Bush/Noelle_Bush_0002.jpg,True,Noelle_Bush,Noelle_Bush/Noelle_Bush_0004.jpg,True,1
3225,6,Orrin_Hatch,Orrin_Hatch/Orrin_Hatch_0001.jpg,True,Orrin_Hatch,Orrin_Hatch/Orrin_Hatch_0002.jpg,True,1
3226,6,Padraig_Harrington,Padraig_Harrington/Padraig_Harrington_0001.jpg,True,Padraig_Harrington,Padraig_Harrington/Padraig_Harrington_0003.jpg,True,1
3227,6,Padraig_Harrington,Padraig_Harrington/Padraig_Harrington_0001.jpg,True,Padraig_Harrington,Padraig_Harrington/Padraig_Harrington_0004.jpg,True,1
3228,6,Padraig_Harrington,Padraig_Harrington/Padraig_Harrington_0002.jpg,True,Padraig_Harrington,Padraig_Harrington/Padraig_Harrington_0004.jpg,True,1
3229,6,Pedro_Almodovar,Pedro_Almodovar/Pedro_Almodovar_0001.jpg,True,Pedro_Almodovar,Pedro_Almodovar/Pedro_Almodovar_0002.jpg,True,1
3230,6,Pedro_Almodovar,Pedro_Almodovar/Pedro_Almodovar_0003.jpg,True,Pedro_Almodovar,Pedro_Almodovar/Pedro_Almodovar_0005.jpg,True,1
3231,6,Pedro_Almodovar,Pedro_Almodovar/Pedro_Almodovar_0005.jpg,True,Pedro_Almodovar,Pedro_Almodovar/Pedro_Almodovar_0006.jpg,True,1
3232,6,Penelope_Ann_Miller,Penelope_Ann_Miller/Penelope_Ann_Miller_0001.jpg,False,Penelope_Ann_Miller,Penelope_Ann_Miller/Penelope_Ann_Miller_0002.jpg,False,1
3233,6,Peter_Arnett,Peter_Arnett/Peter_Arnett_0001.jpg,False,Peter_Arnett,Peter_Arnett/Peter_Arnett_0003.jpg,False,1
3234,6,Peter_Arnett,Peter_Arnett/Peter_Arnett_0002.jpg,False,Peter_Arnett,Peter_Arnett/Peter_Arnett_0003.jpg,False,1
3235,6,Petria_Thomas,Petria_Thomas/Petria_Thomas_0001.jpg,False,Petria_Thomas,Petria_Thomas/Petria_Thomas_0002.jpg,False,1
3236,6,Petro_Symonenko,Petro_Symonenko/Petro_Symonenko_0001.jpg,True,Petro_Symonenko,Petro_Symonenko/Petro_Symonenko_0002.jpg,True,1
3237,6,Prince_Charles,Prince_Charles/Prince_Charles_0001.jpg,True,Prince_Charles,Prince_Charles/Prince_Charles_0002.jpg,True,1
3238,6,Prince_Charles,Prince_Charles/Prince_Charles_0003.jpg,True,Prince_Charles,Prince_Charles/Prince_Charles_0004.jpg,True,1
3239,6,Prince_Charles,Prince_Charles/Prince_Charles_0003.jpg,True,Prince_Charles,Prince_Charles/Prince_Charles_0005.jpg,True,1
3240,6,Raoul_Ruiz,Raoul_Ruiz/Raoul_Ruiz_0001.jpg,False,Raoul_Ruiz,Raoul_Ruiz/Raoul_Ruiz_0002.jpg,False,1
3241,6,Raoul_Ruiz,Raoul_Ruiz/Raoul_Ruiz_0002.jpg,False,Raoul_Ruiz,Raoul_Ruiz/Raoul_Ruiz_0003.jpg,False,1
3242,6,Raoul_Ruiz,Raoul_Ruiz/Raoul_Ruiz_0002.jpg,False,Raoul_Ruiz,Raoul_Ruiz/Raoul_Ruiz_0004.jpg,False,1
3243,6,Raoul_Ruiz,Raoul_Ruiz/Raoul_Ruiz_0003.jpg,False,Raoul_Ruiz,Raoul_Ruiz/Raoul_Ruiz_0004.jpg,False,1
3244,6,Ricky_Ponting,Ricky_Ponting/Ricky_Ponting_0001.jpg,False,Ricky_Ponting,Ricky_Ponting/Ricky_Ponting_0002.jpg,False,1
3245,6,Robert_Stack,Robert_Stack/Robert_Stack_0001.jpg,False,Robert_Stack,Robert_Stack/Robert_Stack_0002.jpg,False,1
3246,6,Robin_Cook,Robin_Cook/Robin_Cook_0001.jpg,False,Robin_Cook,Robin_Cook/Robin_Cook_0002.jpg,False,1
3247,6,Roger_Federer,Roger_Federer/Roger_Federer_0004.jpg,False,Roger_Federer,Roger_Federer/Roger_Federer_0005.jpg,False,1
3248,6,Roger_Federer,Roger_Federer/Roger_Federer_0004.jpg,False,Roger_Federer,Roger_Federer/Roger_Federer_0007.jpg,False,1
3249,6,Roger_Federer,Roger_Federer/Roger_Federer_0006.jpg,False,Roger_Federer,Roger_Federer/Roger_Federer_0007.jpg,False,1
3250,6,Ronaldo_Luis_Nazario_de_Lima,Ronaldo_Luis_Nazario_de_Lima/Ronaldo_Luis_Nazario_de_Lima_0001.jpg,True,Ronaldo_Luis_Nazario_de_Lima,Ronaldo_Luis_Nazario_de_Lima/Ronaldo_Luis_Nazario_de_Lima_0004.jpg,True,1
3251,6,Ronaldo_Luis_Nazario_de_Lima,Ronaldo_Luis_Nazario_de_Lima/Ronaldo_Luis_Nazario_de_Lima_0002.jpg,True,Ronaldo_Luis_Nazario_de_Lima,Ronaldo_Luis_Nazario_de_Lima/Ronaldo_Luis_Nazario_de_Lima_0003.jpg,True,1
3252,6,Ronaldo_Luis_Nazario_de_Lima,Ronaldo_Luis_Nazario_de_Lima/Ronaldo_Luis_Nazario_de_Lima_0002.jpg,True,Ronaldo_Luis_Nazario_de_Lima,Ronaldo_Luis_Nazario_de_Lima/Ronaldo_Luis_Nazario_de_Lima_0004.jpg,True,1
3253,6,Ronaldo_Luis_Nazario_de_Lima,Ronaldo_Luis_Nazario_de_Lima/Ronaldo_Luis_Nazario_de_Lima_0003.jpg,True,Ronaldo_Luis_Nazario_de_Lima,Ronaldo_Luis_Nazario_de_Lima/Ronaldo_Luis_Nazario_de_Lima_0004.jpg,True,1
3254,6,Roy_Williams,Roy_Williams/Roy_Williams_0001.jpg,False,Roy_Williams,Roy_Williams/Roy_Williams_0003.jpg,False,1
3255,6,Roy_Williams,Roy_Williams/Roy_Williams_0002.jpg,False,Roy_Williams,Roy_Williams/Roy_Williams_0004.jpg,False,1
3256,6,Sally_Ride,Sally_Ride/Sally_Ride_0001.jpg,False,Sally_Ride,Sally_Ride/Sally_Ride_0002.jpg,False,1
3257,6,Scott_McNealy,Scott_McNealy/Scott_McNealy_0001.jpg,False,Scott_McNealy,Scott_McNealy/Scott_McNealy_0002.jpg,False,1
3258,6,Scott_Peterson,Scott_Peterson/Scott_Peterson_0001.jpg,False,Scott_Peterson,Scott_Peterson/Scott_Peterson_0002.jpg,False,1
3259,6,Scott_Peterson,Scott_Peterson/Scott_Peterson_0001.jpg,False,Scott_Peterson,Scott_Peterson/Scott_Peterson_0005.jpg,False,1
3260,6,Scott_Peterson,Scott_Peterson/Scott_Peterson_0002.jpg,False,Scott_Peterson,Scott_Peterson/Scott_Peterson_0005.jpg,False,1
3261,6,Scott_Peterson,Scott_Peterson/Scott_Peterson_0003.jpg,False,Scott_Peterson,Scott_Peterson/Scott_Peterson_0004.jpg,False,1
3262,6,Scott_Ritter,Scott_Ritter/Scott_Ritter_0001.jpg,True,Scott_Ritter,Scott_Ritter/Scott_Ritter_0002.jpg,True,1
3263,6,Sean_OKeefe,Sean_OKeefe/Sean_OKeefe_0003.jpg,False,Sean_OKeefe,Sean_OKeefe/Sean_OKeefe_0004.jpg,False,1
3264,6,Sean_Penn,Sean_Penn/Sean_Penn_0001.jpg,True,Sean_Penn,Sean_Penn/Sean_Penn_0002.jpg,True,1
3265,6,Sean_Penn,Sean_Penn/Sean_Penn_0002.jpg,True,Sean_Penn,Sean_Penn/Sean_Penn_0003.jpg,True,1
3266,6,Sebastien_Grosjean,Sebastien_Grosjean/Sebastien_Grosjean_0001.jpg,False,Sebastien_Grosjean,Sebastien_Grosjean/Sebastien_Grosjean_0002.jpg,False,1
3267,6,Sebastien_Grosjean,Sebastien_Grosjean/Sebastien_Grosjean_0001.jpg,False,Sebastien_Grosjean,Sebastien_Grosjean/Sebastien_Grosjean_0004.jpg,False,1
3268,6,Sharon_Stone,Sharon_Stone/Sharon_Stone_0001.jpg,True,Sharon_Stone,Sharon_Stone/Sharon_Stone_0002.jpg,True,1
3269,6,Sharon_Stone,Sharon_Stone/Sharon_Stone_0001.jpg,True,Sharon_Stone,Sharon_Stone/Sharon_Stone_0003.jpg,True,1
3270,6,Sharon_Stone,Sharon_Stone/Sharon_Stone_0001.jpg,True,Sharon_Stone,Sharon_Stone/Sharon_Stone_0004.jpg,True,1
3271,6,Sharon_Stone,Sharon_Stone/Sharon_Stone_0001.jpg,True,Sharon_Stone,Sharon_Stone/Sharon_Stone_0005.jpg,True,1
3272,6,Sharon_Stone,Sharon_Stone/Sharon_Stone_0002.jpg,True,Sharon_Stone,Sharon_Stone/Sharon_Stone_0004.jpg,True,1
3273,6,Sonia_Gandhi,Sonia_Gandhi/Sonia_Gandhi_0001.jpg,True,Sonia_Gandhi,Sonia_Gandhi/Sonia_Gandhi_0003.jpg,True,1
3274,6,Sonia_Gandhi,Sonia_Gandhi/Sonia_Gandhi_0001.jpg,True,Sonia_Gandhi,Sonia_Gandhi/Sonia_Gandhi_0004.jpg,True,1
3275,6,Steve_Backley,Steve_Backley/Steve_Backley_0001.jpg,False,Steve_Backley,Steve_Backley/Steve_Backley_0002.jpg,False,1
3276,6,Steven_Hatfill,Steven_Hatfill/Steven_Hatfill_0001.jpg,True,Steven_Hatfill,Steven_Hatfill/Steven_Hatfill_0002.jpg,True,1
3277,6,Tassos_Papadopoulos,Tassos_Papadopoulos/Tassos_Papadopoulos_0001.jpg,False,Tassos_Papadopoulos,Tassos_Papadopoulos/Tassos_Papadopoulos_0003.jpg,False,1
3278,6,Taufik_Hidayat,Taufik_Hidayat/Taufik_Hidayat_0001.jpg,True,Taufik_Hidayat,Taufik_Hidayat/Taufik_Hidayat_0002.jpg,True,1
3279,6,Taufik_Hidayat,Taufik_Hidayat/Taufik_Hidayat_0001.jpg,True,Taufik_Hidayat,Taufik_Hidayat/Taufik_Hidayat_0003.jpg,True,1
3280,6,Taufik_Hidayat,Taufik_Hidayat/Taufik_Hidayat_0002.jpg,True,Taufik_Hidayat,Taufik_Hidayat/Taufik_Hidayat_0003.jpg,True,1
3281,6,Thomas_Malchow,Thomas_Malchow/Thomas_Malchow_0001.jpg,False,Thomas_Malchow,Thomas_Malchow/Thomas_Malchow_0002.jpg,False,1
3282,6,Tom_Cruise,Tom_Cruise/Tom_Cruise_0003.jpg,True,Tom_Cruise,Tom_Cruise/Tom_Cruise_0005.jpg,True,1
3283,6,Tom_Cruise,Tom_Cruise/Tom_Cruise_0004.jpg,True,Tom_Cruise,Tom_Cruise/Tom_Cruise_0010.jpg,True,1
3284,6,Tom_Cruise,Tom_Cruise/Tom_Cruise_0006.jpg,True,Tom_Cruise,Tom_Cruise/Tom_Cruise_0010.jpg,True,1
3285,6,Toni_Braxton,Toni_Braxton/Toni_Braxton_0001.jpg,False,Toni_Braxton,Toni_Braxton/Toni_Braxton_0003.jpg,False,1
3286,6,Wayne_Gretzky,Wayne_Gretzky/Wayne_Gretzky_0001.jpg,True,Wayne_Gretzky,Wayne_Gretzky/Wayne_Gretzky_0002.jpg,True,1
3287,6,Wayne_Gretzky,Wayne_Gretzky/Wayne_Gretzky_0001.jpg,True,Wayne_Gretzky,Wayne_Gretzky/Wayne_Gretzky_0004.jpg,True,1
3288,6,William_Bulger,William_Bulger/William_Bulger_0001.jpg,True,William_Bulger,William_Bulger/William_Bulger_0003.jpg,True,1
3289,6,William_Bulger,William_Bulger/William_Bulger_0002.jpg,True,William_Bulger,William_Bulger/William_Bulger_0004.jpg,True,1
3290,6,Winona_Ryder,Winona_Ryder/Winona_Ryder_0012.jpg,True,Winona_Ryder,Winona_Ryder/Winona_Ryder_0013.jpg,True,1
3291,6,Winona_Ryder,Winona_Ryder/Winona_Ryder_0012.jpg,True,Winona_Ryder,Winona_Ryder/Winona_Ryder_0018.jpg,True,1
3292,6,Winona_Ryder,Winona_Ryder/Winona_Ryder_0012.jpg,True,Winona_Ryder,Winona_Ryder/Winona_Ryder_0019.jpg,True,1
3293,6,Xanana_Gusmao,Xanana_Gusmao/Xanana_Gusmao_0001.jpg,True,Xanana_Gusmao,Xanana_Gusmao/Xanana_Gusmao_0004.jpg,True,1
3294,6,Xanana_Gusmao,Xanana_Gusmao/Xanana_Gusmao_0002.jpg,True,Xanana_Gusmao,Xanana_Gusmao/Xanana_Gusmao_0003.jpg,True,1
3295,6,Xanana_Gusmao,Xanana_Gusmao/Xanana_Gusmao_0003.jpg,True,Xanana_Gusmao,Xanana_Gusmao/Xanana_Gusmao_0005.jpg,True,1
3296,6,Xanana_Gusmao,Xanana_Gusmao/Xanana_Gusmao_0004.jpg,True,Xanana_Gusmao,Xanana_Gusmao/Xanana_Gusmao_0005.jpg,True,1
3297,6,Yann_Martel,Yann_Martel/Yann_Martel_0001.jpg,True,Yann_Martel,Yann_Martel/Yann_Martel_0002.jpg,True,1
3298,6,Yashwant_Sinha,Yashwant_Sinha/Yashwant_Sinha_0001.jpg,True,Yashwant_Sinha,Yashwant_Sinha/Yashwant_Sinha_0003.jpg,True,1
3299,6,Yashwant_Sinha,Yashwant_Sinha/Yashwant_Sinha_0001.jpg,True,Yashwant_Sinha,Yashwant_Sinha/Yashwant_Sinha_0005.jpg,True,1
3300,6,Yashwant_Sinha,Yashwant_Sinha/Yashwant_Sinha_0005.jpg,True,Yashwant_Sinha,Yashwant_Sinha/Yashwant_Sinha_0007.jpg,True,1
3301,6,Aaron_Guiel,Aaron_Guiel/Aaron_Guiel_0001.jpg,False,Pascal_Rheaume,Pascal_Rheaume/Pascal_Rheaume_0001.jpg,False,0
3302,6,Aaron_Guiel,Aaron_Guiel/Aaron_Guiel_0001.jpg,False,Steve_Zahn,Steve_Zahn/Steve_Zahn_0001.jpg,False,0
3303,6,Adrian_Nastase,Adrian_Nastase/Adrian_Nastase_0002.jpg,False,Princess_Victoria,Princess_Victoria/Princess_Victoria_0001.jpg,False,0
3304,6,Ahmed_Chalabi,Ahmed_Chalabi/Ahmed_Chalabi_0001.jpg,False,Rosario_Dawson,Rosario_Dawson/Rosario_Dawson_0001.jpg,False,0
3305,6,Ahmed_Ghazi,Ahmed_Ghazi/Ahmed_Ghazi_0001.jpg,True,Julia_Tymoshenko,Julia_Tymoshenko/Julia_Tymoshenko_0003.jpg,True,0
3306,6,Ahmet_Demir,Ahmet_Demir/Ahmet_Demir_0001.jpg,False,Wally_Szczerbiak,Wally_Szczerbiak/Wally_Szczerbiak_0001.jpg,False,0
3307,6,Ain_Seppik,Ain_Seppik/Ain_Seppik_0001.jpg,False,Gerhard_Schroeder,Gerhard_Schroeder/Gerhard_Schroeder_0055.jpg,True,0
3308,6,Ain_Seppik,Ain_Seppik/Ain_Seppik_0001.jpg,False,Misty_Dawn_Clymer,Misty_Dawn_Clymer/Misty_Dawn_Clymer_0001.jpg,True,0
3309,6,Ain_Seppik,Ain_Seppik/Ain_Seppik_0001.jpg,False,Raoul_Ruiz,Raoul_Ruiz/Raoul_Ruiz_0001.jpg,False,0
3310,6,Ain_Seppik,Ain_Seppik/Ain_Seppik_0001.jpg,False,Susan_Whelan,Susan_Whelan/Susan_Whelan_0001.jpg,False,0
3311,6,Aishwarya_Rai,Aishwarya_Rai/Aishwarya_Rai_0001.jpg,True,Chloe_Sevigny,Chloe_Sevigny/Chloe_Sevigny_0001.jpg,False,0
3312,6,Aishwarya_Rai,Aishwarya_Rai/Aishwarya_Rai_0001.jpg,True,Dinah_Turner,Dinah_Turner/Dinah_Turner_0001.jpg,False,0
3313,6,Aishwarya_Rai,Aishwarya_Rai/Aishwarya_Rai_0001.jpg,True,Rosario_Dawson,Rosario_Dawson/Rosario_Dawson_0001.jpg,False,0
3314,6,Alan_Zemaitis,Alan_Zemaitis/Alan_Zemaitis_0001.jpg,False,Lauren_Killian,Lauren_Killian/Lauren_Killian_0001.jpg,False,0
3315,6,Alex_Cejka,Alex_Cejka/Alex_Cejka_0001.jpg,True,Taufik_Hidayat,Taufik_Hidayat/Taufik_Hidayat_0002.jpg,True,0
3316,6,Alexandre_Daigle,Alexandre_Daigle/Alexandre_Daigle_0001.jpg,True,Brent_Coles,Brent_Coles/Brent_Coles_0001.jpg,True,0
3317,6,Ali_Bin_Hussein,Ali_Bin_Hussein/Ali_Bin_Hussein_0001.jpg,False,Ben_Cahoon,Ben_Cahoon/Ben_Cahoon_0001.jpg,False,0
3318,6,Ali_Bin_Hussein,Ali_Bin_Hussein/Ali_Bin_Hussein_0001.jpg,False,Oswald_Gruebel,Oswald_Gruebel/Oswald_Gruebel_0001.jpg,False,0
3319,6,Ali_Bin_Hussein,Ali_Bin_Hussein/Ali_Bin_Hussein_0001.jpg,False,Raf_Vallone,Raf_Vallone/Raf_Vallone_0001.jpg,True,0
3320,6,Alimzhan_Tokhtakhounov,Alimzhan_Tokhtakhounov/Alimzhan_Tokhtakhounov_0001.jpg,False,Jeane_Kirkpatrick,Jeane_Kirkpatrick/Jeane_Kirkpatrick_0001.jpg,False,0
3321,6,Alimzhan_Tokhtakhounov,Alimzhan_Tokhtakhounov/Alimzhan_Tokhtakhounov_0002.jpg,False,Butch_Davis,Butch_Davis/Butch_Davis_0001.jpg,True,0
3322,6,Alisha_Richman,Alisha_Richman/Alisha_Richman_0001.jpg,False,Camille_Lewis,Camille_Lewis/Camille_Lewis_0001.jpg,True,0
3323,6,Alisha_Richman,Alisha_Richman/Alisha_Richman_0001.jpg,False,Katerina_Smrzova,Katerina_Smrzova/Katerina_Smrzova_0001.jpg,False,0
3324,6,Alisha_Richman,Alisha_Richman/Alisha_Richman_0001.jpg,False,Miguel_Rosseto,Miguel_Rosseto/Miguel_Rosseto_0001.jpg,False,0
3325,6,Amelie_Mauresmo,Amelie_Mauresmo/Amelie_Mauresmo_0003.jpg,True,Laura_Flessel,Laura_Flessel/Laura_Flessel_0001.jpg,False,0
3326,6,Amelie_Mauresmo,Amelie_Mauresmo/Amelie_Mauresmo_0018.jpg,True,Bob_Colvin,Bob_Colvin/Bob_Colvin_0001.jpg,True,0
3327,6,Ana_Claudia_Talancon,Ana_Claudia_Talancon/Ana_Claudia_Talancon_0001.jpg,False,Piers_Sellers,Piers_Sellers/Piers_Sellers_0001.jpg,True,0
3328,6,Andrea_Kiser,Andrea_Kiser/Andrea_Kiser_0001.jpg,False,Ellen_Barkin,Ellen_Barkin/Ellen_Barkin_0001.jpg,True,0
3329,6,Andrea_Kiser,Andrea_Kiser/Andrea_Kiser_0001.jpg,False,Imre_Kertasz,Imre_Kertasz/Imre_Kertasz_0001.jpg,True,0
3330,6,Andrea_Kiser,Andrea_Kiser/Andrea_Kiser_0001.jpg,False,Matt_Dillon,Matt_Dillon/Matt_Dillon_0001.jpg,True,0
3331,6,Andrea_Kiser,Andrea_Kiser/Andrea_Kiser_0001.jpg,False,Yann_Martel,Yann_Martel/Yann_Martel_0002.jpg,True,0
3332,6,Andres_DAlessandro,Andres_DAlessandro/Andres_DAlessandro_0001.jpg,False,Leticia_Van_de_Putte,Leticia_Van_de_Putte/Leticia_Van_de_Putte_0001.jpg,False,0
3333,6,Andres_DAlessandro,Andres_DAlessandro/Andres_DAlessandro_0001.jpg,False,Ronaldo_Luis_Nazario_de_Lima,Ronaldo_Luis_Nazario_de_Lima/Ronaldo_Luis_Nazario_de_Lima_0001.jpg,True,0
3334,6,Anette_Hosoi,Anette_Hosoi/Anette_Hosoi_0001.jpg,False,Rolf_Zimmermann,Rolf_Zimmermann/Rolf_Zimmermann_0001.jpg,True,0
3335,6,Anette_Hosoi,Anette_Hosoi/Anette_Hosoi_0001.jpg,False,Sheila_Taormina,Sheila_Taormina/Sheila_Taormina_0001.jpg,True,0
3336,6,Anette_Hosoi,Anette_Hosoi/Anette_Hosoi_0001.jpg,False,Tora_Takagi,Tora_Takagi/Tora_Takagi_0001.jpg,False,0
3337,6,Angelo_Reyes,Angelo_Reyes/Angelo_Reyes_0001.jpg,False,Chip_Knight,Chip_Knight/Chip_Knight_0001.jpg,False,0
3338,6,Angelo_Reyes,Angelo_Reyes/Angelo_Reyes_0001.jpg,False,Oliver_Neuville,Oliver_Neuville/Oliver_Neuville_0001.jpg,False,0
3339,6,Anne_Heche,Anne_Heche/Anne_Heche_0001.jpg,False,Sasha_Alexander,Sasha_Alexander/Sasha_Alexander_0001.jpg,False,0
3340,6,Anne_Heche,Anne_Heche/Anne_Heche_0001.jpg,False,Tanya_Lindenmuth,Tanya_Lindenmuth/Tanya_Lindenmuth_0001.jpg,False,0
3341,6,Antje_Buschschulte,Antje_Buschschulte/Antje_Buschschulte_0001.jpg,True,Jerry_Angelo,Jerry_Angelo/Jerry_Angelo_0001.jpg,False,0
3342,6,Anton_Balasingham,Anton_Balasingham/Anton_Balasingham_0001.jpg,True,Matt_Siebrandt,Matt_Siebrandt/Matt_Siebrandt_0001.jpg,True,0
3343,6,Anton_Balasingham,Anton_Balasingham/Anton_Balasingham_0001.jpg,True,Will_Ferrell,Will_Ferrell/Will_Ferrell_0001.jpg,False,0
3344,6,Armando_Avila_Panchame,Armando_Avila_Panchame/Armando_Avila_Panchame_0001.jpg,False,Monica_Gabrielle,Monica_Gabrielle/Monica_Gabrielle_0001.jpg,True,0
3345,6,Armando_Avila_Panchame,Armando_Avila_Panchame/Armando_Avila_Panchame_0001.jpg,False,Retief_Goosen,Retief_Goosen/Retief_Goosen_0001.jpg,False,0
3346,6,BJ_Habibie,BJ_Habibie/BJ_Habibie_0001.jpg,False,Craig_MacTavish,Craig_MacTavish/Craig_MacTavish_0001.jpg,False,0
3347,6,Baz_Luhrmann,Baz_Luhrmann/Baz_Luhrmann_0001.jpg,True,Danny_Avalon,Danny_Avalon/Danny_Avalon_0001.jpg,True,0
3348,6,Begum_Khaleda_Zia,Begum_Khaleda_Zia/Begum_Khaleda_Zia_0001.jpg,True,Eric_Idle,Eric_Idle/Eric_Idle_0001.jpg,False,0
3349,6,Begum_Khaleda_Zia,Begum_Khaleda_Zia/Begum_Khaleda_Zia_0001.jpg,True,Michael_Andretti,Michael_Andretti/Michael_Andretti_0001.jpg,True,0
3350,6,Begum_Khaleda_Zia,Begum_Khaleda_Zia/Begum_Khaleda_Zia_0001.jpg,True,Picabo_Street,Picabo_Street/Picabo_Street_0001.jpg,False,0
3351,6,Ben_Cahoon,Ben_Cahoon/Ben_Cahoon_0001.jpg,False,Nate_Blackwell,Nate_Blackwell/Nate_Blackwell_0001.jpg,True,0
3352,6,Ben_Cahoon,Ben_Cahoon/Ben_Cahoon_0001.jpg,False,Roy_Williams,Roy_Williams/Roy_Williams_0003.jpg,False,0
3353,6,Ben_Curtis,Ben_Curtis/Ben_Curtis_0003.jpg,False,Jim_Calhoun,Jim_Calhoun/Jim_Calhoun_0001.jpg,False,0
3354,6,Benicio_Del_Toro,Benicio_Del_Toro/Benicio_Del_Toro_0001.jpg,False,Elizabeth_Taylor,Elizabeth_Taylor/Elizabeth_Taylor_0001.jpg,True,0
3355,6,Benicio_Del_Toro,Benicio_Del_Toro/Benicio_Del_Toro_0001.jpg,False,Ismail_Khan,Ismail_Khan/Ismail_Khan_0001.jpg,False,0
3356,6,Benicio_Del_Toro,Benicio_Del_Toro/Benicio_Del_Toro_0001.jpg,False,Tonya_Payne,Tonya_Payne/Tonya_Payne_0001.jpg,True,0
3357,6,Bijan_Namdar_Zangeneh,Bijan_Namdar_Zangeneh/Bijan_Namdar_Zangeneh_0001.jpg,True,Petro_Symonenko,Petro_Symonenko/Petro_Symonenko_0001.jpg,True,0
3358,6,Billy_Graham,Billy_Graham/Billy_Graham_0001.jpg,True,Karin_Pilsaeter,Karin_Pilsaeter/Karin_Pilsaeter_0001.jpg,True,0
3359,6,Billy_Graham,Billy_Graham/Billy_Graham_0001.jpg,True,Piers_Sellers,Piers_Sellers/Piers_Sellers_0001.jpg,True,0
3360,6,Billy_Graham,Billy_Graham/Billy_Graham_0002.jpg,True,Howard_Wilkinson,Howard_Wilkinson/Howard_Wilkinson_0001.jpg,True,0
3361,6,Bob_Colvin,Bob_Colvin/Bob_Colvin_0002.jpg,True,Janet_Napolitano,Janet_Napolitano/Janet_Napolitano_0001.jpg,False,0
3362,6,Boris_Henry,Boris_Henry/Boris_Henry_0001.jpg,False,John_Reid,John_Reid/John_Reid_0002.jpg,True,0
3363,6,Brandon_Boyd,Brandon_Boyd/Brandon_Boyd_0001.jpg,True,James_Brosnahan,James_Brosnahan/James_Brosnahan_0001.jpg,True,0
3364,6,Brandon_Boyd,Brandon_Boyd/Brandon_Boyd_0001.jpg,True,Neil_Moritz,Neil_Moritz/Neil_Moritz_0001.jpg,False,0
3365,6,Brent_Coles,Brent_Coles/Brent_Coles_0001.jpg,True,Zoe_Ball,Zoe_Ball/Zoe_Ball_0001.jpg,False,0
3366,6,Brett_Hull,Brett_Hull/Brett_Hull_0001.jpg,False,Gregorio_Rosal,Gregorio_Rosal/Gregorio_Rosal_0001.jpg,True,0
3367,6,Brett_Hull,Brett_Hull/Brett_Hull_0001.jpg,False,Kirsten_Clark,Kirsten_Clark/Kirsten_Clark_0001.jpg,False,0
3368,6,Brett_Hull,Brett_Hull/Brett_Hull_0001.jpg,False,Ralph_Nader,Ralph_Nader/Ralph_Nader_0001.jpg,True,0
3369,6,Brett_Perry,Brett_Perry/Brett_Perry_0001.jpg,False,Neri_Marcore,Neri_Marcore/Neri_Marcore_0001.jpg,False,0
3370,6,Bruce_Willis,Bruce_Willis/Bruce_Willis_0001.jpg,True,Carlos_Juarez,Carlos_Juarez/Carlos_Juarez_0001.jpg,False,0
3371,6,Bruce_Willis,Bruce_Willis/Bruce_Willis_0001.jpg,True,Jim_Carrey,Jim_Carrey/Jim_Carrey_0001.jpg,False,0
3372,6,Bruce_Willis,Bruce_Willis/Bruce_Willis_0001.jpg,True,Petria_Thomas,Petria_Thomas/Petria_Thomas_0002.jpg,False,0
3373,6,Bryant_Young,Bryant_Young/Bryant_Young_0001.jpg,True,Jim_Bollman,Jim_Bollman/Jim_Bollman_0001.jpg,True,0
3374,6,Bryant_Young,Bryant_Young/Bryant_Young_0001.jpg,True,Maurice_Cheeks,Maurice_Cheeks/Maurice_Cheeks_0001.jpg,False,0
3375,6,Buddy_Ryan,Buddy_Ryan/Buddy_Ryan_0001.jpg,True,James_Brosnahan,James_Brosnahan/James_Brosnahan_0001.jpg,True,0
3376,6,Buddy_Ryan,Buddy_Ryan/Buddy_Ryan_0001.jpg,True,Nancy_Reagan,Nancy_Reagan/Nancy_Reagan_0002.jpg,True,0
3377,6,Butch_Davis,Butch_Davis/Butch_Davis_0002.jpg,True,Herta_Daeubler-Gmelin,Herta_Daeubler-Gmelin/Herta_Daeubler-Gmelin_0002.jpg,True,0
3378,6,Byron_Scott,Byron_Scott/Byron_Scott_0001.jpg,False,Jane_Clayson,Jane_Clayson/Jane_Clayson_0001.jpg,True,0
3379,6,Camille_Lewis,Camille_Lewis/Camille_Lewis_0001.jpg,True,Lincoln_Chafee,Lincoln_Chafee/Lincoln_Chafee_0001.jpg,True,0
3380,6,Camille_Lewis,Camille_Lewis/Camille_Lewis_0001.jpg,True,Nathirah_Hussein,Nathirah_Hussein/Nathirah_Hussein_0001.jpg,False,0
3381,6,Carol_Burnett,Carol_Burnett/Carol_Burnett_0001.jpg,False,Raf_Vallone,Raf_Vallone/Raf_Vallone_0001.jpg,True,0
3382,6,Carol_Niedermayer,Carol_Niedermayer/Carol_Niedermayer_0001.jpg,False,Kristin_Scott,Kristin_Scott/Kristin_Scott_0001.jpg,False,0
3383,6,Catherine_Ndereba,Catherine_Ndereba/Catherine_Ndereba_0001.jpg,True,Janet_Napolitano,Janet_Napolitano/Janet_Napolitano_0004.jpg,False,0
3384,6,Chandrika_Kumaratunga,Chandrika_Kumaratunga/Chandrika_Kumaratunga_0001.jpg,True,Kevin_Satterfield,Kevin_Satterfield/Kevin_Satterfield_0001.jpg,False,0
3385,6,Charles_Mathews,Charles_Mathews/Charles_Mathews_0001.jpg,True,Will_Ferrell,Will_Ferrell/Will_Ferrell_0001.jpg,False,0
3386,6,Charles_Mathews,Charles_Mathews/Charles_Mathews_0002.jpg,True,Kristin_Scott,Kristin_Scott/Kristin_Scott_0001.jpg,False,0
3387,6,Charlie_Garner,Charlie_Garner/Charlie_Garner_0001.jpg,False,Luo_Linquan,Luo_Linquan/Luo_Linquan_0001.jpg,False,0
3388,6,Charlie_Williams,Charlie_Williams/Charlie_Williams_0001.jpg,True,Julia_Tymoshenko,Julia_Tymoshenko/Julia_Tymoshenko_0001.jpg,True,0
3389,6,Cheryl_Ford,Cheryl_Ford/Cheryl_Ford_0001.jpg,False,Chris_Cookson,Chris_Cookson/Chris_Cookson_0001.jpg,True,0
3390,6,Chip_Knight,Chip_Knight/Chip_Knight_0001.jpg,False,Ronald_Post,Ronald_Post/Ronald_Post_0001.jpg,False,0
3391,6,Chloe_Sevigny,Chloe_Sevigny/Chloe_Sevigny_0001.jpg,False,Emyr_Jones_Parry,Emyr_Jones_Parry/Emyr_Jones_Parry_0001.jpg,False,0
3392,6,Chloe_Sevigny,Chloe_Sevigny/Chloe_Sevigny_0001.jpg,False,Petria_Thomas,Petria_Thomas/Petria_Thomas_0003.jpg,False,0
3393,6,Chris_Cornell,Chris_Cornell/Chris_Cornell_0001.jpg,False,Desmon_Farmer,Desmon_Farmer/Desmon_Farmer_0001.jpg,False,0
3394,6,Christine_Ebersole,Christine_Ebersole/Christine_Ebersole_0002.jpg,True,Paul_Walker,Paul_Walker/Paul_Walker_0001.jpg,False,0
3395,6,Christoph_Daum,Christoph_Daum/Christoph_Daum_0001.jpg,True,Scott_Hubbard,Scott_Hubbard/Scott_Hubbard_0001.jpg,False,0
3396,6,Christopher_Conyers,Christopher_Conyers/Christopher_Conyers_0001.jpg,False,Michael_Milton,Michael_Milton/Michael_Milton_0001.jpg,False,0
3397,6,Christopher_Conyers,Christopher_Conyers/Christopher_Conyers_0001.jpg,False,Raoul_Ruiz,Raoul_Ruiz/Raoul_Ruiz_0001.jpg,False,0
3398,6,Chuck_Bednarik,Chuck_Bednarik/Chuck_Bednarik_0001.jpg,True,Mario_Jardel,Mario_Jardel/Mario_Jardel_0001.jpg,True,0
3399,6,Cindy_Zagorski,Cindy_Zagorski/Cindy_Zagorski_0001.jpg,False,Rosie_Perez,Rosie_Perez/Rosie_Perez_0001.jpg,False,0
3400,6,Claudia_Schiffer,Claudia_Schiffer/Claudia_Schiffer_0001.jpg,False,Lynn_Abraham,Lynn_Abraham/Lynn_Abraham_0002.jpg,True,0
3401,6,Claudia_Schiffer,Claudia_Schiffer/Claudia_Schiffer_0003.jpg,False,Lin_Yung_Hsi,Lin_Yung_Hsi/Lin_Yung_Hsi_0001.jpg,True,0
3402,6,Colin_Cowie,Colin_Cowie/Colin_Cowie_0001.jpg,True,Mstislav_Rostropovich,Mstislav_Rostropovich/Mstislav_Rostropovich_0001.jpg,True,0
3403,6,Condoleezza_Rice,Condoleezza_Rice/Condoleezza_Rice_0002.jpg,True,Mehmet_Okur,Mehmet_Okur/Mehmet_Okur_0001.jpg,True,0
3404,6,Condoleezza_Rice,Condoleezza_Rice/Condoleezza_Rice_0007.jpg,True,Ryan_Nyquist,Ryan_Nyquist/Ryan_Nyquist_0001.jpg,False,0
3405,6,Costas_Simitis,Costas_Simitis/Costas_Simitis_0002.jpg,True,Lorraine_Fenton,Lorraine_Fenton/Lorraine_Fenton_0001.jpg,False,0
3406,6,Craig_MacTavish,Craig_MacTavish/Craig_MacTavish_0001.jpg,False,Vince_Dooley,Vince_Dooley/Vince_Dooley_0001.jpg,False,0
3407,6,Cristina_Saralegui,Cristina_Saralegui/Cristina_Saralegui_0001.jpg,False,Dave_Robertson,Dave_Robertson/Dave_Robertson_0001.jpg,False,0
3408,6,Cruz_Bustamante,Cruz_Bustamante/Cruz_Bustamante_0002.jpg,False,Dean_Barkley,Dean_Barkley/Dean_Barkley_0003.jpg,False,0
3409,6,Cyndi_Thompson,Cyndi_Thompson/Cyndi_Thompson_0001.jpg,True,Nicolas_Escude,Nicolas_Escude/Nicolas_Escude_0002.jpg,True,0
3410,6,Cyndi_Thompson,Cyndi_Thompson/Cyndi_Thompson_0002.jpg,True,Owen_Nolan,Owen_Nolan/Owen_Nolan_0001.jpg,False,0
3411,6,Dalia_Rabin-Pelosoff,Dalia_Rabin-Pelosoff/Dalia_Rabin-Pelosoff_0001.jpg,True,Sean_Combs,Sean_Combs/Sean_Combs_0001.jpg,False,0
3412,6,Daniel_Darnell,Daniel_Darnell/Daniel_Darnell_0001.jpg,False,Malcolm_Jamal_Warner,Malcolm_Jamal_Warner/Malcolm_Jamal_Warner_0001.jpg,False,0
3413,6,Danny_Avalon,Danny_Avalon/Danny_Avalon_0001.jpg,True,Sean_Penn,Sean_Penn/Sean_Penn_0002.jpg,True,0
3414,6,David_Blaine,David_Blaine/David_Blaine_0001.jpg,False,Nicholas_Tse,Nicholas_Tse/Nicholas_Tse_0002.jpg,True,0
3415,6,David_Blaine,David_Blaine/David_Blaine_0001.jpg,False,Ramon_Delgado,Ramon_Delgado/Ramon_Delgado_0001.jpg,False,0
3416,6,David_Heymann,David_Heymann/David_Heymann_0003.jpg,False,Norm_Macdonald,Norm_Macdonald/Norm_Macdonald_0001.jpg,False,0
3417,6,David_Surrett,David_Surrett/David_Surrett_0001.jpg,False,Michael_Taylor,Michael_Taylor/Michael_Taylor_0001.jpg,False,0
3418,6,David_Tornberg,David_Tornberg/David_Tornberg_0001.jpg,False,Ricky_Ponting,Ricky_Ponting/Ricky_Ponting_0001.jpg,False,0
3419,6,Deece_Eckstein,Deece_Eckstein/Deece_Eckstein_0001.jpg,False,Diana_Munz,Diana_Munz/Diana_Munz_0001.jpg,False,0
3420,6,Deece_Eckstein,Deece_Eckstein/Deece_Eckstein_0001.jpg,False,Tommy_Lewis,Tommy_Lewis/Tommy_Lewis_0001.jpg,False,0
3421,6,Denis_Coderre,Denis_Coderre/Denis_Coderre_0001.jpg,False,Don_Siegelman,Don_Siegelman/Don_Siegelman_0001.jpg,True,0
3422,6,Denis_Coderre,Denis_Coderre/Denis_Coderre_0001.jpg,False,John_Eder,John_Eder/John_Eder_0001.jpg,False,0
3423,6,Desmon_Farmer,Desmon_Farmer/Desmon_Farmer_0001.jpg,False,Lin_Yung_Hsi,Lin_Yung_Hsi/Lin_Yung_Hsi_0001.jpg,True,0
3424,6,Diana_Krall,Diana_Krall/Diana_Krall_0004.jpg,False,Ramon_Delgado,Ramon_Delgado/Ramon_Delgado_0001.jpg,False,0
3425,6,Dick_Armey,Dick_Armey/Dick_Armey_0001.jpg,True,Mehmet_Okur,Mehmet_Okur/Mehmet_Okur_0001.jpg,True,0
3426,6,Dinah_Turner,Dinah_Turner/Dinah_Turner_0001.jpg,False,Mekhi_Phifer,Mekhi_Phifer/Mekhi_Phifer_0001.jpg,True,0
3427,6,Dinah_Turner,Dinah_Turner/Dinah_Turner_0001.jpg,False,Tammy_Helm,Tammy_Helm/Tammy_Helm_0001.jpg,True,0
3428,6,Don_Boudria,Don_Boudria/Don_Boudria_0001.jpg,False,Roy_Chaderton,Roy_Chaderton/Roy_Chaderton_0001.jpg,False,0
3429,6,Don_Boudria,Don_Boudria/Don_Boudria_0001.jpg,False,Sananda_Maitreya,Sananda_Maitreya/Sananda_Maitreya_0001.jpg,False,0
3430,6,Don_Matthews,Don_Matthews/Don_Matthews_0001.jpg,False,Kirsten_Clark,Kirsten_Clark/Kirsten_Clark_0001.jpg,False,0
3431,6,Don_Matthews,Don_Matthews/Don_Matthews_0001.jpg,False,Pa_Kou_Hang,Pa_Kou_Hang/Pa_Kou_Hang_0001.jpg,True,0
3432,6,Don_Matthews,Don_Matthews/Don_Matthews_0001.jpg,False,Peter_Arnett,Peter_Arnett/Peter_Arnett_0002.jpg,False,0
3433,6,Don_Siegelman,Don_Siegelman/Don_Siegelman_0002.jpg,True,Elizabeth_Taylor,Elizabeth_Taylor/Elizabeth_Taylor_0002.jpg,True,0
3434,6,Donald_Pettit,Donald_Pettit/Donald_Pettit_0001.jpg,False,Edward_James_Olmos,Edward_James_Olmos/Edward_James_Olmos_0002.jpg,True,0
3435,6,Doug_Collins,Doug_Collins/Doug_Collins_0001.jpg,True,Kristanna_Loken,Kristanna_Loken/Kristanna_Loken_0005.jpg,False,0
3436,6,Dyana_Calub,Dyana_Calub/Dyana_Calub_0001.jpg,False,Ronald_Post,Ronald_Post/Ronald_Post_0001.jpg,False,0
3437,6,Earl_Counter,Earl_Counter/Earl_Counter_0001.jpg,True,Joe_Friedberg,Joe_Friedberg/Joe_Friedberg_0001.jpg,True,0
3438,6,Edward_Albee,Edward_Albee/Edward_Albee_0001.jpg,True,Nicola_Bono,Nicola_Bono/Nicola_Bono_0001.jpg,False,0
3439,6,Edward_Belvin,Edward_Belvin/Edward_Belvin_0001.jpg,False,Jacqueline_Gold,Jacqueline_Gold/Jacqueline_Gold_0001.jpg,False,0
3440,6,Edward_James_Olmos,Edward_James_Olmos/Edward_James_Olmos_0002.jpg,True,Mariano_Zabaleta,Mariano_Zabaleta/Mariano_Zabaleta_0001.jpg,False,0
3441,6,Elin_Nordegren,Elin_Nordegren/Elin_Nordegren_0001.jpg,True,George_Brumley_III,George_Brumley_III/George_Brumley_III_0001.jpg,False,0
3442,6,Elin_Nordegren,Elin_Nordegren/Elin_Nordegren_0001.jpg,True,Samantha_Daniels,Samantha_Daniels/Samantha_Daniels_0001.jpg,False,0
3443,6,Elin_Nordegren,Elin_Nordegren/Elin_Nordegren_0002.jpg,True,Leszek_Miller,Leszek_Miller/Leszek_Miller_0003.jpg,True,0
3444,6,Elisabeth_Welch,Elisabeth_Welch/Elisabeth_Welch_0001.jpg,False,Piers_Sellers,Piers_Sellers/Piers_Sellers_0001.jpg,True,0
3445,6,Elizabeth_Taylor,Elizabeth_Taylor/Elizabeth_Taylor_0001.jpg,True,Olympia_Dukakis,Olympia_Dukakis/Olympia_Dukakis_0001.jpg,False,0
3446,6,Ellen_DeGeneres,Ellen_DeGeneres/Ellen_DeGeneres_0002.jpg,True,Lorraine_Fenton,Lorraine_Fenton/Lorraine_Fenton_0001.jpg,False,0
3447,6,Elva_Hsiao,Elva_Hsiao/Elva_Hsiao_0001.jpg,False,Samantha_Daniels,Samantha_Daniels/Samantha_Daniels_0001.jpg,False,0
3448,6,Emma_Watson,Emma_Watson/Emma_Watson_0002.jpg,True,Henry_Hyde,Henry_Hyde/Henry_Hyde_0001.jpg,True,0
3449,6,Emyr_Jones_Parry,Emyr_Jones_Parry/Emyr_Jones_Parry_0001.jpg,False,Sally_Clark,Sally_Clark/Sally_Clark_0001.jpg,False,0
3450,6,Eric_Ryan_Donnelly,Eric_Ryan_Donnelly/Eric_Ryan_Donnelly_0001.jpg,False,Iain_Duncan_Smith,Iain_Duncan_Smith/Iain_Duncan_Smith_0001.jpg,True,0
3451,6,Ernesto_Zedillo,Ernesto_Zedillo/Ernesto_Zedillo_0001.jpg,False,Lenny_Kravitz,Lenny_Kravitz/Lenny_Kravitz_0001.jpg,True,0
3452,6,Ernesto_Zedillo,Ernesto_Zedillo/Ernesto_Zedillo_0001.jpg,False,Megan_Mullally,Megan_Mullally/Megan_Mullally_0002.jpg,False,0
3453,6,Erwin_Mapasseng,Erwin_Mapasseng/Erwin_Mapasseng_0001.jpg,False,Hilary_Duff,Hilary_Duff/Hilary_Duff_0003.jpg,False,0
3454,6,Evelyn_Lauder,Evelyn_Lauder/Evelyn_Lauder_0001.jpg,True,Nathan_Powell,Nathan_Powell/Nathan_Powell_0001.jpg,False,0
3455,6,Fernando_Hierro,Fernando_Hierro/Fernando_Hierro_0001.jpg,False,Prince_Charles,Prince_Charles/Prince_Charles_0002.jpg,True,0
3456,6,Flavia_Delaroli,Flavia_Delaroli/Flavia_Delaroli_0002.jpg,False,John_Warner,John_Warner/John_Warner_0004.jpg,True,0
3457,6,Flavia_Delaroli,Flavia_Delaroli/Flavia_Delaroli_0002.jpg,False,Vanessa_Laine,Vanessa_Laine/Vanessa_Laine_0001.jpg,False,0
3458,6,Fran_Drescher,Fran_Drescher/Fran_Drescher_0001.jpg,True,Warren_Truss,Warren_Truss/Warren_Truss_0001.jpg,True,0
3459,6,Fran_Drescher,Fran_Drescher/Fran_Drescher_0002.jpg,True,Jay_Leno,Jay_Leno/Jay_Leno_0003.jpg,True,0
3460,6,Frank_Murkowski,Frank_Murkowski/Frank_Murkowski_0001.jpg,False,James_Brosnahan,James_Brosnahan/James_Brosnahan_0001.jpg,True,0
3461,6,Frank_Stallone,Frank_Stallone/Frank_Stallone_0001.jpg,False,Tommy_Lewis,Tommy_Lewis/Tommy_Lewis_0001.jpg,False,0
3462,6,Frank_Stallone,Frank_Stallone/Frank_Stallone_0002.jpg,False,Toni_Braxton,Toni_Braxton/Toni_Braxton_0002.jpg,False,0
3463,6,Gary_Coleman,Gary_Coleman/Gary_Coleman_0001.jpg,False,Koichi_Tanaka,Koichi_Tanaka/Koichi_Tanaka_0001.jpg,True,0
3464,6,Gary_Coleman,Gary_Coleman/Gary_Coleman_0001.jpg,False,Uri_Lopolianski,Uri_Lopolianski/Uri_Lopolianski_0001.jpg,False,0
3465,6,Gary_Sayler,Gary_Sayler/Gary_Sayler_0001.jpg,False,Ralph_Sampson,Ralph_Sampson/Ralph_Sampson_0001.jpg,False,0
3466,6,George_Brumley_III,George_Brumley_III/George_Brumley_III_0001.jpg,False,Will_Ferrell,Will_Ferrell/Will_Ferrell_0001.jpg,False,0
3467,6,George_Lopez,George_Lopez/George_Lopez_0005.jpg,False,Iain_Duncan_Smith,Iain_Duncan_Smith/Iain_Duncan_Smith_0001.jpg,True,0
3468,6,Georgina_Bardach,Georgina_Bardach/Georgina_Bardach_0001.jpg,False,Henry_Hilow,Henry_Hilow/Henry_Hilow_0001.jpg,True,0
3469,6,Gilberto_Rodriguez_Orejuela,Gilberto_Rodriguez_Orejuela/Gilberto_Rodriguez_Orejuela_0003.jpg,False,Lennox_Lewis,Lennox_Lewis/Lennox_Lewis_0001.jpg,True,0
3470,6,Gilberto_Rodriguez_Orejuela,Gilberto_Rodriguez_Orejuela/Gilberto_Rodriguez_Orejuela_0003.jpg,False,Nancy_Demme,Nancy_Demme/Nancy_Demme_0001.jpg,True,0
3471,6,Gordon_Lightfoot,Gordon_Lightfoot/Gordon_Lightfoot_0001.jpg,True,Lima_Azimi,Lima_Azimi/Lima_Azimi_0001.jpg,False,0
3472,6,Gordon_Lightfoot,Gordon_Lightfoot/Gordon_Lightfoot_0001.jpg,True,Robert_Nardelli,Robert_Nardelli/Robert_Nardelli_0001.jpg,True,0
3473,6,Gracia_Burnham,Gracia_Burnham/Gracia_Burnham_0001.jpg,True,Jim_Calhoun,Jim_Calhoun/Jim_Calhoun_0001.jpg,False,0
3474,6,Gregorio_Rosal,Gregorio_Rosal/Gregorio_Rosal_0001.jpg,True,Richard_Greenberg,Richard_Greenberg/Richard_Greenberg_0001.jpg,False,0
3475,6,Guenter_Verheugen,Guenter_Verheugen/Guenter_Verheugen_0001.jpg,False,Kaspar_Villiger,Kaspar_Villiger/Kaspar_Villiger_0001.jpg,True,0
3476,6,Guillermo_Canas,Guillermo_Canas/Guillermo_Canas_0001.jpg,True,Tim_Duncan,Tim_Duncan/Tim_Duncan_0002.jpg,False,0
3477,6,Guillermo_Canas,Guillermo_Canas/Guillermo_Canas_0002.jpg,True,Michalis_Chrisohoides,Michalis_Chrisohoides/Michalis_Chrisohoides_0001.jpg,True,0
3478,6,Hal_McCoy,Hal_McCoy/Hal_McCoy_0001.jpg,False,Rudolph_Holton,Rudolph_Holton/Rudolph_Holton_0001.jpg,False,0
3479,6,Hank_Aaron,Hank_Aaron/Hank_Aaron_0001.jpg,True,Steve_Valentine,Steve_Valentine/Steve_Valentine_0001.jpg,True,0
3480,6,Hans_Eichel,Hans_Eichel/Hans_Eichel_0001.jpg,True,Jimmy_Iovine,Jimmy_Iovine/Jimmy_Iovine_0001.jpg,False,0
3481,6,Hashan_Tillakaratne,Hashan_Tillakaratne/Hashan_Tillakaratne_0001.jpg,False,John_Warner,John_Warner/John_Warner_0003.jpg,True,0
3482,6,Heath_Ledger,Heath_Ledger/Heath_Ledger_0002.jpg,True,Melissa_Stark,Melissa_Stark/Melissa_Stark_0001.jpg,False,0
3483,6,Henry_Hilow,Henry_Hilow/Henry_Hilow_0001.jpg,True,Monica_Gabrielle,Monica_Gabrielle/Monica_Gabrielle_0001.jpg,True,0
3484,6,Herta_Daeubler-Gmelin,Herta_Daeubler-Gmelin/Herta_Daeubler-Gmelin_0002.jpg,True,Koichi_Tanaka,Koichi_Tanaka/Koichi_Tanaka_0001.jpg,True,0
3485,6,Hilary_Duff,Hilary_Duff/Hilary_Duff_0001.jpg,False,Luther_Htu,Luther_Htu/Luther_Htu_0001.jpg,True,0
3486,6,Hun_Sen,Hun_Sen/Hun_Sen_0002.jpg,False,John_Rigas,John_Rigas/John_Rigas_0002.jpg,False,0
3487,6,Idi_Amin,Idi_Amin/Idi_Amin_0001.jpg,False,Stephen_Silas,Stephen_Silas/Stephen_Silas_0001.jpg,False,0
3488,6,Isabel_Orellana,Isabel_Orellana/Isabel_Orellana_0001.jpg,True,Spike_Helmick,Spike_Helmick/Spike_Helmick_0001.jpg,False,0
3489,6,Ismael_Miranda,Ismael_Miranda/Ismael_Miranda_0001.jpg,False,Janela_Jara,Janela_Jara/Janela_Jara_0001.jpg,True,0
3490,6,Ismael_Miranda,Ismael_Miranda/Ismael_Miranda_0001.jpg,False,Peter_Greenspun,Peter_Greenspun/Peter_Greenspun_0001.jpg,False,0
3491,6,Ismail_Khan,Ismail_Khan/Ismail_Khan_0001.jpg,False,Malcolm_Jamal_Warner,Malcolm_Jamal_Warner/Malcolm_Jamal_Warner_0001.jpg,False,0
3492,6,JK_Rowling,JK_Rowling/JK_Rowling_0005.jpg,True,Sasha_Alexander,Sasha_Alexander/Sasha_Alexander_0001.jpg,False,0
3493,6,Jackie_Chan,Jackie_Chan/Jackie_Chan_0003.jpg,True,Jennifer_Gratz,Jennifer_Gratz/Jennifer_Gratz_0001.jpg,False,0
3494,6,Jacqueline_Edwards,Jacqueline_Edwards/Jacqueline_Edwards_0001.jpg,False,Meg_Wakeman,Meg_Wakeman/Meg_Wakeman_0001.jpg,True,0
3495,6,Jacqueline_Edwards,Jacqueline_Edwards/Jacqueline_Edwards_0001.jpg,False,Noor_Mohammed,Noor_Mohammed/Noor_Mohammed_0001.jpg,False,0
3496,6,James_Baker,James_Baker/James_Baker_0001.jpg,False,Mike_Tice,Mike_Tice/Mike_Tice_0001.jpg,True,0
3497,6,James_Harris,James_Harris/James_Harris_0001.jpg,True,Keith_Bogans,Keith_Bogans/Keith_Bogans_0002.jpg,False,0
3498,6,James_Layug,James_Layug/James_Layug_0001.jpg,False,Ralph_Sampson,Ralph_Sampson/Ralph_Sampson_0001.jpg,False,0
3499,6,Jane_Clayson,Jane_Clayson/Jane_Clayson_0001.jpg,True,Rene_Antonio_Leon_Rodriguez,Rene_Antonio_Leon_Rodriguez/Rene_Antonio_Leon_Rodriguez_0001.jpg,False,0
3500,6,Jane_Kaczmarek,Jane_Kaczmarek/Jane_Kaczmarek_0002.jpg,False,Morris_Watts,Morris_Watts/Morris_Watts_0001.jpg,False,0
3501,6,Jane_Russell,Jane_Russell/Jane_Russell_0001.jpg,False,Martin_ONeill,Martin_ONeill/Martin_ONeill_0001.jpg,False,0
3502,6,Janela_Jara,Janela_Jara/Janela_Jara_0001.jpg,True,Kirsten_Clark,Kirsten_Clark/Kirsten_Clark_0001.jpg,False,0
3503,6,Janela_Jara,Janela_Jara/Janela_Jara_0001.jpg,True,Pa_Kou_Hang,Pa_Kou_Hang/Pa_Kou_Hang_0001.jpg,True,0
3504,6,Janela_Jara,Janela_Jara/Janela_Jara_0001.jpg,True,Ricky_Cottrill,Ricky_Cottrill/Ricky_Cottrill_0001.jpg,False,0
3505,6,Janet_Napolitano,Janet_Napolitano/Janet_Napolitano_0002.jpg,False,Laurie_Laychak,Laurie_Laychak/Laurie_Laychak_0001.jpg,True,0
3506,6,Javier_Camara,Javier_Camara/Javier_Camara_0001.jpg,True,Nate_Blackwell,Nate_Blackwell/Nate_Blackwell_0001.jpg,True,0
3507,6,Jeane_Kirkpatrick,Jeane_Kirkpatrick/Jeane_Kirkpatrick_0001.jpg,False,Jeff_Van_Gundy,Jeff_Van_Gundy/Jeff_Van_Gundy_0003.jpg,False,0
3508,6,Jeane_Kirkpatrick,Jeane_Kirkpatrick/Jeane_Kirkpatrick_0001.jpg,False,Richard_Greenberg,Richard_Greenberg/Richard_Greenberg_0001.jpg,False,0
3509,6,Jeff_Van_Gundy,Jeff_Van_Gundy/Jeff_Van_Gundy_0001.jpg,False,Richard_Naughton,Richard_Naughton/Richard_Naughton_0001.jpg,False,0
3510,6,Jeffrey_Katzenberg,Jeffrey_Katzenberg/Jeffrey_Katzenberg_0001.jpg,False,Susan_Whelan,Susan_Whelan/Susan_Whelan_0001.jpg,False,0
3511,6,Jennette_Bradley,Jennette_Bradley/Jennette_Bradley_0001.jpg,False,Tammy_Helm,Tammy_Helm/Tammy_Helm_0001.jpg,True,0
3512,6,Jim_Furyk,Jim_Furyk/Jim_Furyk_0006.jpg,False,Linn_Thornton,Linn_Thornton/Linn_Thornton_0001.jpg,True,0
3513,6,John_Eastman,John_Eastman/John_Eastman_0001.jpg,False,Ricky_Ponting,Ricky_Ponting/Ricky_Ponting_0001.jpg,False,0
3514,6,John_F_Kennedy_Jr,John_F_Kennedy_Jr/John_F_Kennedy_Jr_0002.jpg,False,Nathan_Powell,Nathan_Powell/Nathan_Powell_0001.jpg,False,0
3515,6,John_Garamendi,John_Garamendi/John_Garamendi_0001.jpg,False,Petro_Symonenko,Petro_Symonenko/Petro_Symonenko_0002.jpg,True,0
3516,6,John_Madden,John_Madden/John_Madden_0001.jpg,False,Sara_Silverman,Sara_Silverman/Sara_Silverman_0001.jpg,True,0
3517,6,Jose_Luis_Rodriguez_Zapatero,Jose_Luis_Rodriguez_Zapatero/Jose_Luis_Rodriguez_Zapatero_0001.jpg,False,Rene_Antonio_Leon_Rodriguez,Rene_Antonio_Leon_Rodriguez/Rene_Antonio_Leon_Rodriguez_0001.jpg,False,0
3518,6,Jose_Luis_Rodriguez_Zapatero,Jose_Luis_Rodriguez_Zapatero/Jose_Luis_Rodriguez_Zapatero_0001.jpg,False,Steve_Lenard,Steve_Lenard/Steve_Lenard_0001.jpg,False,0
3519,6,Jose_Santos,Jose_Santos/Jose_Santos_0001.jpg,False,Michael_Boyce,Michael_Boyce/Michael_Boyce_0001.jpg,False,0
3520,6,Joseph_Kabila,Joseph_Kabila/Joseph_Kabila_0001.jpg,True,Rose_Linkins,Rose_Linkins/Rose_Linkins_0001.jpg,True,0
3521,6,Juan_Francisco_Palencia,Juan_Francisco_Palencia/Juan_Francisco_Palencia_0001.jpg,False,Kristanna_Loken,Kristanna_Loken/Kristanna_Loken_0002.jpg,False,0
3522,6,Juan_Francisco_Palencia,Juan_Francisco_Palencia/Juan_Francisco_Palencia_0001.jpg,False,Warren_Truss,Warren_Truss/Warren_Truss_0001.jpg,True,0
3523,6,Juan_Roman_Riquelme,Juan_Roman_Riquelme/Juan_Roman_Riquelme_0001.jpg,False,Ralph_Sampson,Ralph_Sampson/Ralph_Sampson_0001.jpg,False,0
3524,6,Julia_Tymoshenko,Julia_Tymoshenko/Julia_Tymoshenko_0002.jpg,True,Luis_Sanchez,Luis_Sanchez/Luis_Sanchez_0001.jpg,False,0
3525,6,Karin_Pilsaeter,Karin_Pilsaeter/Karin_Pilsaeter_0001.jpg,True,Mike_Flanagan,Mike_Flanagan/Mike_Flanagan_0001.jpg,True,0
3526,6,Karin_Pilsaeter,Karin_Pilsaeter/Karin_Pilsaeter_0001.jpg,True,Petria_Thomas,Petria_Thomas/Petria_Thomas_0003.jpg,False,0
3527,6,Keith_Bogans,Keith_Bogans/Keith_Bogans_0002.jpg,False,Martin_ONeill,Martin_ONeill/Martin_ONeill_0001.jpg,False,0
3528,6,Kelly_Leigh,Kelly_Leigh/Kelly_Leigh_0001.jpg,False,Spike_Helmick,Spike_Helmick/Spike_Helmick_0001.jpg,False,0
3529,6,Ken_Macha,Ken_Macha/Ken_Macha_0003.jpg,True,Tommy_Lewis,Tommy_Lewis/Tommy_Lewis_0001.jpg,False,0
3530,6,Kenneth_Carlsen,Kenneth_Carlsen/Kenneth_Carlsen_0001.jpg,True,Robin_Cook,Robin_Cook/Robin_Cook_0001.jpg,False,0
3531,6,Kevin_Borseth,Kevin_Borseth/Kevin_Borseth_0001.jpg,False,Michael_Caine,Michael_Caine/Michael_Caine_0004.jpg,False,0
3532,6,Koichi_Tanaka,Koichi_Tanaka/Koichi_Tanaka_0001.jpg,True,Ricardo_Lopez_Murphy,Ricardo_Lopez_Murphy/Ricardo_Lopez_Murphy_0001.jpg,False,0
3533,6,Kristin_Scott,Kristin_Scott/Kristin_Scott_0001.jpg,False,Max_Mayfield,Max_Mayfield/Max_Mayfield_0002.jpg,True,0
3534,6,Laura_Flessel,Laura_Flessel/Laura_Flessel_0001.jpg,False,Owen_Nolan,Owen_Nolan/Owen_Nolan_0001.jpg,False,0
3535,6,Lauren_Killian,Lauren_Killian/Lauren_Killian_0002.jpg,False,Tommy_Lewis,Tommy_Lewis/Tommy_Lewis_0001.jpg,False,0
3536,6,Laurie_Laychak,Laurie_Laychak/Laurie_Laychak_0001.jpg,True,Pa_Kou_Hang,Pa_Kou_Hang/Pa_Kou_Hang_0001.jpg,True,0
3537,6,Lawrence_Di_Rita,Lawrence_Di_Rita/Lawrence_Di_Rita_0001.jpg,False,Mekhi_Phifer,Mekhi_Phifer/Mekhi_Phifer_0001.jpg,True,0
3538,6,Lennox_Lewis,Lennox_Lewis/Lennox_Lewis_0003.jpg,True,Monte_Kiffin,Monte_Kiffin/Monte_Kiffin_0001.jpg,False,0
3539,6,Leon_Lai,Leon_Lai/Leon_Lai_0001.jpg,True,Monica_Lewinsky,Monica_Lewinsky/Monica_Lewinsky_0001.jpg,False,0
3540,6,Leon_Lai,Leon_Lai/Leon_Lai_0001.jpg,True,Sun_Myung_Moon,Sun_Myung_Moon/Sun_Myung_Moon_0001.jpg,True,0
3541,6,Lily_Tomlin,Lily_Tomlin/Lily_Tomlin_0001.jpg,True,Marcos_Daniel_Jimenez,Marcos_Daniel_Jimenez/Marcos_Daniel_Jimenez_0001.jpg,False,0
3542,6,Lily_Tomlin,Lily_Tomlin/Lily_Tomlin_0002.jpg,True,Sim_Yong,Sim_Yong/Sim_Yong_0001.jpg,True,0
3543,6,Linn_Thornton,Linn_Thornton/Linn_Thornton_0001.jpg,True,Sherri_Coale,Sherri_Coale/Sherri_Coale_0001.jpg,True,0
3544,6,Linn_Thornton,Linn_Thornton/Linn_Thornton_0001.jpg,True,Tom_Cruise,Tom_Cruise/Tom_Cruise_0002.jpg,True,0
3545,6,Lloyd_Mudiwa,Lloyd_Mudiwa/Lloyd_Mudiwa_0001.jpg,True,Sebastien_Grosjean,Sebastien_Grosjean/Sebastien_Grosjean_0001.jpg,False,0
3546,6,Lois_Smart,Lois_Smart/Lois_Smart_0001.jpg,False,Tavis_Smiley,Tavis_Smiley/Tavis_Smiley_0001.jpg,False,0
3547,6,Luis_Sanchez,Luis_Sanchez/Luis_Sanchez_0001.jpg,False,Petro_Symonenko,Petro_Symonenko/Petro_Symonenko_0001.jpg,True,0
3548,6,Luo_Linquan,Luo_Linquan/Luo_Linquan_0001.jpg,False,Martin_ONeill,Martin_ONeill/Martin_ONeill_0001.jpg,False,0
3549,6,Luther_Htu,Luther_Htu/Luther_Htu_0001.jpg,True,Steve_Karsay,Steve_Karsay/Steve_Karsay_0001.jpg,True,0
3550,6,Lynn_Abraham,Lynn_Abraham/Lynn_Abraham_0001.jpg,True,Michael_Keaton,Michael_Keaton/Michael_Keaton_0002.jpg,False,0
3551,6,Lynn_Abraham,Lynn_Abraham/Lynn_Abraham_0002.jpg,True,Mariano_Zabaleta,Mariano_Zabaleta/Mariano_Zabaleta_0001.jpg,False,0
3552,6,Mark_Richt,Mark_Richt/Mark_Richt_0003.jpg,True,Wilton_Gregory,Wilton_Gregory/Wilton_Gregory_0001.jpg,True,0
3553,6,Martha_Smith,Martha_Smith/Martha_Smith_0001.jpg,False,Ray_Sherman,Ray_Sherman/Ray_Sherman_0001.jpg,False,0
3554,6,Martin_ONeill,Martin_ONeill/Martin_ONeill_0001.jpg,False,Mike_Weir,Mike_Weir/Mike_Weir_0011.jpg,True,0
3555,6,Mary-Kate_Olsen,Mary-Kate_Olsen/Mary-Kate_Olsen_0001.jpg,False,Sim_Yong,Sim_Yong/Sim_Yong_0001.jpg,True,0
3556,6,Matt_Siebrandt,Matt_Siebrandt/Matt_Siebrandt_0001.jpg,True,Rodney_Dangerfield,Rodney_Dangerfield/Rodney_Dangerfield_0001.jpg,False,0
3557,6,Maurice_Cheeks,Maurice_Cheeks/Maurice_Cheeks_0001.jpg,False,Steve_Austin,Steve_Austin/Steve_Austin_0001.jpg,False,0
3558,6,Mehmet_Okur,Mehmet_Okur/Mehmet_Okur_0001.jpg,True,Randy_Travis,Randy_Travis/Randy_Travis_0001.jpg,False,0
3559,6,Michael_McNeely,Michael_McNeely/Michael_McNeely_0001.jpg,False,Sean_Combs,Sean_Combs/Sean_Combs_0001.jpg,False,0
3560,6,Michael_Milton,Michael_Milton/Michael_Milton_0001.jpg,False,Wilfredo_Moreno,Wilfredo_Moreno/Wilfredo_Moreno_0001.jpg,True,0
3561,6,Michael_Powell,Michael_Powell/Michael_Powell_0001.jpg,False,Scott_Weiland,Scott_Weiland/Scott_Weiland_0001.jpg,False,0
3562,6,Miguel_Rosseto,Miguel_Rosseto/Miguel_Rosseto_0001.jpg,False,Pascal_Rheaume,Pascal_Rheaume/Pascal_Rheaume_0001.jpg,False,0
3563,6,Miguel_Rosseto,Miguel_Rosseto/Miguel_Rosseto_0001.jpg,False,Ricky_Ponting,Ricky_Ponting/Ricky_Ponting_0002.jpg,False,0
3564,6,Mike_Flanagan,Mike_Flanagan/Mike_Flanagan_0001.jpg,True,Mohammed_Baqir_al-Hakim,Mohammed_Baqir_al-Hakim/Mohammed_Baqir_al-Hakim_0002.jpg,True,0
3565,6,Mike_Tice,Mike_Tice/Mike_Tice_0001.jpg,True,Patti_Smith,Patti_Smith/Patti_Smith_0001.jpg,False,0
3566,6,Mohammed_Baqir_al-Hakim,Mohammed_Baqir_al-Hakim/Mohammed_Baqir_al-Hakim_0002.jpg,True,Tatyana_Tomashova,Tatyana_Tomashova/Tatyana_Tomashova_0001.jpg,False,0
3567,6,Mufti_Mohammad_Syed,Mufti_Mohammad_Syed/Mufti_Mohammad_Syed_0001.jpg,False,Raoul_Ruiz,Raoul_Ruiz/Raoul_Ruiz_0004.jpg,False,0
3568,6,Nancy_Demme,Nancy_Demme/Nancy_Demme_0001.jpg,True,Roger_Mahony,Roger_Mahony/Roger_Mahony_0001.jpg,False,0
3569,6,Nancy_Reagan,Nancy_Reagan/Nancy_Reagan_0001.jpg,True,Rafael_Bielsa,Rafael_Bielsa/Rafael_Bielsa_0001.jpg,False,0
3570,6,Natasha_McElhone,Natasha_McElhone/Natasha_McElhone_0002.jpg,False,Robert_Nardelli,Robert_Nardelli/Robert_Nardelli_0001.jpg,True,0
3571,6,Nathirah_Hussein,Nathirah_Hussein/Nathirah_Hussein_0001.jpg,False,Susan_Whelan,Susan_Whelan/Susan_Whelan_0001.jpg,False,0
3572,6,Neil_Moritz,Neil_Moritz/Neil_Moritz_0001.jpg,False,Roy_Williams,Roy_Williams/Roy_Williams_0002.jpg,False,0
3573,6,Neil_Moritz,Neil_Moritz/Neil_Moritz_0001.jpg,False,Xanana_Gusmao,Xanana_Gusmao/Xanana_Gusmao_0005.jpg,True,0
3574,6,Nelson_Shanks,Nelson_Shanks/Nelson_Shanks_0001.jpg,False,Pedro_Martinez,Pedro_Martinez/Pedro_Martinez_0001.jpg,True,0
3575,6,Nelson_Shanks,Nelson_Shanks/Nelson_Shanks_0001.jpg,False,Ren_Qingjin,Ren_Qingjin/Ren_Qingjin_0001.jpg,False,0
3576,6,Noor_Mohammed,Noor_Mohammed/Noor_Mohammed_0001.jpg,False,Scott_Weiland,Scott_Weiland/Scott_Weiland_0001.jpg,False,0
3577,6,Oswald_Gruebel,Oswald_Gruebel/Oswald_Gruebel_0001.jpg,False,Richard_Penniman,Richard_Penniman/Richard_Penniman_0001.jpg,True,0
3578,6,Parthiv_Patel,Parthiv_Patel/Parthiv_Patel_0001.jpg,False,Tonya_Payne,Tonya_Payne/Tonya_Payne_0001.jpg,True,0
3579,6,Pauley_Perrette,Pauley_Perrette/Pauley_Perrette_0001.jpg,False,Roy_Williams,Roy_Williams/Roy_Williams_0004.jpg,False,0
3580,6,Peter_Arnett,Peter_Arnett/Peter_Arnett_0002.jpg,False,Rodney_Dangerfield,Rodney_Dangerfield/Rodney_Dangerfield_0001.jpg,False,0
3581,6,Peter_Greenspun,Peter_Greenspun/Peter_Greenspun_0001.jpg,False,Rod_Thorn,Rod_Thorn/Rod_Thorn_0001.jpg,False,0
3582,6,Peter_Harvey,Peter_Harvey/Peter_Harvey_0001.jpg,True,Warren_Truss,Warren_Truss/Warren_Truss_0001.jpg,True,0
3583,6,Raja_Ramani,Raja_Ramani/Raja_Ramani_0001.jpg,True,Richard_Greenberg,Richard_Greenberg/Richard_Greenberg_0001.jpg,False,0
3584,6,Raja_Ramani,Raja_Ramani/Raja_Ramani_0001.jpg,True,Will_Young,Will_Young/Will_Young_0001.jpg,True,0
3585,6,Ralph_Sampson,Ralph_Sampson/Ralph_Sampson_0001.jpg,False,Samantha_Daniels,Samantha_Daniels/Samantha_Daniels_0001.jpg,False,0
3586,6,Raoul_Ruiz,Raoul_Ruiz/Raoul_Ruiz_0003.jpg,False,Tirunesh_Dibaba,Tirunesh_Dibaba/Tirunesh_Dibaba_0001.jpg,False,0
3587,6,Ren_Qingjin,Ren_Qingjin/Ren_Qingjin_0001.jpg,False,Wilton_Gregory,Wilton_Gregory/Wilton_Gregory_0001.jpg,True,0
3588,6,Ricardo_Lopez_Murphy,Ricardo_Lopez_Murphy/Ricardo_Lopez_Murphy_0002.jpg,False,Roberto_Robaina,Roberto_Robaina/Roberto_Robaina_0001.jpg,False,0
3589,6,Ricky_Ponting,Ricky_Ponting/Ricky_Ponting_0001.jpg,False,Ronaldo_Luis_Nazario_de_Lima,Ronaldo_Luis_Nazario_de_Lima/Ronaldo_Luis_Nazario_de_Lima_0004.jpg,True,0
3590,6,Robin_Cook,Robin_Cook/Robin_Cook_0001.jpg,False,Wilton_Gregory,Wilton_Gregory/Wilton_Gregory_0001.jpg,True,0
3591,6,Roger_Federer,Roger_Federer/Roger_Federer_0004.jpg,False,Steve_Backley,Steve_Backley/Steve_Backley_0002.jpg,False,0
3592,6,Ronald_Post,Ronald_Post/Ronald_Post_0001.jpg,False,Steve_Karsay,Steve_Karsay/Steve_Karsay_0001.jpg,True,0
3593,6,Ryan_Nyquist,Ryan_Nyquist/Ryan_Nyquist_0001.jpg,False,Winona_Ryder,Winona_Ryder/Winona_Ryder_0022.jpg,True,0
3594,6,Sally_Clark,Sally_Clark/Sally_Clark_0001.jpg,False,Scott_Ritter,Scott_Ritter/Scott_Ritter_0002.jpg,True,0
3595,6,Samantha_Daniels,Samantha_Daniels/Samantha_Daniels_0001.jpg,False,Taufik_Hidayat,Taufik_Hidayat/Taufik_Hidayat_0003.jpg,True,0
3596,6,Sherri_Coale,Sherri_Coale/Sherri_Coale_0001.jpg,True,Troy_Garity,Troy_Garity/Troy_Garity_0001.jpg,False,0
3597,6,Steve_Valentine,Steve_Valentine/Steve_Valentine_0001.jpg,True,Toni_Braxton,Toni_Braxton/Toni_Braxton_0002.jpg,False,0
3598,6,Tammy_Helm,Tammy_Helm/Tammy_Helm_0001.jpg,True,Tom_Smothers,Tom_Smothers/Tom_Smothers_0001.jpg,False,0
3599,6,Tanya_Lindenmuth,Tanya_Lindenmuth/Tanya_Lindenmuth_0001.jpg,False,Tora_Takagi,Tora_Takagi/Tora_Takagi_0001.jpg,False,0
3600,6,Toni_Braxton,Toni_Braxton/Toni_Braxton_0003.jpg,False,Yann_Martel,Yann_Martel/Yann_Martel_0002.jpg,True,0
3601,7,Adam_Scott,Adam_Scott/Adam_Scott_0001.jpg,False,Adam_Scott,Adam_Scott/Adam_Scott_0002.jpg,False,1
3602,7,Ahmad_Masood,Ahmad_Masood/Ahmad_Masood_0001.jpg,True,Ahmad_Masood,Ahmad_Masood/Ahmad_Masood_0002.jpg,True,1
3603,7,Alan_Mulally,Alan_Mulally/Alan_Mulally_0001.jpg,False,Alan_Mulally,Alan_Mulally/Alan_Mulally_0002.jpg,False,1
3604,7,Alexander_Rumyantsev,Alexander_Rumyantsev/Alexander_Rumyantsev_0001.jpg,False,Alexander_Rumyantsev,Alexander_Rumyantsev/Alexander_Rumyantsev_0002.jpg,False,1
3605,7,Ali_Abbas,Ali_Abbas/Ali_Abbas_0001.jpg,False,Ali_Abbas,Ali_Abbas/Ali_Abbas_0002.jpg,False,1
3606,7,Amanda_Bynes,Amanda_Bynes/Amanda_Bynes_0001.jpg,False,Amanda_Bynes,Amanda_Bynes/Amanda_Bynes_0002.jpg,False,1
3607,7,Amanda_Bynes,Amanda_Bynes/Amanda_Bynes_0001.jpg,False,Amanda_Bynes,Amanda_Bynes/Amanda_Bynes_0003.jpg,False,1
3608,7,Amanda_Bynes,Amanda_Bynes/Amanda_Bynes_0001.jpg,False,Amanda_Bynes,Amanda_Bynes/Amanda_Bynes_0004.jpg,False,1
3609,7,Amanda_Bynes,Amanda_Bynes/Amanda_Bynes_0002.jpg,False,Amanda_Bynes,Amanda_Bynes/Amanda_Bynes_0003.jpg,False,1
3610,7,Andrei_Mikhnevich,Andrei_Mikhnevich/Andrei_Mikhnevich_0001.jpg,False,Andrei_Mikhnevich,Andrei_Mikhnevich/Andrei_Mikhnevich_0002.jpg,False,1
3611,7,Angela_Merkel,Angela_Merkel/Angela_Merkel_0001.jpg,True,Angela_Merkel,Angela_Merkel/Angela_Merkel_0002.jpg,True,1
3612,7,Angela_Merkel,Angela_Merkel/Angela_Merkel_0004.jpg,True,Angela_Merkel,Angela_Merkel/Angela_Merkel_0005.jpg,True,1
3613,7,Angelina_Jolie,Angelina_Jolie/Angelina_Jolie_0001.jpg,True,Angelina_Jolie,Angelina_Jolie/Angelina_Jolie_0015.jpg,True,1
3614,7,Angelina_Jolie,Angelina_Jolie/Angelina_Jolie_0002.jpg,True,Angelina_Jolie,Angelina_Jolie/Angelina_Jolie_0011.jpg,True,1
3615,7,Angelina_Jolie,Angelina_Jolie/Angelina_Jolie_0008.jpg,True,Angelina_Jolie,Angelina_Jolie/Angelina_Jolie_0015.jpg,True,1
3616,7,Angelina_Jolie,Angelina_Jolie/Angelina_Jolie_0009.jpg,True,Angelina_Jolie,Angelina_Jolie/Angelina_Jolie_0015.jpg,True,1
3617,7,Angelina_Jolie,Angelina_Jolie/Angelina_Jolie_0011.jpg,True,Angelina_Jolie,Angelina_Jolie/Angelina_Jolie_0020.jpg,True,1
3618,7,Anthony_LaPaglia,Anthony_LaPaglia/Anthony_LaPaglia_0001.jpg,True,Anthony_LaPaglia,Anthony_LaPaglia/Anthony_LaPaglia_0002.jpg,True,1
3619,7,Arlen_Specter,Arlen_Specter/Arlen_Specter_0001.jpg,False,Arlen_Specter,Arlen_Specter/Arlen_Specter_0002.jpg,False,1
3620,7,Atal_Bihari_Vajpayee,Atal_Bihari_Vajpayee/Atal_Bihari_Vajpayee_0004.jpg,True,Atal_Bihari_Vajpayee,Atal_Bihari_Vajpayee/Atal_Bihari_Vajpayee_0006.jpg,True,1
3621,7,Barry_Alvarez,Barry_Alvarez/Barry_Alvarez_0001.jpg,False,Barry_Alvarez,Barry_Alvarez/Barry_Alvarez_0002.jpg,False,1
3622,7,Bill_Belichick,Bill_Belichick/Bill_Belichick_0001.jpg,True,Bill_Belichick,Bill_Belichick/Bill_Belichick_0002.jpg,True,1
3623,7,Bill_Sizemore,Bill_Sizemore/Bill_Sizemore_0001.jpg,True,Bill_Sizemore,Bill_Sizemore/Bill_Sizemore_0002.jpg,True,1
3624,7,Boris_Yeltsin,Boris_Yeltsin/Boris_Yeltsin_0001.jpg,False,Boris_Yeltsin,Boris_Yeltsin/Boris_Yeltsin_0002.jpg,False,1
3625,7,Britney_Spears,Britney_Spears/Britney_Spears_0004.jpg,True,Britney_Spears,Britney_Spears/Britney_Spears_0011.jpg,True,1
3626,7,Bruce_Van_De_Velde,Bruce_Van_De_Velde/Bruce_Van_De_Velde_0001.jpg,False,Bruce_Van_De_Velde,Bruce_Van_De_Velde/Bruce_Van_De_Velde_0002.jpg,False,1
3627,7,Camilla_Parker_Bowles,Camilla_Parker_Bowles/Camilla_Parker_Bowles_0001.jpg,False,Camilla_Parker_Bowles,Camilla_Parker_Bowles/Camilla_Parker_Bowles_0002.jpg,False,1
3628,7,Carolina_Kluft,Carolina_Kluft/Carolina_Kluft_0001.jpg,False,Carolina_Kluft,Carolina_Kluft/Carolina_Kluft_0002.jpg,False,1
3629,7,Carson_Palmer,Carson_Palmer/Carson_Palmer_0001.jpg,True,Carson_Palmer,Carson_Palmer/Carson_Palmer_0003.jpg,True,1
3630,7,Carson_Palmer,Carson_Palmer/Carson_Palmer_0002.jpg,True,Carson_Palmer,Carson_Palmer/Carson_Palmer_0003.jpg,True,1
3631,7,Catherine_Deneuve,Catherine_Deneuve/Catherine_Deneuve_0001.jpg,False,Catherine_Deneuve,Catherine_Deneuve/Catherine_Deneuve_0004.jpg,False,1
3632,7,Catherine_Deneuve,Catherine_Deneuve/Catherine_Deneuve_0002.jpg,False,Catherine_Deneuve,Catherine_Deneuve/Catherine_Deneuve_0005.jpg,False,1
3633,7,Catherine_Deneuve,Catherine_Deneuve/Catherine_Deneuve_0003.jpg,False,Catherine_Deneuve,Catherine_Deneuve/Catherine_Deneuve_0005.jpg,False,1
3634,7,Cesar_Maia,Cesar_Maia/Cesar_Maia_0001.jpg,False,Cesar_Maia,Cesar_Maia/Cesar_Maia_0002.jpg,False,1
3635,7,Charles_Moose,Charles_Moose/Charles_Moose_0010.jpg,True,Charles_Moose,Charles_Moose/Charles_Moose_0012.jpg,True,1
3636,7,Chen_Liang_Yu,Chen_Liang_Yu/Chen_Liang_Yu_0001.jpg,False,Chen_Liang_Yu,Chen_Liang_Yu/Chen_Liang_Yu_0002.jpg,False,1
3637,7,Choi_Sung-hong,Choi_Sung-hong/Choi_Sung-hong_0001.jpg,True,Choi_Sung-hong,Choi_Sung-hong/Choi_Sung-hong_0005.jpg,True,1
3638,7,Choi_Sung-hong,Choi_Sung-hong/Choi_Sung-hong_0002.jpg,True,Choi_Sung-hong,Choi_Sung-hong/Choi_Sung-hong_0004.jpg,True,1
3639,7,Choi_Sung-hong,Choi_Sung-hong/Choi_Sung-hong_0003.jpg,True,Choi_Sung-hong,Choi_Sung-hong/Choi_Sung-hong_0004.jpg,True,1
3640,7,Christina_Aguilera,Christina_Aguilera/Christina_Aguilera_0001.jpg,True,Christina_Aguilera,Christina_Aguilera/Christina_Aguilera_0002.jpg,True,1
3641,7,Christina_Aguilera,Christina_Aguilera/Christina_Aguilera_0001.jpg,True,Christina_Aguilera,Christina_Aguilera/Christina_Aguilera_0004.jpg,True,1
3642,7,Christina_Aguilera,Christina_Aguilera/Christina_Aguilera_0002.jpg,True,Christina_Aguilera,Christina_Aguilera/Christina_Aguilera_0004.jpg,True,1
3643,7,Clara_Harris,Clara_Harris/Clara_Harris_0001.jpg,False,Clara_Harris,Clara_Harris/Clara_Harris_0005.jpg,False,1
3644,7,Clara_Harris,Clara_Harris/Clara_Harris_0002.jpg,False,Clara_Harris,Clara_Harris/Clara_Harris_0004.jpg,False,1
3645,7,Coretta_Scott_King,Coretta_Scott_King/Coretta_Scott_King_0001.jpg,False,Coretta_Scott_King,Coretta_Scott_King/Coretta_Scott_King_0002.jpg,False,1
3646,7,Coretta_Scott_King,Coretta_Scott_King/Coretta_Scott_King_0001.jpg,False,Coretta_Scott_King,Coretta_Scott_King/Coretta_Scott_King_0003.jpg,False,1
3647,7,Coretta_Scott_King,Coretta_Scott_King/Coretta_Scott_King_0002.jpg,False,Coretta_Scott_King,Coretta_Scott_King/Coretta_Scott_King_0003.jpg,False,1
3648,7,Courtney_Love,Courtney_Love/Courtney_Love_0001.jpg,False,Courtney_Love,Courtney_Love/Courtney_Love_0002.jpg,False,1
3649,7,Daniel_Day-Lewis,Daniel_Day-Lewis/Daniel_Day-Lewis_0001.jpg,False,Daniel_Day-Lewis,Daniel_Day-Lewis/Daniel_Day-Lewis_0003.jpg,False,1
3650,7,Daniel_Day-Lewis,Daniel_Day-Lewis/Daniel_Day-Lewis_0002.jpg,False,Daniel_Day-Lewis,Daniel_Day-Lewis/Daniel_Day-Lewis_0003.jpg,False,1
3651,7,Daniela_Hantuchova,Daniela_Hantuchova/Daniela_Hantuchova_0001.jpg,True,Daniela_Hantuchova,Daniela_Hantuchova/Daniela_Hantuchova_0002.jpg,True,1
3652,7,Debra_Messing,Debra_Messing/Debra_Messing_0001.jpg,True,Debra_Messing,Debra_Messing/Debra_Messing_0002.jpg,True,1
3653,7,Dennis_Kucinich,Dennis_Kucinich/Dennis_Kucinich_0002.jpg,False,Dennis_Kucinich,Dennis_Kucinich/Dennis_Kucinich_0007.jpg,False,1
3654,7,Dick_Latessa,Dick_Latessa/Dick_Latessa_0001.jpg,False,Dick_Latessa,Dick_Latessa/Dick_Latessa_0002.jpg,False,1
3655,7,Donald_Rumsfeld,Donald_Rumsfeld/Donald_Rumsfeld_0039.jpg,True,Donald_Rumsfeld,Donald_Rumsfeld/Donald_Rumsfeld_0110.jpg,True,1
3656,7,Donald_Rumsfeld,Donald_Rumsfeld/Donald_Rumsfeld_0051.jpg,True,Donald_Rumsfeld,Donald_Rumsfeld/Donald_Rumsfeld_0083.jpg,True,1
3657,7,Donald_Rumsfeld,Donald_Rumsfeld/Donald_Rumsfeld_0060.jpg,True,Donald_Rumsfeld,Donald_Rumsfeld/Donald_Rumsfeld_0067.jpg,True,1
3658,7,Eduard_Shevardnadze,Eduard_Shevardnadze/Eduard_Shevardnadze_0001.jpg,True,Eduard_Shevardnadze,Eduard_Shevardnadze/Eduard_Shevardnadze_0005.jpg,True,1
3659,7,Edward_Lu,Edward_Lu/Edward_Lu_0004.jpg,False,Edward_Lu,Edward_Lu/Edward_Lu_0006.jpg,False,1
3660,7,Edwina_Currie,Edwina_Currie/Edwina_Currie_0001.jpg,True,Edwina_Currie,Edwina_Currie/Edwina_Currie_0002.jpg,True,1
3661,7,Edwina_Currie,Edwina_Currie/Edwina_Currie_0002.jpg,True,Edwina_Currie,Edwina_Currie/Edwina_Currie_0004.jpg,True,1
3662,7,Elizabeth_Shue,Elizabeth_Shue/Elizabeth_Shue_0001.jpg,True,Elizabeth_Shue,Elizabeth_Shue/Elizabeth_Shue_0002.jpg,True,1
3663,7,Ellen_Engleman,Ellen_Engleman/Ellen_Engleman_0001.jpg,False,Ellen_Engleman,Ellen_Engleman/Ellen_Engleman_0002.jpg,False,1
3664,7,Emma_Thompson,Emma_Thompson/Emma_Thompson_0001.jpg,False,Emma_Thompson,Emma_Thompson/Emma_Thompson_0002.jpg,False,1
3665,7,Emma_Thompson,Emma_Thompson/Emma_Thompson_0001.jpg,False,Emma_Thompson,Emma_Thompson/Emma_Thompson_0003.jpg,False,1
3666,7,Emma_Thompson,Emma_Thompson/Emma_Thompson_0002.jpg,False,Emma_Thompson,Emma_Thompson/Emma_Thompson_0003.jpg,False,1
3667,7,Emmit_Smith,Emmit_Smith/Emmit_Smith_0001.jpg,False,Emmit_Smith,Emmit_Smith/Emmit_Smith_0002.jpg,False,1
3668,7,Fayssal_Mekdad,Fayssal_Mekdad/Fayssal_Mekdad_0001.jpg,False,Fayssal_Mekdad,Fayssal_Mekdad/Fayssal_Mekdad_0003.jpg,False,1
3669,7,Fayssal_Mekdad,Fayssal_Mekdad/Fayssal_Mekdad_0001.jpg,False,Fayssal_Mekdad,Fayssal_Mekdad/Fayssal_Mekdad_0004.jpg,False,1
3670,7,Frances_Fisher,Frances_Fisher/Frances_Fisher_0001.jpg,True,Frances_Fisher,Frances_Fisher/Frances_Fisher_0002.jpg,True,1
3671,7,Frank_Griswold,Frank_Griswold/Frank_Griswold_0001.jpg,False,Frank_Griswold,Frank_Griswold/Frank_Griswold_0002.jpg,False,1
3672,7,Gary_Forsee,Gary_Forsee/Gary_Forsee_0001.jpg,False,Gary_Forsee,Gary_Forsee/Gary_Forsee_0002.jpg,False,1
3673,7,Gloria_Macapagal_Arroyo,Gloria_Macapagal_Arroyo/Gloria_Macapagal_Arroyo_0003.jpg,True,Gloria_Macapagal_Arroyo,Gloria_Macapagal_Arroyo/Gloria_Macapagal_Arroyo_0012.jpg,True,1
3674,7,Gloria_Macapagal_Arroyo,Gloria_Macapagal_Arroyo/Gloria_Macapagal_Arroyo_0003.jpg,True,Gloria_Macapagal_Arroyo,Gloria_Macapagal_Arroyo/Gloria_Macapagal_Arroyo_0025.jpg,True,1
3675,7,Gloria_Macapagal_Arroyo,Gloria_Macapagal_Arroyo/Gloria_Macapagal_Arroyo_0008.jpg,True,Gloria_Macapagal_Arroyo,Gloria_Macapagal_Arroyo/Gloria_Macapagal_Arroyo_0023.jpg,True,1
3676,7,Gregory_Hines,Gregory_Hines/Gregory_Hines_0001.jpg,False,Gregory_Hines,Gregory_Hines/Gregory_Hines_0002.jpg,False,1
3677,7,Gus_Van_Sant,Gus_Van_Sant/Gus_Van_Sant_0001.jpg,False,Gus_Van_Sant,Gus_Van_Sant/Gus_Van_Sant_0002.jpg,False,1
3678,7,Gus_Van_Sant,Gus_Van_Sant/Gus_Van_Sant_0001.jpg,False,Gus_Van_Sant,Gus_Van_Sant/Gus_Van_Sant_0003.jpg,False,1
3679,7,Gwendal_Peizerat,Gwendal_Peizerat/Gwendal_Peizerat_0001.jpg,True,Gwendal_Peizerat,Gwendal_Peizerat/Gwendal_Peizerat_0002.jpg,True,1
3680,7,Gwendal_Peizerat,Gwendal_Peizerat/Gwendal_Peizerat_0001.jpg,True,Gwendal_Peizerat,Gwendal_Peizerat/Gwendal_Peizerat_0003.jpg,True,1
3681,7,Hal_Gehman,Hal_Gehman/Hal_Gehman_0002.jpg,False,Hal_Gehman,Hal_Gehman/Hal_Gehman_0004.jpg,False,1
3682,7,Hannah_Stockbauer,Hannah_Stockbauer/Hannah_Stockbauer_0001.jpg,False,Hannah_Stockbauer,Hannah_Stockbauer/Hannah_Stockbauer_0002.jpg,False,1
3683,7,Harrison_Ford,Harrison_Ford/Harrison_Ford_0001.jpg,True,Harrison_Ford,Harrison_Ford/Harrison_Ford_0012.jpg,True,1
3684,7,Heizo_Takenaka,Heizo_Takenaka/Heizo_Takenaka_0001.jpg,True,Heizo_Takenaka,Heizo_Takenaka/Heizo_Takenaka_0007.jpg,True,1
3685,7,Heizo_Takenaka,Heizo_Takenaka/Heizo_Takenaka_0003.jpg,True,Heizo_Takenaka,Heizo_Takenaka/Heizo_Takenaka_0008.jpg,True,1
3686,7,Heizo_Takenaka,Heizo_Takenaka/Heizo_Takenaka_0003.jpg,True,Heizo_Takenaka,Heizo_Takenaka/Heizo_Takenaka_0009.jpg,True,1
3687,7,Hichiro_Naemura,Hichiro_Naemura/Hichiro_Naemura_0001.jpg,True,Hichiro_Naemura,Hichiro_Naemura/Hichiro_Naemura_0002.jpg,True,1
3688,7,Hipolito_Mejia,Hipolito_Mejia/Hipolito_Mejia_0001.jpg,False,Hipolito_Mejia,Hipolito_Mejia/Hipolito_Mejia_0003.jpg,False,1
3689,7,Hipolito_Mejia,Hipolito_Mejia/Hipolito_Mejia_0001.jpg,False,Hipolito_Mejia,Hipolito_Mejia/Hipolito_Mejia_0004.jpg,False,1
3690,7,Holly_Hunter,Holly_Hunter/Holly_Hunter_0002.jpg,False,Holly_Hunter,Holly_Hunter/Holly_Hunter_0006.jpg,False,1
3691,7,Holly_Hunter,Holly_Hunter/Holly_Hunter_0003.jpg,False,Holly_Hunter,Holly_Hunter/Holly_Hunter_0007.jpg,False,1
3692,7,Igor_Ivanov,Igor_Ivanov/Igor_Ivanov_0005.jpg,True,Igor_Ivanov,Igor_Ivanov/Igor_Ivanov_0016.jpg,True,1
3693,7,Intisar_Ajouri,Intisar_Ajouri/Intisar_Ajouri_0002.jpg,True,Intisar_Ajouri,Intisar_Ajouri/Intisar_Ajouri_0003.jpg,True,1
3694,7,Jack_Nicholson,Jack_Nicholson/Jack_Nicholson_0001.jpg,False,Jack_Nicholson,Jack_Nicholson/Jack_Nicholson_0003.jpg,False,1
3695,7,James_Blake,James_Blake/James_Blake_0001.jpg,True,James_Blake,James_Blake/James_Blake_0010.jpg,True,1
3696,7,James_Blake,James_Blake/James_Blake_0004.jpg,True,James_Blake,James_Blake/James_Blake_0006.jpg,True,1
3697,7,James_Blake,James_Blake/James_Blake_0005.jpg,True,James_Blake,James_Blake/James_Blake_0009.jpg,True,1
3698,7,James_Kelly,James_Kelly/James_Kelly_0004.jpg,True,James_Kelly,James_Kelly/James_Kelly_0005.jpg,True,1
3699,7,James_Kopp,James_Kopp/James_Kopp_0002.jpg,False,James_Kopp,James_Kopp/James_Kopp_0004.jpg,False,1
3700,7,James_Smith,James_Smith/James_Smith_0001.jpg,False,James_Smith,James_Smith/James_Smith_0002.jpg,False,1
3701,7,Jean_Chretien,Jean_Chretien/Jean_Chretien_0002.jpg,True,Jean_Chretien,Jean_Chretien/Jean_Chretien_0039.jpg,True,1
3702,7,Jean_Chretien,Jean_Chretien/Jean_Chretien_0006.jpg,True,Jean_Chretien,Jean_Chretien/Jean_Chretien_0040.jpg,True,1
3703,7,Jean_Chretien,Jean_Chretien/Jean_Chretien_0008.jpg,True,Jean_Chretien,Jean_Chretien/Jean_Chretien_0035.jpg,True,1
3704,7,Jean_Chretien,Jean_Chretien/Jean_Chretien_0019.jpg,True,Jean_Chretien,Jean_Chretien/Jean_Chretien_0028.jpg,True,1
3705,7,Jean_Chretien,Jean_Chretien/Jean_Chretien_0028.jpg,True,Jean_Chretien,Jean_Chretien/Jean_Chretien_0052.jpg,True,1
3706,7,Jean_Chretien,Jean_Chretien/Jean_Chretien_0029.jpg,True,Jean_Chretien,Jean_Chretien/Jean_Chretien_0037.jpg,True,1
3707,7,Jean_Chretien,Jean_Chretien/Jean_Chretien_0034.jpg,True,Jean_Chretien,Jean_Chretien/Jean_Chretien_0036.jpg,True,1
3708,7,Jeffrey_Immelt,Jeffrey_Immelt/Jeffrey_Immelt_0001.jpg,True,Jeffrey_Immelt,Jeffrey_Immelt/Jeffrey_Immelt_0002.jpg,True,1
3709,7,Jennifer_Aniston,Jennifer_Aniston/Jennifer_Aniston_0001.jpg,True,Jennifer_Aniston,Jennifer_Aniston/Jennifer_Aniston_0007.jpg,True,1
3710,7,Jennifer_Aniston,Jennifer_Aniston/Jennifer_Aniston_0001.jpg,True,Jennifer_Aniston,Jennifer_Aniston/Jennifer_Aniston_0016.jpg,True,1
3711,7,Jennifer_Aniston,Jennifer_Aniston/Jennifer_Aniston_0006.jpg,True,Jennifer_Aniston,Jennifer_Aniston/Jennifer_Aniston_0021.jpg,True,1
3712,7,Jerry_Falwell,Jerry_Falwell/Jerry_Falwell_0001.jpg,True,Jerry_Falwell,Jerry_Falwell/Jerry_Falwell_0002.jpg,True,1
3713,7,Jesse_Harris,Jesse_Harris/Jesse_Harris_0001.jpg,False,Jesse_Harris,Jesse_Harris/Jesse_Harris_0003.jpg,False,1
3714,7,Jesse_Harris,Jesse_Harris/Jesse_Harris_0002.jpg,False,Jesse_Harris,Jesse_Harris/Jesse_Harris_0003.jpg,False,1
3715,7,Joan_Claybrook,Joan_Claybrook/Joan_Claybrook_0001.jpg,False,Joan_Claybrook,Joan_Claybrook/Joan_Claybrook_0002.jpg,False,1
3716,7,Joe_Calzaghe,Joe_Calzaghe/Joe_Calzaghe_0001.jpg,True,Joe_Calzaghe,Joe_Calzaghe/Joe_Calzaghe_0002.jpg,True,1
3717,7,Joe_Nichols,Joe_Nichols/Joe_Nichols_0001.jpg,False,Joe_Nichols,Joe_Nichols/Joe_Nichols_0003.jpg,False,1
3718,7,Joe_Nichols,Joe_Nichols/Joe_Nichols_0002.jpg,False,Joe_Nichols,Joe_Nichols/Joe_Nichols_0004.jpg,False,1
3719,7,Joe_Nichols,Joe_Nichols/Joe_Nichols_0003.jpg,False,Joe_Nichols,Joe_Nichols/Joe_Nichols_0004.jpg,False,1
3720,7,Joerg_Haider,Joerg_Haider/Joerg_Haider_0001.jpg,True,Joerg_Haider,Joerg_Haider/Joerg_Haider_0002.jpg,True,1
3721,7,John_Abizaid,John_Abizaid/John_Abizaid_0001.jpg,False,John_Abizaid,John_Abizaid/John_Abizaid_0002.jpg,False,1
3722,7,John_Abizaid,John_Abizaid/John_Abizaid_0001.jpg,False,John_Abizaid,John_Abizaid/John_Abizaid_0007.jpg,False,1
3723,7,John_Abizaid,John_Abizaid/John_Abizaid_0002.jpg,False,John_Abizaid,John_Abizaid/John_Abizaid_0003.jpg,False,1
3724,7,John_Abizaid,John_Abizaid/John_Abizaid_0004.jpg,False,John_Abizaid,John_Abizaid/John_Abizaid_0007.jpg,False,1
3725,7,John_Abizaid,John_Abizaid/John_Abizaid_0004.jpg,False,John_Abizaid,John_Abizaid/John_Abizaid_0008.jpg,False,1
3726,7,John_Abizaid,John_Abizaid/John_Abizaid_0005.jpg,False,John_Abizaid,John_Abizaid/John_Abizaid_0006.jpg,False,1
3727,7,John_Jumper,John_Jumper/John_Jumper_0001.jpg,False,John_Jumper,John_Jumper/John_Jumper_0002.jpg,False,1
3728,7,John_Mayer,John_Mayer/John_Mayer_0001.jpg,False,John_Mayer,John_Mayer/John_Mayer_0002.jpg,False,1
3729,7,John_Mayer,John_Mayer/John_Mayer_0001.jpg,False,John_Mayer,John_Mayer/John_Mayer_0003.jpg,False,1
3730,7,John_Negroponte,John_Negroponte/John_Negroponte_0005.jpg,True,John_Negroponte,John_Negroponte/John_Negroponte_0026.jpg,True,1
3731,7,John_Negroponte,John_Negroponte/John_Negroponte_0008.jpg,True,John_Negroponte,John_Negroponte/John_Negroponte_0017.jpg,True,1
3732,7,John_Negroponte,John_Negroponte/John_Negroponte_0028.jpg,True,John_Negroponte,John_Negroponte/John_Negroponte_0030.jpg,True,1
3733,7,John_Reilly,John_Reilly/John_Reilly_0001.jpg,False,John_Reilly,John_Reilly/John_Reilly_0002.jpg,False,1
3734,7,John_Rowland,John_Rowland/John_Rowland_0001.jpg,False,John_Rowland,John_Rowland/John_Rowland_0002.jpg,False,1
3735,7,Johnny_Depp,Johnny_Depp/Johnny_Depp_0001.jpg,False,Johnny_Depp,Johnny_Depp/Johnny_Depp_0002.jpg,False,1
3736,7,Jon_Corzine,Jon_Corzine/Jon_Corzine_0001.jpg,True,Jon_Corzine,Jon_Corzine/Jon_Corzine_0002.jpg,True,1
3737,7,Jose_Dirceu,Jose_Dirceu/Jose_Dirceu_0001.jpg,False,Jose_Dirceu,Jose_Dirceu/Jose_Dirceu_0002.jpg,False,1
3738,7,Jose_Sarney,Jose_Sarney/Jose_Sarney_0001.jpg,False,Jose_Sarney,Jose_Sarney/Jose_Sarney_0003.jpg,False,1
3739,7,Joseph_Estrada,Joseph_Estrada/Joseph_Estrada_0001.jpg,False,Joseph_Estrada,Joseph_Estrada/Joseph_Estrada_0003.jpg,False,1
3740,7,Joseph_Estrada,Joseph_Estrada/Joseph_Estrada_0002.jpg,False,Joseph_Estrada,Joseph_Estrada/Joseph_Estrada_0003.jpg,False,1
3741,7,Juan_Carlos_Ferrero,Juan_Carlos_Ferrero/Juan_Carlos_Ferrero_0009.jpg,True,Juan_Carlos_Ferrero,Juan_Carlos_Ferrero/Juan_Carlos_Ferrero_0017.jpg,True,1
3742,7,Jude_Law,Jude_Law/Jude_Law_0001.jpg,True,Jude_Law,Jude_Law/Jude_Law_0002.jpg,True,1
3743,7,Katherine_Harris,Katherine_Harris/Katherine_Harris_0001.jpg,True,Katherine_Harris,Katherine_Harris/Katherine_Harris_0002.jpg,True,1
3744,7,Katherine_Harris,Katherine_Harris/Katherine_Harris_0001.jpg,True,Katherine_Harris,Katherine_Harris/Katherine_Harris_0004.jpg,True,1
3745,7,Katherine_Harris,Katherine_Harris/Katherine_Harris_0003.jpg,True,Katherine_Harris,Katherine_Harris/Katherine_Harris_0004.jpg,True,1
3746,7,Kelly_Clarkson,Kelly_Clarkson/Kelly_Clarkson_0001.jpg,True,Kelly_Clarkson,Kelly_Clarkson/Kelly_Clarkson_0002.jpg,True,1
3747,7,Kiki_Vandeweghe,Kiki_Vandeweghe/Kiki_Vandeweghe_0001.jpg,True,Kiki_Vandeweghe,Kiki_Vandeweghe/Kiki_Vandeweghe_0002.jpg,True,1
3748,7,Kofi_Annan,Kofi_Annan/Kofi_Annan_0008.jpg,True,Kofi_Annan,Kofi_Annan/Kofi_Annan_0014.jpg,True,1
3749,7,Kofi_Annan,Kofi_Annan/Kofi_Annan_0008.jpg,True,Kofi_Annan,Kofi_Annan/Kofi_Annan_0032.jpg,True,1
3750,7,Kofi_Annan,Kofi_Annan/Kofi_Annan_0013.jpg,True,Kofi_Annan,Kofi_Annan/Kofi_Annan_0025.jpg,True,1
3751,7,Lance_Bass,Lance_Bass/Lance_Bass_0001.jpg,True,Lance_Bass,Lance_Bass/Lance_Bass_0004.jpg,True,1
3752,7,Lance_Bass,Lance_Bass/Lance_Bass_0002.jpg,True,Lance_Bass,Lance_Bass/Lance_Bass_0004.jpg,True,1
3753,7,Lance_Bass,Lance_Bass/Lance_Bass_0002.jpg,True,Lance_Bass,Lance_Bass/Lance_Bass_0005.jpg,True,1
3754,7,Lance_Bass,Lance_Bass/Lance_Bass_0004.jpg,True,Lance_Bass,Lance_Bass/Lance_Bass_0005.jpg,True,1
3755,7,Laurent_Gbagbo,Laurent_Gbagbo/Laurent_Gbagbo_0001.jpg,True,Laurent_Gbagbo,Laurent_Gbagbo/Laurent_Gbagbo_0002.jpg,True,1
3756,7,Lee_Soo-hyuck,Lee_Soo-hyuck/Lee_Soo-hyuck_0001.jpg,False,Lee_Soo-hyuck,Lee_Soo-hyuck/Lee_Soo-hyuck_0002.jpg,False,1
3757,7,Leslie_Caldwell,Leslie_Caldwell/Leslie_Caldwell_0002.jpg,True,Leslie_Caldwell,Leslie_Caldwell/Leslie_Caldwell_0003.jpg,True,1
3758,7,Li_Zhaoxing,Li_Zhaoxing/Li_Zhaoxing_0002.jpg,False,Li_Zhaoxing,Li_Zhaoxing/Li_Zhaoxing_0007.jpg,False,1
3759,7,Liu_Mingkang,Liu_Mingkang/Liu_Mingkang_0001.jpg,True,Liu_Mingkang,Liu_Mingkang/Liu_Mingkang_0002.jpg,True,1
3760,7,Luciano_Pavarotti,Luciano_Pavarotti/Luciano_Pavarotti_0001.jpg,True,Luciano_Pavarotti,Luciano_Pavarotti/Luciano_Pavarotti_0002.jpg,True,1
3761,7,Luis_Gonzalez_Macchi,Luis_Gonzalez_Macchi/Luis_Gonzalez_Macchi_0001.jpg,True,Luis_Gonzalez_Macchi,Luis_Gonzalez_Macchi/Luis_Gonzalez_Macchi_0002.jpg,True,1
3762,7,Luis_Gonzalez_Macchi,Luis_Gonzalez_Macchi/Luis_Gonzalez_Macchi_0002.jpg,True,Luis_Gonzalez_Macchi,Luis_Gonzalez_Macchi/Luis_Gonzalez_Macchi_0004.jpg,True,1
3763,7,Luis_Gonzalez_Macchi,Luis_Gonzalez_Macchi/Luis_Gonzalez_Macchi_0003.jpg,True,Luis_Gonzalez_Macchi,Luis_Gonzalez_Macchi/Luis_Gonzalez_Macchi_0004.jpg,True,1
3764,7,Luis_Gonzalez_Macchi,Luis_Gonzalez_Macchi/Luis_Gonzalez_Macchi_0003.jpg,True,Luis_Gonzalez_Macchi,Luis_Gonzalez_Macchi/Luis_Gonzalez_Macchi_0005.jpg,True,1
3765,7,Luis_Horna,Luis_Horna/Luis_Horna_0001.jpg,False,Luis_Horna,Luis_Horna/Luis_Horna_0004.jpg,False,1
3766,7,Luis_Horna,Luis_Horna/Luis_Horna_0002.jpg,False,Luis_Horna,Luis_Horna/Luis_Horna_0004.jpg,False,1
3767,7,Luiz_Inacio_Lula_da_Silva,Luiz_Inacio_Lula_da_Silva/Luiz_Inacio_Lula_da_Silva_0002.jpg,True,Luiz_Inacio_Lula_da_Silva,Luiz_Inacio_Lula_da_Silva/Luiz_Inacio_Lula_da_Silva_0009.jpg,True,1
3768,7,Luiz_Inacio_Lula_da_Silva,Luiz_Inacio_Lula_da_Silva/Luiz_Inacio_Lula_da_Silva_0002.jpg,True,Luiz_Inacio_Lula_da_Silva,Luiz_Inacio_Lula_da_Silva/Luiz_Inacio_Lula_da_Silva_0039.jpg,True,1
3769,7,Luiz_Inacio_Lula_da_Silva,Luiz_Inacio_Lula_da_Silva/Luiz_Inacio_Lula_da_Silva_0004.jpg,True,Luiz_Inacio_Lula_da_Silva,Luiz_Inacio_Lula_da_Silva/Luiz_Inacio_Lula_da_Silva_0008.jpg,True,1
3770,7,Luiz_Inacio_Lula_da_Silva,Luiz_Inacio_Lula_da_Silva/Luiz_Inacio_Lula_da_Silva_0007.jpg,True,Luiz_Inacio_Lula_da_Silva,Luiz_Inacio_Lula_da_Silva/Luiz_Inacio_Lula_da_Silva_0036.jpg,True,1
3771,7,Luiz_Inacio_Lula_da_Silva,Luiz_Inacio_Lula_da_Silva/Luiz_Inacio_Lula_da_Silva_0010.jpg,True,Luiz_Inacio_Lula_da_Silva,Luiz_Inacio_Lula_da_Silva/Luiz_Inacio_Lula_da_Silva_0019.jpg,True,1
3772,7,Luiz_Inacio_Lula_da_Silva,Luiz_Inacio_Lula_da_Silva/Luiz_Inacio_Lula_da_Silva_0011.jpg,True,Luiz_Inacio_Lula_da_Silva,Luiz_Inacio_Lula_da_Silva/Luiz_Inacio_Lula_da_Silva_0044.jpg,True,1
3773,7,Luiz_Inacio_Lula_da_Silva,Luiz_Inacio_Lula_da_Silva/Luiz_Inacio_Lula_da_Silva_0028.jpg,True,Luiz_Inacio_Lula_da_Silva,Luiz_Inacio_Lula_da_Silva/Luiz_Inacio_Lula_da_Silva_0044.jpg,True,1
3774,7,Madeleine_Albright,Madeleine_Albright/Madeleine_Albright_0001.jpg,True,Madeleine_Albright,Madeleine_Albright/Madeleine_Albright_0002.jpg,True,1
3775,7,Madeleine_Albright,Madeleine_Albright/Madeleine_Albright_0002.jpg,True,Madeleine_Albright,Madeleine_Albright/Madeleine_Albright_0003.jpg,True,1
3776,7,Marcus_Gronholm,Marcus_Gronholm/Marcus_Gronholm_0001.jpg,True,Marcus_Gronholm,Marcus_Gronholm/Marcus_Gronholm_0002.jpg,True,1
3777,7,Marissa_Jaret_Winokur,Marissa_Jaret_Winokur/Marissa_Jaret_Winokur_0001.jpg,False,Marissa_Jaret_Winokur,Marissa_Jaret_Winokur/Marissa_Jaret_Winokur_0002.jpg,False,1
3778,7,Mark_Geragos,Mark_Geragos/Mark_Geragos_0001.jpg,False,Mark_Geragos,Mark_Geragos/Mark_Geragos_0002.jpg,False,1
3779,7,Mark_Philippoussis,Mark_Philippoussis/Mark_Philippoussis_0002.jpg,False,Mark_Philippoussis,Mark_Philippoussis/Mark_Philippoussis_0007.jpg,False,1
3780,7,Mark_Philippoussis,Mark_Philippoussis/Mark_Philippoussis_0003.jpg,False,Mark_Philippoussis,Mark_Philippoussis/Mark_Philippoussis_0011.jpg,False,1
3781,7,Mark_Philippoussis,Mark_Philippoussis/Mark_Philippoussis_0004.jpg,False,Mark_Philippoussis,Mark_Philippoussis/Mark_Philippoussis_0006.jpg,False,1
3782,7,Mark_Philippoussis,Mark_Philippoussis/Mark_Philippoussis_0004.jpg,False,Mark_Philippoussis,Mark_Philippoussis/Mark_Philippoussis_0009.jpg,False,1
3783,7,Mark_Philippoussis,Mark_Philippoussis/Mark_Philippoussis_0006.jpg,False,Mark_Philippoussis,Mark_Philippoussis/Mark_Philippoussis_0007.jpg,False,1
3784,7,Mark_Philippoussis,Mark_Philippoussis/Mark_Philippoussis_0006.jpg,False,Mark_Philippoussis,Mark_Philippoussis/Mark_Philippoussis_0009.jpg,False,1
3785,7,Mark_Philippoussis,Mark_Philippoussis/Mark_Philippoussis_0007.jpg,False,Mark_Philippoussis,Mark_Philippoussis/Mark_Philippoussis_0009.jpg,False,1
3786,7,Markus_Naslund,Markus_Naslund/Markus_Naslund_0001.jpg,False,Markus_Naslund,Markus_Naslund/Markus_Naslund_0002.jpg,False,1
3787,7,Martha_Lucia_Ramirez,Martha_Lucia_Ramirez/Martha_Lucia_Ramirez_0002.jpg,False,Martha_Lucia_Ramirez,Martha_Lucia_Ramirez/Martha_Lucia_Ramirez_0004.jpg,False,1
3788,7,Martha_Lucia_Ramirez,Martha_Lucia_Ramirez/Martha_Lucia_Ramirez_0003.jpg,False,Martha_Lucia_Ramirez,Martha_Lucia_Ramirez/Martha_Lucia_Ramirez_0004.jpg,False,1
3789,7,Meryl_Streep,Meryl_Streep/Meryl_Streep_0014.jpg,False,Meryl_Streep,Meryl_Streep/Meryl_Streep_0015.jpg,False,1
3790,7,Mesut_Yilmaz,Mesut_Yilmaz/Mesut_Yilmaz_0001.jpg,True,Mesut_Yilmaz,Mesut_Yilmaz/Mesut_Yilmaz_0002.jpg,True,1
3791,7,Michael_Schumacher,Michael_Schumacher/Michael_Schumacher_0002.jpg,True,Michael_Schumacher,Michael_Schumacher/Michael_Schumacher_0013.jpg,True,1
3792,7,Michael_Schumacher,Michael_Schumacher/Michael_Schumacher_0002.jpg,True,Michael_Schumacher,Michael_Schumacher/Michael_Schumacher_0017.jpg,True,1
3793,7,Michael_Schumacher,Michael_Schumacher/Michael_Schumacher_0010.jpg,True,Michael_Schumacher,Michael_Schumacher/Michael_Schumacher_0011.jpg,True,1
3794,7,Michael_Schumacher,Michael_Schumacher/Michael_Schumacher_0013.jpg,True,Michael_Schumacher,Michael_Schumacher/Michael_Schumacher_0018.jpg,True,1
3795,7,Michel_Temer,Michel_Temer/Michel_Temer_0001.jpg,False,Michel_Temer,Michel_Temer/Michel_Temer_0002.jpg,False,1
3796,7,Michelle_Yeoh,Michelle_Yeoh/Michelle_Yeoh_0001.jpg,True,Michelle_Yeoh,Michelle_Yeoh/Michelle_Yeoh_0002.jpg,True,1
3797,7,Michelle_Yeoh,Michelle_Yeoh/Michelle_Yeoh_0002.jpg,True,Michelle_Yeoh,Michelle_Yeoh/Michelle_Yeoh_0005.jpg,True,1
3798,7,Monica_Seles,Monica_Seles/Monica_Seles_0001.jpg,True,Monica_Seles,Monica_Seles/Monica_Seles_0003.jpg,True,1
3799,7,Monica_Seles,Monica_Seles/Monica_Seles_0002.jpg,True,Monica_Seles,Monica_Seles/Monica_Seles_0006.jpg,True,1
3800,7,Monica_Seles,Monica_Seles/Monica_Seles_0004.jpg,True,Monica_Seles,Monica_Seles/Monica_Seles_0005.jpg,True,1
3801,7,Moshe_Katsav,Moshe_Katsav/Moshe_Katsav_0001.jpg,True,Moshe_Katsav,Moshe_Katsav/Moshe_Katsav_0002.jpg,True,1
3802,7,Moshe_Katsav,Moshe_Katsav/Moshe_Katsav_0002.jpg,True,Moshe_Katsav,Moshe_Katsav/Moshe_Katsav_0003.jpg,True,1
3803,7,Muhammad_Saeed_al-Sahhaf,Muhammad_Saeed_al-Sahhaf/Muhammad_Saeed_al-Sahhaf_0002.jpg,True,Muhammad_Saeed_al-Sahhaf,Muhammad_Saeed_al-Sahhaf/Muhammad_Saeed_al-Sahhaf_0005.jpg,True,1
3804,7,Muhammad_Saeed_al-Sahhaf,Muhammad_Saeed_al-Sahhaf/Muhammad_Saeed_al-Sahhaf_0003.jpg,True,Muhammad_Saeed_al-Sahhaf,Muhammad_Saeed_al-Sahhaf/Muhammad_Saeed_al-Sahhaf_0004.jpg,True,1
3805,7,Muhammad_Saeed_al-Sahhaf,Muhammad_Saeed_al-Sahhaf/Muhammad_Saeed_al-Sahhaf_0003.jpg,True,Muhammad_Saeed_al-Sahhaf,Muhammad_Saeed_al-Sahhaf/Muhammad_Saeed_al-Sahhaf_0005.jpg,True,1
3806,7,Nancy_Sinatra,Nancy_Sinatra/Nancy_Sinatra_0001.jpg,False,Nancy_Sinatra,Nancy_Sinatra/Nancy_Sinatra_0002.jpg,False,1
3807,7,Nicanor_Duarte_Frutos,Nicanor_Duarte_Frutos/Nicanor_Duarte_Frutos_0003.jpg,True,Nicanor_Duarte_Frutos,Nicanor_Duarte_Frutos/Nicanor_Duarte_Frutos_0006.jpg,True,1
3808,7,Nicanor_Duarte_Frutos,Nicanor_Duarte_Frutos/Nicanor_Duarte_Frutos_0003.jpg,True,Nicanor_Duarte_Frutos,Nicanor_Duarte_Frutos/Nicanor_Duarte_Frutos_0007.jpg,True,1
3809,7,Nicanor_Duarte_Frutos,Nicanor_Duarte_Frutos/Nicanor_Duarte_Frutos_0003.jpg,True,Nicanor_Duarte_Frutos,Nicanor_Duarte_Frutos/Nicanor_Duarte_Frutos_0011.jpg,True,1
3810,7,Patti_Labelle,Patti_Labelle/Patti_Labelle_0002.jpg,False,Patti_Labelle,Patti_Labelle/Patti_Labelle_0003.jpg,False,1
3811,7,Paul_Pierce,Paul_Pierce/Paul_Pierce_0001.jpg,True,Paul_Pierce,Paul_Pierce/Paul_Pierce_0002.jpg,True,1
3812,7,Paul_Shanley,Paul_Shanley/Paul_Shanley_0002.jpg,True,Paul_Shanley,Paul_Shanley/Paul_Shanley_0003.jpg,True,1
3813,7,Phil_Mickelson,Phil_Mickelson/Phil_Mickelson_0001.jpg,False,Phil_Mickelson,Phil_Mickelson/Phil_Mickelson_0002.jpg,False,1
3814,7,Princess_Anne,Princess_Anne/Princess_Anne_0001.jpg,False,Princess_Anne,Princess_Anne/Princess_Anne_0002.jpg,False,1
3815,7,Princess_Elisabeth,Princess_Elisabeth/Princess_Elisabeth_0001.jpg,False,Princess_Elisabeth,Princess_Elisabeth/Princess_Elisabeth_0002.jpg,False,1
3816,7,Priscilla_Owen,Priscilla_Owen/Priscilla_Owen_0001.jpg,True,Priscilla_Owen,Priscilla_Owen/Priscilla_Owen_0002.jpg,True,1
3817,7,Queen_Rania,Queen_Rania/Queen_Rania_0002.jpg,True,Queen_Rania,Queen_Rania/Queen_Rania_0003.jpg,True,1
3818,7,Rachel_Hunter,Rachel_Hunter/Rachel_Hunter_0001.jpg,True,Rachel_Hunter,Rachel_Hunter/Rachel_Hunter_0004.jpg,True,1
3819,7,Rachel_Hunter,Rachel_Hunter/Rachel_Hunter_0002.jpg,True,Rachel_Hunter,Rachel_Hunter/Rachel_Hunter_0003.jpg,True,1
3820,7,Rachel_Hunter,Rachel_Hunter/Rachel_Hunter_0003.jpg,True,Rachel_Hunter,Rachel_Hunter/Rachel_Hunter_0004.jpg,True,1
3821,7,Rafael_Ramirez,Rafael_Ramirez/Rafael_Ramirez_0001.jpg,False,Rafael_Ramirez,Rafael_Ramirez/Rafael_Ramirez_0002.jpg,False,1
3822,7,Rafael_Ramirez,Rafael_Ramirez/Rafael_Ramirez_0002.jpg,False,Rafael_Ramirez,Rafael_Ramirez/Rafael_Ramirez_0003.jpg,False,1
3823,7,Rafael_Ramirez,Rafael_Ramirez/Rafael_Ramirez_0002.jpg,False,Rafael_Ramirez,Rafael_Ramirez/Rafael_Ramirez_0004.jpg,False,1
3824,7,Ralph_Lauren,Ralph_Lauren/Ralph_Lauren_0001.jpg,False,Ralph_Lauren,Ralph_Lauren/Ralph_Lauren_0002.jpg,False,1
3825,7,Recep_Tayyip_Erdogan,Recep_Tayyip_Erdogan/Recep_Tayyip_Erdogan_0002.jpg,True,Recep_Tayyip_Erdogan,Recep_Tayyip_Erdogan/Recep_Tayyip_Erdogan_0016.jpg,True,1
3826,7,Recep_Tayyip_Erdogan,Recep_Tayyip_Erdogan/Recep_Tayyip_Erdogan_0017.jpg,True,Recep_Tayyip_Erdogan,Recep_Tayyip_Erdogan/Recep_Tayyip_Erdogan_0019.jpg,True,1
3827,7,Reese_Witherspoon,Reese_Witherspoon/Reese_Witherspoon_0003.jpg,True,Reese_Witherspoon,Reese_Witherspoon/Reese_Witherspoon_0004.jpg,True,1
3828,7,Richard_Armitage,Richard_Armitage/Richard_Armitage_0002.jpg,True,Richard_Armitage,Richard_Armitage/Richard_Armitage_0005.jpg,True,1
3829,7,Richard_Armitage,Richard_Armitage/Richard_Armitage_0006.jpg,True,Richard_Armitage,Richard_Armitage/Richard_Armitage_0007.jpg,True,1
3830,7,Richard_Armitage,Richard_Armitage/Richard_Armitage_0006.jpg,True,Richard_Armitage,Richard_Armitage/Richard_Armitage_0009.jpg,True,1
3831,7,Richard_Armitage,Richard_Armitage/Richard_Armitage_0008.jpg,True,Richard_Armitage,Richard_Armitage/Richard_Armitage_0009.jpg,True,1
3832,7,Richard_Gephardt,Richard_Gephardt/Richard_Gephardt_0002.jpg,True,Richard_Gephardt,Richard_Gephardt/Richard_Gephardt_0010.jpg,True,1
3833,7,Richard_Gephardt,Richard_Gephardt/Richard_Gephardt_0003.jpg,True,Richard_Gephardt,Richard_Gephardt/Richard_Gephardt_0011.jpg,True,1
3834,7,Richard_Gephardt,Richard_Gephardt/Richard_Gephardt_0005.jpg,True,Richard_Gephardt,Richard_Gephardt/Richard_Gephardt_0009.jpg,True,1
3835,7,Richard_Gephardt,Richard_Gephardt/Richard_Gephardt_0010.jpg,True,Richard_Gephardt,Richard_Gephardt/Richard_Gephardt_0011.jpg,True,1
3836,7,Richard_Norton-Taylor,Richard_Norton-Taylor/Richard_Norton-Taylor_0001.jpg,False,Richard_Norton-Taylor,Richard_Norton-Taylor/Richard_Norton-Taylor_0002.jpg,False,1
3837,7,Richie_Adubato,Richie_Adubato/Richie_Adubato_0001.jpg,False,Richie_Adubato,Richie_Adubato/Richie_Adubato_0002.jpg,False,1
3838,7,Robert_Bullock,Robert_Bullock/Robert_Bullock_0001.jpg,True,Robert_Bullock,Robert_Bullock/Robert_Bullock_0002.jpg,True,1
3839,7,Robert_Mueller,Robert_Mueller/Robert_Mueller_0004.jpg,True,Robert_Mueller,Robert_Mueller/Robert_Mueller_0005.jpg,True,1
3840,7,Robert_Mugabe,Robert_Mugabe/Robert_Mugabe_0001.jpg,False,Robert_Mugabe,Robert_Mugabe/Robert_Mugabe_0002.jpg,False,1
3841,7,Robert_Zoellick,Robert_Zoellick/Robert_Zoellick_0002.jpg,True,Robert_Zoellick,Robert_Zoellick/Robert_Zoellick_0003.jpg,True,1
3842,7,Robert_Zoellick,Robert_Zoellick/Robert_Zoellick_0003.jpg,True,Robert_Zoellick,Robert_Zoellick/Robert_Zoellick_0007.jpg,True,1
3843,7,Roberto_Benigni,Roberto_Benigni/Roberto_Benigni_0001.jpg,True,Roberto_Benigni,Roberto_Benigni/Roberto_Benigni_0002.jpg,True,1
3844,7,Roh_Moo-hyun,Roh_Moo-hyun/Roh_Moo-hyun_0028.jpg,True,Roh_Moo-hyun,Roh_Moo-hyun/Roh_Moo-hyun_0032.jpg,True,1
3845,7,Roman_Polanski,Roman_Polanski/Roman_Polanski_0002.jpg,True,Roman_Polanski,Roman_Polanski/Roman_Polanski_0003.jpg,True,1
3846,7,Roman_Polanski,Roman_Polanski/Roman_Polanski_0004.jpg,True,Roman_Polanski,Roman_Polanski/Roman_Polanski_0006.jpg,True,1
3847,7,Ron_Howard,Ron_Howard/Ron_Howard_0001.jpg,True,Ron_Howard,Ron_Howard/Ron_Howard_0002.jpg,True,1
3848,7,Ronald_Reagan,Ronald_Reagan/Ronald_Reagan_0001.jpg,False,Ronald_Reagan,Ronald_Reagan/Ronald_Reagan_0003.jpg,False,1
3849,7,Ronald_Reagan,Ronald_Reagan/Ronald_Reagan_0002.jpg,False,Ronald_Reagan,Ronald_Reagan/Ronald_Reagan_0003.jpg,False,1
3850,7,Rosemarie_Stack,Rosemarie_Stack/Rosemarie_Stack_0001.jpg,False,Rosemarie_Stack,Rosemarie_Stack/Rosemarie_Stack_0002.jpg,False,1
3851,7,Roy_Jones_Jr,Roy_Jones_Jr/Roy_Jones_Jr_0001.jpg,True,Roy_Jones_Jr,Roy_Jones_Jr/Roy_Jones_Jr_0002.jpg,True,1
3852,7,Rupert_Murdoch,Rupert_Murdoch/Rupert_Murdoch_0001.jpg,False,Rupert_Murdoch,Rupert_Murdoch/Rupert_Murdoch_0002.jpg,False,1
3853,7,Saburo_Kawabuchi,Saburo_Kawabuchi/Saburo_Kawabuchi_0001.jpg,True,Saburo_Kawabuchi,Saburo_Kawabuchi/Saburo_Kawabuchi_0002.jpg,True,1
3854,7,Sam_Mendes,Sam_Mendes/Sam_Mendes_0001.jpg,True,Sam_Mendes,Sam_Mendes/Sam_Mendes_0002.jpg,True,1
3855,7,Sam_Torrance,Sam_Torrance/Sam_Torrance_0001.jpg,True,Sam_Torrance,Sam_Torrance/Sam_Torrance_0002.jpg,True,1
3856,7,Sam_Torrance,Sam_Torrance/Sam_Torrance_0001.jpg,True,Sam_Torrance,Sam_Torrance/Sam_Torrance_0003.jpg,True,1
3857,7,Sam_Torrance,Sam_Torrance/Sam_Torrance_0002.jpg,True,Sam_Torrance,Sam_Torrance/Sam_Torrance_0003.jpg,True,1
3858,7,Sergei_Ivanov,Sergei_Ivanov/Sergei_Ivanov_0001.jpg,True,Sergei_Ivanov,Sergei_Ivanov/Sergei_Ivanov_0003.jpg,True,1
3859,7,Sergio_Vieira_De_Mello,Sergio_Vieira_De_Mello/Sergio_Vieira_De_Mello_0001.jpg,True,Sergio_Vieira_De_Mello,Sergio_Vieira_De_Mello/Sergio_Vieira_De_Mello_0002.jpg,True,1
3860,7,Sergio_Vieira_De_Mello,Sergio_Vieira_De_Mello/Sergio_Vieira_De_Mello_0004.jpg,True,Sergio_Vieira_De_Mello,Sergio_Vieira_De_Mello/Sergio_Vieira_De_Mello_0009.jpg,True,1
3861,7,Sergio_Vieira_De_Mello,Sergio_Vieira_De_Mello/Sergio_Vieira_De_Mello_0007.jpg,True,Sergio_Vieira_De_Mello,Sergio_Vieira_De_Mello/Sergio_Vieira_De_Mello_0008.jpg,True,1
3862,7,Sergio_Vieira_De_Mello,Sergio_Vieira_De_Mello/Sergio_Vieira_De_Mello_0008.jpg,True,Sergio_Vieira_De_Mello,Sergio_Vieira_De_Mello/Sergio_Vieira_De_Mello_0011.jpg,True,1
3863,7,Shannon_OBrien,Shannon_OBrien/Shannon_OBrien_0001.jpg,True,Shannon_OBrien,Shannon_OBrien/Shannon_OBrien_0002.jpg,True,1
3864,7,Sheila_Fraser,Sheila_Fraser/Sheila_Fraser_0001.jpg,False,Sheila_Fraser,Sheila_Fraser/Sheila_Fraser_0002.jpg,False,1
3865,7,Shimon_Peres,Shimon_Peres/Shimon_Peres_0001.jpg,True,Shimon_Peres,Shimon_Peres/Shimon_Peres_0003.jpg,True,1
3866,7,Shimon_Peres,Shimon_Peres/Shimon_Peres_0003.jpg,True,Shimon_Peres,Shimon_Peres/Shimon_Peres_0004.jpg,True,1
3867,7,Shimon_Peres,Shimon_Peres/Shimon_Peres_0004.jpg,True,Shimon_Peres,Shimon_Peres/Shimon_Peres_0007.jpg,True,1
3868,7,Sourav_Ganguly,Sourav_Ganguly/Sourav_Ganguly_0001.jpg,True,Sourav_Ganguly,Sourav_Ganguly/Sourav_Ganguly_0003.jpg,True,1
3869,7,Stanley_McChrystal,Stanley_McChrystal/Stanley_McChrystal_0001.jpg,False,Stanley_McChrystal,Stanley_McChrystal/Stanley_McChrystal_0003.jpg,False,1
3870,7,Stanley_McChrystal,Stanley_McChrystal/Stanley_McChrystal_0002.jpg,False,Stanley_McChrystal,Stanley_McChrystal/Stanley_McChrystal_0003.jpg,False,1
3871,7,Steve_Lavin,Steve_Lavin/Steve_Lavin_0001.jpg,False,Steve_Lavin,Steve_Lavin/Steve_Lavin_0004.jpg,False,1
3872,7,Strom_Thurmond,Strom_Thurmond/Strom_Thurmond_0001.jpg,True,Strom_Thurmond,Strom_Thurmond/Strom_Thurmond_0003.jpg,True,1
3873,7,Surakait_Sathirathai,Surakait_Sathirathai/Surakait_Sathirathai_0001.jpg,True,Surakait_Sathirathai,Surakait_Sathirathai/Surakait_Sathirathai_0002.jpg,True,1
3874,7,Susan_Collins,Susan_Collins/Susan_Collins_0001.jpg,True,Susan_Collins,Susan_Collins/Susan_Collins_0002.jpg,True,1
3875,7,Tariq_Aziz,Tariq_Aziz/Tariq_Aziz_0003.jpg,True,Tariq_Aziz,Tariq_Aziz/Tariq_Aziz_0005.jpg,True,1
3876,7,Terry_Stotts,Terry_Stotts/Terry_Stotts_0001.jpg,False,Terry_Stotts,Terry_Stotts/Terry_Stotts_0002.jpg,False,1
3877,7,Thaksin_Shinawatra,Thaksin_Shinawatra/Thaksin_Shinawatra_0005.jpg,False,Thaksin_Shinawatra,Thaksin_Shinawatra/Thaksin_Shinawatra_0006.jpg,False,1
3878,7,Thomas_OBrien,Thomas_OBrien/Thomas_OBrien_0003.jpg,False,Thomas_OBrien,Thomas_OBrien/Thomas_OBrien_0009.jpg,False,1
3879,7,Tim_Chapman,Tim_Chapman/Tim_Chapman_0001.jpg,False,Tim_Chapman,Tim_Chapman/Tim_Chapman_0002.jpg,False,1
3880,7,Tom_Hanks,Tom_Hanks/Tom_Hanks_0001.jpg,True,Tom_Hanks,Tom_Hanks/Tom_Hanks_0007.jpg,True,1
3881,7,Tom_Hanks,Tom_Hanks/Tom_Hanks_0004.jpg,True,Tom_Hanks,Tom_Hanks/Tom_Hanks_0006.jpg,True,1
3882,7,Tom_Hanks,Tom_Hanks/Tom_Hanks_0004.jpg,True,Tom_Hanks,Tom_Hanks/Tom_Hanks_0009.jpg,True,1
3883,7,Tom_Hanks,Tom_Hanks/Tom_Hanks_0005.jpg,True,Tom_Hanks,Tom_Hanks/Tom_Hanks_0006.jpg,True,1
3884,7,Tom_Reilly,Tom_Reilly/Tom_Reilly_0001.jpg,True,Tom_Reilly,Tom_Reilly/Tom_Reilly_0002.jpg,True,1
3885,7,Tom_Reilly,Tom_Reilly/Tom_Reilly_0002.jpg,True,Tom_Reilly,Tom_Reilly/Tom_Reilly_0003.jpg,True,1
3886,7,Tommy_Franks,Tommy_Franks/Tommy_Franks_0002.jpg,True,Tommy_Franks,Tommy_Franks/Tommy_Franks_0004.jpg,True,1
3887,7,Tommy_Franks,Tommy_Franks/Tommy_Franks_0004.jpg,True,Tommy_Franks,Tommy_Franks/Tommy_Franks_0008.jpg,True,1
3888,7,Valery_Giscard_dEstaing,Valery_Giscard_dEstaing/Valery_Giscard_dEstaing_0001.jpg,False,Valery_Giscard_dEstaing,Valery_Giscard_dEstaing/Valery_Giscard_dEstaing_0002.jpg,False,1
3889,7,Valery_Giscard_dEstaing,Valery_Giscard_dEstaing/Valery_Giscard_dEstaing_0001.jpg,False,Valery_Giscard_dEstaing,Valery_Giscard_dEstaing/Valery_Giscard_dEstaing_0006.jpg,False,1
3890,7,Vanessa_Williams,Vanessa_Williams/Vanessa_Williams_0001.jpg,True,Vanessa_Williams,Vanessa_Williams/Vanessa_Williams_0002.jpg,True,1
3891,7,Vanessa_Williams,Vanessa_Williams/Vanessa_Williams_0002.jpg,True,Vanessa_Williams,Vanessa_Williams/Vanessa_Williams_0003.jpg,True,1
3892,7,Victoria_Beckham,Victoria_Beckham/Victoria_Beckham_0001.jpg,False,Victoria_Beckham,Victoria_Beckham/Victoria_Beckham_0002.jpg,False,1
3893,7,Victoria_Beckham,Victoria_Beckham/Victoria_Beckham_0001.jpg,False,Victoria_Beckham,Victoria_Beckham/Victoria_Beckham_0003.jpg,False,1
3894,7,Victoria_Beckham,Victoria_Beckham/Victoria_Beckham_0002.jpg,False,Victoria_Beckham,Victoria_Beckham/Victoria_Beckham_0003.jpg,False,1
3895,7,Vladimir_Putin,Vladimir_Putin/Vladimir_Putin_0016.jpg,True,Vladimir_Putin,Vladimir_Putin/Vladimir_Putin_0021.jpg,True,1
3896,7,Vladimir_Putin,Vladimir_Putin/Vladimir_Putin_0022.jpg,True,Vladimir_Putin,Vladimir_Putin/Vladimir_Putin_0031.jpg,True,1
3897,7,Warren_Beatty,Warren_Beatty/Warren_Beatty_0001.jpg,True,Warren_Beatty,Warren_Beatty/Warren_Beatty_0002.jpg,True,1
3898,7,Yasar_Yakis,Yasar_Yakis/Yasar_Yakis_0001.jpg,False,Yasar_Yakis,Yasar_Yakis/Yasar_Yakis_0004.jpg,False,1
3899,7,Yoko_Ono,Yoko_Ono/Yoko_Ono_0001.jpg,True,Yoko_Ono,Yoko_Ono/Yoko_Ono_0004.jpg,True,1
3900,7,Yoko_Ono,Yoko_Ono/Yoko_Ono_0002.jpg,True,Yoko_Ono,Yoko_Ono/Yoko_Ono_0004.jpg,True,1
3901,7,AJ_Lamas,AJ_Lamas/AJ_Lamas_0001.jpg,False,Chris_Penn,Chris_Penn/Chris_Penn_0001.jpg,False,0
3902,7,Ahmed_Qureia,Ahmed_Qureia/Ahmed_Qureia_0001.jpg,True,Stanley_McChrystal,Stanley_McChrystal/Stanley_McChrystal_0003.jpg,False,0
3903,7,Ahmet_Necdet_Sezer,Ahmet_Necdet_Sezer/Ahmet_Necdet_Sezer_0001.jpg,True,John_Rowe,John_Rowe/John_Rowe_0001.jpg,False,0
3904,7,Alan_Dreher,Alan_Dreher/Alan_Dreher_0001.jpg,False,Emily_Mason,Emily_Mason/Emily_Mason_0001.jpg,False,0
3905,7,Alan_Dreher,Alan_Dreher/Alan_Dreher_0001.jpg,False,Francisco_Santos,Francisco_Santos/Francisco_Santos_0001.jpg,False,0
3906,7,Alan_Dreher,Alan_Dreher/Alan_Dreher_0001.jpg,False,Robert_Bullock,Robert_Bullock/Robert_Bullock_0002.jpg,True,0
3907,7,Alan_Mulally,Alan_Mulally/Alan_Mulally_0002.jpg,False,Tomomi_Morita,Tomomi_Morita/Tomomi_Morita_0001.jpg,False,0
3908,7,Alan_Stonecipher,Alan_Stonecipher/Alan_Stonecipher_0001.jpg,True,Luis_Gonzalez,Luis_Gonzalez/Luis_Gonzalez_0001.jpg,True,0
3909,7,Alberto_Ruiz_Gallardon,Alberto_Ruiz_Gallardon/Alberto_Ruiz_Gallardon_0001.jpg,False,James_Smith,James_Smith/James_Smith_0002.jpg,False,0
3910,7,Alessandra_Cerna,Alessandra_Cerna/Alessandra_Cerna_0001.jpg,False,John_Darby,John_Darby/John_Darby_0001.jpg,False,0
3911,7,Alessandra_Cerna,Alessandra_Cerna/Alessandra_Cerna_0001.jpg,False,John_Rowland,John_Rowland/John_Rowland_0002.jpg,False,0
3912,7,Alessandra_Cerna,Alessandra_Cerna/Alessandra_Cerna_0001.jpg,False,Marina_Canetti,Marina_Canetti/Marina_Canetti_0001.jpg,False,0
3913,7,Alessandra_Cerna,Alessandra_Cerna/Alessandra_Cerna_0001.jpg,False,Randy_Jackson,Randy_Jackson/Randy_Jackson_0001.jpg,False,0
3914,7,Alessandra_Cerna,Alessandra_Cerna/Alessandra_Cerna_0001.jpg,False,Richard_Jewell,Richard_Jewell/Richard_Jewell_0001.jpg,True,0
3915,7,Alex_Cabrera,Alex_Cabrera/Alex_Cabrera_0001.jpg,True,Fred_Huff,Fred_Huff/Fred_Huff_0001.jpg,True,0
3916,7,Alex_Cabrera,Alex_Cabrera/Alex_Cabrera_0001.jpg,True,Tommy_Franks,Tommy_Franks/Tommy_Franks_0009.jpg,True,0
3917,7,Alex_Corretja,Alex_Corretja/Alex_Corretja_0001.jpg,False,Jacky_Cheung,Jacky_Cheung/Jacky_Cheung_0001.jpg,True,0
3918,7,Alexandra_Spann,Alexandra_Spann/Alexandra_Spann_0001.jpg,False,Beth_Blough,Beth_Blough/Beth_Blough_0001.jpg,False,0
3919,7,Ali_Hammoud,Ali_Hammoud/Ali_Hammoud_0001.jpg,False,Randy_Jackson,Randy_Jackson/Randy_Jackson_0001.jpg,False,0
3920,7,Almeida_Baptista,Almeida_Baptista/Almeida_Baptista_0001.jpg,False,Jan_Peter_Balkenende,Jan_Peter_Balkenende/Jan_Peter_Balkenende_0001.jpg,False,0
3921,7,Almeida_Baptista,Almeida_Baptista/Almeida_Baptista_0001.jpg,False,Jason_Mewes,Jason_Mewes/Jason_Mewes_0001.jpg,False,0
3922,7,Almeida_Baptista,Almeida_Baptista/Almeida_Baptista_0001.jpg,False,Taoufik_Mathlouthi,Taoufik_Mathlouthi/Taoufik_Mathlouthi_0001.jpg,False,0
3923,7,Amanda_Bynes,Amanda_Bynes/Amanda_Bynes_0002.jpg,False,Grant_Rossenmeyer,Grant_Rossenmeyer/Grant_Rossenmeyer_0001.jpg,True,0
3924,7,Amy_Cotton,Amy_Cotton/Amy_Cotton_0001.jpg,False,Matt_Walters,Matt_Walters/Matt_Walters_0001.jpg,True,0
3925,7,Amy_Cotton,Amy_Cotton/Amy_Cotton_0001.jpg,False,Roberto_Guaterroma,Roberto_Guaterroma/Roberto_Guaterroma_0001.jpg,True,0
3926,7,Andrew_Jarecki,Andrew_Jarecki/Andrew_Jarecki_0001.jpg,False,Barbara_Boxer,Barbara_Boxer/Barbara_Boxer_0001.jpg,False,0
3927,7,Andrew_Jarecki,Andrew_Jarecki/Andrew_Jarecki_0001.jpg,False,Tessa_Jowell,Tessa_Jowell/Tessa_Jowell_0001.jpg,False,0
3928,7,Andy_North,Andy_North/Andy_North_0001.jpg,False,Eric_Hinske,Eric_Hinske/Eric_Hinske_0001.jpg,True,0
3929,7,Andy_North,Andy_North/Andy_North_0001.jpg,False,Marina_Kuptsova,Marina_Kuptsova/Marina_Kuptsova_0001.jpg,False,0
3930,7,Andy_North,Andy_North/Andy_North_0001.jpg,False,Phil_Bennett,Phil_Bennett/Phil_Bennett_0001.jpg,False,0
3931,7,Angela_Merkel,Angela_Merkel/Angela_Merkel_0002.jpg,True,Hal_Gehman,Hal_Gehman/Hal_Gehman_0001.jpg,False,0
3932,7,Angela_Merkel,Angela_Merkel/Angela_Merkel_0003.jpg,True,Anna_Jones,Anna_Jones/Anna_Jones_0001.jpg,True,0
3933,7,Angela_Merkel,Angela_Merkel/Angela_Merkel_0003.jpg,True,Frank_Griswold,Frank_Griswold/Frank_Griswold_0001.jpg,False,0
3934,7,Anna_Jones,Anna_Jones/Anna_Jones_0001.jpg,True,Ray_Romano,Ray_Romano/Ray_Romano_0008.jpg,True,0
3935,7,Anthony_LaPaglia,Anthony_LaPaglia/Anthony_LaPaglia_0001.jpg,True,Roberto_Guaterroma,Roberto_Guaterroma/Roberto_Guaterroma_0001.jpg,True,0
3936,7,Arlen_Specter,Arlen_Specter/Arlen_Specter_0001.jpg,False,Bill_Butler,Bill_Butler/Bill_Butler_0001.jpg,False,0
3937,7,Arlen_Specter,Arlen_Specter/Arlen_Specter_0002.jpg,False,Barbara_Boxer,Barbara_Boxer/Barbara_Boxer_0001.jpg,False,0
3938,7,Atal_Bihari_Vajpayee,Atal_Bihari_Vajpayee/Atal_Bihari_Vajpayee_0003.jpg,True,Ruben_Sierra,Ruben_Sierra/Ruben_Sierra_0001.jpg,False,0
3939,7,Atsushi_Sato,Atsushi_Sato/Atsushi_Sato_0001.jpg,False,Monica_Serra,Monica_Serra/Monica_Serra_0001.jpg,True,0
3940,7,Baburam_Bhattari,Baburam_Bhattari/Baburam_Bhattari_0001.jpg,False,Muhammad_Saeed_al-Sahhaf,Muhammad_Saeed_al-Sahhaf/Muhammad_Saeed_al-Sahhaf_0004.jpg,True,0
3941,7,Barry_Alvarez,Barry_Alvarez/Barry_Alvarez_0001.jpg,False,John_Jones,John_Jones/John_Jones_0001.jpg,True,0
3942,7,Bill_Belichick,Bill_Belichick/Bill_Belichick_0001.jpg,True,John_Petty,John_Petty/John_Petty_0001.jpg,False,0
3943,7,Bill_Belichick,Bill_Belichick/Bill_Belichick_0001.jpg,True,Phillipe_Comtois,Phillipe_Comtois/Phillipe_Comtois_0001.jpg,False,0
3944,7,Bill_Belichick,Bill_Belichick/Bill_Belichick_0002.jpg,True,Roger_Machado,Roger_Machado/Roger_Machado_0001.jpg,False,0
3945,7,Bill_Byrne,Bill_Byrne/Bill_Byrne_0001.jpg,True,Bill_Sizemore,Bill_Sizemore/Bill_Sizemore_0001.jpg,True,0
3946,7,Bill_Curry,Bill_Curry/Bill_Curry_0001.jpg,True,Ellen_Martin,Ellen_Martin/Ellen_Martin_0001.jpg,True,0
3947,7,Bill_Curry,Bill_Curry/Bill_Curry_0001.jpg,True,Richard_Langille,Richard_Langille/Richard_Langille_0001.jpg,False,0
3948,7,Bill_Curry,Bill_Curry/Bill_Curry_0001.jpg,True,Roberto_Guaterroma,Roberto_Guaterroma/Roberto_Guaterroma_0001.jpg,True,0
3949,7,Billy_Beane,Billy_Beane/Billy_Beane_0001.jpg,False,Tom_Welch,Tom_Welch/Tom_Welch_0001.jpg,True,0
3950,7,Boris_Trajkovski,Boris_Trajkovski/Boris_Trajkovski_0001.jpg,True,Laurent_Gbagbo,Laurent_Gbagbo/Laurent_Gbagbo_0002.jpg,True,0
3951,7,Brad_Brownell,Brad_Brownell/Brad_Brownell_0001.jpg,False,Hussam_Mohammed_Amin,Hussam_Mohammed_Amin/Hussam_Mohammed_Amin_0001.jpg,False,0
3952,7,Brandon_Fails,Brandon_Fails/Brandon_Fails_0001.jpg,False,Christian_Lirette,Christian_Lirette/Christian_Lirette_0001.jpg,True,0
3953,7,Brandon_Fails,Brandon_Fails/Brandon_Fails_0001.jpg,False,Ellen_Engleman,Ellen_Engleman/Ellen_Engleman_0002.jpg,False,0
3954,7,Brandon_Inge,Brandon_Inge/Brandon_Inge_0001.jpg,False,Eric_Lloyd,Eric_Lloyd/Eric_Lloyd_0001.jpg,True,0
3955,7,Brenda_Magana,Brenda_Magana/Brenda_Magana_0001.jpg,False,Nikolay_Davydenko,Nikolay_Davydenko/Nikolay_Davydenko_0001.jpg,False,0
3956,7,Brian_Jordan,Brian_Jordan/Brian_Jordan_0001.jpg,True,Joe_Cravens,Joe_Cravens/Joe_Cravens_0001.jpg,False,0
3957,7,Brian_Lara,Brian_Lara/Brian_Lara_0001.jpg,False,John_Darby,John_Darby/John_Darby_0001.jpg,False,0
3958,7,Brian_Lara,Brian_Lara/Brian_Lara_0001.jpg,False,Stanley_Nelson,Stanley_Nelson/Stanley_Nelson_0001.jpg,False,0
3959,7,Calvin_Harrison,Calvin_Harrison/Calvin_Harrison_0001.jpg,False,Luis_Gonzalez_Macchi,Luis_Gonzalez_Macchi/Luis_Gonzalez_Macchi_0003.jpg,True,0
3960,7,Calvin_Harrison,Calvin_Harrison/Calvin_Harrison_0001.jpg,False,Richard_Gephardt,Richard_Gephardt/Richard_Gephardt_0009.jpg,True,0
3961,7,Calvin_Harrison,Calvin_Harrison/Calvin_Harrison_0001.jpg,False,Suzanne_Fox,Suzanne_Fox/Suzanne_Fox_0001.jpg,False,0
3962,7,Camilla_Parker_Bowles,Camilla_Parker_Bowles/Camilla_Parker_Bowles_0002.jpg,False,Gustavo_Franco,Gustavo_Franco/Gustavo_Franco_0001.jpg,False,0
3963,7,Carina_Lau_Ka-ling,Carina_Lau_Ka-ling/Carina_Lau_Ka-ling_0001.jpg,False,Lin_Yi-fu,Lin_Yi-fu/Lin_Yi-fu_0001.jpg,False,0
3964,7,Carlos_Ortega,Carlos_Ortega/Carlos_Ortega_0003.jpg,True,Lionel_Hampton,Lionel_Hampton/Lionel_Hampton_0001.jpg,False,0
3965,7,Carolina_Kluft,Carolina_Kluft/Carolina_Kluft_0003.jpg,False,Gwen_Stefani,Gwen_Stefani/Gwen_Stefani_0001.jpg,False,0
3966,7,Carson_Palmer,Carson_Palmer/Carson_Palmer_0003.jpg,True,Richard_Jewell,Richard_Jewell/Richard_Jewell_0001.jpg,True,0
3967,7,Catherine_Deneuve,Catherine_Deneuve/Catherine_Deneuve_0004.jpg,False,Jade_Jagger,Jade_Jagger/Jade_Jagger_0001.jpg,True,0
3968,7,Catriona_Le_May_Doan,Catriona_Le_May_Doan/Catriona_Le_May_Doan_0001.jpg,False,Craig_Burley,Craig_Burley/Craig_Burley_0001.jpg,False,0
3969,7,Catriona_Le_May_Doan,Catriona_Le_May_Doan/Catriona_Le_May_Doan_0001.jpg,False,Phil_Mickelson,Phil_Mickelson/Phil_Mickelson_0001.jpg,False,0
3970,7,Charlie_Deane,Charlie_Deane/Charlie_Deane_0001.jpg,True,Queen_Silvia,Queen_Silvia/Queen_Silvia_0001.jpg,False,0
3971,7,Charlotte_Church,Charlotte_Church/Charlotte_Church_0001.jpg,True,Kaoru_Hasuike,Kaoru_Hasuike/Kaoru_Hasuike_0001.jpg,True,0
3972,7,Charlotte_Church,Charlotte_Church/Charlotte_Church_0001.jpg,True,Sourav_Ganguly,Sourav_Ganguly/Sourav_Ganguly_0001.jpg,True,0
3973,7,Cheryl_Hines,Cheryl_Hines/Cheryl_Hines_0001.jpg,True,Du_Qinglin,Du_Qinglin/Du_Qinglin_0001.jpg,False,0
3974,7,Cheryl_Hines,Cheryl_Hines/Cheryl_Hines_0001.jpg,True,Lane_Odom,Lane_Odom/Lane_Odom_0001.jpg,False,0
3975,7,Chin-Hui_Tsao,Chin-Hui_Tsao/Chin-Hui_Tsao_0001.jpg,False,Rosemarie_Stack,Rosemarie_Stack/Rosemarie_Stack_0001.jpg,False,0
3976,7,Choi_Sung-hong,Choi_Sung-hong/Choi_Sung-hong_0004.jpg,True,Debra_Messing,Debra_Messing/Debra_Messing_0001.jpg,True,0
3977,7,Choi_Sung-hong,Choi_Sung-hong/Choi_Sung-hong_0004.jpg,True,Frederique_van_der_Wal,Frederique_van_der_Wal/Frederique_van_der_Wal_0001.jpg,False,0
3978,7,Chris_Penn,Chris_Penn/Chris_Penn_0001.jpg,False,Phil_Bennett,Phil_Bennett/Phil_Bennett_0001.jpg,False,0
3979,7,Chris_Penn,Chris_Penn/Chris_Penn_0001.jpg,False,Taoufik_Mathlouthi,Taoufik_Mathlouthi/Taoufik_Mathlouthi_0001.jpg,False,0
3980,7,Christian_Lirette,Christian_Lirette/Christian_Lirette_0001.jpg,True,Sargis_Sargsian,Sargis_Sargsian/Sargis_Sargsian_0001.jpg,False,0
3981,7,Christina_Aguilera,Christina_Aguilera/Christina_Aguilera_0002.jpg,True,Joshua_Harapko,Joshua_Harapko/Joshua_Harapko_0001.jpg,False,0
3982,7,Christina_Aguilera,Christina_Aguilera/Christina_Aguilera_0004.jpg,True,Jerry_Falwell,Jerry_Falwell/Jerry_Falwell_0002.jpg,True,0
3983,7,Christopher_Amolsch,Christopher_Amolsch/Christopher_Amolsch_0001.jpg,False,Steve_Pagliuca,Steve_Pagliuca/Steve_Pagliuca_0001.jpg,True,0
3984,7,Christopher_Matero,Christopher_Matero/Christopher_Matero_0001.jpg,False,Valery_Giscard_dEstaing,Valery_Giscard_dEstaing/Valery_Giscard_dEstaing_0001.jpg,False,0
3985,7,Claudine_Farrell,Claudine_Farrell/Claudine_Farrell_0001.jpg,True,Mike_Miller,Mike_Miller/Mike_Miller_0002.jpg,True,0
3986,7,Clive_Woodward,Clive_Woodward/Clive_Woodward_0001.jpg,False,Douglas_Faneuil,Douglas_Faneuil/Douglas_Faneuil_0001.jpg,True,0
3987,7,Clive_Woodward,Clive_Woodward/Clive_Woodward_0001.jpg,False,Jose_Sarney,Jose_Sarney/Jose_Sarney_0002.jpg,False,0
3988,7,Coretta_Scott_King,Coretta_Scott_King/Coretta_Scott_King_0001.jpg,False,Robert_Torricelli,Robert_Torricelli/Robert_Torricelli_0001.jpg,True,0
3989,7,Cori_Enghusen,Cori_Enghusen/Cori_Enghusen_0001.jpg,False,Ernie_Stewart,Ernie_Stewart/Ernie_Stewart_0001.jpg,False,0
3990,7,Courtney_Love,Courtney_Love/Courtney_Love_0001.jpg,False,Jennifer_Aniston,Jennifer_Aniston/Jennifer_Aniston_0003.jpg,True,0
3991,7,Courtney_Love,Courtney_Love/Courtney_Love_0001.jpg,False,Ruben_Sierra,Ruben_Sierra/Ruben_Sierra_0001.jpg,False,0
3992,7,Craig_Burley,Craig_Burley/Craig_Burley_0001.jpg,False,Stanley_McChrystal,Stanley_McChrystal/Stanley_McChrystal_0003.jpg,False,0
3993,7,Daniel_Coats,Daniel_Coats/Daniel_Coats_0001.jpg,False,Kathryn_Grayson,Kathryn_Grayson/Kathryn_Grayson_0001.jpg,True,0
3994,7,Daniel_Day-Lewis,Daniel_Day-Lewis/Daniel_Day-Lewis_0003.jpg,False,Scott_Yates,Scott_Yates/Scott_Yates_0001.jpg,False,0
3995,7,Daniela_Hantuchova,Daniela_Hantuchova/Daniela_Hantuchova_0001.jpg,True,Jan_Peter_Balkenende,Jan_Peter_Balkenende/Jan_Peter_Balkenende_0001.jpg,False,0
3996,7,Danny_Green,Danny_Green/Danny_Green_0001.jpg,False,Rodrigo_Rato,Rodrigo_Rato/Rodrigo_Rato_0001.jpg,False,0
3997,7,Darin_Erstad,Darin_Erstad/Darin_Erstad_0001.jpg,True,Steve_Fehr,Steve_Fehr/Steve_Fehr_0001.jpg,False,0
3998,7,Daryl_Smith,Daryl_Smith/Daryl_Smith_0001.jpg,False,Reese_Witherspoon,Reese_Witherspoon/Reese_Witherspoon_0004.jpg,True,0
3999,7,David_Hanson,David_Hanson/David_Hanson_0001.jpg,False,Richard_Norton-Taylor,Richard_Norton-Taylor/Richard_Norton-Taylor_0001.jpg,False,0
4000,7,David_Hilt,David_Hilt/David_Hilt_0001.jpg,False,Hipolito_Mejia,Hipolito_Mejia/Hipolito_Mejia_0003.jpg,False,0
4001,7,Dennis_Franchione,Dennis_Franchione/Dennis_Franchione_0001.jpg,True,Hugh_Miller,Hugh_Miller/Hugh_Miller_0001.jpg,False,0
4002,7,Dennis_Kucinich,Dennis_Kucinich/Dennis_Kucinich_0003.jpg,False,Sam_Torrance,Sam_Torrance/Sam_Torrance_0002.jpg,True,0
4003,7,Dennis_Kucinich,Dennis_Kucinich/Dennis_Kucinich_0004.jpg,False,Radovan_Karadzic,Radovan_Karadzic/Radovan_Karadzic_0001.jpg,False,0
4004,7,Dennis_Kucinich,Dennis_Kucinich/Dennis_Kucinich_0006.jpg,False,Iain_Anderson,Iain_Anderson/Iain_Anderson_0001.jpg,True,0
4005,7,Derek_Bond,Derek_Bond/Derek_Bond_0001.jpg,False,John_Jumper,John_Jumper/John_Jumper_0001.jpg,False,0
4006,7,Diane_Ladd,Diane_Ladd/Diane_Ladd_0001.jpg,False,Trevor_Watson,Trevor_Watson/Trevor_Watson_0001.jpg,True,0
4007,7,Dick_Latessa,Dick_Latessa/Dick_Latessa_0001.jpg,False,John_Burnett,John_Burnett/John_Burnett_0001.jpg,True,0
4008,7,Dick_Latessa,Dick_Latessa/Dick_Latessa_0002.jpg,False,Martha_Beatriz_Roque,Martha_Beatriz_Roque/Martha_Beatriz_Roque_0001.jpg,True,0
4009,7,Didier_Defago,Didier_Defago/Didier_Defago_0001.jpg,False,Jerry_Falwell,Jerry_Falwell/Jerry_Falwell_0002.jpg,True,0
4010,7,Don_Hewitt,Don_Hewitt/Don_Hewitt_0001.jpg,False,Guennadi_Chipouline,Guennadi_Chipouline/Guennadi_Chipouline_0001.jpg,False,0
4011,7,Donald_Carty,Donald_Carty/Donald_Carty_0001.jpg,False,Ernie_Stewart,Ernie_Stewart/Ernie_Stewart_0001.jpg,False,0
4012,7,Donald_Carty,Donald_Carty/Donald_Carty_0001.jpg,False,Jeffrey_Immelt,Jeffrey_Immelt/Jeffrey_Immelt_0002.jpg,True,0
4013,7,Donald_Carty,Donald_Carty/Donald_Carty_0001.jpg,False,Vladimir_Putin,Vladimir_Putin/Vladimir_Putin_0034.jpg,True,0
4014,7,Du_Qinglin,Du_Qinglin/Du_Qinglin_0001.jpg,False,Meryl_Streep,Meryl_Streep/Meryl_Streep_0007.jpg,False,0
4015,7,Dustan_Mohr,Dustan_Mohr/Dustan_Mohr_0001.jpg,True,Edward_Flynn,Edward_Flynn/Edward_Flynn_0001.jpg,False,0
4016,7,Dustan_Mohr,Dustan_Mohr/Dustan_Mohr_0001.jpg,True,Enrik_Vendt,Enrik_Vendt/Enrik_Vendt_0001.jpg,False,0
4017,7,Dustan_Mohr,Dustan_Mohr/Dustan_Mohr_0001.jpg,True,Nikolay_Davydenko,Nikolay_Davydenko/Nikolay_Davydenko_0001.jpg,False,0
4018,7,Dustan_Mohr,Dustan_Mohr/Dustan_Mohr_0001.jpg,True,Sourav_Ganguly,Sourav_Ganguly/Sourav_Ganguly_0005.jpg,True,0
4019,7,Dustan_Mohr,Dustan_Mohr/Dustan_Mohr_0001.jpg,True,Theo_Angelopoulos,Theo_Angelopoulos/Theo_Angelopoulos_0001.jpg,False,0
4020,7,E_Clay_Shaw,E_Clay_Shaw/E_Clay_Shaw_0001.jpg,False,Jerry_Jones,Jerry_Jones/Jerry_Jones_0001.jpg,False,0
4021,7,Eduard_Shevardnadze,Eduard_Shevardnadze/Eduard_Shevardnadze_0003.jpg,True,Martha_Lucia_Ramirez,Martha_Lucia_Ramirez/Martha_Lucia_Ramirez_0001.jpg,False,0
4022,7,Edward_Flynn,Edward_Flynn/Edward_Flynn_0001.jpg,False,Madeleine_Albright,Madeleine_Albright/Madeleine_Albright_0002.jpg,True,0
4023,7,Edward_Lu,Edward_Lu/Edward_Lu_0001.jpg,False,Robert_Zoellick,Robert_Zoellick/Robert_Zoellick_0007.jpg,True,0
4024,7,Edwina_Currie,Edwina_Currie/Edwina_Currie_0004.jpg,True,Eric_Hinske,Eric_Hinske/Eric_Hinske_0002.jpg,True,0
4025,7,Elena_de_Chavez,Elena_de_Chavez/Elena_de_Chavez_0001.jpg,False,Jack_Goodman,Jack_Goodman/Jack_Goodman_0001.jpg,True,0
4026,7,Elizabeth_Shue,Elizabeth_Shue/Elizabeth_Shue_0001.jpg,True,Odai_Hussein,Odai_Hussein/Odai_Hussein_0001.jpg,False,0
4027,7,Elizabeth_Shue,Elizabeth_Shue/Elizabeth_Shue_0002.jpg,True,Princess_Hisako,Princess_Hisako/Princess_Hisako_0001.jpg,False,0
4028,7,Elizabeth_Shue,Elizabeth_Shue/Elizabeth_Shue_0002.jpg,True,Terry_Stotts,Terry_Stotts/Terry_Stotts_0001.jpg,False,0
4029,7,Ellen_Engleman,Ellen_Engleman/Ellen_Engleman_0001.jpg,False,Guennadi_Chipouline,Guennadi_Chipouline/Guennadi_Chipouline_0001.jpg,False,0
4030,7,Ellen_Saracini,Ellen_Saracini/Ellen_Saracini_0001.jpg,True,Ray_Romano,Ray_Romano/Ray_Romano_0006.jpg,True,0
4031,7,Elsa_Zylberstein,Elsa_Zylberstein/Elsa_Zylberstein_0002.jpg,True,Matt_Braker,Matt_Braker/Matt_Braker_0001.jpg,False,0
4032,7,Elvis_Stojko,Elvis_Stojko/Elvis_Stojko_0001.jpg,False,Jerry_Falwell,Jerry_Falwell/Jerry_Falwell_0001.jpg,True,0
4033,7,Elvis_Stojko,Elvis_Stojko/Elvis_Stojko_0001.jpg,False,Robert_Mueller,Robert_Mueller/Robert_Mueller_0005.jpg,True,0
4034,7,Emma_Thompson,Emma_Thompson/Emma_Thompson_0003.jpg,False,Nathan_Doudney,Nathan_Doudney/Nathan_Doudney_0001.jpg,False,0
4035,7,Emmit_Smith,Emmit_Smith/Emmit_Smith_0002.jpg,False,Rafael_Ramirez,Rafael_Ramirez/Rafael_Ramirez_0004.jpg,False,0
4036,7,Enrik_Vendt,Enrik_Vendt/Enrik_Vendt_0001.jpg,False,Lane_Odom,Lane_Odom/Lane_Odom_0001.jpg,False,0
4037,7,Enrique_Oliu,Enrique_Oliu/Enrique_Oliu_0001.jpg,False,Markus_Naslund,Markus_Naslund/Markus_Naslund_0001.jpg,False,0
4038,7,Enrique_Oliu,Enrique_Oliu/Enrique_Oliu_0001.jpg,False,William_McDonough,William_McDonough/William_McDonough_0001.jpg,False,0
4039,7,Eric_Hinske,Eric_Hinske/Eric_Hinske_0001.jpg,True,Juan_Antonio_Samaranch,Juan_Antonio_Samaranch/Juan_Antonio_Samaranch_0001.jpg,True,0
4040,7,Eric_Lloyd,Eric_Lloyd/Eric_Lloyd_0001.jpg,True,Jessica_Alba,Jessica_Alba/Jessica_Alba_0002.jpg,False,0
4041,7,Eric_Lloyd,Eric_Lloyd/Eric_Lloyd_0001.jpg,True,Valery_Giscard_dEstaing,Valery_Giscard_dEstaing/Valery_Giscard_dEstaing_0001.jpg,False,0
4042,7,Ernie_Harwell,Ernie_Harwell/Ernie_Harwell_0001.jpg,True,Queen_Beatrix,Queen_Beatrix/Queen_Beatrix_0003.jpg,True,0
4043,7,Felipe_Perez_Roque,Felipe_Perez_Roque/Felipe_Perez_Roque_0002.jpg,True,MC_Hammer,MC_Hammer/MC_Hammer_0001.jpg,False,0
4044,7,Frank_Griswold,Frank_Griswold/Frank_Griswold_0001.jpg,False,Yana_Klochkova,Yana_Klochkova/Yana_Klochkova_0001.jpg,False,0
4045,7,Frank_Zappa,Frank_Zappa/Frank_Zappa_0001.jpg,False,Markus_Naslund,Markus_Naslund/Markus_Naslund_0001.jpg,False,0
4046,7,Frederique_van_der_Wal,Frederique_van_der_Wal/Frederique_van_der_Wal_0001.jpg,False,Pedro_Mahecha,Pedro_Mahecha/Pedro_Mahecha_0001.jpg,True,0
4047,7,Frederique_van_der_Wal,Frederique_van_der_Wal/Frederique_van_der_Wal_0001.jpg,False,Raja_Zafar-ul-Haq,Raja_Zafar-ul-Haq/Raja_Zafar-ul-Haq_0001.jpg,True,0
4048,7,Gary_Leon_Ridgway,Gary_Leon_Ridgway/Gary_Leon_Ridgway_0001.jpg,True,Robert_Wagner,Robert_Wagner/Robert_Wagner_0001.jpg,False,0
4049,7,Gary_Leon_Ridgway,Gary_Leon_Ridgway/Gary_Leon_Ridgway_0001.jpg,True,Scott_Yates,Scott_Yates/Scott_Yates_0001.jpg,False,0
4050,7,Gary_Leon_Ridgway,Gary_Leon_Ridgway/Gary_Leon_Ridgway_0001.jpg,True,Yana_Klochkova,Yana_Klochkova/Yana_Klochkova_0001.jpg,False,0
4051,7,Gene_Keady,Gene_Keady/Gene_Keady_0001.jpg,False,Mark_Sacco,Mark_Sacco/Mark_Sacco_0001.jpg,False,0
4052,7,George_Gregan,George_Gregan/George_Gregan_0001.jpg,False,John_Negroponte,John_Negroponte/John_Negroponte_0027.jpg,True,0
4053,7,Glen_DaSilva,Glen_DaSilva/Glen_DaSilva_0001.jpg,False,Rachel_Hunter,Rachel_Hunter/Rachel_Hunter_0004.jpg,True,0
4054,7,Glen_DaSilva,Glen_DaSilva/Glen_DaSilva_0001.jpg,False,Robert_Mugabe,Robert_Mugabe/Robert_Mugabe_0002.jpg,False,0
4055,7,Glen_Sather,Glen_Sather/Glen_Sather_0001.jpg,False,Leslie_Caldwell,Leslie_Caldwell/Leslie_Caldwell_0003.jpg,True,0
4056,7,Glen_Sather,Glen_Sather/Glen_Sather_0001.jpg,False,Trevor_Watson,Trevor_Watson/Trevor_Watson_0001.jpg,True,0
4057,7,Goran_Zivkovic,Goran_Zivkovic/Goran_Zivkovic_0001.jpg,False,Lee_Soo-hyuck,Lee_Soo-hyuck/Lee_Soo-hyuck_0002.jpg,False,0
4058,7,Goran_Zivkovic,Goran_Zivkovic/Goran_Zivkovic_0001.jpg,False,Martha_Sahagun_de_Fox,Martha_Sahagun_de_Fox/Martha_Sahagun_de_Fox_0001.jpg,False,0
4059,7,Goran_Zivkovic,Goran_Zivkovic/Goran_Zivkovic_0001.jpg,False,Shane_Reynolds,Shane_Reynolds/Shane_Reynolds_0001.jpg,False,0
4060,7,Grant_Rossenmeyer,Grant_Rossenmeyer/Grant_Rossenmeyer_0001.jpg,True,Trevor_Watson,Trevor_Watson/Trevor_Watson_0001.jpg,True,0
4061,7,Gregory_Hines,Gregory_Hines/Gregory_Hines_0001.jpg,False,Marcus_Gronholm,Marcus_Gronholm/Marcus_Gronholm_0002.jpg,True,0
4062,7,Guennadi_Chipouline,Guennadi_Chipouline/Guennadi_Chipouline_0001.jpg,False,Tom_Lantos,Tom_Lantos/Tom_Lantos_0001.jpg,True,0
4063,7,Guillermo_Ortiz,Guillermo_Ortiz/Guillermo_Ortiz_0001.jpg,True,Nestor_Santillan,Nestor_Santillan/Nestor_Santillan_0001.jpg,False,0
4064,7,Guillermo_Ortiz,Guillermo_Ortiz/Guillermo_Ortiz_0002.jpg,True,Strom_Thurmond,Strom_Thurmond/Strom_Thurmond_0002.jpg,True,0
4065,7,Gus_Van_Sant,Gus_Van_Sant/Gus_Van_Sant_0003.jpg,False,Natalie_Stewart,Natalie_Stewart/Natalie_Stewart_0001.jpg,False,0
4066,7,Gwen_Stefani,Gwen_Stefani/Gwen_Stefani_0001.jpg,False,Hugh_Miller,Hugh_Miller/Hugh_Miller_0001.jpg,False,0
4067,7,Gwendal_Peizerat,Gwendal_Peizerat/Gwendal_Peizerat_0003.jpg,True,Turner_Stevenson,Turner_Stevenson/Turner_Stevenson_0001.jpg,False,0
4068,7,Hal_Gehman,Hal_Gehman/Hal_Gehman_0001.jpg,False,Scott_Yates,Scott_Yates/Scott_Yates_0001.jpg,False,0
4069,7,Hamad_Bin_Isa_al-Khalifa,Hamad_Bin_Isa_al-Khalifa/Hamad_Bin_Isa_al-Khalifa_0001.jpg,False,Marta_Dominguz,Marta_Dominguz/Marta_Dominguz_0001.jpg,False,0
4070,7,Harrison_Ford,Harrison_Ford/Harrison_Ford_0002.jpg,True,Marcus_Gronholm,Marcus_Gronholm/Marcus_Gronholm_0001.jpg,True,0
4071,7,Harvey_Wachsman,Harvey_Wachsman/Harvey_Wachsman_0001.jpg,False,Narayan_Singh_Pun,Narayan_Singh_Pun/Narayan_Singh_Pun_0001.jpg,False,0
4072,7,Heather_Locklear,Heather_Locklear/Heather_Locklear_0001.jpg,False,John_Mayer,John_Mayer/John_Mayer_0003.jpg,False,0
4073,7,Heather_Locklear,Heather_Locklear/Heather_Locklear_0001.jpg,False,Pablo_Khulental,Pablo_Khulental/Pablo_Khulental_0001.jpg,False,0
4074,7,Hichiro_Naemura,Hichiro_Naemura/Hichiro_Naemura_0002.jpg,True,Richard_Jewell,Richard_Jewell/Richard_Jewell_0001.jpg,True,0
4075,7,Hipolito_Mejia,Hipolito_Mejia/Hipolito_Mejia_0003.jpg,False,Jim_Ahern,Jim_Ahern/Jim_Ahern_0001.jpg,False,0
4076,7,Holly_Hunter,Holly_Hunter/Holly_Hunter_0003.jpg,False,Joshua_Perper,Joshua_Perper/Joshua_Perper_0001.jpg,False,0
4077,7,Hugh_Hefner,Hugh_Hefner/Hugh_Hefner_0001.jpg,False,Sam_Mendes,Sam_Mendes/Sam_Mendes_0001.jpg,True,0
4078,7,Iain_Anderson,Iain_Anderson/Iain_Anderson_0001.jpg,True,James_Kopp,James_Kopp/James_Kopp_0002.jpg,False,0
4079,7,Iain_Anderson,Iain_Anderson/Iain_Anderson_0001.jpg,True,Recep_Tayyip_Erdogan,Recep_Tayyip_Erdogan/Recep_Tayyip_Erdogan_0012.jpg,True,0
4080,7,Ilan_Goldfajn,Ilan_Goldfajn/Ilan_Goldfajn_0001.jpg,False,Jennifer_Aniston,Jennifer_Aniston/Jennifer_Aniston_0017.jpg,True,0
4081,7,Ilie_Nastase,Ilie_Nastase/Ilie_Nastase_0001.jpg,True,Michael_Lopez-Alegria,Michael_Lopez-Alegria/Michael_Lopez-Alegria_0001.jpg,True,0
4082,7,Intisar_Ajouri,Intisar_Ajouri/Intisar_Ajouri_0003.jpg,True,Lin_Yi-fu,Lin_Yi-fu/Lin_Yi-fu_0001.jpg,False,0
4083,7,Itamar_Franco,Itamar_Franco/Itamar_Franco_0001.jpg,True,Jessica_Alba,Jessica_Alba/Jessica_Alba_0001.jpg,False,0
4084,7,Jack_Goodman,Jack_Goodman/Jack_Goodman_0001.jpg,True,Kirsten_Dunst,Kirsten_Dunst/Kirsten_Dunst_0001.jpg,False,0
4085,7,Jack_Goodman,Jack_Goodman/Jack_Goodman_0001.jpg,True,Saburo_Kawabuchi,Saburo_Kawabuchi/Saburo_Kawabuchi_0002.jpg,True,0
4086,7,Jack_Nicholson,Jack_Nicholson/Jack_Nicholson_0001.jpg,False,Pat_Wharton,Pat_Wharton/Pat_Wharton_0001.jpg,False,0
4087,7,Jack_Valenti,Jack_Valenti/Jack_Valenti_0001.jpg,False,Shinzo_Abe,Shinzo_Abe/Shinzo_Abe_0001.jpg,False,0
4088,7,Jake_Plummer,Jake_Plummer/Jake_Plummer_0001.jpg,True,Jose_Dirceu,Jose_Dirceu/Jose_Dirceu_0002.jpg,False,0
4089,7,Jakob_Kellenberger,Jakob_Kellenberger/Jakob_Kellenberger_0001.jpg,False,Lara_Logan,Lara_Logan/Lara_Logan_0001.jpg,False,0
4090,7,Jakob_Kellenberger,Jakob_Kellenberger/Jakob_Kellenberger_0001.jpg,False,Pedro_Mahecha,Pedro_Mahecha/Pedro_Mahecha_0001.jpg,True,0
4091,7,James_Maguire,James_Maguire/James_Maguire_0001.jpg,False,Ronald_Reagan,Ronald_Reagan/Ronald_Reagan_0001.jpg,False,0
4092,7,James_Smith,James_Smith/James_Smith_0002.jpg,False,Kyra_Sedgwick,Kyra_Sedgwick/Kyra_Sedgwick_0001.jpg,False,0
4093,7,Jason_Statham,Jason_Statham/Jason_Statham_0001.jpg,True,Kwame_Kilpatrick,Kwame_Kilpatrick/Kwame_Kilpatrick_0001.jpg,False,0
4094,7,Jawad_Boulus,Jawad_Boulus/Jawad_Boulus_0001.jpg,True,Narayan_Singh_Pun,Narayan_Singh_Pun/Narayan_Singh_Pun_0001.jpg,False,0
4095,7,Jean-Rene_Fourtou,Jean-Rene_Fourtou/Jean-Rene_Fourtou_0001.jpg,False,Roh_Moo-hyun,Roh_Moo-hyun/Roh_Moo-hyun_0028.jpg,True,0
4096,7,Jeannette_Biedermann,Jeannette_Biedermann/Jeannette_Biedermann_0001.jpg,False,Kenny_Brack,Kenny_Brack/Kenny_Brack_0001.jpg,False,0
4097,7,Jennifer_Granholm,Jennifer_Granholm/Jennifer_Granholm_0001.jpg,False,Trudi_Lacey,Trudi_Lacey/Trudi_Lacey_0001.jpg,False,0
4098,7,Jerelle_Kraus,Jerelle_Kraus/Jerelle_Kraus_0001.jpg,False,Warren_Beatty,Warren_Beatty/Warren_Beatty_0001.jpg,True,0
4099,7,Jesus_Cardenal,Jesus_Cardenal/Jesus_Cardenal_0001.jpg,True,Pablo_Khulental,Pablo_Khulental/Pablo_Khulental_0001.jpg,False,0
4100,7,Jim_Hendry,Jim_Hendry/Jim_Hendry_0001.jpg,False,Larry_Beinfest,Larry_Beinfest/Larry_Beinfest_0001.jpg,False,0
4101,7,Joan_Claybrook,Joan_Claybrook/Joan_Claybrook_0002.jpg,False,Pablo_Latras,Pablo_Latras/Pablo_Latras_0001.jpg,False,0
4102,7,Joaquin_Sanchez,Joaquin_Sanchez/Joaquin_Sanchez_0001.jpg,False,Richard_Armitage,Richard_Armitage/Richard_Armitage_0001.jpg,True,0
4103,7,Joe_Cocker,Joe_Cocker/Joe_Cocker_0001.jpg,True,Martha_Beatriz_Roque,Martha_Beatriz_Roque/Martha_Beatriz_Roque_0001.jpg,True,0
4104,7,Joe_Cocker,Joe_Cocker/Joe_Cocker_0001.jpg,True,Randy_Jackson,Randy_Jackson/Randy_Jackson_0001.jpg,False,0
4105,7,Joe_Cravens,Joe_Cravens/Joe_Cravens_0001.jpg,False,Sam_Mendes,Sam_Mendes/Sam_Mendes_0001.jpg,True,0
4106,7,John_Barnett,John_Barnett/John_Barnett_0001.jpg,False,Kathryn_Grayson,Kathryn_Grayson/Kathryn_Grayson_0001.jpg,True,0
4107,7,John_Darby,John_Darby/John_Darby_0001.jpg,False,Masum_Turker,Masum_Turker/Masum_Turker_0003.jpg,False,0
4108,7,John_Ferguson,John_Ferguson/John_Ferguson_0001.jpg,False,Paul_Schrader,Paul_Schrader/Paul_Schrader_0001.jpg,False,0
4109,7,John_Paul_DeJoria,John_Paul_DeJoria/John_Paul_DeJoria_0001.jpg,False,Paul_Pierce,Paul_Pierce/Paul_Pierce_0001.jpg,True,0
4110,7,John_Reilly,John_Reilly/John_Reilly_0002.jpg,False,Princess_Hisako,Princess_Hisako/Princess_Hisako_0001.jpg,False,0
4111,7,John_Rowland,John_Rowland/John_Rowland_0002.jpg,False,Steve_Kerr,Steve_Kerr/Steve_Kerr_0001.jpg,False,0
4112,7,Johnny_Depp,Johnny_Depp/Johnny_Depp_0001.jpg,False,Leo_Mullin,Leo_Mullin/Leo_Mullin_0001.jpg,False,0
4113,7,Johnny_Depp,Johnny_Depp/Johnny_Depp_0001.jpg,False,Trudi_Lacey,Trudi_Lacey/Trudi_Lacey_0001.jpg,False,0
4114,7,Johnny_Htu,Johnny_Htu/Johnny_Htu_0001.jpg,True,Roger_Machado,Roger_Machado/Roger_Machado_0001.jpg,False,0
4115,7,Jose_Dirceu,Jose_Dirceu/Jose_Dirceu_0001.jpg,False,Robert_Torricelli,Robert_Torricelli/Robert_Torricelli_0003.jpg,True,0
4116,7,Juan_Antonio_Samaranch,Juan_Antonio_Samaranch/Juan_Antonio_Samaranch_0001.jpg,True,Stefan_Koubek,Stefan_Koubek/Stefan_Koubek_0001.jpg,False,0
4117,7,Juergen_Braehmer,Juergen_Braehmer/Juergen_Braehmer_0001.jpg,True,Shawn_Bradley,Shawn_Bradley/Shawn_Bradley_0001.jpg,False,0
4118,7,Juergen_Braehmer,Juergen_Braehmer/Juergen_Braehmer_0001.jpg,True,Travis_Rudolph,Travis_Rudolph/Travis_Rudolph_0001.jpg,False,0
4119,7,Kathryn_Grayson,Kathryn_Grayson/Kathryn_Grayson_0001.jpg,True,Queen_Beatrix,Queen_Beatrix/Queen_Beatrix_0004.jpg,True,0
4120,7,Kathryn_Grayson,Kathryn_Grayson/Kathryn_Grayson_0001.jpg,True,Ruben_Sierra,Ruben_Sierra/Ruben_Sierra_0001.jpg,False,0
4121,7,Kathryn_Grayson,Kathryn_Grayson/Kathryn_Grayson_0001.jpg,True,Shannon_OBrien,Shannon_OBrien/Shannon_OBrien_0002.jpg,True,0
4122,7,Katie_Holmes,Katie_Holmes/Katie_Holmes_0001.jpg,True,Park_Jung_Sung,Park_Jung_Sung/Park_Jung_Sung_0001.jpg,False,0
4123,7,Kenny_Brack,Kenny_Brack/Kenny_Brack_0001.jpg,False,Lin_Yi-fu,Lin_Yi-fu/Lin_Yi-fu_0001.jpg,False,0
4124,7,Kwame_Kilpatrick,Kwame_Kilpatrick/Kwame_Kilpatrick_0001.jpg,False,Shannon_OBrien,Shannon_OBrien/Shannon_OBrien_0002.jpg,True,0
4125,7,Kyra_Sedgwick,Kyra_Sedgwick/Kyra_Sedgwick_0001.jpg,False,Reese_Witherspoon,Reese_Witherspoon/Reese_Witherspoon_0003.jpg,True,0
4126,7,Kyra_Sedgwick,Kyra_Sedgwick/Kyra_Sedgwick_0001.jpg,False,Richard_Hellfant,Richard_Hellfant/Richard_Hellfant_0001.jpg,False,0
4127,7,Kyra_Sedgwick,Kyra_Sedgwick/Kyra_Sedgwick_0001.jpg,False,Wilbert_Elki_Meza_Majino,Wilbert_Elki_Meza_Majino/Wilbert_Elki_Meza_Majino_0001.jpg,True,0
4128,7,Lance_Bass,Lance_Bass/Lance_Bass_0003.jpg,True,Queen_Rania,Queen_Rania/Queen_Rania_0005.jpg,True,0
4129,7,Lara_Logan,Lara_Logan/Lara_Logan_0001.jpg,False,Turner_Stevenson,Turner_Stevenson/Turner_Stevenson_0001.jpg,False,0
4130,7,Laszlo_Kovacs,Laszlo_Kovacs/Laszlo_Kovacs_0001.jpg,False,Luke_Ridnour,Luke_Ridnour/Luke_Ridnour_0001.jpg,False,0
4131,7,Laszlo_Kovacs,Laszlo_Kovacs/Laszlo_Kovacs_0001.jpg,False,Olesya_Bonabarenko,Olesya_Bonabarenko/Olesya_Bonabarenko_0002.jpg,False,0
4132,7,Lee_Byung-woong,Lee_Byung-woong/Lee_Byung-woong_0001.jpg,False,William_Hochul,William_Hochul/William_Hochul_0002.jpg,True,0
4133,7,Lee_Soo-hyuck,Lee_Soo-hyuck/Lee_Soo-hyuck_0001.jpg,False,Robert_Bullock,Robert_Bullock/Robert_Bullock_0001.jpg,True,0
4134,7,Leslie_Caldwell,Leslie_Caldwell/Leslie_Caldwell_0001.jpg,True,Shane_Reynolds,Shane_Reynolds/Shane_Reynolds_0001.jpg,False,0
4135,7,Leslie_Caldwell,Leslie_Caldwell/Leslie_Caldwell_0002.jpg,True,Turner_Stevenson,Turner_Stevenson/Turner_Stevenson_0001.jpg,False,0
4136,7,Li_Zhaoxing,Li_Zhaoxing/Li_Zhaoxing_0004.jpg,False,Susan_Sarandon,Susan_Sarandon/Susan_Sarandon_0004.jpg,True,0
4137,7,Linda_Mason,Linda_Mason/Linda_Mason_0001.jpg,False,Rupert_Murdoch,Rupert_Murdoch/Rupert_Murdoch_0002.jpg,False,0
4138,7,Liu_Mingkang,Liu_Mingkang/Liu_Mingkang_0002.jpg,True,Pedro_Pauleta,Pedro_Pauleta/Pedro_Pauleta_0001.jpg,False,0
4139,7,Liu_Ye,Liu_Ye/Liu_Ye_0001.jpg,False,Ruben_Sierra,Ruben_Sierra/Ruben_Sierra_0001.jpg,False,0
4140,7,Liu_Ye,Liu_Ye/Liu_Ye_0001.jpg,False,Steve_Alford,Steve_Alford/Steve_Alford_0001.jpg,False,0
4141,7,Loretta_Lynn_Harper,Loretta_Lynn_Harper/Loretta_Lynn_Harper_0001.jpg,False,Michel_Temer,Michel_Temer/Michel_Temer_0002.jpg,False,0
4142,7,Luis_Gonzalez,Luis_Gonzalez/Luis_Gonzalez_0001.jpg,True,Warren_Beatty,Warren_Beatty/Warren_Beatty_0001.jpg,True,0
4143,7,Madeleine_Albright,Madeleine_Albright/Madeleine_Albright_0002.jpg,True,Martha_Lucia_Ramirez,Martha_Lucia_Ramirez/Martha_Lucia_Ramirez_0002.jpg,False,0
4144,7,Maha_Habib,Maha_Habib/Maha_Habib_0001.jpg,True,Princess_Elisabeth,Princess_Elisabeth/Princess_Elisabeth_0001.jpg,False,0
4145,7,Marc_Anthony,Marc_Anthony/Marc_Anthony_0001.jpg,True,Michael_Pfleger,Michael_Pfleger/Michael_Pfleger_0001.jpg,False,0
4146,7,Marcus_Gronholm,Marcus_Gronholm/Marcus_Gronholm_0001.jpg,True,Teresa_Graves,Teresa_Graves/Teresa_Graves_0001.jpg,True,0
4147,7,Marcus_Gronholm,Marcus_Gronholm/Marcus_Gronholm_0001.jpg,True,Tommy_Franks,Tommy_Franks/Tommy_Franks_0008.jpg,True,0
4148,7,Marina_Canetti,Marina_Canetti/Marina_Canetti_0001.jpg,False,Saied_Hadi_al_Mudarissi,Saied_Hadi_al_Mudarissi/Saied_Hadi_al_Mudarissi_0001.jpg,False,0
4149,7,Mario_Alfaro-Lopez,Mario_Alfaro-Lopez/Mario_Alfaro-Lopez_0001.jpg,False,Richard_Armitage,Richard_Armitage/Richard_Armitage_0006.jpg,True,0
4150,7,Mario_Alfaro-Lopez,Mario_Alfaro-Lopez/Mario_Alfaro-Lopez_0001.jpg,False,Tom_Lantos,Tom_Lantos/Tom_Lantos_0001.jpg,True,0
4151,7,Mark_Dacey,Mark_Dacey/Mark_Dacey_0001.jpg,False,Turner_Stevenson,Turner_Stevenson/Turner_Stevenson_0001.jpg,False,0
4152,7,Mark_Dacey,Mark_Dacey/Mark_Dacey_0002.jpg,False,Steve_Cox,Steve_Cox/Steve_Cox_0001.jpg,False,0
4153,7,Mark_Kelly,Mark_Kelly/Mark_Kelly_0001.jpg,True,Mark_Lazarus,Mark_Lazarus/Mark_Lazarus_0001.jpg,False,0
4154,7,Mark_Lazarus,Mark_Lazarus/Mark_Lazarus_0001.jpg,False,Ronnie_Jagday,Ronnie_Jagday/Ronnie_Jagday_0001.jpg,False,0
4155,7,Mark_Sacco,Mark_Sacco/Mark_Sacco_0001.jpg,False,Tono_Suratman,Tono_Suratman/Tono_Suratman_0001.jpg,False,0
4156,7,Markus_Naslund,Markus_Naslund/Markus_Naslund_0001.jpg,False,Robert_Wagner,Robert_Wagner/Robert_Wagner_0001.jpg,False,0
4157,7,Martin_Kristof,Martin_Kristof/Martin_Kristof_0001.jpg,True,Taia_Balk,Taia_Balk/Taia_Balk_0001.jpg,True,0
4158,7,Matt_Anderson,Matt_Anderson/Matt_Anderson_0001.jpg,False,Seth_Gorney,Seth_Gorney/Seth_Gorney_0001.jpg,False,0
4159,7,Matt_Braker,Matt_Braker/Matt_Braker_0001.jpg,False,Surakait_Sathirathai,Surakait_Sathirathai/Surakait_Sathirathai_0001.jpg,True,0
4160,7,Matt_Roney,Matt_Roney/Matt_Roney_0001.jpg,False,Wilbert_Elki_Meza_Majino,Wilbert_Elki_Meza_Majino/Wilbert_Elki_Meza_Majino_0001.jpg,True,0
4161,7,Michael_Bolton,Michael_Bolton/Michael_Bolton_0001.jpg,False,Robert_Bullock,Robert_Bullock/Robert_Bullock_0002.jpg,True,0
4162,7,Michael_Pfleger,Michael_Pfleger/Michael_Pfleger_0001.jpg,False,Robert_Ehrlich,Robert_Ehrlich/Robert_Ehrlich_0002.jpg,True,0
4163,7,Michael_Schumacher,Michael_Schumacher/Michael_Schumacher_0017.jpg,True,Natalie_Imbruglia,Natalie_Imbruglia/Natalie_Imbruglia_0001.jpg,False,0
4164,7,Michael_Shane_Jolly,Michael_Shane_Jolly/Michael_Shane_Jolly_0001.jpg,False,Trudi_Lacey,Trudi_Lacey/Trudi_Lacey_0001.jpg,False,0
4165,7,Michel_Temer,Michel_Temer/Michel_Temer_0001.jpg,False,Paul_Shanley,Paul_Shanley/Paul_Shanley_0001.jpg,True,0
4166,7,Michelle_Yeoh,Michelle_Yeoh/Michelle_Yeoh_0005.jpg,True,Saburo_Kawabuchi,Saburo_Kawabuchi/Saburo_Kawabuchi_0001.jpg,True,0
4167,7,Mike_Helton,Mike_Helton/Mike_Helton_0001.jpg,True,Octavio_Lara,Octavio_Lara/Octavio_Lara_0001.jpg,False,0
4168,7,Mike_Miller,Mike_Miller/Mike_Miller_0002.jpg,True,Toby_Keith,Toby_Keith/Toby_Keith_0001.jpg,False,0
4169,7,Monica_Seles,Monica_Seles/Monica_Seles_0002.jpg,True,Queen_Beatrix,Queen_Beatrix/Queen_Beatrix_0004.jpg,True,0
4170,7,Nancy_Sinatra,Nancy_Sinatra/Nancy_Sinatra_0001.jpg,False,Sargis_Sargsian,Sargis_Sargsian/Sargis_Sargsian_0001.jpg,False,0
4171,7,Pablo_Khulental,Pablo_Khulental/Pablo_Khulental_0001.jpg,False,Rosemarie_Stack,Rosemarie_Stack/Rosemarie_Stack_0002.jpg,False,0
4172,7,Park_Jung_Sung,Park_Jung_Sung/Park_Jung_Sung_0001.jpg,False,Robert_Bullock,Robert_Bullock/Robert_Bullock_0002.jpg,True,0
4173,7,Paul_Pierce,Paul_Pierce/Paul_Pierce_0002.jpg,True,Robert_Bullock,Robert_Bullock/Robert_Bullock_0002.jpg,True,0
4174,7,Pedro_Pauleta,Pedro_Pauleta/Pedro_Pauleta_0001.jpg,False,Robert_Tyrrell,Robert_Tyrrell/Robert_Tyrrell_0001.jpg,False,0
4175,7,Pedro_Pauleta,Pedro_Pauleta/Pedro_Pauleta_0001.jpg,False,Tommy_Franks,Tommy_Franks/Tommy_Franks_0014.jpg,True,0
4176,7,Phil_Morris,Phil_Morris/Phil_Morris_0001.jpg,False,Priscilla_Owen,Priscilla_Owen/Priscilla_Owen_0002.jpg,True,0
4177,7,Phil_Morris,Phil_Morris/Phil_Morris_0001.jpg,False,Roberto_Guaterroma,Roberto_Guaterroma/Roberto_Guaterroma_0001.jpg,True,0
4178,7,Phil_Morris,Phil_Morris/Phil_Morris_0001.jpg,False,Yuri_Luzhkov,Yuri_Luzhkov/Yuri_Luzhkov_0001.jpg,False,0
4179,7,Queen_Rania,Queen_Rania/Queen_Rania_0003.jpg,True,Ronnie_Jagday,Ronnie_Jagday/Ronnie_Jagday_0001.jpg,False,0
4180,7,Radovan_Karadzic,Radovan_Karadzic/Radovan_Karadzic_0001.jpg,False,Richard_Langille,Richard_Langille/Richard_Langille_0001.jpg,False,0
4181,7,Randy_Jackson,Randy_Jackson/Randy_Jackson_0001.jpg,False,Steve_Alford,Steve_Alford/Steve_Alford_0001.jpg,False,0
4182,7,Reese_Witherspoon,Reese_Witherspoon/Reese_Witherspoon_0001.jpg,True,Sam_Torrance,Sam_Torrance/Sam_Torrance_0001.jpg,True,0
4183,7,Reese_Witherspoon,Reese_Witherspoon/Reese_Witherspoon_0002.jpg,True,Toni_Jennings,Toni_Jennings/Toni_Jennings_0001.jpg,False,0
4184,7,Rina_Lazo,Rina_Lazo/Rina_Lazo_0001.jpg,True,Ronald_Reagan,Ronald_Reagan/Ronald_Reagan_0001.jpg,False,0
4185,7,Robert_Ehrlich,Robert_Ehrlich/Robert_Ehrlich_0002.jpg,True,Ron_Lantz,Ron_Lantz/Ron_Lantz_0001.jpg,True,0
4186,7,Robert_Mugabe,Robert_Mugabe/Robert_Mugabe_0001.jpg,False,Tessa_Jowell,Tessa_Jowell/Tessa_Jowell_0001.jpg,False,0
4187,7,Robert_Torricelli,Robert_Torricelli/Robert_Torricelli_0003.jpg,True,Taoufik_Mathlouthi,Taoufik_Mathlouthi/Taoufik_Mathlouthi_0001.jpg,False,0
4188,7,Robert_Tyrrell,Robert_Tyrrell/Robert_Tyrrell_0001.jpg,False,Yuri_Luzhkov,Yuri_Luzhkov/Yuri_Luzhkov_0001.jpg,False,0
4189,7,Robert_Wagner,Robert_Wagner/Robert_Wagner_0001.jpg,False,Tommy_Franks,Tommy_Franks/Tommy_Franks_0011.jpg,True,0
4190,7,Robin_Wright_Penn,Robin_Wright_Penn/Robin_Wright_Penn_0001.jpg,True,Sam_Torrance,Sam_Torrance/Sam_Torrance_0003.jpg,True,0
4191,7,Robin_Wright_Penn,Robin_Wright_Penn/Robin_Wright_Penn_0001.jpg,True,Yoko_Ono,Yoko_Ono/Yoko_Ono_0006.jpg,True,0
4192,7,Rogelio_Ramos,Rogelio_Ramos/Rogelio_Ramos_0001.jpg,False,Ryan_Newman,Ryan_Newman/Ryan_Newman_0001.jpg,False,0
4193,7,Roman_Polanski,Roman_Polanski/Roman_Polanski_0004.jpg,True,Toby_Keith,Toby_Keith/Toby_Keith_0001.jpg,False,0
4194,7,Ronnie_Jagday,Ronnie_Jagday/Ronnie_Jagday_0001.jpg,False,Sidney_Kimmel,Sidney_Kimmel/Sidney_Kimmel_0001.jpg,False,0
4195,7,Scott_Yates,Scott_Yates/Scott_Yates_0001.jpg,False,Steve_Cox,Steve_Cox/Steve_Cox_0001.jpg,False,0
4196,7,Sean_Patrick_Thomas,Sean_Patrick_Thomas/Sean_Patrick_Thomas_0001.jpg,True,William_Hochul,William_Hochul/William_Hochul_0001.jpg,True,0
4197,7,Sharon_Osbourne,Sharon_Osbourne/Sharon_Osbourne_0002.jpg,True,Shimon_Peres,Shimon_Peres/Shimon_Peres_0006.jpg,True,0
4198,7,Stefan_Koubek,Stefan_Koubek/Stefan_Koubek_0001.jpg,False,Steve_Alford,Steve_Alford/Steve_Alford_0001.jpg,False,0
4199,7,Teri_Garr,Teri_Garr/Teri_Garr_0001.jpg,False,Yana_Klochkova,Yana_Klochkova/Yana_Klochkova_0001.jpg,False,0
4200,7,Warren_Beatty,Warren_Beatty/Warren_Beatty_0002.jpg,True,William_McDonough,William_McDonough/William_McDonough_0001.jpg,False,0
4201,8,Aleksander_Kwasniewski,Aleksander_Kwasniewski/Aleksander_Kwasniewski_0001.jpg,False,Aleksander_Kwasniewski,Aleksander_Kwasniewski/Aleksander_Kwasniewski_0002.jpg,False,1
4202,8,Aleksander_Kwasniewski,Aleksander_Kwasniewski/Aleksander_Kwasniewski_0002.jpg,False,Aleksander_Kwasniewski,Aleksander_Kwasniewski/Aleksander_Kwasniewski_0004.jpg,False,1
4203,8,Aleksander_Kwasniewski,Aleksander_Kwasniewski/Aleksander_Kwasniewski_0003.jpg,False,Aleksander_Kwasniewski,Aleksander_Kwasniewski/Aleksander_Kwasniewski_0004.jpg,False,1
4204,8,Ali_Naimi,Ali_Naimi/Ali_Naimi_0001.jpg,True,Ali_Naimi,Ali_Naimi/Ali_Naimi_0002.jpg,True,1
4205,8,Ali_Naimi,Ali_Naimi/Ali_Naimi_0001.jpg,True,Ali_Naimi,Ali_Naimi/Ali_Naimi_0005.jpg,True,1
4206,8,Ali_Naimi,Ali_Naimi/Ali_Naimi_0002.jpg,True,Ali_Naimi,Ali_Naimi/Ali_Naimi_0008.jpg,True,1
4207,8,Amanda_Beard,Amanda_Beard/Amanda_Beard_0001.jpg,False,Amanda_Beard,Amanda_Beard/Amanda_Beard_0002.jpg,False,1
4208,8,Andrew_Cuomo,Andrew_Cuomo/Andrew_Cuomo_0001.jpg,True,Andrew_Cuomo,Andrew_Cuomo/Andrew_Cuomo_0002.jpg,True,1
4209,8,Arnold_Schwarzenegger,Arnold_Schwarzenegger/Arnold_Schwarzenegger_0008.jpg,True,Arnold_Schwarzenegger,Arnold_Schwarzenegger/Arnold_Schwarzenegger_0031.jpg,True,1
4210,8,Arnold_Schwarzenegger,Arnold_Schwarzenegger/Arnold_Schwarzenegger_0009.jpg,True,Arnold_Schwarzenegger,Arnold_Schwarzenegger/Arnold_Schwarzenegger_0039.jpg,True,1
4211,8,Arnold_Schwarzenegger,Arnold_Schwarzenegger/Arnold_Schwarzenegger_0011.jpg,True,Arnold_Schwarzenegger,Arnold_Schwarzenegger/Arnold_Schwarzenegger_0041.jpg,True,1
4212,8,Arnold_Schwarzenegger,Arnold_Schwarzenegger/Arnold_Schwarzenegger_0012.jpg,True,Arnold_Schwarzenegger,Arnold_Schwarzenegger/Arnold_Schwarzenegger_0037.jpg,True,1
4213,8,Arnold_Schwarzenegger,Arnold_Schwarzenegger/Arnold_Schwarzenegger_0013.jpg,True,Arnold_Schwarzenegger,Arnold_Schwarzenegger/Arnold_Schwarzenegger_0039.jpg,True,1
4214,8,Arnold_Schwarzenegger,Arnold_Schwarzenegger/Arnold_Schwarzenegger_0022.jpg,True,Arnold_Schwarzenegger,Arnold_Schwarzenegger/Arnold_Schwarzenegger_0033.jpg,True,1
4215,8,Arnold_Schwarzenegger,Arnold_Schwarzenegger/Arnold_Schwarzenegger_0028.jpg,True,Arnold_Schwarzenegger,Arnold_Schwarzenegger/Arnold_Schwarzenegger_0041.jpg,True,1
4216,8,Bernard_Lord,Bernard_Lord/Bernard_Lord_0001.jpg,True,Bernard_Lord,Bernard_Lord/Bernard_Lord_0002.jpg,True,1
4217,8,Beth_Jones,Beth_Jones/Beth_Jones_0001.jpg,False,Beth_Jones,Beth_Jones/Beth_Jones_0002.jpg,False,1
4218,8,Branko_Crvenkovski,Branko_Crvenkovski/Branko_Crvenkovski_0002.jpg,True,Branko_Crvenkovski,Branko_Crvenkovski/Branko_Crvenkovski_0003.jpg,True,1
4219,8,Brigitte_Boisselier,Brigitte_Boisselier/Brigitte_Boisselier_0001.jpg,False,Brigitte_Boisselier,Brigitte_Boisselier/Brigitte_Boisselier_0002.jpg,False,1
4220,8,Bruce_Springsteen,Bruce_Springsteen/Bruce_Springsteen_0001.jpg,True,Bruce_Springsteen,Bruce_Springsteen/Bruce_Springsteen_0002.jpg,True,1
4221,8,Bruce_Springsteen,Bruce_Springsteen/Bruce_Springsteen_0001.jpg,True,Bruce_Springsteen,Bruce_Springsteen/Bruce_Springsteen_0003.jpg,True,1
4222,8,Bruce_Springsteen,Bruce_Springsteen/Bruce_Springsteen_0002.jpg,True,Bruce_Springsteen,Bruce_Springsteen/Bruce_Springsteen_0003.jpg,True,1
4223,8,Bruce_Springsteen,Bruce_Springsteen/Bruce_Springsteen_0002.jpg,True,Bruce_Springsteen,Bruce_Springsteen/Bruce_Springsteen_0004.jpg,True,1
4224,8,Calista_Flockhart,Calista_Flockhart/Calista_Flockhart_0001.jpg,True,Calista_Flockhart,Calista_Flockhart/Calista_Flockhart_0005.jpg,True,1
4225,8,Calista_Flockhart,Calista_Flockhart/Calista_Flockhart_0004.jpg,True,Calista_Flockhart,Calista_Flockhart/Calista_Flockhart_0006.jpg,True,1
4226,8,Cameron_Diaz,Cameron_Diaz/Cameron_Diaz_0001.jpg,True,Cameron_Diaz,Cameron_Diaz/Cameron_Diaz_0003.jpg,True,1
4227,8,Cameron_Diaz,Cameron_Diaz/Cameron_Diaz_0003.jpg,True,Cameron_Diaz,Cameron_Diaz/Cameron_Diaz_0006.jpg,True,1
4228,8,Carol_Moseley_Braun,Carol_Moseley_Braun/Carol_Moseley_Braun_0001.jpg,False,Carol_Moseley_Braun,Carol_Moseley_Braun/Carol_Moseley_Braun_0002.jpg,False,1
4229,8,Carrie-Anne_Moss,Carrie-Anne_Moss/Carrie-Anne_Moss_0001.jpg,False,Carrie-Anne_Moss,Carrie-Anne_Moss/Carrie-Anne_Moss_0003.jpg,False,1
4230,8,Carrie-Anne_Moss,Carrie-Anne_Moss/Carrie-Anne_Moss_0001.jpg,False,Carrie-Anne_Moss,Carrie-Anne_Moss/Carrie-Anne_Moss_0005.jpg,False,1
4231,8,Carrie-Anne_Moss,Carrie-Anne_Moss/Carrie-Anne_Moss_0002.jpg,False,Carrie-Anne_Moss,Carrie-Anne_Moss/Carrie-Anne_Moss_0005.jpg,False,1
4232,8,Carrie-Anne_Moss,Carrie-Anne_Moss/Carrie-Anne_Moss_0003.jpg,False,Carrie-Anne_Moss,Carrie-Anne_Moss/Carrie-Anne_Moss_0005.jpg,False,1
4233,8,Carrie-Anne_Moss,Carrie-Anne_Moss/Carrie-Anne_Moss_0004.jpg,False,Carrie-Anne_Moss,Carrie-Anne_Moss/Carrie-Anne_Moss_0005.jpg,False,1
4234,8,Charlton_Heston,Charlton_Heston/Charlton_Heston_0001.jpg,True,Charlton_Heston,Charlton_Heston/Charlton_Heston_0005.jpg,True,1
4235,8,Charlton_Heston,Charlton_Heston/Charlton_Heston_0002.jpg,True,Charlton_Heston,Charlton_Heston/Charlton_Heston_0005.jpg,True,1
4236,8,Charlton_Heston,Charlton_Heston/Charlton_Heston_0004.jpg,True,Charlton_Heston,Charlton_Heston/Charlton_Heston_0006.jpg,True,1
4237,8,Chris_Bell,Chris_Bell/Chris_Bell_0001.jpg,False,Chris_Bell,Chris_Bell/Chris_Bell_0002.jpg,False,1
4238,8,Chung_Mong-hun,Chung_Mong-hun/Chung_Mong-hun_0001.jpg,False,Chung_Mong-hun,Chung_Mong-hun/Chung_Mong-hun_0002.jpg,False,1
4239,8,Ciro_Gomes,Ciro_Gomes/Ciro_Gomes_0001.jpg,True,Ciro_Gomes,Ciro_Gomes/Ciro_Gomes_0002.jpg,True,1
4240,8,Ciro_Gomes,Ciro_Gomes/Ciro_Gomes_0002.jpg,True,Ciro_Gomes,Ciro_Gomes/Ciro_Gomes_0005.jpg,True,1
4241,8,Ciro_Gomes,Ciro_Gomes/Ciro_Gomes_0003.jpg,True,Ciro_Gomes,Ciro_Gomes/Ciro_Gomes_0005.jpg,True,1
4242,8,Colin_Montgomerie,Colin_Montgomerie/Colin_Montgomerie_0001.jpg,True,Colin_Montgomerie,Colin_Montgomerie/Colin_Montgomerie_0004.jpg,True,1
4243,8,Colin_Montgomerie,Colin_Montgomerie/Colin_Montgomerie_0002.jpg,True,Colin_Montgomerie,Colin_Montgomerie/Colin_Montgomerie_0003.jpg,True,1
4244,8,Colin_Montgomerie,Colin_Montgomerie/Colin_Montgomerie_0002.jpg,True,Colin_Montgomerie,Colin_Montgomerie/Colin_Montgomerie_0005.jpg,True,1
4245,8,Colin_Montgomerie,Colin_Montgomerie/Colin_Montgomerie_0004.jpg,True,Colin_Montgomerie,Colin_Montgomerie/Colin_Montgomerie_0005.jpg,True,1
4246,8,David_Trimble,David_Trimble/David_Trimble_0001.jpg,True,David_Trimble,David_Trimble/David_Trimble_0004.jpg,True,1
4247,8,David_Trimble,David_Trimble/David_Trimble_0001.jpg,True,David_Trimble,David_Trimble/David_Trimble_0005.jpg,True,1
4248,8,David_Trimble,David_Trimble/David_Trimble_0003.jpg,True,David_Trimble,David_Trimble/David_Trimble_0004.jpg,True,1
4249,8,David_Wolf,David_Wolf/David_Wolf_0001.jpg,True,David_Wolf,David_Wolf/David_Wolf_0002.jpg,True,1
4250,8,Demetrius_Ferraciu,Demetrius_Ferraciu/Demetrius_Ferraciu_0001.jpg,True,Demetrius_Ferraciu,Demetrius_Ferraciu/Demetrius_Ferraciu_0002.jpg,True,1
4251,8,Dennis_Powell,Dennis_Powell/Dennis_Powell_0001.jpg,False,Dennis_Powell,Dennis_Powell/Dennis_Powell_0002.jpg,False,1
4252,8,Desiree_Lemosi,Desiree_Lemosi/Desiree_Lemosi_0001.jpg,False,Desiree_Lemosi,Desiree_Lemosi/Desiree_Lemosi_0002.jpg,False,1
4253,8,Dolma_Tsering,Dolma_Tsering/Dolma_Tsering_0001.jpg,True,Dolma_Tsering,Dolma_Tsering/Dolma_Tsering_0002.jpg,True,1
4254,8,Doug_Melvin,Doug_Melvin/Doug_Melvin_0001.jpg,True,Doug_Melvin,Doug_Melvin/Doug_Melvin_0002.jpg,True,1
4255,8,Edward_Norton,Edward_Norton/Edward_Norton_0001.jpg,True,Edward_Norton,Edward_Norton/Edward_Norton_0002.jpg,True,1
4256,8,Emanuel_Ginobili,Emanuel_Ginobili/Emanuel_Ginobili_0002.jpg,False,Emanuel_Ginobili,Emanuel_Ginobili/Emanuel_Ginobili_0003.jpg,False,1
4257,8,Eric_Clapton,Eric_Clapton/Eric_Clapton_0001.jpg,False,Eric_Clapton,Eric_Clapton/Eric_Clapton_0002.jpg,False,1
4258,8,Fabiola_Zuluaga,Fabiola_Zuluaga/Fabiola_Zuluaga_0001.jpg,False,Fabiola_Zuluaga,Fabiola_Zuluaga/Fabiola_Zuluaga_0002.jpg,False,1
4259,8,Faye_Dunaway,Faye_Dunaway/Faye_Dunaway_0001.jpg,False,Faye_Dunaway,Faye_Dunaway/Faye_Dunaway_0002.jpg,False,1
4260,8,Ferenc_Madl,Ferenc_Madl/Ferenc_Madl_0001.jpg,True,Ferenc_Madl,Ferenc_Madl/Ferenc_Madl_0002.jpg,True,1
4261,8,Fernando_Gonzalez,Fernando_Gonzalez/Fernando_Gonzalez_0001.jpg,True,Fernando_Gonzalez,Fernando_Gonzalez/Fernando_Gonzalez_0005.jpg,True,1
4262,8,Fernando_Gonzalez,Fernando_Gonzalez/Fernando_Gonzalez_0001.jpg,True,Fernando_Gonzalez,Fernando_Gonzalez/Fernando_Gonzalez_0008.jpg,True,1
4263,8,Fernando_Gonzalez,Fernando_Gonzalez/Fernando_Gonzalez_0002.jpg,True,Fernando_Gonzalez,Fernando_Gonzalez/Fernando_Gonzalez_0006.jpg,True,1
4264,8,Filippo_Inzaghi,Filippo_Inzaghi/Filippo_Inzaghi_0001.jpg,True,Filippo_Inzaghi,Filippo_Inzaghi/Filippo_Inzaghi_0002.jpg,True,1
4265,8,Filippo_Inzaghi,Filippo_Inzaghi/Filippo_Inzaghi_0001.jpg,True,Filippo_Inzaghi,Filippo_Inzaghi/Filippo_Inzaghi_0003.jpg,True,1
4266,8,Filippo_Inzaghi,Filippo_Inzaghi/Filippo_Inzaghi_0002.jpg,True,Filippo_Inzaghi,Filippo_Inzaghi/Filippo_Inzaghi_0003.jpg,True,1
4267,8,Francis_George,Francis_George/Francis_George_0001.jpg,True,Francis_George,Francis_George/Francis_George_0002.jpg,True,1
4268,8,Franz_Beckenbauer,Franz_Beckenbauer/Franz_Beckenbauer_0001.jpg,False,Franz_Beckenbauer,Franz_Beckenbauer/Franz_Beckenbauer_0002.jpg,False,1
4269,8,Franz_Muentefering,Franz_Muentefering/Franz_Muentefering_0001.jpg,True,Franz_Muentefering,Franz_Muentefering/Franz_Muentefering_0002.jpg,True,1
4270,8,Franz_Muentefering,Franz_Muentefering/Franz_Muentefering_0003.jpg,True,Franz_Muentefering,Franz_Muentefering/Franz_Muentefering_0004.jpg,True,1
4271,8,Gary_Bergeron,Gary_Bergeron/Gary_Bergeron_0001.jpg,True,Gary_Bergeron,Gary_Bergeron/Gary_Bergeron_0002.jpg,True,1
4272,8,George_Foreman,George_Foreman/George_Foreman_0001.jpg,False,George_Foreman,George_Foreman/George_Foreman_0002.jpg,False,1
4273,8,George_Pataki,George_Pataki/George_Pataki_0001.jpg,True,George_Pataki,George_Pataki/George_Pataki_0003.jpg,True,1
4274,8,George_Pataki,George_Pataki/George_Pataki_0003.jpg,True,George_Pataki,George_Pataki/George_Pataki_0004.jpg,True,1
4275,8,George_Pataki,George_Pataki/George_Pataki_0003.jpg,True,George_Pataki,George_Pataki/George_Pataki_0005.jpg,True,1
4276,8,George_Roy_Hill,George_Roy_Hill/George_Roy_Hill_0001.jpg,False,George_Roy_Hill,George_Roy_Hill/George_Roy_Hill_0002.jpg,False,1
4277,8,Gonzalo_Sanchez_de_Lozada,Gonzalo_Sanchez_de_Lozada/Gonzalo_Sanchez_de_Lozada_0007.jpg,True,Gonzalo_Sanchez_de_Lozada,Gonzalo_Sanchez_de_Lozada/Gonzalo_Sanchez_de_Lozada_0008.jpg,True,1
4278,8,Gonzalo_Sanchez_de_Lozada,Gonzalo_Sanchez_de_Lozada/Gonzalo_Sanchez_de_Lozada_0007.jpg,True,Gonzalo_Sanchez_de_Lozada,Gonzalo_Sanchez_de_Lozada/Gonzalo_Sanchez_de_Lozada_0010.jpg,True,1
4279,8,Gonzalo_Sanchez_de_Lozada,Gonzalo_Sanchez_de_Lozada/Gonzalo_Sanchez_de_Lozada_0008.jpg,True,Gonzalo_Sanchez_de_Lozada,Gonzalo_Sanchez_de_Lozada/Gonzalo_Sanchez_de_Lozada_0011.jpg,True,1
4280,8,Gonzalo_Sanchez_de_Lozada,Gonzalo_Sanchez_de_Lozada/Gonzalo_Sanchez_de_Lozada_0008.jpg,True,Gonzalo_Sanchez_de_Lozada,Gonzalo_Sanchez_de_Lozada/Gonzalo_Sanchez_de_Lozada_0012.jpg,True,1
4281,8,Gregory_Geoffroy,Gregory_Geoffroy/Gregory_Geoffroy_0001.jpg,False,Gregory_Geoffroy,Gregory_Geoffroy/Gregory_Geoffroy_0002.jpg,False,1
4282,8,Guillermo_Coria,Guillermo_Coria/Guillermo_Coria_0007.jpg,False,Guillermo_Coria,Guillermo_Coria/Guillermo_Coria_0013.jpg,False,1
4283,8,Guillermo_Coria,Guillermo_Coria/Guillermo_Coria_0019.jpg,False,Guillermo_Coria,Guillermo_Coria/Guillermo_Coria_0022.jpg,False,1
4284,8,Habib_Rizieq,Habib_Rizieq/Habib_Rizieq_0001.jpg,False,Habib_Rizieq,Habib_Rizieq/Habib_Rizieq_0003.jpg,False,1
4285,8,Habib_Rizieq,Habib_Rizieq/Habib_Rizieq_0002.jpg,False,Habib_Rizieq,Habib_Rizieq/Habib_Rizieq_0003.jpg,False,1
4286,8,Hamid_Karzai,Hamid_Karzai/Hamid_Karzai_0001.jpg,True,Hamid_Karzai,Hamid_Karzai/Hamid_Karzai_0003.jpg,True,1
4287,8,Hamid_Karzai,Hamid_Karzai/Hamid_Karzai_0004.jpg,True,Hamid_Karzai,Hamid_Karzai/Hamid_Karzai_0013.jpg,True,1
4288,8,Hamid_Karzai,Hamid_Karzai/Hamid_Karzai_0019.jpg,True,Hamid_Karzai,Hamid_Karzai/Hamid_Karzai_0022.jpg,True,1
4289,8,Hilmi_Ozkok,Hilmi_Ozkok/Hilmi_Ozkok_0001.jpg,False,Hilmi_Ozkok,Hilmi_Ozkok/Hilmi_Ozkok_0002.jpg,False,1
4290,8,Horst_Koehler,Horst_Koehler/Horst_Koehler_0001.jpg,True,Horst_Koehler,Horst_Koehler/Horst_Koehler_0002.jpg,True,1
4291,8,Horst_Koehler,Horst_Koehler/Horst_Koehler_0001.jpg,True,Horst_Koehler,Horst_Koehler/Horst_Koehler_0003.jpg,True,1
4292,8,Horst_Koehler,Horst_Koehler/Horst_Koehler_0002.jpg,True,Horst_Koehler,Horst_Koehler/Horst_Koehler_0003.jpg,True,1
4293,8,Howard_Schultz,Howard_Schultz/Howard_Schultz_0001.jpg,True,Howard_Schultz,Howard_Schultz/Howard_Schultz_0002.jpg,True,1
4294,8,Ilan_Ramon,Ilan_Ramon/Ilan_Ramon_0001.jpg,True,Ilan_Ramon,Ilan_Ramon/Ilan_Ramon_0002.jpg,True,1
4295,8,Javier_Solana,Javier_Solana/Javier_Solana_0004.jpg,True,Javier_Solana,Javier_Solana/Javier_Solana_0008.jpg,True,1
4296,8,Javier_Solana,Javier_Solana/Javier_Solana_0006.jpg,True,Javier_Solana,Javier_Solana/Javier_Solana_0009.jpg,True,1
4297,8,Javier_Solana,Javier_Solana/Javier_Solana_0006.jpg,True,Javier_Solana,Javier_Solana/Javier_Solana_0010.jpg,True,1
4298,8,Jay_Garner,Jay_Garner/Jay_Garner_0001.jpg,False,Jay_Garner,Jay_Garner/Jay_Garner_0003.jpg,False,1
4299,8,Jean-Claude_Braquet,Jean-Claude_Braquet/Jean-Claude_Braquet_0001.jpg,True,Jean-Claude_Braquet,Jean-Claude_Braquet/Jean-Claude_Braquet_0002.jpg,True,1
4300,8,Jean-Claude_Trichet,Jean-Claude_Trichet/Jean-Claude_Trichet_0001.jpg,False,Jean-Claude_Trichet,Jean-Claude_Trichet/Jean-Claude_Trichet_0002.jpg,False,1
4301,8,Jean_Charest,Jean_Charest/Jean_Charest_0001.jpg,False,Jean_Charest,Jean_Charest/Jean_Charest_0010.jpg,False,1
4302,8,Jean_Charest,Jean_Charest/Jean_Charest_0002.jpg,False,Jean_Charest,Jean_Charest/Jean_Charest_0011.jpg,False,1
4303,8,Jean_Charest,Jean_Charest/Jean_Charest_0007.jpg,False,Jean_Charest,Jean_Charest/Jean_Charest_0010.jpg,False,1
4304,8,Jean_Charest,Jean_Charest/Jean_Charest_0008.jpg,False,Jean_Charest,Jean_Charest/Jean_Charest_0013.jpg,False,1
4305,8,Jean_Charest,Jean_Charest/Jean_Charest_0008.jpg,False,Jean_Charest,Jean_Charest/Jean_Charest_0017.jpg,False,1
4306,8,Jefferson_Perez,Jefferson_Perez/Jefferson_Perez_0001.jpg,False,Jefferson_Perez,Jefferson_Perez/Jefferson_Perez_0002.jpg,False,1
4307,8,Jim_Edmonds,Jim_Edmonds/Jim_Edmonds_0001.jpg,True,Jim_Edmonds,Jim_Edmonds/Jim_Edmonds_0002.jpg,True,1
4308,8,John_Kerry,John_Kerry/John_Kerry_0001.jpg,True,John_Kerry,John_Kerry/John_Kerry_0005.jpg,True,1
4309,8,John_Kerry,John_Kerry/John_Kerry_0003.jpg,True,John_Kerry,John_Kerry/John_Kerry_0004.jpg,True,1
4310,8,John_Kerry,John_Kerry/John_Kerry_0004.jpg,True,John_Kerry,John_Kerry/John_Kerry_0012.jpg,True,1
4311,8,John_Kerry,John_Kerry/John_Kerry_0009.jpg,True,John_Kerry,John_Kerry/John_Kerry_0013.jpg,True,1
4312,8,John_Malkovich,John_Malkovich/John_Malkovich_0001.jpg,True,John_Malkovich,John_Malkovich/John_Malkovich_0002.jpg,True,1
4313,8,John_Malkovich,John_Malkovich/John_Malkovich_0001.jpg,True,John_Malkovich,John_Malkovich/John_Malkovich_0003.jpg,True,1
4314,8,John_McCallum,John_McCallum/John_McCallum_0001.jpg,True,John_McCallum,John_McCallum/John_McCallum_0002.jpg,True,1
4315,8,John_McEnroe,John_McEnroe/John_McEnroe_0001.jpg,False,John_McEnroe,John_McEnroe/John_McEnroe_0002.jpg,False,1
4316,8,John_Rosa,John_Rosa/John_Rosa_0001.jpg,False,John_Rosa,John_Rosa/John_Rosa_0003.jpg,False,1
4317,8,Johnny_Unitas,Johnny_Unitas/Johnny_Unitas_0001.jpg,True,Johnny_Unitas,Johnny_Unitas/Johnny_Unitas_0002.jpg,True,1
4318,8,Jong_Wook_Lee,Jong_Wook_Lee/Jong_Wook_Lee_0003.jpg,False,Jong_Wook_Lee,Jong_Wook_Lee/Jong_Wook_Lee_0004.jpg,False,1
4319,8,Jose_Maria_Aznar,Jose_Maria_Aznar/Jose_Maria_Aznar_0001.jpg,True,Jose_Maria_Aznar,Jose_Maria_Aznar/Jose_Maria_Aznar_0013.jpg,True,1
4320,8,Jose_Maria_Aznar,Jose_Maria_Aznar/Jose_Maria_Aznar_0006.jpg,True,Jose_Maria_Aznar,Jose_Maria_Aznar/Jose_Maria_Aznar_0013.jpg,True,1
4321,8,Jose_Maria_Aznar,Jose_Maria_Aznar/Jose_Maria_Aznar_0006.jpg,True,Jose_Maria_Aznar,Jose_Maria_Aznar/Jose_Maria_Aznar_0020.jpg,True,1
4322,8,Jose_Maria_Aznar,Jose_Maria_Aznar/Jose_Maria_Aznar_0015.jpg,True,Jose_Maria_Aznar,Jose_Maria_Aznar/Jose_Maria_Aznar_0023.jpg,True,1
4323,8,Jose_Maria_Aznar,Jose_Maria_Aznar/Jose_Maria_Aznar_0017.jpg,True,Jose_Maria_Aznar,Jose_Maria_Aznar/Jose_Maria_Aznar_0022.jpg,True,1
4324,8,Julianne_Moore,Julianne_Moore/Julianne_Moore_0004.jpg,True,Julianne_Moore,Julianne_Moore/Julianne_Moore_0009.jpg,True,1
4325,8,Julianne_Moore,Julianne_Moore/Julianne_Moore_0006.jpg,True,Julianne_Moore,Julianne_Moore/Julianne_Moore_0016.jpg,True,1
4326,8,Julianne_Moore,Julianne_Moore/Julianne_Moore_0006.jpg,True,Julianne_Moore,Julianne_Moore/Julianne_Moore_0019.jpg,True,1
4327,8,Julianne_Moore,Julianne_Moore/Julianne_Moore_0007.jpg,True,Julianne_Moore,Julianne_Moore/Julianne_Moore_0018.jpg,True,1
4328,8,Julianne_Moore,Julianne_Moore/Julianne_Moore_0012.jpg,True,Julianne_Moore,Julianne_Moore/Julianne_Moore_0015.jpg,True,1
4329,8,Julio_Iglesias_Jr,Julio_Iglesias_Jr/Julio_Iglesias_Jr_0001.jpg,False,Julio_Iglesias_Jr,Julio_Iglesias_Jr/Julio_Iglesias_Jr_0002.jpg,False,1
4330,8,Justin_Timberlake,Justin_Timberlake/Justin_Timberlake_0001.jpg,True,Justin_Timberlake,Justin_Timberlake/Justin_Timberlake_0002.jpg,True,1
4331,8,Justin_Timberlake,Justin_Timberlake/Justin_Timberlake_0001.jpg,True,Justin_Timberlake,Justin_Timberlake/Justin_Timberlake_0003.jpg,True,1
4332,8,Justin_Timberlake,Justin_Timberlake/Justin_Timberlake_0005.jpg,True,Justin_Timberlake,Justin_Timberlake/Justin_Timberlake_0006.jpg,True,1
4333,8,Justin_Timberlake,Justin_Timberlake/Justin_Timberlake_0006.jpg,True,Justin_Timberlake,Justin_Timberlake/Justin_Timberlake_0008.jpg,True,1
4334,8,Justine_Pasek,Justine_Pasek/Justine_Pasek_0002.jpg,True,Justine_Pasek,Justine_Pasek/Justine_Pasek_0005.jpg,True,1
4335,8,Justine_Pasek,Justine_Pasek/Justine_Pasek_0002.jpg,True,Justine_Pasek,Justine_Pasek/Justine_Pasek_0006.jpg,True,1
4336,8,Justine_Pasek,Justine_Pasek/Justine_Pasek_0006.jpg,True,Justine_Pasek,Justine_Pasek/Justine_Pasek_0007.jpg,True,1
4337,8,Kathleen_Glynn,Kathleen_Glynn/Kathleen_Glynn_0001.jpg,False,Kathleen_Glynn,Kathleen_Glynn/Kathleen_Glynn_0002.jpg,False,1
4338,8,Kim_Dae-jung,Kim_Dae-jung/Kim_Dae-jung_0001.jpg,True,Kim_Dae-jung,Kim_Dae-jung/Kim_Dae-jung_0003.jpg,True,1
4339,8,Kim_Dae-jung,Kim_Dae-jung/Kim_Dae-jung_0001.jpg,True,Kim_Dae-jung,Kim_Dae-jung/Kim_Dae-jung_0005.jpg,True,1
4340,8,Kim_Dae-jung,Kim_Dae-jung/Kim_Dae-jung_0002.jpg,True,Kim_Dae-jung,Kim_Dae-jung/Kim_Dae-jung_0003.jpg,True,1
4341,8,Kim_Dae-jung,Kim_Dae-jung/Kim_Dae-jung_0004.jpg,True,Kim_Dae-jung,Kim_Dae-jung/Kim_Dae-jung_0006.jpg,True,1
4342,8,Kirk_Johnson,Kirk_Johnson/Kirk_Johnson_0001.jpg,False,Kirk_Johnson,Kirk_Johnson/Kirk_Johnson_0002.jpg,False,1
4343,8,Kirk_Johnson,Kirk_Johnson/Kirk_Johnson_0001.jpg,False,Kirk_Johnson,Kirk_Johnson/Kirk_Johnson_0003.jpg,False,1
4344,8,Kirk_Johnson,Kirk_Johnson/Kirk_Johnson_0002.jpg,False,Kirk_Johnson,Kirk_Johnson/Kirk_Johnson_0003.jpg,False,1
4345,8,Kosuke_Kitajima,Kosuke_Kitajima/Kosuke_Kitajima_0001.jpg,False,Kosuke_Kitajima,Kosuke_Kitajima/Kosuke_Kitajima_0002.jpg,False,1
4346,8,Kurt_Russell,Kurt_Russell/Kurt_Russell_0001.jpg,True,Kurt_Russell,Kurt_Russell/Kurt_Russell_0002.jpg,True,1
4347,8,Larry_Coker,Larry_Coker/Larry_Coker_0001.jpg,True,Larry_Coker,Larry_Coker/Larry_Coker_0004.jpg,True,1
4348,8,Larry_Coker,Larry_Coker/Larry_Coker_0002.jpg,True,Larry_Coker,Larry_Coker/Larry_Coker_0004.jpg,True,1
4349,8,Larry_Ellison,Larry_Ellison/Larry_Ellison_0001.jpg,True,Larry_Ellison,Larry_Ellison/Larry_Ellison_0002.jpg,True,1
4350,8,Larry_Ellison,Larry_Ellison/Larry_Ellison_0001.jpg,True,Larry_Ellison,Larry_Ellison/Larry_Ellison_0003.jpg,True,1
4351,8,Lawrence_MacAulay,Lawrence_MacAulay/Lawrence_MacAulay_0001.jpg,True,Lawrence_MacAulay,Lawrence_MacAulay/Lawrence_MacAulay_0002.jpg,True,1
4352,8,LeBron_James,LeBron_James/LeBron_James_0001.jpg,False,LeBron_James,LeBron_James/LeBron_James_0004.jpg,False,1
4353,8,LeBron_James,LeBron_James/LeBron_James_0001.jpg,False,LeBron_James,LeBron_James/LeBron_James_0005.jpg,False,1
4354,8,LeBron_James,LeBron_James/LeBron_James_0003.jpg,False,LeBron_James,LeBron_James/LeBron_James_0004.jpg,False,1
4355,8,LeBron_James,LeBron_James/LeBron_James_0004.jpg,False,LeBron_James,LeBron_James/LeBron_James_0005.jpg,False,1
4356,8,Lea_Fastow,Lea_Fastow/Lea_Fastow_0001.jpg,False,Lea_Fastow,Lea_Fastow/Lea_Fastow_0002.jpg,False,1
4357,8,Lee_Hoi-chang,Lee_Hoi-chang/Lee_Hoi-chang_0001.jpg,True,Lee_Hoi-chang,Lee_Hoi-chang/Lee_Hoi-chang_0002.jpg,True,1
4358,8,Lee_Hoi-chang,Lee_Hoi-chang/Lee_Hoi-chang_0002.jpg,True,Lee_Hoi-chang,Lee_Hoi-chang/Lee_Hoi-chang_0004.jpg,True,1
4359,8,Li_Peng,Li_Peng/Li_Peng_0002.jpg,True,Li_Peng,Li_Peng/Li_Peng_0006.jpg,True,1
4360,8,Li_Peng,Li_Peng/Li_Peng_0004.jpg,True,Li_Peng,Li_Peng/Li_Peng_0007.jpg,True,1
4361,8,Li_Peng,Li_Peng/Li_Peng_0004.jpg,True,Li_Peng,Li_Peng/Li_Peng_0008.jpg,True,1
4362,8,Li_Peng,Li_Peng/Li_Peng_0004.jpg,True,Li_Peng,Li_Peng/Li_Peng_0009.jpg,True,1
4363,8,Lim_Dong-won,Lim_Dong-won/Lim_Dong-won_0001.jpg,False,Lim_Dong-won,Lim_Dong-won/Lim_Dong-won_0002.jpg,False,1
4364,8,Lindsay_Benko,Lindsay_Benko/Lindsay_Benko_0001.jpg,False,Lindsay_Benko,Lindsay_Benko/Lindsay_Benko_0002.jpg,False,1
4365,8,Lou_Piniella,Lou_Piniella/Lou_Piniella_0001.jpg,True,Lou_Piniella,Lou_Piniella/Lou_Piniella_0003.jpg,True,1
4366,8,Lou_Piniella,Lou_Piniella/Lou_Piniella_0002.jpg,True,Lou_Piniella,Lou_Piniella/Lou_Piniella_0003.jpg,True,1
4367,8,Lucio_Gutierrez,Lucio_Gutierrez/Lucio_Gutierrez_0001.jpg,True,Lucio_Gutierrez,Lucio_Gutierrez/Lucio_Gutierrez_0002.jpg,True,1
4368,8,Lucio_Gutierrez,Lucio_Gutierrez/Lucio_Gutierrez_0003.jpg,True,Lucio_Gutierrez,Lucio_Gutierrez/Lucio_Gutierrez_0010.jpg,True,1
4369,8,Lucio_Gutierrez,Lucio_Gutierrez/Lucio_Gutierrez_0006.jpg,True,Lucio_Gutierrez,Lucio_Gutierrez/Lucio_Gutierrez_0007.jpg,True,1
4370,8,Lucio_Gutierrez,Lucio_Gutierrez/Lucio_Gutierrez_0006.jpg,True,Lucio_Gutierrez,Lucio_Gutierrez/Lucio_Gutierrez_0008.jpg,True,1
4371,8,Lucio_Gutierrez,Lucio_Gutierrez/Lucio_Gutierrez_0008.jpg,True,Lucio_Gutierrez,Lucio_Gutierrez/Lucio_Gutierrez_0013.jpg,True,1
4372,8,Luis_Figo,Luis_Figo/Luis_Figo_0002.jpg,False,Luis_Figo,Luis_Figo/Luis_Figo_0003.jpg,False,1
4373,8,Luis_Figo,Luis_Figo/Luis_Figo_0002.jpg,False,Luis_Figo,Luis_Figo/Luis_Figo_0004.jpg,False,1
4374,8,Luke_Walton,Luke_Walton/Luke_Walton_0001.jpg,False,Luke_Walton,Luke_Walton/Luke_Walton_0002.jpg,False,1
4375,8,Marat_Safin,Marat_Safin/Marat_Safin_0001.jpg,True,Marat_Safin,Marat_Safin/Marat_Safin_0002.jpg,True,1
4376,8,Marat_Safin,Marat_Safin/Marat_Safin_0001.jpg,True,Marat_Safin,Marat_Safin/Marat_Safin_0003.jpg,True,1
4377,8,Marat_Safin,Marat_Safin/Marat_Safin_0002.jpg,True,Marat_Safin,Marat_Safin/Marat_Safin_0003.jpg,True,1
4378,8,Mariana_Pollack,Mariana_Pollack/Mariana_Pollack_0001.jpg,True,Mariana_Pollack,Mariana_Pollack/Mariana_Pollack_0003.jpg,True,1
4379,8,Mariana_Pollack,Mariana_Pollack/Mariana_Pollack_0002.jpg,True,Mariana_Pollack,Mariana_Pollack/Mariana_Pollack_0003.jpg,True,1
4380,8,Martin_McGuinness,Martin_McGuinness/Martin_McGuinness_0003.jpg,True,Martin_McGuinness,Martin_McGuinness/Martin_McGuinness_0004.jpg,True,1
4381,8,Masahiko_Nagasawa,Masahiko_Nagasawa/Masahiko_Nagasawa_0001.jpg,False,Masahiko_Nagasawa,Masahiko_Nagasawa/Masahiko_Nagasawa_0002.jpg,False,1
4382,8,Michael_Chiklis,Michael_Chiklis/Michael_Chiklis_0001.jpg,True,Michael_Chiklis,Michael_Chiklis/Michael_Chiklis_0004.jpg,True,1
4383,8,Michael_Chiklis,Michael_Chiklis/Michael_Chiklis_0001.jpg,True,Michael_Chiklis,Michael_Chiklis/Michael_Chiklis_0005.jpg,True,1
4384,8,Michael_Chiklis,Michael_Chiklis/Michael_Chiklis_0002.jpg,True,Michael_Chiklis,Michael_Chiklis/Michael_Chiklis_0003.jpg,True,1
4385,8,Michael_Chiklis,Michael_Chiklis/Michael_Chiklis_0002.jpg,True,Michael_Chiklis,Michael_Chiklis/Michael_Chiklis_0004.jpg,True,1
4386,8,Michael_Chiklis,Michael_Chiklis/Michael_Chiklis_0003.jpg,True,Michael_Chiklis,Michael_Chiklis/Michael_Chiklis_0005.jpg,True,1
4387,8,Michael_Chiklis,Michael_Chiklis/Michael_Chiklis_0004.jpg,True,Michael_Chiklis,Michael_Chiklis/Michael_Chiklis_0005.jpg,True,1
4388,8,Michael_Douglas,Michael_Douglas/Michael_Douglas_0001.jpg,True,Michael_Douglas,Michael_Douglas/Michael_Douglas_0002.jpg,True,1
4389,8,Michael_Douglas,Michael_Douglas/Michael_Douglas_0001.jpg,True,Michael_Douglas,Michael_Douglas/Michael_Douglas_0003.jpg,True,1
4390,8,Michael_Douglas,Michael_Douglas/Michael_Douglas_0002.jpg,True,Michael_Douglas,Michael_Douglas/Michael_Douglas_0004.jpg,True,1
4391,8,Michael_Douglas,Michael_Douglas/Michael_Douglas_0003.jpg,True,Michael_Douglas,Michael_Douglas/Michael_Douglas_0006.jpg,True,1
4392,8,Michael_Douglas,Michael_Douglas/Michael_Douglas_0004.jpg,True,Michael_Douglas,Michael_Douglas/Michael_Douglas_0005.jpg,True,1
4393,8,Michael_Kostelnik,Michael_Kostelnik/Michael_Kostelnik_0001.jpg,False,Michael_Kostelnik,Michael_Kostelnik/Michael_Kostelnik_0002.jpg,False,1
4394,8,Michael_Leavitt,Michael_Leavitt/Michael_Leavitt_0001.jpg,False,Michael_Leavitt,Michael_Leavitt/Michael_Leavitt_0002.jpg,False,1
4395,8,Michelle_Branch,Michelle_Branch/Michelle_Branch_0001.jpg,True,Michelle_Branch,Michelle_Branch/Michelle_Branch_0002.jpg,True,1
4396,8,Michelle_Kwan,Michelle_Kwan/Michelle_Kwan_0001.jpg,True,Michelle_Kwan,Michelle_Kwan/Michelle_Kwan_0004.jpg,True,1
4397,8,Michelle_Kwan,Michelle_Kwan/Michelle_Kwan_0004.jpg,True,Michelle_Kwan,Michelle_Kwan/Michelle_Kwan_0005.jpg,True,1
4398,8,Michelle_Kwan,Michelle_Kwan/Michelle_Kwan_0006.jpg,True,Michelle_Kwan,Michelle_Kwan/Michelle_Kwan_0008.jpg,True,1
4399,8,Mike_Montgomery,Mike_Montgomery/Mike_Montgomery_0001.jpg,False,Mike_Montgomery,Mike_Montgomery/Mike_Montgomery_0002.jpg,False,1
4400,8,Mike_Tyson,Mike_Tyson/Mike_Tyson_0001.jpg,True,Mike_Tyson,Mike_Tyson/Mike_Tyson_0003.jpg,True,1
4401,8,Mikhail_Wehbe,Mikhail_Wehbe/Mikhail_Wehbe_0001.jpg,True,Mikhail_Wehbe,Mikhail_Wehbe/Mikhail_Wehbe_0003.jpg,True,1
4402,8,Minnie_Driver,Minnie_Driver/Minnie_Driver_0001.jpg,True,Minnie_Driver,Minnie_Driver/Minnie_Driver_0002.jpg,True,1
4403,8,Miyako_Miyazaki,Miyako_Miyazaki/Miyako_Miyazaki_0001.jpg,False,Miyako_Miyazaki,Miyako_Miyazaki/Miyako_Miyazaki_0002.jpg,False,1
4404,8,Muammar_Gaddafi,Muammar_Gaddafi/Muammar_Gaddafi_0001.jpg,False,Muammar_Gaddafi,Muammar_Gaddafi/Muammar_Gaddafi_0002.jpg,False,1
4405,8,Munir_Akram,Munir_Akram/Munir_Akram_0001.jpg,False,Munir_Akram,Munir_Akram/Munir_Akram_0002.jpg,False,1
4406,8,Nadia_Petrova,Nadia_Petrova/Nadia_Petrova_0001.jpg,False,Nadia_Petrova,Nadia_Petrova/Nadia_Petrova_0002.jpg,False,1
4407,8,Nadia_Petrova,Nadia_Petrova/Nadia_Petrova_0001.jpg,False,Nadia_Petrova,Nadia_Petrova/Nadia_Petrova_0003.jpg,False,1
4408,8,Nadia_Petrova,Nadia_Petrova/Nadia_Petrova_0001.jpg,False,Nadia_Petrova,Nadia_Petrova/Nadia_Petrova_0004.jpg,False,1
4409,8,Nadia_Petrova,Nadia_Petrova/Nadia_Petrova_0002.jpg,False,Nadia_Petrova,Nadia_Petrova/Nadia_Petrova_0003.jpg,False,1
4410,8,Nadia_Petrova,Nadia_Petrova/Nadia_Petrova_0003.jpg,False,Nadia_Petrova,Nadia_Petrova/Nadia_Petrova_0004.jpg,False,1
4411,8,Nadia_Petrova,Nadia_Petrova/Nadia_Petrova_0004.jpg,False,Nadia_Petrova,Nadia_Petrova/Nadia_Petrova_0005.jpg,False,1
4412,8,Nancy_Pelosi,Nancy_Pelosi/Nancy_Pelosi_0001.jpg,True,Nancy_Pelosi,Nancy_Pelosi/Nancy_Pelosi_0007.jpg,True,1
4413,8,Nancy_Pelosi,Nancy_Pelosi/Nancy_Pelosi_0002.jpg,True,Nancy_Pelosi,Nancy_Pelosi/Nancy_Pelosi_0009.jpg,True,1
4414,8,Nancy_Pelosi,Nancy_Pelosi/Nancy_Pelosi_0004.jpg,True,Nancy_Pelosi,Nancy_Pelosi/Nancy_Pelosi_0015.jpg,True,1
4415,8,Nancy_Pelosi,Nancy_Pelosi/Nancy_Pelosi_0012.jpg,True,Nancy_Pelosi,Nancy_Pelosi/Nancy_Pelosi_0014.jpg,True,1
4416,8,Nia_Vardalos,Nia_Vardalos/Nia_Vardalos_0001.jpg,True,Nia_Vardalos,Nia_Vardalos/Nia_Vardalos_0003.jpg,True,1
4417,8,Nia_Vardalos,Nia_Vardalos/Nia_Vardalos_0003.jpg,True,Nia_Vardalos,Nia_Vardalos/Nia_Vardalos_0004.jpg,True,1
4418,8,Nia_Vardalos,Nia_Vardalos/Nia_Vardalos_0003.jpg,True,Nia_Vardalos,Nia_Vardalos/Nia_Vardalos_0005.jpg,True,1
4419,8,Nicholas_Byron,Nicholas_Byron/Nicholas_Byron_0001.jpg,False,Nicholas_Byron,Nicholas_Byron/Nicholas_Byron_0002.jpg,False,1
4420,8,Nikki_Reed,Nikki_Reed/Nikki_Reed_0001.jpg,False,Nikki_Reed,Nikki_Reed/Nikki_Reed_0002.jpg,False,1
4421,8,Olivia_Newton-John,Olivia_Newton-John/Olivia_Newton-John_0001.jpg,True,Olivia_Newton-John,Olivia_Newton-John/Olivia_Newton-John_0002.jpg,True,1
4422,8,Paradorn_Srichaphan,Paradorn_Srichaphan/Paradorn_Srichaphan_0002.jpg,True,Paradorn_Srichaphan,Paradorn_Srichaphan/Paradorn_Srichaphan_0004.jpg,True,1
4423,8,Paradorn_Srichaphan,Paradorn_Srichaphan/Paradorn_Srichaphan_0004.jpg,True,Paradorn_Srichaphan,Paradorn_Srichaphan/Paradorn_Srichaphan_0005.jpg,True,1
4424,8,Pascal_Quignard,Pascal_Quignard/Pascal_Quignard_0001.jpg,True,Pascal_Quignard,Pascal_Quignard/Pascal_Quignard_0003.jpg,True,1
4425,8,Pascal_Quignard,Pascal_Quignard/Pascal_Quignard_0002.jpg,True,Pascal_Quignard,Pascal_Quignard/Pascal_Quignard_0003.jpg,True,1
4426,8,Patrice_Chereau,Patrice_Chereau/Patrice_Chereau_0001.jpg,False,Patrice_Chereau,Patrice_Chereau/Patrice_Chereau_0002.jpg,False,1
4427,8,Pedro_Malan,Pedro_Malan/Pedro_Malan_0001.jpg,True,Pedro_Malan,Pedro_Malan/Pedro_Malan_0005.jpg,True,1
4428,8,Pedro_Malan,Pedro_Malan/Pedro_Malan_0003.jpg,True,Pedro_Malan,Pedro_Malan/Pedro_Malan_0005.jpg,True,1
4429,8,Peter_Harrison,Peter_Harrison/Peter_Harrison_0001.jpg,True,Peter_Harrison,Peter_Harrison/Peter_Harrison_0002.jpg,True,1
4430,8,Rainer_Schuettler,Rainer_Schuettler/Rainer_Schuettler_0001.jpg,False,Rainer_Schuettler,Rainer_Schuettler/Rainer_Schuettler_0004.jpg,False,1
4431,8,Rainer_Schuettler,Rainer_Schuettler/Rainer_Schuettler_0002.jpg,False,Rainer_Schuettler,Rainer_Schuettler/Rainer_Schuettler_0003.jpg,False,1
4432,8,Rainer_Schuettler,Rainer_Schuettler/Rainer_Schuettler_0002.jpg,False,Rainer_Schuettler,Rainer_Schuettler/Rainer_Schuettler_0004.jpg,False,1
4433,8,Raymond_Odierno,Raymond_Odierno/Raymond_Odierno_0001.jpg,False,Raymond_Odierno,Raymond_Odierno/Raymond_Odierno_0002.jpg,False,1
4434,8,Rebecca_Romijn-Stamos,Rebecca_Romijn-Stamos/Rebecca_Romijn-Stamos_0001.jpg,True,Rebecca_Romijn-Stamos,Rebecca_Romijn-Stamos/Rebecca_Romijn-Stamos_0002.jpg,True,1
4435,8,Rebecca_Romijn-Stamos,Rebecca_Romijn-Stamos/Rebecca_Romijn-Stamos_0001.jpg,True,Rebecca_Romijn-Stamos,Rebecca_Romijn-Stamos/Rebecca_Romijn-Stamos_0003.jpg,True,1
4436,8,Rebecca_Romijn-Stamos,Rebecca_Romijn-Stamos/Rebecca_Romijn-Stamos_0001.jpg,True,Rebecca_Romijn-Stamos,Rebecca_Romijn-Stamos/Rebecca_Romijn-Stamos_0004.jpg,True,1
4437,8,Rebecca_Romijn-Stamos,Rebecca_Romijn-Stamos/Rebecca_Romijn-Stamos_0003.jpg,True,Rebecca_Romijn-Stamos,Rebecca_Romijn-Stamos/Rebecca_Romijn-Stamos_0004.jpg,True,1
4438,8,Richard_Krajicek,Richard_Krajicek/Richard_Krajicek_0001.jpg,False,Richard_Krajicek,Richard_Krajicek/Richard_Krajicek_0003.jpg,False,1
4439,8,Richard_Krajicek,Richard_Krajicek/Richard_Krajicek_0002.jpg,False,Richard_Krajicek,Richard_Krajicek/Richard_Krajicek_0003.jpg,False,1
4440,8,Rick_Santorum,Rick_Santorum/Rick_Santorum_0001.jpg,True,Rick_Santorum,Rick_Santorum/Rick_Santorum_0002.jpg,True,1
4441,8,Rick_Santorum,Rick_Santorum/Rick_Santorum_0001.jpg,True,Rick_Santorum,Rick_Santorum/Rick_Santorum_0003.jpg,True,1
4442,8,Rick_Santorum,Rick_Santorum/Rick_Santorum_0002.jpg,True,Rick_Santorum,Rick_Santorum/Rick_Santorum_0003.jpg,True,1
4443,8,Rick_Stansbury,Rick_Stansbury/Rick_Stansbury_0002.jpg,False,Rick_Stansbury,Rick_Stansbury/Rick_Stansbury_0003.jpg,False,1
4444,8,Rob_Marshall,Rob_Marshall/Rob_Marshall_0001.jpg,False,Rob_Marshall,Rob_Marshall/Rob_Marshall_0003.jpg,False,1
4445,8,Rob_Marshall,Rob_Marshall/Rob_Marshall_0001.jpg,False,Rob_Marshall,Rob_Marshall/Rob_Marshall_0006.jpg,False,1
4446,8,Rob_Marshall,Rob_Marshall/Rob_Marshall_0002.jpg,False,Rob_Marshall,Rob_Marshall/Rob_Marshall_0004.jpg,False,1
4447,8,Robert_Blackwill,Robert_Blackwill/Robert_Blackwill_0001.jpg,False,Robert_Blackwill,Robert_Blackwill/Robert_Blackwill_0002.jpg,False,1
4448,8,Robert_Duvall,Robert_Duvall/Robert_Duvall_0002.jpg,True,Robert_Duvall,Robert_Duvall/Robert_Duvall_0008.jpg,True,1
4449,8,Robert_Horan,Robert_Horan/Robert_Horan_0001.jpg,False,Robert_Horan,Robert_Horan/Robert_Horan_0002.jpg,False,1
4450,8,Robert_Redford,Robert_Redford/Robert_Redford_0003.jpg,True,Robert_Redford,Robert_Redford/Robert_Redford_0004.jpg,True,1
4451,8,Robert_Redford,Robert_Redford/Robert_Redford_0007.jpg,True,Robert_Redford,Robert_Redford/Robert_Redford_0008.jpg,True,1
4452,8,Robinson_Stevenin,Robinson_Stevenin/Robinson_Stevenin_0001.jpg,False,Robinson_Stevenin,Robinson_Stevenin/Robinson_Stevenin_0002.jpg,False,1
4453,8,Roger_Clemens,Roger_Clemens/Roger_Clemens_0001.jpg,False,Roger_Clemens,Roger_Clemens/Roger_Clemens_0002.jpg,False,1
4454,8,Sadie_Frost,Sadie_Frost/Sadie_Frost_0001.jpg,True,Sadie_Frost,Sadie_Frost/Sadie_Frost_0002.jpg,True,1
4455,8,Saparmurat_Niyazov,Saparmurat_Niyazov/Saparmurat_Niyazov_0001.jpg,True,Saparmurat_Niyazov,Saparmurat_Niyazov/Saparmurat_Niyazov_0002.jpg,True,1
4456,8,Sarah_Michelle_Gellar,Sarah_Michelle_Gellar/Sarah_Michelle_Gellar_0001.jpg,True,Sarah_Michelle_Gellar,Sarah_Michelle_Gellar/Sarah_Michelle_Gellar_0002.jpg,True,1
4457,8,Sarah_Michelle_Gellar,Sarah_Michelle_Gellar/Sarah_Michelle_Gellar_0001.jpg,True,Sarah_Michelle_Gellar,Sarah_Michelle_Gellar/Sarah_Michelle_Gellar_0003.jpg,True,1
4458,8,Sarah_Michelle_Gellar,Sarah_Michelle_Gellar/Sarah_Michelle_Gellar_0002.jpg,True,Sarah_Michelle_Gellar,Sarah_Michelle_Gellar/Sarah_Michelle_Gellar_0003.jpg,True,1
4459,8,Serena_Williams,Serena_Williams/Serena_Williams_0001.jpg,True,Serena_Williams,Serena_Williams/Serena_Williams_0041.jpg,True,1
4460,8,Serena_Williams,Serena_Williams/Serena_Williams_0003.jpg,True,Serena_Williams,Serena_Williams/Serena_Williams_0032.jpg,True,1
4461,8,Serena_Williams,Serena_Williams/Serena_Williams_0014.jpg,True,Serena_Williams,Serena_Williams/Serena_Williams_0040.jpg,True,1
4462,8,Serena_Williams,Serena_Williams/Serena_Williams_0041.jpg,True,Serena_Williams,Serena_Williams/Serena_Williams_0047.jpg,True,1
4463,8,Sergey_Lavrov,Sergey_Lavrov/Sergey_Lavrov_0001.jpg,True,Sergey_Lavrov,Sergey_Lavrov/Sergey_Lavrov_0003.jpg,True,1
4464,8,Sergey_Lavrov,Sergey_Lavrov/Sergey_Lavrov_0001.jpg,True,Sergey_Lavrov,Sergey_Lavrov/Sergey_Lavrov_0006.jpg,True,1
4465,8,Sergey_Lavrov,Sergey_Lavrov/Sergey_Lavrov_0002.jpg,True,Sergey_Lavrov,Sergey_Lavrov/Sergey_Lavrov_0004.jpg,True,1
4466,8,Sergey_Lavrov,Sergey_Lavrov/Sergey_Lavrov_0003.jpg,True,Sergey_Lavrov,Sergey_Lavrov/Sergey_Lavrov_0005.jpg,True,1
4467,8,Sergey_Lavrov,Sergey_Lavrov/Sergey_Lavrov_0003.jpg,True,Sergey_Lavrov,Sergey_Lavrov/Sergey_Lavrov_0007.jpg,True,1
4468,8,Sergey_Lavrov,Sergey_Lavrov/Sergey_Lavrov_0004.jpg,True,Sergey_Lavrov,Sergey_Lavrov/Sergey_Lavrov_0008.jpg,True,1
4469,8,Shane_Mosley,Shane_Mosley/Shane_Mosley_0001.jpg,False,Shane_Mosley,Shane_Mosley/Shane_Mosley_0002.jpg,False,1
4470,8,Sheila_Copps,Sheila_Copps/Sheila_Copps_0002.jpg,False,Sheila_Copps,Sheila_Copps/Sheila_Copps_0003.jpg,False,1
4471,8,Sheila_Copps,Sheila_Copps/Sheila_Copps_0003.jpg,False,Sheila_Copps,Sheila_Copps/Sheila_Copps_0004.jpg,False,1
4472,8,Shia_LaBeouf,Shia_LaBeouf/Shia_LaBeouf_0001.jpg,False,Shia_LaBeouf,Shia_LaBeouf/Shia_LaBeouf_0002.jpg,False,1
4473,8,Steve_Nash,Steve_Nash/Steve_Nash_0001.jpg,False,Steve_Nash,Steve_Nash/Steve_Nash_0003.jpg,False,1
4474,8,Steve_Nash,Steve_Nash/Steve_Nash_0001.jpg,False,Steve_Nash,Steve_Nash/Steve_Nash_0004.jpg,False,1
4475,8,Steve_Nash,Steve_Nash/Steve_Nash_0002.jpg,False,Steve_Nash,Steve_Nash/Steve_Nash_0004.jpg,False,1
4476,8,Steve_Nash,Steve_Nash/Steve_Nash_0002.jpg,False,Steve_Nash,Steve_Nash/Steve_Nash_0005.jpg,False,1
4477,8,Steve_Spurrier,Steve_Spurrier/Steve_Spurrier_0001.jpg,True,Steve_Spurrier,Steve_Spurrier/Steve_Spurrier_0002.jpg,True,1
4478,8,Steve_Waugh,Steve_Waugh/Steve_Waugh_0001.jpg,True,Steve_Waugh,Steve_Waugh/Steve_Waugh_0002.jpg,True,1
4479,8,Susilo_Bambang_Yudhoyono,Susilo_Bambang_Yudhoyono/Susilo_Bambang_Yudhoyono_0001.jpg,True,Susilo_Bambang_Yudhoyono,Susilo_Bambang_Yudhoyono/Susilo_Bambang_Yudhoyono_0002.jpg,True,1
4480,8,Susilo_Bambang_Yudhoyono,Susilo_Bambang_Yudhoyono/Susilo_Bambang_Yudhoyono_0001.jpg,True,Susilo_Bambang_Yudhoyono,Susilo_Bambang_Yudhoyono/Susilo_Bambang_Yudhoyono_0003.jpg,True,1
4481,8,Susilo_Bambang_Yudhoyono,Susilo_Bambang_Yudhoyono/Susilo_Bambang_Yudhoyono_0001.jpg,True,Susilo_Bambang_Yudhoyono,Susilo_Bambang_Yudhoyono/Susilo_Bambang_Yudhoyono_0004.jpg,True,1
4482,8,Susilo_Bambang_Yudhoyono,Susilo_Bambang_Yudhoyono/Susilo_Bambang_Yudhoyono_0003.jpg,True,Susilo_Bambang_Yudhoyono,Susilo_Bambang_Yudhoyono/Susilo_Bambang_Yudhoyono_0004.jpg,True,1
4483,8,Suzanne_Gaudet,Suzanne_Gaudet/Suzanne_Gaudet_0001.jpg,False,Suzanne_Gaudet,Suzanne_Gaudet/Suzanne_Gaudet_0002.jpg,False,1
4484,8,Thomas_Bjorn,Thomas_Bjorn/Thomas_Bjorn_0001.jpg,True,Thomas_Bjorn,Thomas_Bjorn/Thomas_Bjorn_0002.jpg,True,1
4485,8,Tim_Conway,Tim_Conway/Tim_Conway_0001.jpg,False,Tim_Conway,Tim_Conway/Tim_Conway_0002.jpg,False,1
4486,8,Tim_Conway,Tim_Conway/Tim_Conway_0001.jpg,False,Tim_Conway,Tim_Conway/Tim_Conway_0003.jpg,False,1
4487,8,Tim_Robbins,Tim_Robbins/Tim_Robbins_0001.jpg,False,Tim_Robbins,Tim_Robbins/Tim_Robbins_0005.jpg,False,1
4488,8,Tim_Robbins,Tim_Robbins/Tim_Robbins_0002.jpg,False,Tim_Robbins,Tim_Robbins/Tim_Robbins_0004.jpg,False,1
4489,8,Tim_Robbins,Tim_Robbins/Tim_Robbins_0003.jpg,False,Tim_Robbins,Tim_Robbins/Tim_Robbins_0005.jpg,False,1
4490,8,Tom_Craddick,Tom_Craddick/Tom_Craddick_0001.jpg,False,Tom_Craddick,Tom_Craddick/Tom_Craddick_0003.jpg,False,1
4491,8,Tom_Craddick,Tom_Craddick/Tom_Craddick_0002.jpg,False,Tom_Craddick,Tom_Craddick/Tom_Craddick_0004.jpg,False,1
4492,8,Tom_Craddick,Tom_Craddick/Tom_Craddick_0003.jpg,False,Tom_Craddick,Tom_Craddick/Tom_Craddick_0004.jpg,False,1
4493,8,Tracee_Ellis_Ross,Tracee_Ellis_Ross/Tracee_Ellis_Ross_0001.jpg,False,Tracee_Ellis_Ross,Tracee_Ellis_Ross/Tracee_Ellis_Ross_0002.jpg,False,1
4494,8,Venus_Williams,Venus_Williams/Venus_Williams_0002.jpg,True,Venus_Williams,Venus_Williams/Venus_Williams_0009.jpg,True,1
4495,8,Vivica_Fox,Vivica_Fox/Vivica_Fox_0001.jpg,False,Vivica_Fox,Vivica_Fox/Vivica_Fox_0002.jpg,False,1
4496,8,William_Ford_Jr,William_Ford_Jr/William_Ford_Jr_0001.jpg,True,William_Ford_Jr,William_Ford_Jr/William_Ford_Jr_0002.jpg,True,1
4497,8,William_Ford_Jr,William_Ford_Jr/William_Ford_Jr_0002.jpg,True,William_Ford_Jr,William_Ford_Jr/William_Ford_Jr_0006.jpg,True,1
4498,8,William_Ford_Jr,William_Ford_Jr/William_Ford_Jr_0005.jpg,True,William_Ford_Jr,William_Ford_Jr/William_Ford_Jr_0006.jpg,True,1
4499,8,William_Rehnquist,William_Rehnquist/William_Rehnquist_0001.jpg,False,William_Rehnquist,William_Rehnquist/William_Rehnquist_0002.jpg,False,1
4500,8,Yossi_Beilin,Yossi_Beilin/Yossi_Beilin_0001.jpg,True,Yossi_Beilin,Yossi_Beilin/Yossi_Beilin_0002.jpg,True,1
4501,8,Aaron_Eckhart,Aaron_Eckhart/Aaron_Eckhart_0001.jpg,False,Akiko_Morigami,Akiko_Morigami/Akiko_Morigami_0001.jpg,False,0
4502,8,Aaron_Eckhart,Aaron_Eckhart/Aaron_Eckhart_0001.jpg,False,AnFernce_Negron,AnFernce_Negron/AnFernce_Negron_0001.jpg,False,0
4503,8,Aaron_Eckhart,Aaron_Eckhart/Aaron_Eckhart_0001.jpg,False,Sadie_Frost,Sadie_Frost/Sadie_Frost_0001.jpg,True,0
4504,8,Abdel_Aziz_Al-Hakim,Abdel_Aziz_Al-Hakim/Abdel_Aziz_Al-Hakim_0001.jpg,False,Joe_Darrell,Joe_Darrell/Joe_Darrell_0001.jpg,False,0
4505,8,Abdullah_al-Attiyah,Abdullah_al-Attiyah/Abdullah_al-Attiyah_0001.jpg,True,Rachel_Wadsworth,Rachel_Wadsworth/Rachel_Wadsworth_0001.jpg,True,0
4506,8,Abdullah_al-Attiyah,Abdullah_al-Attiyah/Abdullah_al-Attiyah_0002.jpg,True,John_Lisowski,John_Lisowski/John_Lisowski_0001.jpg,True,0
4507,8,Abraham_Foxman,Abraham_Foxman/Abraham_Foxman_0001.jpg,False,Doug_Melvin,Doug_Melvin/Doug_Melvin_0002.jpg,True,0
4508,8,Abraham_Foxman,Abraham_Foxman/Abraham_Foxman_0001.jpg,False,Nikki_Reed,Nikki_Reed/Nikki_Reed_0001.jpg,False,0
4509,8,Adam_Rich,Adam_Rich/Adam_Rich_0001.jpg,True,Jean-Claude_Trichet,Jean-Claude_Trichet/Jean-Claude_Trichet_0001.jpg,False,0
4510,8,Adam_Rich,Adam_Rich/Adam_Rich_0001.jpg,True,John_Goold,John_Goold/John_Goold_0001.jpg,False,0
4511,8,Adam_Rich,Adam_Rich/Adam_Rich_0001.jpg,True,Lisa_Girman,Lisa_Girman/Lisa_Girman_0001.jpg,False,0
4512,8,Adam_Rich,Adam_Rich/Adam_Rich_0001.jpg,True,Roger_Clemens,Roger_Clemens/Roger_Clemens_0001.jpg,False,0
4513,8,Adam_Rich,Adam_Rich/Adam_Rich_0001.jpg,True,Suzanne_Somers,Suzanne_Somers/Suzanne_Somers_0001.jpg,False,0
4514,8,Adrian_Fernandez,Adrian_Fernandez/Adrian_Fernandez_0001.jpg,False,Nicolas_Massu,Nicolas_Massu/Nicolas_Massu_0001.jpg,False,0
4515,8,Aiysha_Smith,Aiysha_Smith/Aiysha_Smith_0001.jpg,False,Yossi_Beilin,Yossi_Beilin/Yossi_Beilin_0001.jpg,True,0
4516,8,Akiko_Morigami,Akiko_Morigami/Akiko_Morigami_0001.jpg,False,Shane_Mosley,Shane_Mosley/Shane_Mosley_0001.jpg,False,0
4517,8,Alastair_Johnston,Alastair_Johnston/Alastair_Johnston_0001.jpg,False,Aleksander_Kwasniewski,Aleksander_Kwasniewski/Aleksander_Kwasniewski_0004.jpg,False,0
4518,8,Alastair_Johnston,Alastair_Johnston/Alastair_Johnston_0001.jpg,False,Bill_Duffey,Bill_Duffey/Bill_Duffey_0001.jpg,False,0
4519,8,Albert_Brooks,Albert_Brooks/Albert_Brooks_0001.jpg,False,Robinson_Stevenin,Robinson_Stevenin/Robinson_Stevenin_0001.jpg,False,0
4520,8,Albert_Brooks,Albert_Brooks/Albert_Brooks_0001.jpg,False,Sheila_Copps,Sheila_Copps/Sheila_Copps_0003.jpg,False,0
4521,8,Aleksander_Kwasniewski,Aleksander_Kwasniewski/Aleksander_Kwasniewski_0001.jpg,False,Guangdong_Ou_Guangyuan,Guangdong_Ou_Guangyuan/Guangdong_Ou_Guangyuan_0001.jpg,True,0
4522,8,Aleksander_Kwasniewski,Aleksander_Kwasniewski/Aleksander_Kwasniewski_0002.jpg,False,George_Plimpton,George_Plimpton/George_Plimpton_0001.jpg,False,0
4523,8,Aleksander_Kwasniewski,Aleksander_Kwasniewski/Aleksander_Kwasniewski_0002.jpg,False,Juan_Jose_Lucas,Juan_Jose_Lucas/Juan_Jose_Lucas_0001.jpg,False,0
4524,8,Aleksander_Kwasniewski,Aleksander_Kwasniewski/Aleksander_Kwasniewski_0003.jpg,False,Billy_Crawford,Billy_Crawford/Billy_Crawford_0001.jpg,False,0
4525,8,Aleksander_Voloshin,Aleksander_Voloshin/Aleksander_Voloshin_0001.jpg,False,Kristen_Rivera,Kristen_Rivera/Kristen_Rivera_0001.jpg,False,0
4526,8,Alessandro_Nesta,Alessandro_Nesta/Alessandro_Nesta_0001.jpg,True,Paul_Kelleher,Paul_Kelleher/Paul_Kelleher_0001.jpg,True,0
4527,8,Alfredo_di_Stefano,Alfredo_di_Stefano/Alfredo_di_Stefano_0001.jpg,False,Chris_Moore,Chris_Moore/Chris_Moore_0001.jpg,False,0
4528,8,Alfredo_di_Stefano,Alfredo_di_Stefano/Alfredo_di_Stefano_0001.jpg,False,Maryn_McKenna,Maryn_McKenna/Maryn_McKenna_0001.jpg,False,0
4529,8,Alfredo_di_Stefano,Alfredo_di_Stefano/Alfredo_di_Stefano_0001.jpg,False,Shamai_Leibowitz,Shamai_Leibowitz/Shamai_Leibowitz_0001.jpg,True,0
4530,8,Ali_Naimi,Ali_Naimi/Ali_Naimi_0005.jpg,True,Morris_Dees,Morris_Dees/Morris_Dees_0001.jpg,False,0
4531,8,Aline_Chretien,Aline_Chretien/Aline_Chretien_0001.jpg,True,Guillermo_Coria,Guillermo_Coria/Guillermo_Coria_0017.jpg,False,0
4532,8,Amy_Yasbeck,Amy_Yasbeck/Amy_Yasbeck_0001.jpg,False,Chawki_Armali,Chawki_Armali/Chawki_Armali_0001.jpg,False,0
4533,8,AnFernce_Negron,AnFernce_Negron/AnFernce_Negron_0001.jpg,False,Kristen_Rivera,Kristen_Rivera/Kristen_Rivera_0001.jpg,False,0
4534,8,Andrew_Cuomo,Andrew_Cuomo/Andrew_Cuomo_0002.jpg,True,Todd_Petit,Todd_Petit/Todd_Petit_0001.jpg,False,0
4535,8,Anil_Ramsook,Anil_Ramsook/Anil_Ramsook_0001.jpg,False,Takeo_Hiranuma,Takeo_Hiranuma/Takeo_Hiranuma_0001.jpg,False,0
4536,8,Annie_Chaplin,Annie_Chaplin/Annie_Chaplin_0001.jpg,False,Charles_Tannok,Charles_Tannok/Charles_Tannok_0001.jpg,False,0
4537,8,Antanas_Valionis,Antanas_Valionis/Antanas_Valionis_0001.jpg,False,William_Rehnquist,William_Rehnquist/William_Rehnquist_0001.jpg,False,0
4538,8,Avril_Lavigne,Avril_Lavigne/Avril_Lavigne_0001.jpg,False,Shia_LaBeouf,Shia_LaBeouf/Shia_LaBeouf_0002.jpg,False,0
4539,8,Barbara_Becker,Barbara_Becker/Barbara_Becker_0001.jpg,False,Chris_Noth,Chris_Noth/Chris_Noth_0001.jpg,True,0
4540,8,Barbara_Becker,Barbara_Becker/Barbara_Becker_0001.jpg,False,Franz_Beckenbauer,Franz_Beckenbauer/Franz_Beckenbauer_0002.jpg,False,0
4541,8,Barbora_Strycova,Barbora_Strycova/Barbora_Strycova_0001.jpg,False,Christiane_Wulff,Christiane_Wulff/Christiane_Wulff_0001.jpg,False,0
4542,8,Barry_Diller,Barry_Diller/Barry_Diller_0001.jpg,False,Meles_Zenawi,Meles_Zenawi/Meles_Zenawi_0001.jpg,False,0
4543,8,Bartosz_Kizierowski,Bartosz_Kizierowski/Bartosz_Kizierowski_0001.jpg,False,Faye_Wong,Faye_Wong/Faye_Wong_0001.jpg,False,0
4544,8,Ben_Wallace,Ben_Wallace/Ben_Wallace_0001.jpg,True,Nia_Vardalos,Nia_Vardalos/Nia_Vardalos_0005.jpg,True,0
4545,8,Bernard_Lord,Bernard_Lord/Bernard_Lord_0001.jpg,True,Joxel_Garcia,Joxel_Garcia/Joxel_Garcia_0001.jpg,False,0
4546,8,Bernard_Lord,Bernard_Lord/Bernard_Lord_0002.jpg,True,Bing_Crosby,Bing_Crosby/Bing_Crosby_0001.jpg,False,0
4547,8,Beyonce_Knowles,Beyonce_Knowles/Beyonce_Knowles_0001.jpg,False,Maurice_Papon,Maurice_Papon/Maurice_Papon_0001.jpg,True,0
4548,8,Bill_Duffey,Bill_Duffey/Bill_Duffey_0001.jpg,False,Jong_Wook_Lee,Jong_Wook_Lee/Jong_Wook_Lee_0001.jpg,False,0
4549,8,Bill_Guerin,Bill_Guerin/Bill_Guerin_0001.jpg,False,Julie_Goodenough,Julie_Goodenough/Julie_Goodenough_0001.jpg,True,0
4550,8,Bill_Herrion,Bill_Herrion/Bill_Herrion_0001.jpg,True,Fernando_Valenzuela,Fernando_Valenzuela/Fernando_Valenzuela_0001.jpg,False,0
4551,8,Bill_Herrion,Bill_Herrion/Bill_Herrion_0001.jpg,True,Johnny_Unitas,Johnny_Unitas/Johnny_Unitas_0002.jpg,True,0
4552,8,Bill_Richardson,Bill_Richardson/Bill_Richardson_0001.jpg,False,George_McCloud,George_McCloud/George_McCloud_0001.jpg,True,0
4553,8,Billy_Andrade,Billy_Andrade/Billy_Andrade_0001.jpg,False,Kellie_Coffey,Kellie_Coffey/Kellie_Coffey_0001.jpg,False,0
4554,8,Billy_Crawford,Billy_Crawford/Billy_Crawford_0001.jpg,False,Jim_Edmonds,Jim_Edmonds/Jim_Edmonds_0002.jpg,True,0
4555,8,Billy_Edelin,Billy_Edelin/Billy_Edelin_0001.jpg,False,Himmler_Rebu,Himmler_Rebu/Himmler_Rebu_0001.jpg,False,0
4556,8,Bing_Crosby,Bing_Crosby/Bing_Crosby_0001.jpg,False,Stephen_Webster,Stephen_Webster/Stephen_Webster_0001.jpg,True,0
4557,8,Bixente_LIzarazu,Bixente_LIzarazu/Bixente_LIzarazu_0001.jpg,False,Chris_Bell,Chris_Bell/Chris_Bell_0002.jpg,False,0
4558,8,Bixente_LIzarazu,Bixente_LIzarazu/Bixente_LIzarazu_0001.jpg,False,Todd_Wike,Todd_Wike/Todd_Wike_0001.jpg,True,0
4559,8,Blythe_Danner,Blythe_Danner/Blythe_Danner_0002.jpg,True,Hank_McKinnell,Hank_McKinnell/Hank_McKinnell_0001.jpg,False,0
4560,8,Bob_Eskridge,Bob_Eskridge/Bob_Eskridge_0001.jpg,False,Marco_Pantani,Marco_Pantani/Marco_Pantani_0001.jpg,True,0
4561,8,Bob_Hartley,Bob_Hartley/Bob_Hartley_0001.jpg,True,Lou_Piniella,Lou_Piniella/Lou_Piniella_0003.jpg,True,0
4562,8,Bob_Krueger,Bob_Krueger/Bob_Krueger_0001.jpg,False,Gordana_Grubin,Gordana_Grubin/Gordana_Grubin_0001.jpg,True,0
4563,8,Bob_Krueger,Bob_Krueger/Bob_Krueger_0001.jpg,False,Mariana_Pollack,Mariana_Pollack/Mariana_Pollack_0001.jpg,True,0
4564,8,Bob_Sulkin,Bob_Sulkin/Bob_Sulkin_0001.jpg,False,Branko_Crvenkovski,Branko_Crvenkovski/Branko_Crvenkovski_0003.jpg,True,0
4565,8,Bobby_Kielty,Bobby_Kielty/Bobby_Kielty_0001.jpg,False,Robert_Horan,Robert_Horan/Robert_Horan_0002.jpg,False,0
4566,8,Brajesh_Mishra,Brajesh_Mishra/Brajesh_Mishra_0001.jpg,False,Mark_Podlesny,Mark_Podlesny/Mark_Podlesny_0001.jpg,True,0
4567,8,Brandon_Knight,Brandon_Knight/Brandon_Knight_0001.jpg,False,Claudia_Cardinale,Claudia_Cardinale/Claudia_Cardinale_0001.jpg,False,0
4568,8,Brandon_Knight,Brandon_Knight/Brandon_Knight_0001.jpg,False,Phil_Donahue,Phil_Donahue/Phil_Donahue_0001.jpg,True,0
4569,8,Brandon_Lloyd,Brandon_Lloyd/Brandon_Lloyd_0001.jpg,True,Cha_Yung-gu,Cha_Yung-gu/Cha_Yung-gu_0001.jpg,False,0
4570,8,Brandon_Lloyd,Brandon_Lloyd/Brandon_Lloyd_0001.jpg,True,James_Coburn,James_Coburn/James_Coburn_0001.jpg,False,0
4571,8,Brian_Schneider,Brian_Schneider/Brian_Schneider_0001.jpg,True,Michael_Rolinee,Michael_Rolinee/Michael_Rolinee_0001.jpg,False,0
4572,8,Bruce_Springsteen,Bruce_Springsteen/Bruce_Springsteen_0004.jpg,True,Ion_Tiriac,Ion_Tiriac/Ion_Tiriac_0001.jpg,False,0
4573,8,Cameron_Diaz,Cameron_Diaz/Cameron_Diaz_0002.jpg,True,Shia_LaBeouf,Shia_LaBeouf/Shia_LaBeouf_0001.jpg,False,0
4574,8,Cameron_Diaz,Cameron_Diaz/Cameron_Diaz_0005.jpg,True,Nadia_Petrova,Nadia_Petrova/Nadia_Petrova_0002.jpg,False,0
4575,8,Carla_Gugino,Carla_Gugino/Carla_Gugino_0001.jpg,True,Kelly_Osbourne,Kelly_Osbourne/Kelly_Osbourne_0001.jpg,True,0
4576,8,Carla_Gugino,Carla_Gugino/Carla_Gugino_0001.jpg,True,Kenny_Chesney,Kenny_Chesney/Kenny_Chesney_0001.jpg,True,0
4577,8,Carla_Gugino,Carla_Gugino/Carla_Gugino_0001.jpg,True,Michael_Douglas,Michael_Douglas/Michael_Douglas_0003.jpg,True,0
4578,8,Carla_Gugino,Carla_Gugino/Carla_Gugino_0001.jpg,True,Miguel_Aldana_Ibarra,Miguel_Aldana_Ibarra/Miguel_Aldana_Ibarra_0001.jpg,True,0
4579,8,Carlos_Fasciolo,Carlos_Fasciolo/Carlos_Fasciolo_0001.jpg,False,Debbie_Allen,Debbie_Allen/Debbie_Allen_0001.jpg,True,0
4580,8,Carol_Williams,Carol_Williams/Carol_Williams_0001.jpg,True,Gorden_Tallis,Gorden_Tallis/Gorden_Tallis_0001.jpg,True,0
4581,8,Carrie-Anne_Moss,Carrie-Anne_Moss/Carrie-Anne_Moss_0002.jpg,False,Horacio_Julio_Pina,Horacio_Julio_Pina/Horacio_Julio_Pina_0001.jpg,False,0
4582,8,Carrie-Anne_Moss,Carrie-Anne_Moss/Carrie-Anne_Moss_0004.jpg,False,Michael_Goldrich,Michael_Goldrich/Michael_Goldrich_0001.jpg,False,0
4583,8,Casey_Crowder,Casey_Crowder/Casey_Crowder_0001.jpg,True,Keiko_Sofia_Fujimori,Keiko_Sofia_Fujimori/Keiko_Sofia_Fujimori_0001.jpg,False,0
4584,8,Casey_Crowder,Casey_Crowder/Casey_Crowder_0001.jpg,True,Phoenix_Chang,Phoenix_Chang/Phoenix_Chang_0001.jpg,False,0
4585,8,Cha_Yung-gu,Cha_Yung-gu/Cha_Yung-gu_0001.jpg,False,Takeo_Hiranuma,Takeo_Hiranuma/Takeo_Hiranuma_0001.jpg,False,0
4586,8,Charlene_Barshefsky,Charlene_Barshefsky/Charlene_Barshefsky_0001.jpg,False,James_Coburn,James_Coburn/James_Coburn_0001.jpg,False,0
4587,8,Charles_Tannok,Charles_Tannok/Charles_Tannok_0001.jpg,False,Larry_Coker,Larry_Coker/Larry_Coker_0004.jpg,True,0
4588,8,Charlie_Hunnam,Charlie_Hunnam/Charlie_Hunnam_0001.jpg,True,Hestrie_Cloette,Hestrie_Cloette/Hestrie_Cloette_0001.jpg,False,0
4589,8,Charlie_Hunnam,Charlie_Hunnam/Charlie_Hunnam_0001.jpg,True,Veronica_Lake,Veronica_Lake/Veronica_Lake_0001.jpg,True,0
4590,8,Charlton_Heston,Charlton_Heston/Charlton_Heston_0004.jpg,True,Desiree_Lemosi,Desiree_Lemosi/Desiree_Lemosi_0001.jpg,False,0
4591,8,Chawki_Armali,Chawki_Armali/Chawki_Armali_0001.jpg,False,Shoshannah_Stern,Shoshannah_Stern/Shoshannah_Stern_0001.jpg,False,0
4592,8,Chris_Bell,Chris_Bell/Chris_Bell_0002.jpg,False,Pharrell_Williams,Pharrell_Williams/Pharrell_Williams_0001.jpg,False,0
4593,8,Chris_Forsyth,Chris_Forsyth/Chris_Forsyth_0001.jpg,False,Nikki_Reed,Nikki_Reed/Nikki_Reed_0002.jpg,False,0
4594,8,Chris_Neil,Chris_Neil/Chris_Neil_0001.jpg,False,John_Kerry,John_Kerry/John_Kerry_0014.jpg,True,0
4595,8,Chris_Noth,Chris_Noth/Chris_Noth_0001.jpg,True,Takeshi_Kitano,Takeshi_Kitano/Takeshi_Kitano_0001.jpg,True,0
4596,8,Christine_Arron,Christine_Arron/Christine_Arron_0001.jpg,False,Robert_Duvall,Robert_Duvall/Robert_Duvall_0005.jpg,True,0
4597,8,Christine_Arron,Christine_Arron/Christine_Arron_0001.jpg,False,Steve_McManaman,Steve_McManaman/Steve_McManaman_0001.jpg,False,0
4598,8,Chuck_Hagel,Chuck_Hagel/Chuck_Hagel_0001.jpg,False,Jeff_Roehm,Jeff_Roehm/Jeff_Roehm_0001.jpg,True,0
4599,8,Chuck_Hagel,Chuck_Hagel/Chuck_Hagel_0001.jpg,False,Margaret_Hasley,Margaret_Hasley/Margaret_Hasley_0001.jpg,True,0
4600,8,Chuck_Hagel,Chuck_Hagel/Chuck_Hagel_0001.jpg,False,Sebastian_Porto,Sebastian_Porto/Sebastian_Porto_0001.jpg,True,0
4601,8,Cliff_Ellis,Cliff_Ellis/Cliff_Ellis_0001.jpg,False,John_Lisowski,John_Lisowski/John_Lisowski_0001.jpg,True,0
4602,8,Clifford_Etienne,Clifford_Etienne/Clifford_Etienne_0001.jpg,False,Pharrell_Williams,Pharrell_Williams/Pharrell_Williams_0001.jpg,False,0
4603,8,Clifford_Etienne,Clifford_Etienne/Clifford_Etienne_0001.jpg,False,Ray_Lewis,Ray_Lewis/Ray_Lewis_0001.jpg,False,0
4604,8,Clive_Lloyd,Clive_Lloyd/Clive_Lloyd_0001.jpg,False,Harland_Braun,Harland_Braun/Harland_Braun_0001.jpg,False,0
4605,8,Colin_Montgomerie,Colin_Montgomerie/Colin_Montgomerie_0001.jpg,True,Horacio_Julio_Pina,Horacio_Julio_Pina/Horacio_Julio_Pina_0001.jpg,False,0
4606,8,Daniel_Montenegro,Daniel_Montenegro/Daniel_Montenegro_0001.jpg,False,Gustavo_Cisneros,Gustavo_Cisneros/Gustavo_Cisneros_0001.jpg,True,0
4607,8,Daniel_Montenegro,Daniel_Montenegro/Daniel_Montenegro_0001.jpg,False,Nadia_Petrova,Nadia_Petrova/Nadia_Petrova_0004.jpg,False,0
4608,8,Daniel_Montenegro,Daniel_Montenegro/Daniel_Montenegro_0001.jpg,False,Omar_Khan_Sharif,Omar_Khan_Sharif/Omar_Khan_Sharif_0001.jpg,False,0
4609,8,Daniel_Montenegro,Daniel_Montenegro/Daniel_Montenegro_0001.jpg,False,Rick_Santorum,Rick_Santorum/Rick_Santorum_0001.jpg,True,0
4610,8,Danny_Glover,Danny_Glover/Danny_Glover_0001.jpg,False,Morris_Dees,Morris_Dees/Morris_Dees_0001.jpg,False,0
4611,8,Danny_Glover,Danny_Glover/Danny_Glover_0001.jpg,False,Patrice_Chereau,Patrice_Chereau/Patrice_Chereau_0002.jpg,False,0
4612,8,David_Trimble,David_Trimble/David_Trimble_0004.jpg,True,John_Elway,John_Elway/John_Elway_0001.jpg,False,0
4613,8,David_Wolf,David_Wolf/David_Wolf_0002.jpg,True,Emanuel_Ginobili,Emanuel_Ginobili/Emanuel_Ginobili_0004.jpg,False,0
4614,8,David_Wolf,David_Wolf/David_Wolf_0002.jpg,True,Kathleen_Glynn,Kathleen_Glynn/Kathleen_Glynn_0002.jpg,False,0
4615,8,David_Wolf,David_Wolf/David_Wolf_0002.jpg,True,Venus_Williams,Venus_Williams/Venus_Williams_0006.jpg,True,0
4616,8,Debbie_Allen,Debbie_Allen/Debbie_Allen_0001.jpg,True,Sebastian_Cuattrin,Sebastian_Cuattrin/Sebastian_Cuattrin_0001.jpg,False,0
4617,8,Demetrius_Ferraciu,Demetrius_Ferraciu/Demetrius_Ferraciu_0002.jpg,True,Edward_Seaga,Edward_Seaga/Edward_Seaga_0001.jpg,True,0
4618,8,Denise_Johnson,Denise_Johnson/Denise_Johnson_0001.jpg,True,Nikki_Cascone,Nikki_Cascone/Nikki_Cascone_0001.jpg,True,0
4619,8,Denise_Johnson,Denise_Johnson/Denise_Johnson_0002.jpg,True,Emanuel_Ginobili,Emanuel_Ginobili/Emanuel_Ginobili_0003.jpg,False,0
4620,8,Denise_Johnson,Denise_Johnson/Denise_Johnson_0002.jpg,True,Filippo_Inzaghi,Filippo_Inzaghi/Filippo_Inzaghi_0002.jpg,True,0
4621,8,Dennis_Powell,Dennis_Powell/Dennis_Powell_0001.jpg,False,Horst_Koehler,Horst_Koehler/Horst_Koehler_0003.jpg,True,0
4622,8,Dennis_Powell,Dennis_Powell/Dennis_Powell_0001.jpg,False,Michael_Chiklis,Michael_Chiklis/Michael_Chiklis_0002.jpg,True,0
4623,8,Desiree_Lemosi,Desiree_Lemosi/Desiree_Lemosi_0002.jpg,False,Dion_Glover,Dion_Glover/Dion_Glover_0001.jpg,True,0
4624,8,Dion_Glover,Dion_Glover/Dion_Glover_0001.jpg,True,Michael_Weiss,Michael_Weiss/Michael_Weiss_0001.jpg,False,0
4625,8,Doug_Melvin,Doug_Melvin/Doug_Melvin_0001.jpg,True,Gustavo_Cisneros,Gustavo_Cisneros/Gustavo_Cisneros_0001.jpg,True,0
4626,8,Doug_Melvin,Doug_Melvin/Doug_Melvin_0003.jpg,True,Emma_Nicholson,Emma_Nicholson/Emma_Nicholson_0001.jpg,False,0
4627,8,Doug_Racine,Doug_Racine/Doug_Racine_0001.jpg,True,Marisol_Breton,Marisol_Breton/Marisol_Breton_0001.jpg,False,0
4628,8,Ed_Book,Ed_Book/Ed_Book_0001.jpg,True,Nur_Jaafar,Nur_Jaafar/Nur_Jaafar_0001.jpg,True,0
4629,8,Ed_Case,Ed_Case/Ed_Case_0001.jpg,False,Sadam_Hassan,Sadam_Hassan/Sadam_Hassan_0001.jpg,True,0
4630,8,Edward_Seaga,Edward_Seaga/Edward_Seaga_0001.jpg,True,George_Roy_Hill,George_Roy_Hill/George_Roy_Hill_0001.jpg,False,0
4631,8,Edward_Seaga,Edward_Seaga/Edward_Seaga_0001.jpg,True,Sarah_Price,Sarah_Price/Sarah_Price_0001.jpg,False,0
4632,8,Eileen_Spina,Eileen_Spina/Eileen_Spina_0001.jpg,False,Jeff_Bzdelik,Jeff_Bzdelik/Jeff_Bzdelik_0001.jpg,False,0
4633,8,Ekke_Hard_Forberg,Ekke_Hard_Forberg/Ekke_Hard_Forberg_0001.jpg,False,Nikki_Reed,Nikki_Reed/Nikki_Reed_0001.jpg,False,0
4634,8,Elena_Bereznaya,Elena_Bereznaya/Elena_Bereznaya_0001.jpg,False,Lene_Espersen,Lene_Espersen/Lene_Espersen_0001.jpg,False,0
4635,8,Elena_Bereznaya,Elena_Bereznaya/Elena_Bereznaya_0001.jpg,False,Mario_Lobo_Zagallo,Mario_Lobo_Zagallo/Mario_Lobo_Zagallo_0001.jpg,False,0
4636,8,Elena_Bereznaya,Elena_Bereznaya/Elena_Bereznaya_0001.jpg,False,Rick_Stansbury,Rick_Stansbury/Rick_Stansbury_0002.jpg,False,0
4637,8,Elisha_Cuthbert,Elisha_Cuthbert/Elisha_Cuthbert_0001.jpg,False,Mariana_Pollack,Mariana_Pollack/Mariana_Pollack_0002.jpg,True,0
4638,8,Eliza_Manningham-Buller,Eliza_Manningham-Buller/Eliza_Manningham-Buller_0001.jpg,True,Lawrence_MacAulay,Lawrence_MacAulay/Lawrence_MacAulay_0002.jpg,True,0
4639,8,Eric_Clapton,Eric_Clapton/Eric_Clapton_0002.jpg,False,Niall_Connolly,Niall_Connolly/Niall_Connolly_0001.jpg,False,0
4640,8,Eric_Taino,Eric_Taino/Eric_Taino_0001.jpg,False,Michael_Goldrich,Michael_Goldrich/Michael_Goldrich_0001.jpg,False,0
4641,8,Farida_Ragoonanan,Farida_Ragoonanan/Farida_Ragoonanan_0001.jpg,False,Jorge_Enrique_Jimenez,Jorge_Enrique_Jimenez/Jorge_Enrique_Jimenez_0001.jpg,False,0
4642,8,Felix_Trinidad,Felix_Trinidad/Felix_Trinidad_0001.jpg,False,Joe_Darrell,Joe_Darrell/Joe_Darrell_0001.jpg,False,0
4643,8,Felix_Trinidad,Felix_Trinidad/Felix_Trinidad_0001.jpg,False,Justine_Pasek,Justine_Pasek/Justine_Pasek_0004.jpg,True,0
4644,8,Fernando_Valenzuela,Fernando_Valenzuela/Fernando_Valenzuela_0001.jpg,False,Luis_Figo,Luis_Figo/Luis_Figo_0003.jpg,False,0
4645,8,Fernando_Valenzuela,Fernando_Valenzuela/Fernando_Valenzuela_0001.jpg,False,Nicolas_Macrozonaris,Nicolas_Macrozonaris/Nicolas_Macrozonaris_0001.jpg,False,0
4646,8,Filippo_Inzaghi,Filippo_Inzaghi/Filippo_Inzaghi_0001.jpg,True,Mohammed_Al_Hindi,Mohammed_Al_Hindi/Mohammed_Al_Hindi_0001.jpg,False,0
4647,8,Filippo_Inzaghi,Filippo_Inzaghi/Filippo_Inzaghi_0001.jpg,True,Shanna_Zolman,Shanna_Zolman/Shanna_Zolman_0001.jpg,False,0
4648,8,Francis_Ricciardone,Francis_Ricciardone/Francis_Ricciardone_0001.jpg,False,Sven_Goran_Eriksson,Sven_Goran_Eriksson/Sven_Goran_Eriksson_0001.jpg,True,0
4649,8,Franz_Beckenbauer,Franz_Beckenbauer/Franz_Beckenbauer_0001.jpg,False,Gerald_Ford,Gerald_Ford/Gerald_Ford_0001.jpg,False,0
4650,8,Franz_Beckenbauer,Franz_Beckenbauer/Franz_Beckenbauer_0002.jpg,False,Rick_Bragg,Rick_Bragg/Rick_Bragg_0001.jpg,False,0
4651,8,George_Foreman,George_Foreman/George_Foreman_0002.jpg,False,Ralph_Goodale,Ralph_Goodale/Ralph_Goodale_0001.jpg,False,0
4652,8,George_Pataki,George_Pataki/George_Pataki_0001.jpg,True,James_Dingemans,James_Dingemans/James_Dingemans_0001.jpg,False,0
4653,8,George_Pataki,George_Pataki/George_Pataki_0002.jpg,True,Masahiko_Nagasawa,Masahiko_Nagasawa/Masahiko_Nagasawa_0002.jpg,False,0
4654,8,George_Plimpton,George_Plimpton/George_Plimpton_0001.jpg,False,Ximena_Bohorquez,Ximena_Bohorquez/Ximena_Bohorquez_0001.jpg,False,0
4655,8,Gerald_Ford,Gerald_Ford/Gerald_Ford_0001.jpg,False,Kurt_Budke,Kurt_Budke/Kurt_Budke_0001.jpg,False,0
4656,8,Gerald_Ford,Gerald_Ford/Gerald_Ford_0001.jpg,False,Li_Peng,Li_Peng/Li_Peng_0001.jpg,True,0
4657,8,Giselle_Estefania_Tavarelli,Giselle_Estefania_Tavarelli/Giselle_Estefania_Tavarelli_0001.jpg,False,John_Sununu,John_Sununu/John_Sununu_0001.jpg,False,0
4658,8,Giulio_Andreotti,Giulio_Andreotti/Giulio_Andreotti_0001.jpg,False,Kurt_Russell,Kurt_Russell/Kurt_Russell_0002.jpg,True,0
4659,8,Giulio_Andreotti,Giulio_Andreotti/Giulio_Andreotti_0001.jpg,False,Michael_Denzel,Michael_Denzel/Michael_Denzel_0001.jpg,False,0
4660,8,Gonzalo_Sanchez_de_Lozada,Gonzalo_Sanchez_de_Lozada/Gonzalo_Sanchez_de_Lozada_0003.jpg,True,Shannyn_Sossamon,Shannyn_Sossamon/Shannyn_Sossamon_0001.jpg,True,0
4661,8,Graciano_Rocchigiani,Graciano_Rocchigiani/Graciano_Rocchigiani_0001.jpg,False,Juan_Jose_Lucas,Juan_Jose_Lucas/Juan_Jose_Lucas_0001.jpg,False,0
4662,8,Gregory_Geoffroy,Gregory_Geoffroy/Gregory_Geoffroy_0001.jpg,False,Sybille_Schmid,Sybille_Schmid/Sybille_Schmid_0001.jpg,False,0
4663,8,Gregory_Geoffroy,Gregory_Geoffroy/Gregory_Geoffroy_0002.jpg,False,Kosuke_Kitajima,Kosuke_Kitajima/Kosuke_Kitajima_0001.jpg,False,0
4664,8,Gregory_Geoffroy,Gregory_Geoffroy/Gregory_Geoffroy_0002.jpg,False,Wycliffe_Grousbeck,Wycliffe_Grousbeck/Wycliffe_Grousbeck_0001.jpg,True,0
4665,8,Guangdong_Ou_Guangyuan,Guangdong_Ou_Guangyuan/Guangdong_Ou_Guangyuan_0001.jpg,True,Li_Ruihuan,Li_Ruihuan/Li_Ruihuan_0001.jpg,True,0
4666,8,Guangdong_Ou_Guangyuan,Guangdong_Ou_Guangyuan/Guangdong_Ou_Guangyuan_0001.jpg,True,Nicole,Nicole/Nicole_0001.jpg,True,0
4667,8,Gustavo_Cisneros,Gustavo_Cisneros/Gustavo_Cisneros_0001.jpg,True,Steve_Blake,Steve_Blake/Steve_Blake_0001.jpg,False,0
4668,8,Gustavo_Noboa,Gustavo_Noboa/Gustavo_Noboa_0001.jpg,False,Lea_Fastow,Lea_Fastow/Lea_Fastow_0002.jpg,False,0
4669,8,Habib_Hisham,Habib_Hisham/Habib_Hisham_0001.jpg,True,Pat_Rochester,Pat_Rochester/Pat_Rochester_0001.jpg,True,0
4670,8,Habib_Hisham,Habib_Hisham/Habib_Hisham_0001.jpg,True,Paul_Wilson,Paul_Wilson/Paul_Wilson_0001.jpg,False,0
4671,8,Habib_Rizieq,Habib_Rizieq/Habib_Rizieq_0001.jpg,False,Olivia_Newton-John,Olivia_Newton-John/Olivia_Newton-John_0002.jpg,True,0
4672,8,Habib_Rizieq,Habib_Rizieq/Habib_Rizieq_0003.jpg,False,Kenny_Chesney,Kenny_Chesney/Kenny_Chesney_0001.jpg,True,0
4673,8,Hal_Sutton,Hal_Sutton/Hal_Sutton_0002.jpg,True,Kellie_Coffey,Kellie_Coffey/Kellie_Coffey_0001.jpg,False,0
4674,8,Harland_Braun,Harland_Braun/Harland_Braun_0001.jpg,False,Kathryn_Tucker,Kathryn_Tucker/Kathryn_Tucker_0001.jpg,False,0
4675,8,Hassanal_Bolkiah,Hassanal_Bolkiah/Hassanal_Bolkiah_0001.jpg,True,Michael_Leavitt,Michael_Leavitt/Michael_Leavitt_0001.jpg,False,0
4676,8,Hestrie_Cloette,Hestrie_Cloette/Hestrie_Cloette_0001.jpg,False,Nicholas_Byron,Nicholas_Byron/Nicholas_Byron_0002.jpg,False,0
4677,8,Hitoshi_Tanaka,Hitoshi_Tanaka/Hitoshi_Tanaka_0001.jpg,True,Ramon_Ponce_de_Leon,Ramon_Ponce_de_Leon/Ramon_Ponce_de_Leon_0001.jpg,True,0
4678,8,Horacio_Julio_Pina,Horacio_Julio_Pina/Horacio_Julio_Pina_0001.jpg,False,Zaini_Abdullah,Zaini_Abdullah/Zaini_Abdullah_0001.jpg,False,0
4679,8,Huang_Suey-Sheng,Huang_Suey-Sheng/Huang_Suey-Sheng_0001.jpg,False,Lucrecia_Orozco,Lucrecia_Orozco/Lucrecia_Orozco_0001.jpg,True,0
4680,8,Huang_Suey-Sheng,Huang_Suey-Sheng/Huang_Suey-Sheng_0001.jpg,False,Paul_Cerjan,Paul_Cerjan/Paul_Cerjan_0001.jpg,True,0
4681,8,Huang_Suey-Sheng,Huang_Suey-Sheng/Huang_Suey-Sheng_0001.jpg,False,Robinson_Stevenin,Robinson_Stevenin/Robinson_Stevenin_0001.jpg,False,0
4682,8,Ian_Knop,Ian_Knop/Ian_Knop_0001.jpg,False,Michel_Minard,Michel_Minard/Michel_Minard_0001.jpg,False,0
4683,8,Ilan_Ramon,Ilan_Ramon/Ilan_Ramon_0003.jpg,True,Tatiana_Kennedy_Schlossberg,Tatiana_Kennedy_Schlossberg/Tatiana_Kennedy_Schlossberg_0001.jpg,False,0
4684,8,Ion_Tiriac,Ion_Tiriac/Ion_Tiriac_0001.jpg,False,Lawrence_MacAulay,Lawrence_MacAulay/Lawrence_MacAulay_0001.jpg,True,0
4685,8,Ismail_Abu_Shanab,Ismail_Abu_Shanab/Ismail_Abu_Shanab_0001.jpg,False,Michael_Denzel,Michael_Denzel/Michael_Denzel_0001.jpg,False,0
4686,8,Ismail_Abu_Shanab,Ismail_Abu_Shanab/Ismail_Abu_Shanab_0001.jpg,False,Rebecca_Romijn-Stamos,Rebecca_Romijn-Stamos/Rebecca_Romijn-Stamos_0001.jpg,True,0
4687,8,Jack_Welch,Jack_Welch/Jack_Welch_0001.jpg,True,Keizo_Yamada,Keizo_Yamada/Keizo_Yamada_0001.jpg,False,0
4688,8,James_Dingemans,James_Dingemans/James_Dingemans_0001.jpg,False,Robert_Duvall,Robert_Duvall/Robert_Duvall_0005.jpg,True,0
4689,8,James_Dingemans,James_Dingemans/James_Dingemans_0001.jpg,False,William_Morrow,William_Morrow/William_Morrow_0001.jpg,False,0
4690,8,Jamie_Lee_Curtis,Jamie_Lee_Curtis/Jamie_Lee_Curtis_0001.jpg,False,William_Joppy,William_Joppy/William_Joppy_0001.jpg,True,0
4691,8,Jamie_Martin,Jamie_Martin/Jamie_Martin_0001.jpg,True,Patrick_Ewing,Patrick_Ewing/Patrick_Ewing_0001.jpg,True,0
4692,8,Jan_Bjoerklund,Jan_Bjoerklund/Jan_Bjoerklund_0001.jpg,True,Li_Ruihuan,Li_Ruihuan/Li_Ruihuan_0001.jpg,True,0
4693,8,Jan_Paul_Miller,Jan_Paul_Miller/Jan_Paul_Miller_0001.jpg,False,Paradorn_Srichaphan,Paradorn_Srichaphan/Paradorn_Srichaphan_0008.jpg,True,0
4694,8,Jay_Garner,Jay_Garner/Jay_Garner_0003.jpg,False,Reggie_Sanders,Reggie_Sanders/Reggie_Sanders_0001.jpg,False,0
4695,8,Jeff_Bzdelik,Jeff_Bzdelik/Jeff_Bzdelik_0001.jpg,False,Zach_Parise,Zach_Parise/Zach_Parise_0001.jpg,False,0
4696,8,Jerry_Oliver,Jerry_Oliver/Jerry_Oliver_0001.jpg,False,Rudolf_Schuster,Rudolf_Schuster/Rudolf_Schuster_0001.jpg,True,0
4697,8,Jerry_Oliver,Jerry_Oliver/Jerry_Oliver_0001.jpg,False,Stefaan_Declerk,Stefaan_Declerk/Stefaan_Declerk_0001.jpg,False,0
4698,8,Jerry_Sloan,Jerry_Sloan/Jerry_Sloan_0001.jpg,False,Julianne_Moore,Julianne_Moore/Julianne_Moore_0009.jpg,True,0
4699,8,Jerry_Sloan,Jerry_Sloan/Jerry_Sloan_0001.jpg,False,Keiko_Sofia_Fujimori,Keiko_Sofia_Fujimori/Keiko_Sofia_Fujimori_0001.jpg,False,0
4700,8,Jerry_Sloan,Jerry_Sloan/Jerry_Sloan_0001.jpg,False,Nikki_Cascone,Nikki_Cascone/Nikki_Cascone_0001.jpg,True,0
4701,8,Jim_Anderson,Jim_Anderson/Jim_Anderson_0001.jpg,False,Jose_Luis_Santiago_Vasconcelos,Jose_Luis_Santiago_Vasconcelos/Jose_Luis_Santiago_Vasconcelos_0001.jpg,False,0
4702,8,Jim_Anderson,Jim_Anderson/Jim_Anderson_0001.jpg,False,Mikhail_Wehbe,Mikhail_Wehbe/Mikhail_Wehbe_0001.jpg,True,0
4703,8,Joaquim_Levy,Joaquim_Levy/Joaquim_Levy_0001.jpg,False,Judy_Vassar,Judy_Vassar/Judy_Vassar_0001.jpg,False,0
4704,8,Joe_Leonard,Joe_Leonard/Joe_Leonard_0001.jpg,False,Kristen_Rivera,Kristen_Rivera/Kristen_Rivera_0001.jpg,False,0
4705,8,John_Baldacci,John_Baldacci/John_Baldacci_0001.jpg,False,Nona_Gaye,Nona_Gaye/Nona_Gaye_0001.jpg,False,0
4706,8,John_Baldacci,John_Baldacci/John_Baldacci_0001.jpg,False,Shia_LaBeouf,Shia_LaBeouf/Shia_LaBeouf_0001.jpg,False,0
4707,8,John_Elway,John_Elway/John_Elway_0001.jpg,False,Mahmoud_Diyab_al-Ahmed,Mahmoud_Diyab_al-Ahmed/Mahmoud_Diyab_al-Ahmed_0001.jpg,False,0
4708,8,John_Kerry,John_Kerry/John_Kerry_0009.jpg,True,Raja_Ibrahim,Raja_Ibrahim/Raja_Ibrahim_0001.jpg,False,0
4709,8,John_Kerry,John_Kerry/John_Kerry_0014.jpg,True,Pat_Rochester,Pat_Rochester/Pat_Rochester_0001.jpg,True,0
4710,8,John_Lisowski,John_Lisowski/John_Lisowski_0001.jpg,True,Michelle_Kwan,Michelle_Kwan/Michelle_Kwan_0001.jpg,True,0
4711,8,John_Malkovich,John_Malkovich/John_Malkovich_0002.jpg,True,Paradorn_Srichaphan,Paradorn_Srichaphan/Paradorn_Srichaphan_0007.jpg,True,0
4712,8,John_Malkovich,John_Malkovich/John_Malkovich_0003.jpg,True,Mona_Locke,Mona_Locke/Mona_Locke_0001.jpg,False,0
4713,8,John_Malkovich,John_Malkovich/John_Malkovich_0003.jpg,True,Richard_Palmer,Richard_Palmer/Richard_Palmer_0001.jpg,False,0
4714,8,John_McCallum,John_McCallum/John_McCallum_0001.jpg,True,Oliver_Phelps,Oliver_Phelps/Oliver_Phelps_0001.jpg,False,0
4715,8,John_McCallum,John_McCallum/John_McCallum_0002.jpg,True,Rick_Bragg,Rick_Bragg/Rick_Bragg_0001.jpg,False,0
4716,8,John_McEnroe,John_McEnroe/John_McEnroe_0002.jpg,False,Shane_Mosley,Shane_Mosley/Shane_Mosley_0001.jpg,False,0
4717,8,John_Prescott,John_Prescott/John_Prescott_0001.jpg,True,Will_Ofenheusle,Will_Ofenheusle/Will_Ofenheusle_0001.jpg,True,0
4718,8,Johnnie_Lynn,Johnnie_Lynn/Johnnie_Lynn_0001.jpg,False,Larry_Coker,Larry_Coker/Larry_Coker_0004.jpg,True,0
4719,8,Johnnie_Lynn,Johnnie_Lynn/Johnnie_Lynn_0001.jpg,False,Richard_Palmer,Richard_Palmer/Richard_Palmer_0001.jpg,False,0
4720,8,Johnny_Unitas,Johnny_Unitas/Johnny_Unitas_0001.jpg,True,Mark_Foley,Mark_Foley/Mark_Foley_0001.jpg,True,0
4721,8,Jonathan_Karsh,Jonathan_Karsh/Jonathan_Karsh_0001.jpg,False,Samantha_Ledster,Samantha_Ledster/Samantha_Ledster_0001.jpg,True,0
4722,8,Joxel_Garcia,Joxel_Garcia/Joxel_Garcia_0001.jpg,False,Lena_Olin,Lena_Olin/Lena_Olin_0001.jpg,False,0
4723,8,Joy_Bryant,Joy_Bryant/Joy_Bryant_0001.jpg,False,Richard_Chamberlain,Richard_Chamberlain/Richard_Chamberlain_0001.jpg,False,0
4724,8,Julianne_Moore,Julianne_Moore/Julianne_Moore_0004.jpg,True,Shia_LaBeouf,Shia_LaBeouf/Shia_LaBeouf_0001.jpg,False,0
4725,8,Julio_Iglesias_Jr,Julio_Iglesias_Jr/Julio_Iglesias_Jr_0001.jpg,False,Ramon_Ponce_de_Leon,Ramon_Ponce_de_Leon/Ramon_Ponce_de_Leon_0001.jpg,True,0
4726,8,Justin_Timberlake,Justin_Timberlake/Justin_Timberlake_0001.jpg,True,Suzanne_Somers,Suzanne_Somers/Suzanne_Somers_0001.jpg,False,0
4727,8,Kathleen_Glynn,Kathleen_Glynn/Kathleen_Glynn_0002.jpg,False,Susilo_Bambang_Yudhoyono,Susilo_Bambang_Yudhoyono/Susilo_Bambang_Yudhoyono_0001.jpg,True,0
4728,8,Kathryn_Morris,Kathryn_Morris/Kathryn_Morris_0001.jpg,False,Minnie_Driver,Minnie_Driver/Minnie_Driver_0002.jpg,True,0
4729,8,Kathryn_Tucker,Kathryn_Tucker/Kathryn_Tucker_0001.jpg,False,Stella_McCartney,Stella_McCartney/Stella_McCartney_0001.jpg,False,0
4730,8,Katie_Couric,Katie_Couric/Katie_Couric_0001.jpg,True,Sanjay_Gupta,Sanjay_Gupta/Sanjay_Gupta_0001.jpg,False,0
4731,8,Keiko_Sofia_Fujimori,Keiko_Sofia_Fujimori/Keiko_Sofia_Fujimori_0001.jpg,False,Sureyya_Ayhan,Sureyya_Ayhan/Sureyya_Ayhan_0001.jpg,False,0
4732,8,Kellie_Coffey,Kellie_Coffey/Kellie_Coffey_0001.jpg,False,Todd_Petit,Todd_Petit/Todd_Petit_0001.jpg,False,0
4733,8,Kenny_Chesney,Kenny_Chesney/Kenny_Chesney_0001.jpg,True,Steve_Coogan,Steve_Coogan/Steve_Coogan_0001.jpg,False,0
4734,8,Kevin_Tarrant,Kevin_Tarrant/Kevin_Tarrant_0001.jpg,False,Marisol_Breton,Marisol_Breton/Marisol_Breton_0001.jpg,False,0
4735,8,Kristen_Rivera,Kristen_Rivera/Kristen_Rivera_0001.jpg,False,Valdas_Adamkus,Valdas_Adamkus/Valdas_Adamkus_0002.jpg,False,0
4736,8,Kurt_Russell,Kurt_Russell/Kurt_Russell_0002.jpg,True,Mahmoud_Diyab_al-Ahmed,Mahmoud_Diyab_al-Ahmed/Mahmoud_Diyab_al-Ahmed_0001.jpg,False,0
4737,8,Kurt_Tanabe,Kurt_Tanabe/Kurt_Tanabe_0001.jpg,False,William_Jackson,William_Jackson/William_Jackson_0001.jpg,True,0
4738,8,Kyle_McLaren,Kyle_McLaren/Kyle_McLaren_0001.jpg,False,Sofia_Milos,Sofia_Milos/Sofia_Milos_0001.jpg,False,0
4739,8,Kyle_McLaren,Kyle_McLaren/Kyle_McLaren_0001.jpg,False,Will_Ofenheusle,Will_Ofenheusle/Will_Ofenheusle_0001.jpg,True,0
4740,8,Kyle_Shewfelt,Kyle_Shewfelt/Kyle_Shewfelt_0001.jpg,False,Larry_Coker,Larry_Coker/Larry_Coker_0002.jpg,True,0
4741,8,Lawrence_Foley,Lawrence_Foley/Lawrence_Foley_0001.jpg,True,Rachel_Wadsworth,Rachel_Wadsworth/Rachel_Wadsworth_0001.jpg,True,0
4742,8,Lea_Fastow,Lea_Fastow/Lea_Fastow_0001.jpg,False,Uday_Hussein,Uday_Hussein/Uday_Hussein_0001.jpg,False,0
4743,8,Lesia_Burlak,Lesia_Burlak/Lesia_Burlak_0001.jpg,False,Nur_Jaafar,Nur_Jaafar/Nur_Jaafar_0001.jpg,True,0
4744,8,Lori_Berenson,Lori_Berenson/Lori_Berenson_0001.jpg,True,Rudolf_Schuster,Rudolf_Schuster/Rudolf_Schuster_0001.jpg,True,0
4745,8,Lucio_Angulo,Lucio_Angulo/Lucio_Angulo_0001.jpg,True,Sarah_Price,Sarah_Price/Sarah_Price_0001.jpg,False,0
4746,8,Lucio_Gutierrez,Lucio_Gutierrez/Lucio_Gutierrez_0010.jpg,True,Pedro_Malan,Pedro_Malan/Pedro_Malan_0005.jpg,True,0
4747,8,Margaret_Hasley,Margaret_Hasley/Margaret_Hasley_0001.jpg,True,Michael_Denzel,Michael_Denzel/Michael_Denzel_0001.jpg,False,0
4748,8,Mark_Redman,Mark_Redman/Mark_Redman_0001.jpg,True,Stephen_Funk,Stephen_Funk/Stephen_Funk_0001.jpg,False,0
4749,8,Mark_Salter,Mark_Salter/Mark_Salter_0001.jpg,False,Shanna_Zolman,Shanna_Zolman/Shanna_Zolman_0001.jpg,False,0
4750,8,Martin_Luther_King_III,Martin_Luther_King_III/Martin_Luther_King_III_0001.jpg,False,Maryn_McKenna,Maryn_McKenna/Maryn_McKenna_0001.jpg,False,0
4751,8,Mary_Bono,Mary_Bono/Mary_Bono_0001.jpg,False,Todd_Wike,Todd_Wike/Todd_Wike_0001.jpg,True,0
4752,8,Matt_LeBlanc,Matt_LeBlanc/Matt_LeBlanc_0001.jpg,False,Robert_Redford,Robert_Redford/Robert_Redford_0002.jpg,True,0
4753,8,Mauro_Viza,Mauro_Viza/Mauro_Viza_0001.jpg,False,William_Jackson,William_Jackson/William_Jackson_0001.jpg,True,0
4754,8,Max_Baucus,Max_Baucus/Max_Baucus_0001.jpg,False,Paradorn_Srichaphan,Paradorn_Srichaphan/Paradorn_Srichaphan_0005.jpg,True,0
4755,8,Max_Baucus,Max_Baucus/Max_Baucus_0001.jpg,False,Yossi_Beilin,Yossi_Beilin/Yossi_Beilin_0002.jpg,True,0
4756,8,Meles_Zenawi,Meles_Zenawi/Meles_Zenawi_0001.jpg,False,Nawabzada_Nasrullah_Khan,Nawabzada_Nasrullah_Khan/Nawabzada_Nasrullah_Khan_0001.jpg,True,0
4757,8,Melissa_Mulloy,Melissa_Mulloy/Melissa_Mulloy_0001.jpg,False,Paula_Abdul,Paula_Abdul/Paula_Abdul_0001.jpg,True,0
4758,8,Melissa_Mulloy,Melissa_Mulloy/Melissa_Mulloy_0001.jpg,False,Roger_Lyons,Roger_Lyons/Roger_Lyons_0001.jpg,False,0
4759,8,Michael_Chiklis,Michael_Chiklis/Michael_Chiklis_0001.jpg,True,Mohammed_Al_Hindi,Mohammed_Al_Hindi/Mohammed_Al_Hindi_0001.jpg,False,0
4760,8,Michael_Chiklis,Michael_Chiklis/Michael_Chiklis_0001.jpg,True,Steve_Rush,Steve_Rush/Steve_Rush_0001.jpg,False,0
4761,8,Michael_Doleac,Michael_Doleac/Michael_Doleac_0001.jpg,False,Nur_Jaafar,Nur_Jaafar/Nur_Jaafar_0001.jpg,True,0
4762,8,Michael_Goldrich,Michael_Goldrich/Michael_Goldrich_0001.jpg,False,Suzanne_Somers,Suzanne_Somers/Suzanne_Somers_0001.jpg,False,0
4763,8,Michael_Kahn,Michael_Kahn/Michael_Kahn_0001.jpg,False,Rick_Caruso,Rick_Caruso/Rick_Caruso_0001.jpg,True,0
4764,8,Michel_Minard,Michel_Minard/Michel_Minard_0001.jpg,False,Suzanne_Gaudet,Suzanne_Gaudet/Suzanne_Gaudet_0001.jpg,False,0
4765,8,Michelle_Bachelet,Michelle_Bachelet/Michelle_Bachelet_0001.jpg,True,Sami_Al-Arian,Sami_Al-Arian/Sami_Al-Arian_0001.jpg,True,0
4766,8,Miguel_Angel_Rodriguez,Miguel_Angel_Rodriguez/Miguel_Angel_Rodriguez_0001.jpg,True,Sasha_Cohen,Sasha_Cohen/Sasha_Cohen_0001.jpg,False,0
4767,8,Mike_Bryan,Mike_Bryan/Mike_Bryan_0001.jpg,False,Shanna_Zolman,Shanna_Zolman/Shanna_Zolman_0001.jpg,False,0
4768,8,Mike_Montgomery,Mike_Montgomery/Mike_Montgomery_0001.jpg,False,Ray_Lewis,Ray_Lewis/Ray_Lewis_0001.jpg,False,0
4769,8,Milton_Wynants,Milton_Wynants/Milton_Wynants_0001.jpg,False,Stuart_Townsend,Stuart_Townsend/Stuart_Townsend_0001.jpg,False,0
4770,8,Miyako_Miyazaki,Miyako_Miyazaki/Miyako_Miyazaki_0002.jpg,False,Munir_Akram,Munir_Akram/Munir_Akram_0002.jpg,False,0
4771,8,Morris_Dees,Morris_Dees/Morris_Dees_0001.jpg,False,Shamai_Leibowitz,Shamai_Leibowitz/Shamai_Leibowitz_0001.jpg,True,0
4772,8,Morris_Dees,Morris_Dees/Morris_Dees_0001.jpg,False,Suzie_McConnell_Serio,Suzie_McConnell_Serio/Suzie_McConnell_Serio_0001.jpg,False,0
4773,8,Nathalie_Gagnon,Nathalie_Gagnon/Nathalie_Gagnon_0001.jpg,False,Richard_Reid,Richard_Reid/Richard_Reid_0001.jpg,False,0
4774,8,Nicklas_Lidstrom,Nicklas_Lidstrom/Nicklas_Lidstrom_0001.jpg,False,Norman_Jewison,Norman_Jewison/Norman_Jewison_0001.jpg,False,0
4775,8,Nicklas_Lidstrom,Nicklas_Lidstrom/Nicklas_Lidstrom_0001.jpg,False,Sadie_Frost,Sadie_Frost/Sadie_Frost_0003.jpg,True,0
4776,8,Nicole_Hiltz,Nicole_Hiltz/Nicole_Hiltz_0001.jpg,False,Zaini_Abdullah,Zaini_Abdullah/Zaini_Abdullah_0001.jpg,False,0
4777,8,Nona_Gaye,Nona_Gaye/Nona_Gaye_0001.jpg,False,Paul_Cerjan,Paul_Cerjan/Paul_Cerjan_0001.jpg,True,0
4778,8,Oscar_Bolanos,Oscar_Bolanos/Oscar_Bolanos_0001.jpg,False,Phil_Donahue,Phil_Donahue/Phil_Donahue_0001.jpg,True,0
4779,8,Oscar_Bolanos,Oscar_Bolanos/Oscar_Bolanos_0001.jpg,False,Tatiana_Kennedy_Schlossberg,Tatiana_Kennedy_Schlossberg/Tatiana_Kennedy_Schlossberg_0001.jpg,False,0
4780,8,Pascal_Quignard,Pascal_Quignard/Pascal_Quignard_0003.jpg,True,Patrick_Ewing,Patrick_Ewing/Patrick_Ewing_0002.jpg,True,0
4781,8,Pat_Rochester,Pat_Rochester/Pat_Rochester_0001.jpg,True,Phoenix_Chang,Phoenix_Chang/Phoenix_Chang_0001.jpg,False,0
4782,8,Pat_Rochester,Pat_Rochester/Pat_Rochester_0001.jpg,True,Will_Ofenheusle,Will_Ofenheusle/Will_Ofenheusle_0001.jpg,True,0
4783,8,Paul_Farley,Paul_Farley/Paul_Farley_0001.jpg,False,Platon_Lebedev,Platon_Lebedev/Platon_Lebedev_0001.jpg,False,0
4784,8,Paula_Abdul,Paula_Abdul/Paula_Abdul_0001.jpg,True,Robert_Vowler,Robert_Vowler/Robert_Vowler_0001.jpg,True,0
4785,8,Pharrell_Williams,Pharrell_Williams/Pharrell_Williams_0001.jpg,False,Tyrone_Medley,Tyrone_Medley/Tyrone_Medley_0001.jpg,False,0
4786,8,Phoenix_Chang,Phoenix_Chang/Phoenix_Chang_0001.jpg,False,Platon_Lebedev,Platon_Lebedev/Platon_Lebedev_0001.jpg,False,0
4787,8,Rachel_Wadsworth,Rachel_Wadsworth/Rachel_Wadsworth_0001.jpg,True,Richard_Palmer,Richard_Palmer/Richard_Palmer_0001.jpg,False,0
4788,8,Raymond_Odierno,Raymond_Odierno/Raymond_Odierno_0001.jpg,False,Richard_Reid,Richard_Reid/Richard_Reid_0001.jpg,False,0
4789,8,Reggie_Sanders,Reggie_Sanders/Reggie_Sanders_0001.jpg,False,Rick_Santorum,Rick_Santorum/Rick_Santorum_0002.jpg,True,0
4790,8,Richard_Chamberlain,Richard_Chamberlain/Richard_Chamberlain_0001.jpg,False,Steve_Patterson,Steve_Patterson/Steve_Patterson_0001.jpg,False,0
4791,8,Richard_Ward,Richard_Ward/Richard_Ward_0001.jpg,False,Steve_Redgrave,Steve_Redgrave/Steve_Redgrave_0001.jpg,False,0
4792,8,Robert_Vowler,Robert_Vowler/Robert_Vowler_0001.jpg,True,Tab_Baldwin,Tab_Baldwin/Tab_Baldwin_0001.jpg,True,0
4793,8,Roy_Rogers,Roy_Rogers/Roy_Rogers_0001.jpg,False,Steven_Feldman,Steven_Feldman/Steven_Feldman_0001.jpg,False,0
4794,8,Scott_Rolen,Scott_Rolen/Scott_Rolen_0001.jpg,True,William_Murabito,William_Murabito/William_Murabito_0001.jpg,False,0
4795,8,Sofia_Milos,Sofia_Milos/Sofia_Milos_0001.jpg,False,Steve_Nash,Steve_Nash/Steve_Nash_0003.jpg,False,0
4796,8,Sofia_Milos,Sofia_Milos/Sofia_Milos_0001.jpg,False,Will_Ofenheusle,Will_Ofenheusle/Will_Ofenheusle_0001.jpg,True,0
4797,8,Sonja_Kesselschlager,Sonja_Kesselschlager/Sonja_Kesselschlager_0001.jpg,False,Tim_Robbins,Tim_Robbins/Tim_Robbins_0003.jpg,False,0
4798,8,Takeo_Hiranuma,Takeo_Hiranuma/Takeo_Hiranuma_0001.jpg,False,Ty_Votaw,Ty_Votaw/Ty_Votaw_0001.jpg,False,0
4799,8,Ted_Washington,Ted_Washington/Ted_Washington_0001.jpg,True,Ximena_Bohorquez,Ximena_Bohorquez/Ximena_Bohorquez_0001.jpg,False,0
4800,8,Ty_Votaw,Ty_Votaw/Ty_Votaw_0001.jpg,False,William_Webster,William_Webster/William_Webster_0001.jpg,True,0
4801,9,Adrian_McPherson,Adrian_McPherson/Adrian_McPherson_0001.jpg,False,Adrian_McPherson,Adrian_McPherson/Adrian_McPherson_0002.jpg,False,1
4802,9,Al_Davis,Al_Davis/Al_Davis_0001.jpg,False,Al_Davis,Al_Davis/Al_Davis_0002.jpg,False,1
4803,9,Al_Gore,Al_Gore/Al_Gore_0002.jpg,True,Al_Gore,Al_Gore/Al_Gore_0006.jpg,True,1
4804,9,Al_Gore,Al_Gore/Al_Gore_0004.jpg,True,Al_Gore,Al_Gore/Al_Gore_0006.jpg,True,1
4805,9,Alan_Greenspan,Alan_Greenspan/Alan_Greenspan_0001.jpg,True,Alan_Greenspan,Alan_Greenspan/Alan_Greenspan_0002.jpg,True,1
4806,9,Alan_Greenspan,Alan_Greenspan/Alan_Greenspan_0001.jpg,True,Alan_Greenspan,Alan_Greenspan/Alan_Greenspan_0005.jpg,True,1
4807,9,Alan_Greenspan,Alan_Greenspan/Alan_Greenspan_0003.jpg,True,Alan_Greenspan,Alan_Greenspan/Alan_Greenspan_0004.jpg,True,1
4808,9,Alastair_Campbell,Alastair_Campbell/Alastair_Campbell_0001.jpg,False,Alastair_Campbell,Alastair_Campbell/Alastair_Campbell_0005.jpg,False,1
4809,9,Alastair_Campbell,Alastair_Campbell/Alastair_Campbell_0002.jpg,False,Alastair_Campbell,Alastair_Campbell/Alastair_Campbell_0004.jpg,False,1
4810,9,Alexander_Downer,Alexander_Downer/Alexander_Downer_0001.jpg,True,Alexander_Downer,Alexander_Downer/Alexander_Downer_0002.jpg,True,1
4811,9,Alexander_Downer,Alexander_Downer/Alexander_Downer_0001.jpg,True,Alexander_Downer,Alexander_Downer/Alexander_Downer_0003.jpg,True,1
4812,9,Alexander_Downer,Alexander_Downer/Alexander_Downer_0001.jpg,True,Alexander_Downer,Alexander_Downer/Alexander_Downer_0004.jpg,True,1
4813,9,Alexander_Downer,Alexander_Downer/Alexander_Downer_0003.jpg,True,Alexander_Downer,Alexander_Downer/Alexander_Downer_0004.jpg,True,1
4814,9,Alice_Fisher,Alice_Fisher/Alice_Fisher_0001.jpg,False,Alice_Fisher,Alice_Fisher/Alice_Fisher_0002.jpg,False,1
4815,9,Alison_Lohman,Alison_Lohman/Alison_Lohman_0001.jpg,True,Alison_Lohman,Alison_Lohman/Alison_Lohman_0002.jpg,True,1
4816,9,Alvaro_Silva_Calderon,Alvaro_Silva_Calderon/Alvaro_Silva_Calderon_0001.jpg,True,Alvaro_Silva_Calderon,Alvaro_Silva_Calderon/Alvaro_Silva_Calderon_0002.jpg,True,1
4817,9,Alvaro_Silva_Calderon,Alvaro_Silva_Calderon/Alvaro_Silva_Calderon_0001.jpg,True,Alvaro_Silva_Calderon,Alvaro_Silva_Calderon/Alvaro_Silva_Calderon_0003.jpg,True,1
4818,9,Alvaro_Uribe,Alvaro_Uribe/Alvaro_Uribe_0007.jpg,True,Alvaro_Uribe,Alvaro_Uribe/Alvaro_Uribe_0020.jpg,True,1
4819,9,Alvaro_Uribe,Alvaro_Uribe/Alvaro_Uribe_0008.jpg,True,Alvaro_Uribe,Alvaro_Uribe/Alvaro_Uribe_0025.jpg,True,1
4820,9,Alvaro_Uribe,Alvaro_Uribe/Alvaro_Uribe_0012.jpg,True,Alvaro_Uribe,Alvaro_Uribe/Alvaro_Uribe_0013.jpg,True,1
4821,9,Alvaro_Uribe,Alvaro_Uribe/Alvaro_Uribe_0020.jpg,True,Alvaro_Uribe,Alvaro_Uribe/Alvaro_Uribe_0028.jpg,True,1
4822,9,Anders_Ebbeson,Anders_Ebbeson/Anders_Ebbeson_0002.jpg,True,Anders_Ebbeson,Anders_Ebbeson/Anders_Ebbeson_0003.jpg,True,1
4823,9,Andrew_Bunner,Andrew_Bunner/Andrew_Bunner_0001.jpg,False,Andrew_Bunner,Andrew_Bunner/Andrew_Bunner_0002.jpg,False,1
4824,9,Anibal_Ibarra,Anibal_Ibarra/Anibal_Ibarra_0001.jpg,False,Anibal_Ibarra,Anibal_Ibarra/Anibal_Ibarra_0003.jpg,False,1
4825,9,Antonio_Trillanes,Antonio_Trillanes/Antonio_Trillanes_0001.jpg,False,Antonio_Trillanes,Antonio_Trillanes/Antonio_Trillanes_0003.jpg,False,1
4826,9,Antonio_Trillanes,Antonio_Trillanes/Antonio_Trillanes_0002.jpg,False,Antonio_Trillanes,Antonio_Trillanes/Antonio_Trillanes_0003.jpg,False,1
4827,9,Asa_Hutchinson,Asa_Hutchinson/Asa_Hutchinson_0001.jpg,True,Asa_Hutchinson,Asa_Hutchinson/Asa_Hutchinson_0002.jpg,True,1
4828,9,Barbara_Walters,Barbara_Walters/Barbara_Walters_0001.jpg,False,Barbara_Walters,Barbara_Walters/Barbara_Walters_0003.jpg,False,1
4829,9,Barbara_Walters,Barbara_Walters/Barbara_Walters_0001.jpg,False,Barbara_Walters,Barbara_Walters/Barbara_Walters_0004.jpg,False,1
4830,9,Barbara_Walters,Barbara_Walters/Barbara_Walters_0003.jpg,False,Barbara_Walters,Barbara_Walters/Barbara_Walters_0004.jpg,False,1
4831,9,Ben_Howland,Ben_Howland/Ben_Howland_0001.jpg,False,Ben_Howland,Ben_Howland/Ben_Howland_0002.jpg,False,1
4832,9,Ben_Howland,Ben_Howland/Ben_Howland_0001.jpg,False,Ben_Howland,Ben_Howland/Ben_Howland_0003.jpg,False,1
4833,9,Ben_Howland,Ben_Howland/Ben_Howland_0003.jpg,False,Ben_Howland,Ben_Howland/Ben_Howland_0004.jpg,False,1
4834,9,Benazir_Bhutto,Benazir_Bhutto/Benazir_Bhutto_0001.jpg,False,Benazir_Bhutto,Benazir_Bhutto/Benazir_Bhutto_0004.jpg,False,1
4835,9,Benazir_Bhutto,Benazir_Bhutto/Benazir_Bhutto_0002.jpg,False,Benazir_Bhutto,Benazir_Bhutto/Benazir_Bhutto_0003.jpg,False,1
4836,9,Benazir_Bhutto,Benazir_Bhutto/Benazir_Bhutto_0002.jpg,False,Benazir_Bhutto,Benazir_Bhutto/Benazir_Bhutto_0004.jpg,False,1
4837,9,Bill_Simon,Bill_Simon/Bill_Simon_0005.jpg,True,Bill_Simon,Bill_Simon/Bill_Simon_0009.jpg,True,1
4838,9,Bill_Simon,Bill_Simon/Bill_Simon_0011.jpg,True,Bill_Simon,Bill_Simon/Bill_Simon_0015.jpg,True,1
4839,9,Billy_Sollie,Billy_Sollie/Billy_Sollie_0001.jpg,False,Billy_Sollie,Billy_Sollie/Billy_Sollie_0002.jpg,False,1
4840,9,Boris_Berezovsky,Boris_Berezovsky/Boris_Berezovsky_0001.jpg,False,Boris_Berezovsky,Boris_Berezovsky/Boris_Berezovsky_0002.jpg,False,1
4841,9,Brooke_Shields,Brooke_Shields/Brooke_Shields_0001.jpg,True,Brooke_Shields,Brooke_Shields/Brooke_Shields_0002.jpg,True,1
4842,9,Bulent_Ecevit,Bulent_Ecevit/Bulent_Ecevit_0001.jpg,True,Bulent_Ecevit,Bulent_Ecevit/Bulent_Ecevit_0004.jpg,True,1
4843,9,Bulent_Ecevit,Bulent_Ecevit/Bulent_Ecevit_0001.jpg,True,Bulent_Ecevit,Bulent_Ecevit/Bulent_Ecevit_0005.jpg,True,1
4844,9,Bulent_Ecevit,Bulent_Ecevit/Bulent_Ecevit_0002.jpg,True,Bulent_Ecevit,Bulent_Ecevit/Bulent_Ecevit_0006.jpg,True,1
4845,9,Bulent_Ecevit,Bulent_Ecevit/Bulent_Ecevit_0004.jpg,True,Bulent_Ecevit,Bulent_Ecevit/Bulent_Ecevit_0006.jpg,True,1
4846,9,Candie_Kung,Candie_Kung/Candie_Kung_0001.jpg,False,Candie_Kung,Candie_Kung/Candie_Kung_0002.jpg,False,1
4847,9,Candie_Kung,Candie_Kung/Candie_Kung_0001.jpg,False,Candie_Kung,Candie_Kung/Candie_Kung_0004.jpg,False,1
4848,9,Carlo_Ancelotti,Carlo_Ancelotti/Carlo_Ancelotti_0001.jpg,True,Carlo_Ancelotti,Carlo_Ancelotti/Carlo_Ancelotti_0002.jpg,True,1
4849,9,Carlo_Ancelotti,Carlo_Ancelotti/Carlo_Ancelotti_0002.jpg,True,Carlo_Ancelotti,Carlo_Ancelotti/Carlo_Ancelotti_0003.jpg,True,1
4850,9,Carlos_Moya,Carlos_Moya/Carlos_Moya_0008.jpg,True,Carlos_Moya,Carlos_Moya/Carlos_Moya_0017.jpg,True,1
4851,9,Carlos_Moya,Carlos_Moya/Carlos_Moya_0010.jpg,True,Carlos_Moya,Carlos_Moya/Carlos_Moya_0018.jpg,True,1
4852,9,Carlos_Vives,Carlos_Vives/Carlos_Vives_0001.jpg,True,Carlos_Vives,Carlos_Vives/Carlos_Vives_0004.jpg,True,1
4853,9,Carlos_Vives,Carlos_Vives/Carlos_Vives_0002.jpg,True,Carlos_Vives,Carlos_Vives/Carlos_Vives_0004.jpg,True,1
4854,9,Carson_Daly,Carson_Daly/Carson_Daly_0001.jpg,True,Carson_Daly,Carson_Daly/Carson_Daly_0002.jpg,True,1
4855,9,Cate_Blanchett,Cate_Blanchett/Cate_Blanchett_0001.jpg,True,Cate_Blanchett,Cate_Blanchett/Cate_Blanchett_0002.jpg,True,1
4856,9,Cate_Blanchett,Cate_Blanchett/Cate_Blanchett_0001.jpg,True,Cate_Blanchett,Cate_Blanchett/Cate_Blanchett_0003.jpg,True,1
4857,9,Cate_Blanchett,Cate_Blanchett/Cate_Blanchett_0001.jpg,True,Cate_Blanchett,Cate_Blanchett/Cate_Blanchett_0004.jpg,True,1
4858,9,Cate_Blanchett,Cate_Blanchett/Cate_Blanchett_0002.jpg,True,Cate_Blanchett,Cate_Blanchett/Cate_Blanchett_0003.jpg,True,1
4859,9,Cate_Blanchett,Cate_Blanchett/Cate_Blanchett_0002.jpg,True,Cate_Blanchett,Cate_Blanchett/Cate_Blanchett_0004.jpg,True,1
4860,9,Chok_Tong_Goh,Chok_Tong_Goh/Chok_Tong_Goh_0001.jpg,False,Chok_Tong_Goh,Chok_Tong_Goh/Chok_Tong_Goh_0002.jpg,False,1
4861,9,Chris_Byrd,Chris_Byrd/Chris_Byrd_0001.jpg,True,Chris_Byrd,Chris_Byrd/Chris_Byrd_0002.jpg,True,1
4862,9,Chris_Cooper,Chris_Cooper/Chris_Cooper_0001.jpg,False,Chris_Cooper,Chris_Cooper/Chris_Cooper_0002.jpg,False,1
4863,9,Chris_Tucker,Chris_Tucker/Chris_Tucker_0001.jpg,True,Chris_Tucker,Chris_Tucker/Chris_Tucker_0002.jpg,True,1
4864,9,Christine_Gregoire,Christine_Gregoire/Christine_Gregoire_0001.jpg,False,Christine_Gregoire,Christine_Gregoire/Christine_Gregoire_0004.jpg,False,1
4865,9,Christine_Gregoire,Christine_Gregoire/Christine_Gregoire_0002.jpg,False,Christine_Gregoire,Christine_Gregoire/Christine_Gregoire_0003.jpg,False,1
4866,9,Christine_Gregoire,Christine_Gregoire/Christine_Gregoire_0002.jpg,False,Christine_Gregoire,Christine_Gregoire/Christine_Gregoire_0004.jpg,False,1
4867,9,Christopher_Patten,Christopher_Patten/Christopher_Patten_0001.jpg,False,Christopher_Patten,Christopher_Patten/Christopher_Patten_0002.jpg,False,1
4868,9,Clint_Eastwood,Clint_Eastwood/Clint_Eastwood_0001.jpg,False,Clint_Eastwood,Clint_Eastwood/Clint_Eastwood_0004.jpg,False,1
4869,9,Clint_Eastwood,Clint_Eastwood/Clint_Eastwood_0001.jpg,False,Clint_Eastwood,Clint_Eastwood/Clint_Eastwood_0006.jpg,False,1
4870,9,Constance_Marie,Constance_Marie/Constance_Marie_0001.jpg,False,Constance_Marie,Constance_Marie/Constance_Marie_0002.jpg,False,1
4871,9,Constance_Marie,Constance_Marie/Constance_Marie_0001.jpg,False,Constance_Marie,Constance_Marie/Constance_Marie_0003.jpg,False,1
4872,9,Dennis_Hastert,Dennis_Hastert/Dennis_Hastert_0002.jpg,True,Dennis_Hastert,Dennis_Hastert/Dennis_Hastert_0003.jpg,True,1
4873,9,Dennis_Hastert,Dennis_Hastert/Dennis_Hastert_0003.jpg,True,Dennis_Hastert,Dennis_Hastert/Dennis_Hastert_0006.jpg,True,1
4874,9,Dennis_Hastert,Dennis_Hastert/Dennis_Hastert_0004.jpg,True,Dennis_Hastert,Dennis_Hastert/Dennis_Hastert_0006.jpg,True,1
4875,9,Dennis_Hastert,Dennis_Hastert/Dennis_Hastert_0005.jpg,True,Dennis_Hastert,Dennis_Hastert/Dennis_Hastert_0006.jpg,True,1
4876,9,Dolly_Parton,Dolly_Parton/Dolly_Parton_0001.jpg,False,Dolly_Parton,Dolly_Parton/Dolly_Parton_0002.jpg,False,1
4877,9,Doug_Duncan,Doug_Duncan/Doug_Duncan_0001.jpg,True,Doug_Duncan,Doug_Duncan/Doug_Duncan_0002.jpg,True,1
4878,9,Edward_Kennedy,Edward_Kennedy/Edward_Kennedy_0001.jpg,True,Edward_Kennedy,Edward_Kennedy/Edward_Kennedy_0002.jpg,True,1
4879,9,Edward_Kennedy,Edward_Kennedy/Edward_Kennedy_0002.jpg,True,Edward_Kennedy,Edward_Kennedy/Edward_Kennedy_0003.jpg,True,1
4880,9,Edward_Said,Edward_Said/Edward_Said_0001.jpg,True,Edward_Said,Edward_Said/Edward_Said_0002.jpg,True,1
4881,9,Elena_Bovina,Elena_Bovina/Elena_Bovina_0001.jpg,False,Elena_Bovina,Elena_Bovina/Elena_Bovina_0002.jpg,False,1
4882,9,Elena_Bovina,Elena_Bovina/Elena_Bovina_0001.jpg,False,Elena_Bovina,Elena_Bovina/Elena_Bovina_0003.jpg,False,1
4883,9,Elena_Bovina,Elena_Bovina/Elena_Bovina_0002.jpg,False,Elena_Bovina,Elena_Bovina/Elena_Bovina_0003.jpg,False,1
4884,9,Eliane_Karp,Eliane_Karp/Eliane_Karp_0001.jpg,True,Eliane_Karp,Eliane_Karp/Eliane_Karp_0003.jpg,True,1
4885,9,Eliane_Karp,Eliane_Karp/Eliane_Karp_0002.jpg,True,Eliane_Karp,Eliane_Karp/Eliane_Karp_0003.jpg,True,1
4886,9,Eliane_Karp,Eliane_Karp/Eliane_Karp_0002.jpg,True,Eliane_Karp,Eliane_Karp/Eliane_Karp_0004.jpg,True,1
4887,9,Eliane_Karp,Eliane_Karp/Eliane_Karp_0003.jpg,True,Eliane_Karp,Eliane_Karp/Eliane_Karp_0004.jpg,True,1
4888,9,Elvis_Presley,Elvis_Presley/Elvis_Presley_0001.jpg,False,Elvis_Presley,Elvis_Presley/Elvis_Presley_0002.jpg,False,1
4889,9,Erika_Harold,Erika_Harold/Erika_Harold_0001.jpg,True,Erika_Harold,Erika_Harold/Erika_Harold_0003.jpg,True,1
4890,9,Erika_Harold,Erika_Harold/Erika_Harold_0002.jpg,True,Erika_Harold,Erika_Harold/Erika_Harold_0003.jpg,True,1
4891,9,Erika_Harold,Erika_Harold/Erika_Harold_0003.jpg,True,Erika_Harold,Erika_Harold/Erika_Harold_0004.jpg,True,1
4892,9,Erika_Harold,Erika_Harold/Erika_Harold_0004.jpg,True,Erika_Harold,Erika_Harold/Erika_Harold_0005.jpg,True,1
4893,9,Ernie_Els,Ernie_Els/Ernie_Els_0001.jpg,True,Ernie_Els,Ernie_Els/Ernie_Els_0003.jpg,True,1
4894,9,Ernie_Els,Ernie_Els/Ernie_Els_0001.jpg,True,Ernie_Els,Ernie_Els/Ernie_Els_0004.jpg,True,1
4895,9,Ernie_Els,Ernie_Els/Ernie_Els_0002.jpg,True,Ernie_Els,Ernie_Els/Ernie_Els_0003.jpg,True,1
4896,9,Franco_Dragone,Franco_Dragone/Franco_Dragone_0001.jpg,True,Franco_Dragone,Franco_Dragone/Franco_Dragone_0002.jpg,True,1
4897,9,Frank_Solich,Frank_Solich/Frank_Solich_0001.jpg,True,Frank_Solich,Frank_Solich/Frank_Solich_0004.jpg,True,1
4898,9,Frank_Solich,Frank_Solich/Frank_Solich_0002.jpg,True,Frank_Solich,Frank_Solich/Frank_Solich_0005.jpg,True,1
4899,9,Frank_Solich,Frank_Solich/Frank_Solich_0003.jpg,True,Frank_Solich,Frank_Solich/Frank_Solich_0004.jpg,True,1
4900,9,Gabriel_Batistuta,Gabriel_Batistuta/Gabriel_Batistuta_0001.jpg,True,Gabriel_Batistuta,Gabriel_Batistuta/Gabriel_Batistuta_0002.jpg,True,1
4901,9,Gary_Carter,Gary_Carter/Gary_Carter_0001.jpg,False,Gary_Carter,Gary_Carter/Gary_Carter_0002.jpg,False,1
4902,9,Gary_Carter,Gary_Carter/Gary_Carter_0001.jpg,False,Gary_Carter,Gary_Carter/Gary_Carter_0003.jpg,False,1
4903,9,Gary_Doer,Gary_Doer/Gary_Doer_0001.jpg,True,Gary_Doer,Gary_Doer/Gary_Doer_0002.jpg,True,1
4904,9,Gary_Doer,Gary_Doer/Gary_Doer_0002.jpg,True,Gary_Doer,Gary_Doer/Gary_Doer_0003.jpg,True,1
4905,9,George_Tenet,George_Tenet/George_Tenet_0001.jpg,True,George_Tenet,George_Tenet/George_Tenet_0002.jpg,True,1
4906,9,George_Voinovich,George_Voinovich/George_Voinovich_0001.jpg,False,George_Voinovich,George_Voinovich/George_Voinovich_0003.jpg,False,1
4907,9,George_Voinovich,George_Voinovich/George_Voinovich_0002.jpg,False,George_Voinovich,George_Voinovich/George_Voinovich_0003.jpg,False,1
4908,9,Georgi_Parvanov,Georgi_Parvanov/Georgi_Parvanov_0001.jpg,True,Georgi_Parvanov,Georgi_Parvanov/Georgi_Parvanov_0002.jpg,True,1
4909,9,Goldie_Hawn,Goldie_Hawn/Goldie_Hawn_0001.jpg,True,Goldie_Hawn,Goldie_Hawn/Goldie_Hawn_0007.jpg,True,1
4910,9,Goldie_Hawn,Goldie_Hawn/Goldie_Hawn_0002.jpg,True,Goldie_Hawn,Goldie_Hawn/Goldie_Hawn_0003.jpg,True,1
4911,9,Goldie_Hawn,Goldie_Hawn/Goldie_Hawn_0003.jpg,True,Goldie_Hawn,Goldie_Hawn/Goldie_Hawn_0007.jpg,True,1
4912,9,Goldie_Hawn,Goldie_Hawn/Goldie_Hawn_0006.jpg,True,Goldie_Hawn,Goldie_Hawn/Goldie_Hawn_0007.jpg,True,1
4913,9,Goran_Persson,Goran_Persson/Goran_Persson_0001.jpg,True,Goran_Persson,Goran_Persson/Goran_Persson_0002.jpg,True,1
4914,9,Gro_Harlem_Brundtland,Gro_Harlem_Brundtland/Gro_Harlem_Brundtland_0001.jpg,False,Gro_Harlem_Brundtland,Gro_Harlem_Brundtland/Gro_Harlem_Brundtland_0002.jpg,False,1
4915,9,Guillaume_Soro,Guillaume_Soro/Guillaume_Soro_0001.jpg,False,Guillaume_Soro,Guillaume_Soro/Guillaume_Soro_0002.jpg,False,1
4916,9,Gwyneth_Paltrow,Gwyneth_Paltrow/Gwyneth_Paltrow_0001.jpg,True,Gwyneth_Paltrow,Gwyneth_Paltrow/Gwyneth_Paltrow_0005.jpg,True,1
4917,9,Gwyneth_Paltrow,Gwyneth_Paltrow/Gwyneth_Paltrow_0001.jpg,True,Gwyneth_Paltrow,Gwyneth_Paltrow/Gwyneth_Paltrow_0006.jpg,True,1
4918,9,Gwyneth_Paltrow,Gwyneth_Paltrow/Gwyneth_Paltrow_0002.jpg,True,Gwyneth_Paltrow,Gwyneth_Paltrow/Gwyneth_Paltrow_0006.jpg,True,1
4919,9,Gwyneth_Paltrow,Gwyneth_Paltrow/Gwyneth_Paltrow_0003.jpg,True,Gwyneth_Paltrow,Gwyneth_Paltrow/Gwyneth_Paltrow_0006.jpg,True,1
4920,9,Hee-Won_Han,Hee-Won_Han/Hee-Won_Han_0001.jpg,False,Hee-Won_Han,Hee-Won_Han/Hee-Won_Han_0002.jpg,False,1
4921,9,Herb_Sendek,Herb_Sendek/Herb_Sendek_0001.jpg,False,Herb_Sendek,Herb_Sendek/Herb_Sendek_0003.jpg,False,1
4922,9,Herb_Sendek,Herb_Sendek/Herb_Sendek_0003.jpg,False,Herb_Sendek,Herb_Sendek/Herb_Sendek_0004.jpg,False,1
4923,9,Howard_Smith,Howard_Smith/Howard_Smith_0001.jpg,True,Howard_Smith,Howard_Smith/Howard_Smith_0002.jpg,True,1
4924,9,Hugh_Grant,Hugh_Grant/Hugh_Grant_0005.jpg,True,Hugh_Grant,Hugh_Grant/Hugh_Grant_0008.jpg,True,1
4925,9,Hugh_Grant,Hugh_Grant/Hugh_Grant_0006.jpg,True,Hugh_Grant,Hugh_Grant/Hugh_Grant_0009.jpg,True,1
4926,9,Jack_Straw,Jack_Straw/Jack_Straw_0025.jpg,True,Jack_Straw,Jack_Straw/Jack_Straw_0028.jpg,True,1
4927,9,James_Franco,James_Franco/James_Franco_0001.jpg,True,James_Franco,James_Franco/James_Franco_0002.jpg,True,1
4928,9,James_Ivory,James_Ivory/James_Ivory_0001.jpg,False,James_Ivory,James_Ivory/James_Ivory_0002.jpg,False,1
4929,9,James_Schultz,James_Schultz/James_Schultz_0001.jpg,True,James_Schultz,James_Schultz/James_Schultz_0002.jpg,True,1
4930,9,James_Traficant,James_Traficant/James_Traficant_0001.jpg,True,James_Traficant,James_Traficant/James_Traficant_0002.jpg,True,1
4931,9,James_Traficant,James_Traficant/James_Traficant_0002.jpg,True,James_Traficant,James_Traficant/James_Traficant_0003.jpg,True,1
4932,9,Jan_Ullrich,Jan_Ullrich/Jan_Ullrich_0001.jpg,True,Jan_Ullrich,Jan_Ullrich/Jan_Ullrich_0004.jpg,True,1
4933,9,Jan_Ullrich,Jan_Ullrich/Jan_Ullrich_0002.jpg,True,Jan_Ullrich,Jan_Ullrich/Jan_Ullrich_0006.jpg,True,1
4934,9,Jan_Ullrich,Jan_Ullrich/Jan_Ullrich_0003.jpg,True,Jan_Ullrich,Jan_Ullrich/Jan_Ullrich_0006.jpg,True,1
4935,9,Jane_Pauley,Jane_Pauley/Jane_Pauley_0001.jpg,False,Jane_Pauley,Jane_Pauley/Jane_Pauley_0002.jpg,False,1
4936,9,Jason_Jennings,Jason_Jennings/Jason_Jennings_0001.jpg,False,Jason_Jennings,Jason_Jennings/Jason_Jennings_0002.jpg,False,1
4937,9,Javier_Weber,Javier_Weber/Javier_Weber_0001.jpg,True,Javier_Weber,Javier_Weber/Javier_Weber_0002.jpg,True,1
4938,9,Jennifer_Rodriguez,Jennifer_Rodriguez/Jennifer_Rodriguez_0001.jpg,False,Jennifer_Rodriguez,Jennifer_Rodriguez/Jennifer_Rodriguez_0002.jpg,False,1
4939,9,Jeong_Se-hyun,Jeong_Se-hyun/Jeong_Se-hyun_0002.jpg,True,Jeong_Se-hyun,Jeong_Se-hyun/Jeong_Se-hyun_0006.jpg,True,1
4940,9,Jeong_Se-hyun,Jeong_Se-hyun/Jeong_Se-hyun_0003.jpg,True,Jeong_Se-hyun,Jeong_Se-hyun/Jeong_Se-hyun_0007.jpg,True,1
4941,9,Jeong_Se-hyun,Jeong_Se-hyun/Jeong_Se-hyun_0006.jpg,True,Jeong_Se-hyun,Jeong_Se-hyun/Jeong_Se-hyun_0008.jpg,True,1
4942,9,Jeong_Se-hyun,Jeong_Se-hyun/Jeong_Se-hyun_0007.jpg,True,Jeong_Se-hyun,Jeong_Se-hyun/Jeong_Se-hyun_0009.jpg,True,1
4943,9,Jeong_Se-hyun,Jeong_Se-hyun/Jeong_Se-hyun_0008.jpg,True,Jeong_Se-hyun,Jeong_Se-hyun/Jeong_Se-hyun_0009.jpg,True,1
4944,9,Jo_Dee_Messina,Jo_Dee_Messina/Jo_Dee_Messina_0001.jpg,True,Jo_Dee_Messina,Jo_Dee_Messina/Jo_Dee_Messina_0002.jpg,True,1
4945,9,Joe_Lieberman,Joe_Lieberman/Joe_Lieberman_0008.jpg,True,Joe_Lieberman,Joe_Lieberman/Joe_Lieberman_0011.jpg,True,1
4946,9,Joe_Lieberman,Joe_Lieberman/Joe_Lieberman_0009.jpg,True,Joe_Lieberman,Joe_Lieberman/Joe_Lieberman_0010.jpg,True,1
4947,9,Joe_Mantello,Joe_Mantello/Joe_Mantello_0001.jpg,False,Joe_Mantello,Joe_Mantello/Joe_Mantello_0002.jpg,False,1
4948,9,John_Allen_Muhammad,John_Allen_Muhammad/John_Allen_Muhammad_0002.jpg,False,John_Allen_Muhammad,John_Allen_Muhammad/John_Allen_Muhammad_0009.jpg,False,1
4949,9,John_Allen_Muhammad,John_Allen_Muhammad/John_Allen_Muhammad_0005.jpg,False,John_Allen_Muhammad,John_Allen_Muhammad/John_Allen_Muhammad_0007.jpg,False,1
4950,9,John_Allen_Muhammad,John_Allen_Muhammad/John_Allen_Muhammad_0006.jpg,False,John_Allen_Muhammad,John_Allen_Muhammad/John_Allen_Muhammad_0010.jpg,False,1
4951,9,John_Blaney,John_Blaney/John_Blaney_0001.jpg,False,John_Blaney,John_Blaney/John_Blaney_0002.jpg,False,1
4952,9,John_Brady,John_Brady/John_Brady_0001.jpg,False,John_Brady,John_Brady/John_Brady_0002.jpg,False,1
4953,9,John_Howard,John_Howard/John_Howard_0005.jpg,True,John_Howard,John_Howard/John_Howard_0015.jpg,True,1
4954,9,John_Howard,John_Howard/John_Howard_0012.jpg,True,John_Howard,John_Howard/John_Howard_0017.jpg,True,1
4955,9,Johnny_Tapia,Johnny_Tapia/Johnny_Tapia_0001.jpg,True,Johnny_Tapia,Johnny_Tapia/Johnny_Tapia_0002.jpg,True,1
4956,9,Johnny_Tapia,Johnny_Tapia/Johnny_Tapia_0002.jpg,True,Johnny_Tapia,Johnny_Tapia/Johnny_Tapia_0003.jpg,True,1
4957,9,Jorge_Valdano,Jorge_Valdano/Jorge_Valdano_0001.jpg,False,Jorge_Valdano,Jorge_Valdano/Jorge_Valdano_0002.jpg,False,1
4958,9,Joseph_Deiss,Joseph_Deiss/Joseph_Deiss_0001.jpg,True,Joseph_Deiss,Joseph_Deiss/Joseph_Deiss_0003.jpg,True,1
4959,9,Junichiro_Koizumi,Junichiro_Koizumi/Junichiro_Koizumi_0001.jpg,True,Junichiro_Koizumi,Junichiro_Koizumi/Junichiro_Koizumi_0053.jpg,True,1
4960,9,Junichiro_Koizumi,Junichiro_Koizumi/Junichiro_Koizumi_0026.jpg,True,Junichiro_Koizumi,Junichiro_Koizumi/Junichiro_Koizumi_0055.jpg,True,1
4961,9,Junichiro_Koizumi,Junichiro_Koizumi/Junichiro_Koizumi_0029.jpg,True,Junichiro_Koizumi,Junichiro_Koizumi/Junichiro_Koizumi_0045.jpg,True,1
4962,9,Kate_Capshaw,Kate_Capshaw/Kate_Capshaw_0001.jpg,True,Kate_Capshaw,Kate_Capshaw/Kate_Capshaw_0002.jpg,True,1
4963,9,Kathryn_Bigelow,Kathryn_Bigelow/Kathryn_Bigelow_0001.jpg,True,Kathryn_Bigelow,Kathryn_Bigelow/Kathryn_Bigelow_0002.jpg,True,1
4964,9,Kevin_Spacey,Kevin_Spacey/Kevin_Spacey_0001.jpg,True,Kevin_Spacey,Kevin_Spacey/Kevin_Spacey_0002.jpg,True,1
4965,9,Kevin_Spacey,Kevin_Spacey/Kevin_Spacey_0001.jpg,True,Kevin_Spacey,Kevin_Spacey/Kevin_Spacey_0003.jpg,True,1
4966,9,Kim_Ryong-sung,Kim_Ryong-sung/Kim_Ryong-sung_0006.jpg,True,Kim_Ryong-sung,Kim_Ryong-sung/Kim_Ryong-sung_0008.jpg,True,1
4967,9,Kim_Ryong-sung,Kim_Ryong-sung/Kim_Ryong-sung_0008.jpg,True,Kim_Ryong-sung,Kim_Ryong-sung/Kim_Ryong-sung_0011.jpg,True,1
4968,9,Klaus_Zwickel,Klaus_Zwickel/Klaus_Zwickel_0001.jpg,False,Klaus_Zwickel,Klaus_Zwickel/Klaus_Zwickel_0002.jpg,False,1
4969,9,Kristen_Breitweiser,Kristen_Breitweiser/Kristen_Breitweiser_0002.jpg,True,Kristen_Breitweiser,Kristen_Breitweiser/Kristen_Breitweiser_0003.jpg,True,1
4970,9,Laila_Ali,Laila_Ali/Laila_Ali_0002.jpg,False,Laila_Ali,Laila_Ali/Laila_Ali_0003.jpg,False,1
4971,9,Larry_Brown,Larry_Brown/Larry_Brown_0001.jpg,True,Larry_Brown,Larry_Brown/Larry_Brown_0003.jpg,True,1
4972,9,Larry_Brown,Larry_Brown/Larry_Brown_0002.jpg,True,Larry_Brown,Larry_Brown/Larry_Brown_0004.jpg,True,1
4973,9,Larry_Brown,Larry_Brown/Larry_Brown_0002.jpg,True,Larry_Brown,Larry_Brown/Larry_Brown_0007.jpg,True,1
4974,9,Larry_Brown,Larry_Brown/Larry_Brown_0004.jpg,True,Larry_Brown,Larry_Brown/Larry_Brown_0007.jpg,True,1
4975,9,Larry_Brown,Larry_Brown/Larry_Brown_0006.jpg,True,Larry_Brown,Larry_Brown/Larry_Brown_0007.jpg,True,1
4976,9,Larry_Johnson,Larry_Johnson/Larry_Johnson_0001.jpg,True,Larry_Johnson,Larry_Johnson/Larry_Johnson_0002.jpg,True,1
4977,9,Lars_Von_Trier,Lars_Von_Trier/Lars_Von_Trier_0001.jpg,False,Lars_Von_Trier,Lars_Von_Trier/Lars_Von_Trier_0002.jpg,False,1
4978,9,Lars_Von_Trier,Lars_Von_Trier/Lars_Von_Trier_0002.jpg,False,Lars_Von_Trier,Lars_Von_Trier/Lars_Von_Trier_0003.jpg,False,1
4979,9,Leander_Paes,Leander_Paes/Leander_Paes_0001.jpg,False,Leander_Paes,Leander_Paes/Leander_Paes_0002.jpg,False,1
4980,9,Liam_Neeson,Liam_Neeson/Liam_Neeson_0001.jpg,True,Liam_Neeson,Liam_Neeson/Liam_Neeson_0003.jpg,True,1
4981,9,Liam_Neeson,Liam_Neeson/Liam_Neeson_0002.jpg,True,Liam_Neeson,Liam_Neeson/Liam_Neeson_0003.jpg,True,1
4982,9,Lino_Oviedo,Lino_Oviedo/Lino_Oviedo_0001.jpg,False,Lino_Oviedo,Lino_Oviedo/Lino_Oviedo_0003.jpg,False,1
4983,9,Lino_Oviedo,Lino_Oviedo/Lino_Oviedo_0002.jpg,False,Lino_Oviedo,Lino_Oviedo/Lino_Oviedo_0003.jpg,False,1
4984,9,Ludivine_Sagnier,Ludivine_Sagnier/Ludivine_Sagnier_0001.jpg,False,Ludivine_Sagnier,Ludivine_Sagnier/Ludivine_Sagnier_0003.jpg,False,1
4985,9,Ludivine_Sagnier,Ludivine_Sagnier/Ludivine_Sagnier_0003.jpg,False,Ludivine_Sagnier,Ludivine_Sagnier/Ludivine_Sagnier_0004.jpg,False,1
4986,9,Lynne_Cheney,Lynne_Cheney/Lynne_Cheney_0001.jpg,True,Lynne_Cheney,Lynne_Cheney/Lynne_Cheney_0002.jpg,True,1
4987,9,Lynne_Cheney,Lynne_Cheney/Lynne_Cheney_0002.jpg,True,Lynne_Cheney,Lynne_Cheney/Lynne_Cheney_0003.jpg,True,1
4988,9,Maggie_Smith,Maggie_Smith/Maggie_Smith_0001.jpg,True,Maggie_Smith,Maggie_Smith/Maggie_Smith_0002.jpg,True,1
4989,9,Marcelo_Salas,Marcelo_Salas/Marcelo_Salas_0001.jpg,False,Marcelo_Salas,Marcelo_Salas/Marcelo_Salas_0002.jpg,False,1
4990,9,Mariangel_Ruiz_Torrealba,Mariangel_Ruiz_Torrealba/Mariangel_Ruiz_Torrealba_0001.jpg,False,Mariangel_Ruiz_Torrealba,Mariangel_Ruiz_Torrealba/Mariangel_Ruiz_Torrealba_0002.jpg,False,1
4991,9,Marisa_Tomei,Marisa_Tomei/Marisa_Tomei_0001.jpg,False,Marisa_Tomei,Marisa_Tomei/Marisa_Tomei_0002.jpg,False,1
4992,9,Mary_Steenburgen,Mary_Steenburgen/Mary_Steenburgen_0001.jpg,True,Mary_Steenburgen,Mary_Steenburgen/Mary_Steenburgen_0002.jpg,True,1
4993,9,Mel_Brooks,Mel_Brooks/Mel_Brooks_0001.jpg,False,Mel_Brooks,Mel_Brooks/Mel_Brooks_0002.jpg,False,1
4994,9,Mel_Gibson,Mel_Gibson/Mel_Gibson_0001.jpg,True,Mel_Gibson,Mel_Gibson/Mel_Gibson_0002.jpg,True,1
4995,9,Mian_Khursheed_Mehmood_Kasuri,Mian_Khursheed_Mehmood_Kasuri/Mian_Khursheed_Mehmood_Kasuri_0002.jpg,False,Mian_Khursheed_Mehmood_Kasuri,Mian_Khursheed_Mehmood_Kasuri/Mian_Khursheed_Mehmood_Kasuri_0003.jpg,False,1
4996,9,Mian_Khursheed_Mehmood_Kasuri,Mian_Khursheed_Mehmood_Kasuri/Mian_Khursheed_Mehmood_Kasuri_0003.jpg,False,Mian_Khursheed_Mehmood_Kasuri,Mian_Khursheed_Mehmood_Kasuri/Mian_Khursheed_Mehmood_Kasuri_0004.jpg,False,1
4997,9,Michael_Moore,Michael_Moore/Michael_Moore_0001.jpg,False,Michael_Moore,Michael_Moore/Michael_Moore_0002.jpg,False,1
4998,9,Michael_Moore,Michael_Moore/Michael_Moore_0002.jpg,False,Michael_Moore,Michael_Moore/Michael_Moore_0003.jpg,False,1
4999,9,Michel_Duclos,Michel_Duclos/Michel_Duclos_0001.jpg,False,Michel_Duclos,Michel_Duclos/Michel_Duclos_0002.jpg,False,1
5000,9,Michelle_Pfeiffer,Michelle_Pfeiffer/Michelle_Pfeiffer_0001.jpg,True,Michelle_Pfeiffer,Michelle_Pfeiffer/Michelle_Pfeiffer_0002.jpg,True,1
5001,9,Mireya_Moscoso,Mireya_Moscoso/Mireya_Moscoso_0002.jpg,False,Mireya_Moscoso,Mireya_Moscoso/Mireya_Moscoso_0003.jpg,False,1
5002,9,Mireya_Moscoso,Mireya_Moscoso/Mireya_Moscoso_0002.jpg,False,Mireya_Moscoso,Mireya_Moscoso/Mireya_Moscoso_0005.jpg,False,1
5003,9,Mireya_Moscoso,Mireya_Moscoso/Mireya_Moscoso_0004.jpg,False,Mireya_Moscoso,Mireya_Moscoso/Mireya_Moscoso_0005.jpg,False,1
5004,9,Nabil_Shaath,Nabil_Shaath/Nabil_Shaath_0001.jpg,False,Nabil_Shaath,Nabil_Shaath/Nabil_Shaath_0003.jpg,False,1
5005,9,Nabil_Shaath,Nabil_Shaath/Nabil_Shaath_0002.jpg,False,Nabil_Shaath,Nabil_Shaath/Nabil_Shaath_0003.jpg,False,1
5006,9,Naomi_Watts,Naomi_Watts/Naomi_Watts_0001.jpg,True,Naomi_Watts,Naomi_Watts/Naomi_Watts_0018.jpg,True,1
5007,9,Naomi_Watts,Naomi_Watts/Naomi_Watts_0006.jpg,True,Naomi_Watts,Naomi_Watts/Naomi_Watts_0009.jpg,True,1
5008,9,Naomi_Watts,Naomi_Watts/Naomi_Watts_0013.jpg,True,Naomi_Watts,Naomi_Watts/Naomi_Watts_0018.jpg,True,1
5009,9,Natalie_Cole,Natalie_Cole/Natalie_Cole_0001.jpg,True,Natalie_Cole,Natalie_Cole/Natalie_Cole_0003.jpg,True,1
5010,9,Natalie_Cole,Natalie_Cole/Natalie_Cole_0002.jpg,True,Natalie_Cole,Natalie_Cole/Natalie_Cole_0003.jpg,True,1
5011,9,Nathalie_Baye,Nathalie_Baye/Nathalie_Baye_0001.jpg,False,Nathalie_Baye,Nathalie_Baye/Nathalie_Baye_0002.jpg,False,1
5012,9,Nathalie_Baye,Nathalie_Baye/Nathalie_Baye_0001.jpg,False,Nathalie_Baye,Nathalie_Baye/Nathalie_Baye_0004.jpg,False,1
5013,9,Nathalie_Baye,Nathalie_Baye/Nathalie_Baye_0002.jpg,False,Nathalie_Baye,Nathalie_Baye/Nathalie_Baye_0004.jpg,False,1
5014,9,Nathalie_Baye,Nathalie_Baye/Nathalie_Baye_0003.jpg,False,Nathalie_Baye,Nathalie_Baye/Nathalie_Baye_0004.jpg,False,1
5015,9,Oleksandr_Moroz,Oleksandr_Moroz/Oleksandr_Moroz_0001.jpg,True,Oleksandr_Moroz,Oleksandr_Moroz/Oleksandr_Moroz_0002.jpg,True,1
5016,9,Oscar_Elias_Biscet,Oscar_Elias_Biscet/Oscar_Elias_Biscet_0001.jpg,True,Oscar_Elias_Biscet,Oscar_Elias_Biscet/Oscar_Elias_Biscet_0002.jpg,True,1
5017,9,Oswaldo_Paya,Oswaldo_Paya/Oswaldo_Paya_0001.jpg,True,Oswaldo_Paya,Oswaldo_Paya/Oswaldo_Paya_0003.jpg,True,1
5018,9,Oswaldo_Paya,Oswaldo_Paya/Oswaldo_Paya_0003.jpg,True,Oswaldo_Paya,Oswaldo_Paya/Oswaldo_Paya_0004.jpg,True,1
5019,9,Patricia_Clarkson,Patricia_Clarkson/Patricia_Clarkson_0001.jpg,True,Patricia_Clarkson,Patricia_Clarkson/Patricia_Clarkson_0002.jpg,True,1
5020,9,Patricia_Clarkson,Patricia_Clarkson/Patricia_Clarkson_0001.jpg,True,Patricia_Clarkson,Patricia_Clarkson/Patricia_Clarkson_0003.jpg,True,1
5021,9,Patricia_Clarkson,Patricia_Clarkson/Patricia_Clarkson_0002.jpg,True,Patricia_Clarkson,Patricia_Clarkson/Patricia_Clarkson_0003.jpg,True,1
5022,9,Patricia_Clarkson,Patricia_Clarkson/Patricia_Clarkson_0002.jpg,True,Patricia_Clarkson,Patricia_Clarkson/Patricia_Clarkson_0004.jpg,True,1
5023,9,Patrick_Roy,Patrick_Roy/Patrick_Roy_0001.jpg,False,Patrick_Roy,Patrick_Roy/Patrick_Roy_0002.jpg,False,1
5024,9,Paul-Henri_Mathieu,Paul-Henri_Mathieu/Paul-Henri_Mathieu_0001.jpg,True,Paul-Henri_Mathieu,Paul-Henri_Mathieu/Paul-Henri_Mathieu_0002.jpg,True,1
5025,9,Paul-Henri_Mathieu,Paul-Henri_Mathieu/Paul-Henri_Mathieu_0001.jpg,True,Paul-Henri_Mathieu,Paul-Henri_Mathieu/Paul-Henri_Mathieu_0003.jpg,True,1
5026,9,Paul_Byrd,Paul_Byrd/Paul_Byrd_0001.jpg,True,Paul_Byrd,Paul_Byrd/Paul_Byrd_0002.jpg,True,1
5027,9,Paul_Kagame,Paul_Kagame/Paul_Kagame_0001.jpg,True,Paul_Kagame,Paul_Kagame/Paul_Kagame_0002.jpg,True,1
5028,9,Peter_Costello,Peter_Costello/Peter_Costello_0001.jpg,True,Peter_Costello,Peter_Costello/Peter_Costello_0002.jpg,True,1
5029,9,Peter_Greenaway,Peter_Greenaway/Peter_Greenaway_0001.jpg,False,Peter_Greenaway,Peter_Greenaway/Peter_Greenaway_0002.jpg,False,1
5030,9,Prince_Naruhito,Prince_Naruhito/Prince_Naruhito_0001.jpg,False,Prince_Naruhito,Prince_Naruhito/Prince_Naruhito_0002.jpg,False,1
5031,9,Prince_Naruhito,Prince_Naruhito/Prince_Naruhito_0001.jpg,False,Prince_Naruhito,Prince_Naruhito/Prince_Naruhito_0003.jpg,False,1
5032,9,Prince_Naruhito,Prince_Naruhito/Prince_Naruhito_0002.jpg,False,Prince_Naruhito,Prince_Naruhito/Prince_Naruhito_0003.jpg,False,1
5033,9,Princess_Masako,Princess_Masako/Princess_Masako_0001.jpg,False,Princess_Masako,Princess_Masako/Princess_Masako_0002.jpg,False,1
5034,9,Pupi_Avati,Pupi_Avati/Pupi_Avati_0002.jpg,False,Pupi_Avati,Pupi_Avati/Pupi_Avati_0003.jpg,False,1
5035,9,Queen_Latifah,Queen_Latifah/Queen_Latifah_0001.jpg,True,Queen_Latifah,Queen_Latifah/Queen_Latifah_0003.jpg,True,1
5036,9,Queen_Latifah,Queen_Latifah/Queen_Latifah_0002.jpg,True,Queen_Latifah,Queen_Latifah/Queen_Latifah_0004.jpg,True,1
5037,9,Queen_Latifah,Queen_Latifah/Queen_Latifah_0003.jpg,True,Queen_Latifah,Queen_Latifah/Queen_Latifah_0004.jpg,True,1
5038,9,Rachel_Griffiths,Rachel_Griffiths/Rachel_Griffiths_0002.jpg,True,Rachel_Griffiths,Rachel_Griffiths/Rachel_Griffiths_0003.jpg,True,1
5039,9,Ralph_Firman,Ralph_Firman/Ralph_Firman_0001.jpg,False,Ralph_Firman,Ralph_Firman/Ralph_Firman_0002.jpg,False,1
5040,9,Ralph_Klein,Ralph_Klein/Ralph_Klein_0001.jpg,False,Ralph_Klein,Ralph_Klein/Ralph_Klein_0002.jpg,False,1
5041,9,Ranil_Wickremasinghe,Ranil_Wickremasinghe/Ranil_Wickremasinghe_0002.jpg,True,Ranil_Wickremasinghe,Ranil_Wickremasinghe/Ranil_Wickremasinghe_0003.jpg,True,1
5042,9,Rick_Pitino,Rick_Pitino/Rick_Pitino_0001.jpg,True,Rick_Pitino,Rick_Pitino/Rick_Pitino_0003.jpg,True,1
5043,9,Rick_Pitino,Rick_Pitino/Rick_Pitino_0002.jpg,True,Rick_Pitino,Rick_Pitino/Rick_Pitino_0004.jpg,True,1
5044,9,Rick_Pitino,Rick_Pitino/Rick_Pitino_0003.jpg,True,Rick_Pitino,Rick_Pitino/Rick_Pitino_0004.jpg,True,1
5045,9,Ricky_Martin,Ricky_Martin/Ricky_Martin_0001.jpg,False,Ricky_Martin,Ricky_Martin/Ricky_Martin_0002.jpg,False,1
5046,9,Rita_Moreno,Rita_Moreno/Rita_Moreno_0001.jpg,True,Rita_Moreno,Rita_Moreno/Rita_Moreno_0002.jpg,True,1
5047,9,Robert_De_Niro,Robert_De_Niro/Robert_De_Niro_0001.jpg,False,Robert_De_Niro,Robert_De_Niro/Robert_De_Niro_0004.jpg,False,1
5048,9,Robert_De_Niro,Robert_De_Niro/Robert_De_Niro_0003.jpg,False,Robert_De_Niro,Robert_De_Niro/Robert_De_Niro_0006.jpg,False,1
5049,9,Robert_Kocharian,Robert_Kocharian/Robert_Kocharian_0004.jpg,False,Robert_Kocharian,Robert_Kocharian/Robert_Kocharian_0005.jpg,False,1
5050,9,Roberto_Marinho,Roberto_Marinho/Roberto_Marinho_0002.jpg,False,Roberto_Marinho,Roberto_Marinho/Roberto_Marinho_0003.jpg,False,1
5051,9,Roger_Moore,Roger_Moore/Roger_Moore_0003.jpg,False,Roger_Moore,Roger_Moore/Roger_Moore_0005.jpg,False,1
5052,9,Ron_Dittemore,Ron_Dittemore/Ron_Dittemore_0001.jpg,False,Ron_Dittemore,Ron_Dittemore/Ron_Dittemore_0002.jpg,False,1
5053,9,Ron_Dittemore,Ron_Dittemore/Ron_Dittemore_0001.jpg,False,Ron_Dittemore,Ron_Dittemore/Ron_Dittemore_0003.jpg,False,1
5054,9,Ron_Dittemore,Ron_Dittemore/Ron_Dittemore_0004.jpg,False,Ron_Dittemore,Ron_Dittemore/Ron_Dittemore_0006.jpg,False,1
5055,9,Rudolph_Giuliani,Rudolph_Giuliani/Rudolph_Giuliani_0001.jpg,True,Rudolph_Giuliani,Rudolph_Giuliani/Rudolph_Giuliani_0020.jpg,True,1
5056,9,Rudolph_Giuliani,Rudolph_Giuliani/Rudolph_Giuliani_0002.jpg,True,Rudolph_Giuliani,Rudolph_Giuliani/Rudolph_Giuliani_0005.jpg,True,1
5057,9,Rudolph_Giuliani,Rudolph_Giuliani/Rudolph_Giuliani_0003.jpg,True,Rudolph_Giuliani,Rudolph_Giuliani/Rudolph_Giuliani_0020.jpg,True,1
5058,9,Rudolph_Giuliani,Rudolph_Giuliani/Rudolph_Giuliani_0004.jpg,True,Rudolph_Giuliani,Rudolph_Giuliani/Rudolph_Giuliani_0017.jpg,True,1
5059,9,Rudolph_Giuliani,Rudolph_Giuliani/Rudolph_Giuliani_0015.jpg,True,Rudolph_Giuliani,Rudolph_Giuliani/Rudolph_Giuliani_0020.jpg,True,1
5060,9,Russell_Simmons,Russell_Simmons/Russell_Simmons_0001.jpg,True,Russell_Simmons,Russell_Simmons/Russell_Simmons_0002.jpg,True,1
5061,9,Russell_Simmons,Russell_Simmons/Russell_Simmons_0001.jpg,True,Russell_Simmons,Russell_Simmons/Russell_Simmons_0004.jpg,True,1
5062,9,Russell_Simmons,Russell_Simmons/Russell_Simmons_0002.jpg,True,Russell_Simmons,Russell_Simmons/Russell_Simmons_0004.jpg,True,1
5063,9,Sean_Astin,Sean_Astin/Sean_Astin_0001.jpg,True,Sean_Astin,Sean_Astin/Sean_Astin_0003.jpg,True,1
5064,9,Sean_Astin,Sean_Astin/Sean_Astin_0002.jpg,True,Sean_Astin,Sean_Astin/Sean_Astin_0003.jpg,True,1
5065,9,Shaukat_Aziz,Shaukat_Aziz/Shaukat_Aziz_0001.jpg,True,Shaukat_Aziz,Shaukat_Aziz/Shaukat_Aziz_0002.jpg,True,1
5066,9,Silvio_Fernandez,Silvio_Fernandez/Silvio_Fernandez_0001.jpg,False,Silvio_Fernandez,Silvio_Fernandez/Silvio_Fernandez_0002.jpg,False,1
5067,9,Sophia_Loren,Sophia_Loren/Sophia_Loren_0001.jpg,True,Sophia_Loren,Sophia_Loren/Sophia_Loren_0002.jpg,True,1
5068,9,Sophia_Loren,Sophia_Loren/Sophia_Loren_0001.jpg,True,Sophia_Loren,Sophia_Loren/Sophia_Loren_0003.jpg,True,1
5069,9,Sophia_Loren,Sophia_Loren/Sophia_Loren_0001.jpg,True,Sophia_Loren,Sophia_Loren/Sophia_Loren_0007.jpg,True,1
5070,9,Sophia_Loren,Sophia_Loren/Sophia_Loren_0006.jpg,True,Sophia_Loren,Sophia_Loren/Sophia_Loren_0007.jpg,True,1
5071,9,Stellan_Skarsgard,Stellan_Skarsgard/Stellan_Skarsgard_0001.jpg,False,Stellan_Skarsgard,Stellan_Skarsgard/Stellan_Skarsgard_0002.jpg,False,1
5072,9,Tamara_Brooks,Tamara_Brooks/Tamara_Brooks_0001.jpg,False,Tamara_Brooks,Tamara_Brooks/Tamara_Brooks_0002.jpg,False,1
5073,9,Thomas_Fargo,Thomas_Fargo/Thomas_Fargo_0001.jpg,True,Thomas_Fargo,Thomas_Fargo/Thomas_Fargo_0002.jpg,True,1
5074,9,Thomas_Fargo,Thomas_Fargo/Thomas_Fargo_0001.jpg,True,Thomas_Fargo,Thomas_Fargo/Thomas_Fargo_0003.jpg,True,1
5075,9,Thomas_Fargo,Thomas_Fargo/Thomas_Fargo_0002.jpg,True,Thomas_Fargo,Thomas_Fargo/Thomas_Fargo_0003.jpg,True,1
5076,9,Thomas_Fargo,Thomas_Fargo/Thomas_Fargo_0002.jpg,True,Thomas_Fargo,Thomas_Fargo/Thomas_Fargo_0004.jpg,True,1
5077,9,Thomas_Fargo,Thomas_Fargo/Thomas_Fargo_0003.jpg,True,Thomas_Fargo,Thomas_Fargo/Thomas_Fargo_0004.jpg,True,1
5078,9,Tim_Allen,Tim_Allen/Tim_Allen_0002.jpg,True,Tim_Allen,Tim_Allen/Tim_Allen_0003.jpg,True,1
5079,9,Tim_Allen,Tim_Allen/Tim_Allen_0003.jpg,True,Tim_Allen,Tim_Allen/Tim_Allen_0004.jpg,True,1
5080,9,Tony_Shalhoub,Tony_Shalhoub/Tony_Shalhoub_0001.jpg,True,Tony_Shalhoub,Tony_Shalhoub/Tony_Shalhoub_0002.jpg,True,1
5081,9,Tony_Shalhoub,Tony_Shalhoub/Tony_Shalhoub_0001.jpg,True,Tony_Shalhoub,Tony_Shalhoub/Tony_Shalhoub_0003.jpg,True,1
5082,9,Tracy_McGrady,Tracy_McGrady/Tracy_McGrady_0001.jpg,False,Tracy_McGrady,Tracy_McGrady/Tracy_McGrady_0002.jpg,False,1
5083,9,Vicente_Fernandez,Vicente_Fernandez/Vicente_Fernandez_0002.jpg,True,Vicente_Fernandez,Vicente_Fernandez/Vicente_Fernandez_0003.jpg,True,1
5084,9,Vicente_Fernandez,Vicente_Fernandez/Vicente_Fernandez_0004.jpg,True,Vicente_Fernandez,Vicente_Fernandez/Vicente_Fernandez_0005.jpg,True,1
5085,9,Vince_Gill,Vince_Gill/Vince_Gill_0001.jpg,True,Vince_Gill,Vince_Gill/Vince_Gill_0002.jpg,True,1
5086,9,Wolfgang_Schuessel,Wolfgang_Schuessel/Wolfgang_Schuessel_0001.jpg,True,Wolfgang_Schuessel,Wolfgang_Schuessel/Wolfgang_Schuessel_0004.jpg,True,1
5087,9,Wolfgang_Schuessel,Wolfgang_Schuessel/Wolfgang_Schuessel_0003.jpg,True,Wolfgang_Schuessel,Wolfgang_Schuessel/Wolfgang_Schuessel_0004.jpg,True,1
5088,9,Wu_Yi,Wu_Yi/Wu_Yi_0001.jpg,False,Wu_Yi,Wu_Yi/Wu_Yi_0002.jpg,False,1
5089,9,Wu_Yi,Wu_Yi/Wu_Yi_0001.jpg,False,Wu_Yi,Wu_Yi/Wu_Yi_0003.jpg,False,1
5090,9,Wu_Yi,Wu_Yi/Wu_Yi_0002.jpg,False,Wu_Yi,Wu_Yi/Wu_Yi_0003.jpg,False,1
5091,9,Yao_Ming,Yao_Ming/Yao_Ming_0002.jpg,True,Yao_Ming,Yao_Ming/Yao_Ming_0004.jpg,True,1
5092,9,Yao_Ming,Yao_Ming/Yao_Ming_0005.jpg,True,Yao_Ming,Yao_Ming/Yao_Ming_0006.jpg,True,1
5093,9,Yao_Ming,Yao_Ming/Yao_Ming_0005.jpg,True,Yao_Ming,Yao_Ming/Yao_Ming_0008.jpg,True,1
5094,9,Yao_Ming,Yao_Ming/Yao_Ming_0006.jpg,True,Yao_Ming,Yao_Ming/Yao_Ming_0007.jpg,True,1
5095,9,Yoriko_Kawaguchi,Yoriko_Kawaguchi/Yoriko_Kawaguchi_0003.jpg,True,Yoriko_Kawaguchi,Yoriko_Kawaguchi/Yoriko_Kawaguchi_0005.jpg,True,1
5096,9,Yu_Shyi-kun,Yu_Shyi-kun/Yu_Shyi-kun_0001.jpg,False,Yu_Shyi-kun,Yu_Shyi-kun/Yu_Shyi-kun_0003.jpg,False,1
5097,9,Yu_Shyi-kun,Yu_Shyi-kun/Yu_Shyi-kun_0001.jpg,False,Yu_Shyi-kun,Yu_Shyi-kun/Yu_Shyi-kun_0004.jpg,False,1
5098,9,Yu_Shyi-kun,Yu_Shyi-kun/Yu_Shyi-kun_0002.jpg,False,Yu_Shyi-kun,Yu_Shyi-kun/Yu_Shyi-kun_0003.jpg,False,1
5099,9,Zhang_Wenkang,Zhang_Wenkang/Zhang_Wenkang_0001.jpg,False,Zhang_Wenkang,Zhang_Wenkang/Zhang_Wenkang_0002.jpg,False,1
5100,9,Zinedine_Zidane,Zinedine_Zidane/Zinedine_Zidane_0004.jpg,False,Zinedine_Zidane,Zinedine_Zidane/Zinedine_Zidane_0006.jpg,False,1
5101,9,Abdullah_Nasseef,Abdullah_Nasseef/Abdullah_Nasseef_0001.jpg,False,Bruce_Paltrow,Bruce_Paltrow/Bruce_Paltrow_0001.jpg,True,0
5102,9,Abdullah_Nasseef,Abdullah_Nasseef/Abdullah_Nasseef_0001.jpg,False,Howard_Smith,Howard_Smith/Howard_Smith_0002.jpg,True,0
5103,9,Abdullah_Nasseef,Abdullah_Nasseef/Abdullah_Nasseef_0001.jpg,False,Jan_De_Bont,Jan_De_Bont/Jan_De_Bont_0001.jpg,False,0
5104,9,Abdullah_Nasseef,Abdullah_Nasseef/Abdullah_Nasseef_0001.jpg,False,Jim_Nochols,Jim_Nochols/Jim_Nochols_0001.jpg,False,0
5105,9,Abdullah_Nasseef,Abdullah_Nasseef/Abdullah_Nasseef_0001.jpg,False,Oleg_Romantsev,Oleg_Romantsev/Oleg_Romantsev_0001.jpg,True,0
5106,9,Adam_Kennedy,Adam_Kennedy/Adam_Kennedy_0001.jpg,True,Charlie_Sheen,Charlie_Sheen/Charlie_Sheen_0001.jpg,False,0
5107,9,Adrian_McPherson,Adrian_McPherson/Adrian_McPherson_0002.jpg,False,Eduardo_Chillida,Eduardo_Chillida/Eduardo_Chillida_0001.jpg,False,0
5108,9,Al_Davis,Al_Davis/Al_Davis_0001.jpg,False,Julian_Fantino,Julian_Fantino/Julian_Fantino_0001.jpg,False,0
5109,9,Alan_Greenspan,Alan_Greenspan/Alan_Greenspan_0004.jpg,True,Kent_McCord,Kent_McCord/Kent_McCord_0001.jpg,False,0
5110,9,Alastair_Campbell,Alastair_Campbell/Alastair_Campbell_0004.jpg,False,Li_Ka-shing,Li_Ka-shing/Li_Ka-shing_0001.jpg,False,0
5111,9,Alexa_Vega,Alexa_Vega/Alexa_Vega_0001.jpg,False,Tony_Shalhoub,Tony_Shalhoub/Tony_Shalhoub_0001.jpg,True,0
5112,9,Alexander_Downer,Alexander_Downer/Alexander_Downer_0002.jpg,True,Zeljko_Rebraca,Zeljko_Rebraca/Zeljko_Rebraca_0001.jpg,True,0
5113,9,Alexander_Downer,Alexander_Downer/Alexander_Downer_0003.jpg,True,Luis_Berrondo,Luis_Berrondo/Luis_Berrondo_0001.jpg,False,0
5114,9,Alexandra_Pelosi,Alexandra_Pelosi/Alexandra_Pelosi_0001.jpg,True,Ken_Kutaragi,Ken_Kutaragi/Ken_Kutaragi_0001.jpg,False,0
5115,9,Alexandre_Herchcovitch,Alexandre_Herchcovitch/Alexandre_Herchcovitch_0001.jpg,True,Karen_Clarkson,Karen_Clarkson/Karen_Clarkson_0001.jpg,False,0
5116,9,Alice_Fisher,Alice_Fisher/Alice_Fisher_0001.jpg,False,Gene_Sauers,Gene_Sauers/Gene_Sauers_0001.jpg,True,0
5117,9,Alicia_Witt,Alicia_Witt/Alicia_Witt_0001.jpg,True,Jorge_Moreno,Jorge_Moreno/Jorge_Moreno_0001.jpg,True,0
5118,9,Alicia_Witt,Alicia_Witt/Alicia_Witt_0001.jpg,True,Lino_Oviedo,Lino_Oviedo/Lino_Oviedo_0001.jpg,False,0
5119,9,Allan_Wagner,Allan_Wagner/Allan_Wagner_0001.jpg,False,Larry_Campbell,Larry_Campbell/Larry_Campbell_0001.jpg,True,0
5120,9,Allan_Wagner,Allan_Wagner/Allan_Wagner_0001.jpg,False,Rita_Moreno,Rita_Moreno/Rita_Moreno_0001.jpg,True,0
5121,9,Alvaro_Silva_Calderon,Alvaro_Silva_Calderon/Alvaro_Silva_Calderon_0002.jpg,True,Stepan_Demirchian,Stepan_Demirchian/Stepan_Demirchian_0001.jpg,False,0
5122,9,Alvaro_Uribe,Alvaro_Uribe/Alvaro_Uribe_0014.jpg,True,Patricia_Clarkson,Patricia_Clarkson/Patricia_Clarkson_0001.jpg,True,0
5123,9,Ana_Sebastiao,Ana_Sebastiao/Ana_Sebastiao_0001.jpg,False,Marcos_Cafu,Marcos_Cafu/Marcos_Cafu_0001.jpg,False,0
5124,9,Ana_Sebastiao,Ana_Sebastiao/Ana_Sebastiao_0001.jpg,False,Raza_Rabbani,Raza_Rabbani/Raza_Rabbani_0001.jpg,False,0
5125,9,Andrea_De_Cruz,Andrea_De_Cruz/Andrea_De_Cruz_0001.jpg,True,Dionne_Warwick,Dionne_Warwick/Dionne_Warwick_0001.jpg,False,0
5126,9,Andrea_De_Cruz,Andrea_De_Cruz/Andrea_De_Cruz_0001.jpg,True,Ismail_Cem,Ismail_Cem/Ismail_Cem_0001.jpg,True,0
5127,9,Andrea_De_Cruz,Andrea_De_Cruz/Andrea_De_Cruz_0001.jpg,True,Natalya_Sazanovich,Natalya_Sazanovich/Natalya_Sazanovich_0001.jpg,False,0
5128,9,Andrea_De_Cruz,Andrea_De_Cruz/Andrea_De_Cruz_0001.jpg,True,Yoon_Young-kwan,Yoon_Young-kwan/Yoon_Young-kwan_0001.jpg,False,0
5129,9,Andres_Manuel_Lopez_Obrador,Andres_Manuel_Lopez_Obrador/Andres_Manuel_Lopez_Obrador_0001.jpg,False,Jim_Parque,Jim_Parque/Jim_Parque_0001.jpg,False,0
5130,9,Andres_Manuel_Lopez_Obrador,Andres_Manuel_Lopez_Obrador/Andres_Manuel_Lopez_Obrador_0001.jpg,False,Norman_Mineta,Norman_Mineta/Norman_Mineta_0001.jpg,False,0
5131,9,Andrew_Bunner,Andrew_Bunner/Andrew_Bunner_0002.jpg,False,Oscar_Elias_Biscet,Oscar_Elias_Biscet/Oscar_Elias_Biscet_0002.jpg,True,0
5132,9,Andrew_Weissmann,Andrew_Weissmann/Andrew_Weissmann_0001.jpg,False,Ernie_Els,Ernie_Els/Ernie_Els_0002.jpg,True,0
5133,9,Andy_Warhol,Andy_Warhol/Andy_Warhol_0001.jpg,False,Edith_Masai,Edith_Masai/Edith_Masai_0001.jpg,False,0
5134,9,Andy_Warhol,Andy_Warhol/Andy_Warhol_0001.jpg,False,Paul-Henri_Mathieu,Paul-Henri_Mathieu/Paul-Henri_Mathieu_0002.jpg,True,0
5135,9,Anibal_Ibarra,Anibal_Ibarra/Anibal_Ibarra_0002.jpg,False,David_Przybyszewski,David_Przybyszewski/David_Przybyszewski_0001.jpg,False,0
5136,9,Anthony_Ervin,Anthony_Ervin/Anthony_Ervin_0001.jpg,False,Juan_Roman_Carrasco,Juan_Roman_Carrasco/Juan_Roman_Carrasco_0001.jpg,False,0
5137,9,Antonio_Elias_Saca,Antonio_Elias_Saca/Antonio_Elias_Saca_0001.jpg,False,Peter_Holmberg,Peter_Holmberg/Peter_Holmberg_0001.jpg,True,0
5138,9,Antonio_Elias_Saca,Antonio_Elias_Saca/Antonio_Elias_Saca_0001.jpg,False,Thomas_Fargo,Thomas_Fargo/Thomas_Fargo_0004.jpg,True,0
5139,9,Antonio_Trillanes,Antonio_Trillanes/Antonio_Trillanes_0001.jpg,False,Katrin_Cartlidge,Katrin_Cartlidge/Katrin_Cartlidge_0001.jpg,True,0
5140,9,Antonio_Trillanes,Antonio_Trillanes/Antonio_Trillanes_0003.jpg,False,Terry_Gilliam,Terry_Gilliam/Terry_Gilliam_0001.jpg,True,0
5141,9,Asa_Hutchinson,Asa_Hutchinson/Asa_Hutchinson_0002.jpg,True,Gary_Sinise,Gary_Sinise/Gary_Sinise_0001.jpg,True,0
5142,9,Ascencion_Barajas,Ascencion_Barajas/Ascencion_Barajas_0001.jpg,False,Chris_Hernandez,Chris_Hernandez/Chris_Hernandez_0001.jpg,False,0
5143,9,Ashley_Judd,Ashley_Judd/Ashley_Judd_0001.jpg,True,Joan_Jett,Joan_Jett/Joan_Jett_0001.jpg,True,0
5144,9,Ashley_Postell,Ashley_Postell/Ashley_Postell_0001.jpg,False,Cassandra_Heise,Cassandra_Heise/Cassandra_Heise_0001.jpg,True,0
5145,9,Ashley_Postell,Ashley_Postell/Ashley_Postell_0001.jpg,False,Tony_Clement,Tony_Clement/Tony_Clement_0001.jpg,True,0
5146,9,Ashraf_Ghani,Ashraf_Ghani/Ashraf_Ghani_0001.jpg,False,Boris_Berezovsky,Boris_Berezovsky/Boris_Berezovsky_0001.jpg,False,0
5147,9,Ashraf_Ghani,Ashraf_Ghani/Ashraf_Ghani_0001.jpg,False,Qian_Qichen,Qian_Qichen/Qian_Qichen_0001.jpg,False,0
5148,9,Asif_Ali_Zardari,Asif_Ali_Zardari/Asif_Ali_Zardari_0001.jpg,True,Steny_Hoyer,Steny_Hoyer/Steny_Hoyer_0001.jpg,True,0
5149,9,Assad_Ahmadi,Assad_Ahmadi/Assad_Ahmadi_0001.jpg,False,Percy_Gibson,Percy_Gibson/Percy_Gibson_0001.jpg,True,0
5150,9,Barbara_Walters,Barbara_Walters/Barbara_Walters_0001.jpg,False,Jewel_Howard-Taylor,Jewel_Howard-Taylor/Jewel_Howard-Taylor_0001.jpg,False,0
5151,9,Barbara_Walters,Barbara_Walters/Barbara_Walters_0001.jpg,False,Peter_Greenaway,Peter_Greenaway/Peter_Greenaway_0001.jpg,False,0
5152,9,Barry_Williams,Barry_Williams/Barry_Williams_0001.jpg,False,Wang_Fei,Wang_Fei/Wang_Fei_0001.jpg,False,0
5153,9,Benazir_Bhutto,Benazir_Bhutto/Benazir_Bhutto_0004.jpg,False,Jane_Pauley,Jane_Pauley/Jane_Pauley_0002.jpg,False,0
5154,9,Benazir_Bhutto,Benazir_Bhutto/Benazir_Bhutto_0005.jpg,False,Karen_Clarkson,Karen_Clarkson/Karen_Clarkson_0001.jpg,False,0
5155,9,Bijan_Darvish,Bijan_Darvish/Bijan_Darvish_0001.jpg,False,Franco_Dragone,Franco_Dragone/Franco_Dragone_0001.jpg,True,0
5156,9,Bijan_Darvish,Bijan_Darvish/Bijan_Darvish_0002.jpg,False,Frank_Taylor,Frank_Taylor/Frank_Taylor_0001.jpg,True,0
5157,9,Bilal_Erdogan,Bilal_Erdogan/Bilal_Erdogan_0001.jpg,False,Lubomir_Zaoralek,Lubomir_Zaoralek/Lubomir_Zaoralek_0001.jpg,False,0
5158,9,Bill_Self,Bill_Self/Bill_Self_0001.jpg,False,Yang_Jianli,Yang_Jianli/Yang_Jianli_0001.jpg,False,0
5159,9,Bill_Simon,Bill_Simon/Bill_Simon_0001.jpg,True,Edward_Said,Edward_Said/Edward_Said_0002.jpg,True,0
5160,9,Billy_Gilman,Billy_Gilman/Billy_Gilman_0001.jpg,False,Howard_Smith,Howard_Smith/Howard_Smith_0002.jpg,True,0
5161,9,Billy_Sollie,Billy_Sollie/Billy_Sollie_0001.jpg,False,Mark_Swartz,Mark_Swartz/Mark_Swartz_0001.jpg,True,0
5162,9,Billy_Sollie,Billy_Sollie/Billy_Sollie_0002.jpg,False,Hussein_Malik,Hussein_Malik/Hussein_Malik_0001.jpg,True,0
5163,9,Blas_Ople,Blas_Ople/Blas_Ople_0001.jpg,False,Evan_Marriott,Evan_Marriott/Evan_Marriott_0001.jpg,False,0
5164,9,Blas_Ople,Blas_Ople/Blas_Ople_0001.jpg,False,Felipe_Fernandez,Felipe_Fernandez/Felipe_Fernandez_0001.jpg,True,0
5165,9,Blas_Ople,Blas_Ople/Blas_Ople_0001.jpg,False,Peter_Costello,Peter_Costello/Peter_Costello_0001.jpg,True,0
5166,9,Bob_Cantrell,Bob_Cantrell/Bob_Cantrell_0001.jpg,True,Gerard_Kleisterlee,Gerard_Kleisterlee/Gerard_Kleisterlee_0001.jpg,False,0
5167,9,Bob_Cantrell,Bob_Cantrell/Bob_Cantrell_0001.jpg,True,Mary_Landrieu,Mary_Landrieu/Mary_Landrieu_0003.jpg,True,0
5168,9,Bob_Goldman,Bob_Goldman/Bob_Goldman_0001.jpg,True,Leigh_Winchell,Leigh_Winchell/Leigh_Winchell_0001.jpg,True,0
5169,9,Bob_Goldman,Bob_Goldman/Bob_Goldman_0001.jpg,True,Maggie_Smith,Maggie_Smith/Maggie_Smith_0001.jpg,True,0
5170,9,Boris_Berezovsky,Boris_Berezovsky/Boris_Berezovsky_0002.jpg,False,Leander_Paes,Leander_Paes/Leander_Paes_0001.jpg,False,0
5171,9,Brad_Gushue,Brad_Gushue/Brad_Gushue_0001.jpg,False,Johannes_Rau,Johannes_Rau/Johannes_Rau_0001.jpg,True,0
5172,9,Brad_Miller,Brad_Miller/Brad_Miller_0001.jpg,False,Irina_Lobacheva,Irina_Lobacheva/Irina_Lobacheva_0001.jpg,False,0
5173,9,Brad_Miller,Brad_Miller/Brad_Miller_0001.jpg,False,Percy_Gibson,Percy_Gibson/Percy_Gibson_0001.jpg,True,0
5174,9,Brenda_van_Dam,Brenda_van_Dam/Brenda_van_Dam_0001.jpg,True,Norbert_van_Heyst,Norbert_van_Heyst/Norbert_van_Heyst_0001.jpg,False,0
5175,9,Brian_Cashman,Brian_Cashman/Brian_Cashman_0001.jpg,True,Delphine_Chuillot,Delphine_Chuillot/Delphine_Chuillot_0001.jpg,False,0
5176,9,Brian_Cashman,Brian_Cashman/Brian_Cashman_0001.jpg,True,Russell_Simmons,Russell_Simmons/Russell_Simmons_0003.jpg,True,0
5177,9,Brian_Cook,Brian_Cook/Brian_Cook_0001.jpg,False,Matt_Welsh,Matt_Welsh/Matt_Welsh_0001.jpg,False,0
5178,9,Bruno_Junquiera,Bruno_Junquiera/Bruno_Junquiera_0001.jpg,False,Oscar_DLeon,Oscar_DLeon/Oscar_DLeon_0001.jpg,False,0
5179,9,Bulent_Ecevit,Bulent_Ecevit/Bulent_Ecevit_0006.jpg,True,Eduardo_Romero,Eduardo_Romero/Eduardo_Romero_0001.jpg,False,0
5180,9,Bulent_Ecevit,Bulent_Ecevit/Bulent_Ecevit_0006.jpg,True,Gilberto_Simoni,Gilberto_Simoni/Gilberto_Simoni_0001.jpg,False,0
5181,9,Candie_Kung,Candie_Kung/Candie_Kung_0001.jpg,False,Steve_Allan,Steve_Allan/Steve_Allan_0001.jpg,False,0
5182,9,Carlo_Ancelotti,Carlo_Ancelotti/Carlo_Ancelotti_0001.jpg,True,John_Tyson,John_Tyson/John_Tyson_0001.jpg,False,0
5183,9,Carlos_Vives,Carlos_Vives/Carlos_Vives_0002.jpg,True,Randy_Johnson,Randy_Johnson/Randy_Johnson_0001.jpg,False,0
5184,9,Caroline_Dhavernas,Caroline_Dhavernas/Caroline_Dhavernas_0001.jpg,False,Evgeni_Plushenko,Evgeni_Plushenko/Evgeni_Plushenko_0001.jpg,False,0
5185,9,Caroline_Dhavernas,Caroline_Dhavernas/Caroline_Dhavernas_0001.jpg,False,Jeremy_Fogel,Jeremy_Fogel/Jeremy_Fogel_0001.jpg,False,0
5186,9,Carson_Daly,Carson_Daly/Carson_Daly_0001.jpg,True,John_Moe,John_Moe/John_Moe_0001.jpg,False,0
5187,9,Carson_Daly,Carson_Daly/Carson_Daly_0001.jpg,True,Tracy_Wyle,Tracy_Wyle/Tracy_Wyle_0001.jpg,True,0
5188,9,Cassandra_Heise,Cassandra_Heise/Cassandra_Heise_0001.jpg,True,Shaukat_Aziz,Shaukat_Aziz/Shaukat_Aziz_0002.jpg,True,0
5189,9,Cate_Blanchett,Cate_Blanchett/Cate_Blanchett_0003.jpg,True,Gina_Centrello,Gina_Centrello/Gina_Centrello_0001.jpg,False,0
5190,9,Cate_Blanchett,Cate_Blanchett/Cate_Blanchett_0003.jpg,True,Ryan_Goodman,Ryan_Goodman/Ryan_Goodman_0001.jpg,False,0
5191,9,Catherine_Donkers,Catherine_Donkers/Catherine_Donkers_0001.jpg,False,Eminem,Eminem/Eminem_0001.jpg,False,0
5192,9,Cedric_Benson,Cedric_Benson/Cedric_Benson_0001.jpg,True,Marcus_Allen,Marcus_Allen/Marcus_Allen_0001.jpg,False,0
5193,9,Cedric_Benson,Cedric_Benson/Cedric_Benson_0001.jpg,True,Robert_Lee_Yates_Jr,Robert_Lee_Yates_Jr/Robert_Lee_Yates_Jr_0001.jpg,True,0
5194,9,Cedric_Benson,Cedric_Benson/Cedric_Benson_0001.jpg,True,Stacy_Nelson,Stacy_Nelson/Stacy_Nelson_0001.jpg,False,0
5195,9,Chistian_Stahl,Chistian_Stahl/Chistian_Stahl_0001.jpg,False,Eliane_Karp,Eliane_Karp/Eliane_Karp_0001.jpg,True,0
5196,9,Chris_Cooper,Chris_Cooper/Chris_Cooper_0002.jpg,False,Irfan_Ahmed,Irfan_Ahmed/Irfan_Ahmed_0001.jpg,True,0
5197,9,Chris_Cooper,Chris_Cooper/Chris_Cooper_0002.jpg,False,Rick_Bland,Rick_Bland/Rick_Bland_0001.jpg,False,0
5198,9,Chris_Hernandez,Chris_Hernandez/Chris_Hernandez_0001.jpg,False,Mauricio_Pochetino,Mauricio_Pochetino/Mauricio_Pochetino_0001.jpg,False,0
5199,9,Chris_Hernandez,Chris_Hernandez/Chris_Hernandez_0001.jpg,False,Tonga,Tonga/Tonga_0001.jpg,True,0
5200,9,Chris_Hernandez,Chris_Hernandez/Chris_Hernandez_0001.jpg,False,Wolfgang_Schuessel,Wolfgang_Schuessel/Wolfgang_Schuessel_0001.jpg,True,0
5201,9,Chris_Tucker,Chris_Tucker/Chris_Tucker_0002.jpg,True,Jennifer_Pena,Jennifer_Pena/Jennifer_Pena_0001.jpg,True,0
5202,9,Chris_Tucker,Chris_Tucker/Chris_Tucker_0002.jpg,True,Takuma_Sato,Takuma_Sato/Takuma_Sato_0001.jpg,False,0
5203,9,Chris_Whitney,Chris_Whitney/Chris_Whitney_0001.jpg,True,Tom_Scully,Tom_Scully/Tom_Scully_0001.jpg,False,0
5204,9,Christine_Gregoire,Christine_Gregoire/Christine_Gregoire_0004.jpg,False,Robert_Lee_Yates_Jr,Robert_Lee_Yates_Jr/Robert_Lee_Yates_Jr_0001.jpg,True,0
5205,9,Christine_Gregoire,Christine_Gregoire/Christine_Gregoire_0004.jpg,False,Wang_Hailan,Wang_Hailan/Wang_Hailan_0001.jpg,True,0
5206,9,Christine_Rau,Christine_Rau/Christine_Rau_0001.jpg,False,Jerry_Hall,Jerry_Hall/Jerry_Hall_0001.jpg,False,0
5207,9,Christine_Rau,Christine_Rau/Christine_Rau_0001.jpg,False,Mel_Brooks,Mel_Brooks/Mel_Brooks_0001.jpg,False,0
5208,9,Christopher_Russell,Christopher_Russell/Christopher_Russell_0001.jpg,False,Colleen_OClair,Colleen_OClair/Colleen_OClair_0001.jpg,False,0
5209,9,Christopher_Whittle,Christopher_Whittle/Christopher_Whittle_0001.jpg,False,Felipe_Fernandez,Felipe_Fernandez/Felipe_Fernandez_0001.jpg,True,0
5210,9,Colleen_OClair,Colleen_OClair/Colleen_OClair_0001.jpg,False,Tom_Hanusik,Tom_Hanusik/Tom_Hanusik_0001.jpg,False,0
5211,9,Curtis_Rodriguez,Curtis_Rodriguez/Curtis_Rodriguez_0001.jpg,False,John_Blaney,John_Blaney/John_Blaney_0002.jpg,False,0
5212,9,Curtis_Rodriguez,Curtis_Rodriguez/Curtis_Rodriguez_0001.jpg,False,Kathleen_Kennedy_Townsend,Kathleen_Kennedy_Townsend/Kathleen_Kennedy_Townsend_0003.jpg,True,0
5213,9,Dale_Bosworth,Dale_Bosworth/Dale_Bosworth_0001.jpg,False,Frank_Taylor,Frank_Taylor/Frank_Taylor_0001.jpg,True,0
5214,9,Dale_Bosworth,Dale_Bosworth/Dale_Bosworth_0001.jpg,False,Vladimir_Golovlyov,Vladimir_Golovlyov/Vladimir_Golovlyov_0001.jpg,False,0
5215,9,Dan_Quayle,Dan_Quayle/Dan_Quayle_0001.jpg,False,Jim_Ryan,Jim_Ryan/Jim_Ryan_0001.jpg,False,0
5216,9,Dan_Quayle,Dan_Quayle/Dan_Quayle_0001.jpg,False,Nick_Turner,Nick_Turner/Nick_Turner_0001.jpg,True,0
5217,9,Dan_Quayle,Dan_Quayle/Dan_Quayle_0001.jpg,False,William_Umbach,William_Umbach/William_Umbach_0001.jpg,False,0
5218,9,Danny_Morgan,Danny_Morgan/Danny_Morgan_0001.jpg,False,Jeff_George,Jeff_George/Jeff_George_0001.jpg,True,0
5219,9,Danny_Morgan,Danny_Morgan/Danny_Morgan_0001.jpg,False,John_Allen_Muhammad,John_Allen_Muhammad/John_Allen_Muhammad_0010.jpg,False,0
5220,9,Darla_Moore,Darla_Moore/Darla_Moore_0001.jpg,True,Paul_Johnson,Paul_Johnson/Paul_Johnson_0001.jpg,True,0
5221,9,Darrell_Royal,Darrell_Royal/Darrell_Royal_0001.jpg,True,Louis_Van_Gaal,Louis_Van_Gaal/Louis_Van_Gaal_0001.jpg,False,0
5222,9,Dave_McGinnis,Dave_McGinnis/Dave_McGinnis_0001.jpg,False,Michel_Therrien,Michel_Therrien/Michel_Therrien_0001.jpg,True,0
5223,9,David_Przybyszewski,David_Przybyszewski/David_Przybyszewski_0001.jpg,False,Elena_Bovina,Elena_Bovina/Elena_Bovina_0002.jpg,False,0
5224,9,Delphine_Chuillot,Delphine_Chuillot/Delphine_Chuillot_0001.jpg,False,Jim_Parque,Jim_Parque/Jim_Parque_0001.jpg,False,0
5225,9,Demetrin_Veal,Demetrin_Veal/Demetrin_Veal_0001.jpg,True,Robert_Hanssen,Robert_Hanssen/Robert_Hanssen_0001.jpg,False,0
5226,9,Dennis_Hastert,Dennis_Hastert/Dennis_Hastert_0005.jpg,True,Lubomir_Zaoralek,Lubomir_Zaoralek/Lubomir_Zaoralek_0001.jpg,False,0
5227,9,Dewayne_White,Dewayne_White/Dewayne_White_0001.jpg,True,Joe_DeLamielleure,Joe_DeLamielleure/Joe_DeLamielleure_0001.jpg,False,0
5228,9,Dick_Posthumus,Dick_Posthumus/Dick_Posthumus_0001.jpg,True,Jeff_George,Jeff_George/Jeff_George_0001.jpg,True,0
5229,9,Dick_Posthumus,Dick_Posthumus/Dick_Posthumus_0001.jpg,True,Jim_Wong,Jim_Wong/Jim_Wong_0001.jpg,True,0
5230,9,Din_Samsudin,Din_Samsudin/Din_Samsudin_0001.jpg,True,Pupi_Avati,Pupi_Avati/Pupi_Avati_0002.jpg,False,0
5231,9,Dionne_Warwick,Dionne_Warwick/Dionne_Warwick_0001.jpg,False,Janine_Pietsch,Janine_Pietsch/Janine_Pietsch_0001.jpg,True,0
5232,9,Dominique_Perben,Dominique_Perben/Dominique_Perben_0001.jpg,False,Osmond_Smith,Osmond_Smith/Osmond_Smith_0001.jpg,False,0
5233,9,Doug_Duncan,Doug_Duncan/Doug_Duncan_0001.jpg,True,Kevin_Spacey,Kevin_Spacey/Kevin_Spacey_0002.jpg,True,0
5234,9,Doug_Duncan,Doug_Duncan/Doug_Duncan_0002.jpg,True,John_Allen_Muhammad,John_Allen_Muhammad/John_Allen_Muhammad_0002.jpg,False,0
5235,9,Eddy_Hartenstein,Eddy_Hartenstein/Eddy_Hartenstein_0001.jpg,False,Lyudmila_Putin,Lyudmila_Putin/Lyudmila_Putin_0001.jpg,True,0
5236,9,Eddy_Hartenstein,Eddy_Hartenstein/Eddy_Hartenstein_0001.jpg,False,Matthias_Sammer,Matthias_Sammer/Matthias_Sammer_0001.jpg,True,0
5237,9,Eddy_Hartenstein,Eddy_Hartenstein/Eddy_Hartenstein_0001.jpg,False,Sabah_Al-Ahmad_Al-Jaber_Al-Sabah,Sabah_Al-Ahmad_Al-Jaber_Al-Sabah/Sabah_Al-Ahmad_Al-Jaber_Al-Sabah_0001.jpg,True,0
5238,9,Eduardo_Chillida,Eduardo_Chillida/Eduardo_Chillida_0001.jpg,False,Stephen_Crampton,Stephen_Crampton/Stephen_Crampton_0001.jpg,False,0
5239,9,Eduardo_Romero,Eduardo_Romero/Eduardo_Romero_0001.jpg,False,Robert_Kocharian,Robert_Kocharian/Robert_Kocharian_0005.jpg,False,0
5240,9,Edward_Greenspan,Edward_Greenspan/Edward_Greenspan_0001.jpg,True,Roy_Halladay,Roy_Halladay/Roy_Halladay_0001.jpg,False,0
5241,9,Edward_Greenspan,Edward_Greenspan/Edward_Greenspan_0001.jpg,True,Sidney_Poitier,Sidney_Poitier/Sidney_Poitier_0001.jpg,True,0
5242,9,Edward_Kennedy,Edward_Kennedy/Edward_Kennedy_0001.jpg,True,Mathilda_Karel_Spak,Mathilda_Karel_Spak/Mathilda_Karel_Spak_0001.jpg,False,0
5243,9,Edward_Kennedy,Edward_Kennedy/Edward_Kennedy_0002.jpg,True,Jennifer_Pena,Jennifer_Pena/Jennifer_Pena_0001.jpg,True,0
5244,9,Edward_Said,Edward_Said/Edward_Said_0001.jpg,True,Frank_Abagnale_Jr,Frank_Abagnale_Jr/Frank_Abagnale_Jr_0001.jpg,True,0
5245,9,Eminem,Eminem/Eminem_0001.jpg,False,Wolfgang_Clement,Wolfgang_Clement/Wolfgang_Clement_0001.jpg,True,0
5246,9,Enrique_Bolanos,Enrique_Bolanos/Enrique_Bolanos_0004.jpg,True,Janine_Pietsch,Janine_Pietsch/Janine_Pietsch_0001.jpg,True,0
5247,9,Enrique_Bolanos,Enrique_Bolanos/Enrique_Bolanos_0004.jpg,True,Liam_Neeson,Liam_Neeson/Liam_Neeson_0002.jpg,True,0
5248,9,Ernie_Els,Ernie_Els/Ernie_Els_0002.jpg,True,Marcus_Allen,Marcus_Allen/Marcus_Allen_0001.jpg,False,0
5249,9,Evgeni_Plushenko,Evgeni_Plushenko/Evgeni_Plushenko_0001.jpg,False,Queen_Sofia,Queen_Sofia/Queen_Sofia_0001.jpg,True,0
5250,9,Evgeni_Plushenko,Evgeni_Plushenko/Evgeni_Plushenko_0001.jpg,False,Riek_Blanjaar,Riek_Blanjaar/Riek_Blanjaar_0001.jpg,True,0
5251,9,Franco_Dragone,Franco_Dragone/Franco_Dragone_0002.jpg,True,Louis_Van_Gaal,Louis_Van_Gaal/Louis_Van_Gaal_0001.jpg,False,0
5252,9,Franco_Frattini,Franco_Frattini/Franco_Frattini_0001.jpg,False,Irina_Lobacheva,Irina_Lobacheva/Irina_Lobacheva_0001.jpg,False,0
5253,9,Frank_Abagnale_Jr,Frank_Abagnale_Jr/Frank_Abagnale_Jr_0001.jpg,True,Nate_Hybl,Nate_Hybl/Nate_Hybl_0001.jpg,True,0
5254,9,Frank_Shea,Frank_Shea/Frank_Shea_0001.jpg,True,Rob_Moore,Rob_Moore/Rob_Moore_0001.jpg,False,0
5255,9,Frank_Taylor,Frank_Taylor/Frank_Taylor_0001.jpg,True,Jason_Jennings,Jason_Jennings/Jason_Jennings_0001.jpg,False,0
5256,9,Gabriel_Batistuta,Gabriel_Batistuta/Gabriel_Batistuta_0001.jpg,True,Peter_Costello,Peter_Costello/Peter_Costello_0001.jpg,True,0
5257,9,Gabriel_Jorge_Ferreia,Gabriel_Jorge_Ferreia/Gabriel_Jorge_Ferreia_0001.jpg,False,Zulfiqar_Ahmed,Zulfiqar_Ahmed/Zulfiqar_Ahmed_0001.jpg,True,0
5258,9,Gary_Doer,Gary_Doer/Gary_Doer_0003.jpg,True,Wang_Hailan,Wang_Hailan/Wang_Hailan_0001.jpg,True,0
5259,9,Gary_Sinise,Gary_Sinise/Gary_Sinise_0001.jpg,True,Roy_Halladay,Roy_Halladay/Roy_Halladay_0001.jpg,False,0
5260,9,Gene_Hackman,Gene_Hackman/Gene_Hackman_0001.jpg,False,Queen_Noor,Queen_Noor/Queen_Noor_0001.jpg,False,0
5261,9,Gene_Sauers,Gene_Sauers/Gene_Sauers_0001.jpg,True,Gina_Centrello,Gina_Centrello/Gina_Centrello_0001.jpg,False,0
5262,9,Geoff_Dixon,Geoff_Dixon/Geoff_Dixon_0001.jpg,False,Jean_Todt,Jean_Todt/Jean_Todt_0001.jpg,False,0
5263,9,George_Allen,George_Allen/George_Allen_0001.jpg,False,Roy_Halladay,Roy_Halladay/Roy_Halladay_0001.jpg,False,0
5264,9,George_Allen,George_Allen/George_Allen_0001.jpg,False,Wan_Yanhai,Wan_Yanhai/Wan_Yanhai_0001.jpg,True,0
5265,9,George_Harrison,George_Harrison/George_Harrison_0001.jpg,True,Robert_Lee_Yates_Jr,Robert_Lee_Yates_Jr/Robert_Lee_Yates_Jr_0001.jpg,True,0
5266,9,Georgi_Parvanov,Georgi_Parvanov/Georgi_Parvanov_0001.jpg,True,Luis_Fonsi,Luis_Fonsi/Luis_Fonsi_0001.jpg,False,0
5267,9,Gianni_Agnelli,Gianni_Agnelli/Gianni_Agnelli_0001.jpg,False,Marco_Irizarry,Marco_Irizarry/Marco_Irizarry_0001.jpg,True,0
5268,9,Gilberto_Simoni,Gilberto_Simoni/Gilberto_Simoni_0001.jpg,False,Julio_Cesar_Chavez,Julio_Cesar_Chavez/Julio_Cesar_Chavez_0001.jpg,True,0
5269,9,Gong_Ruina,Gong_Ruina/Gong_Ruina_0001.jpg,True,Hong_Myung,Hong_Myung/Hong_Myung_0001.jpg,False,0
5270,9,Gong_Ruina,Gong_Ruina/Gong_Ruina_0001.jpg,True,Qian_Qichen,Qian_Qichen/Qian_Qichen_0001.jpg,False,0
5271,9,Gro_Harlem_Brundtland,Gro_Harlem_Brundtland/Gro_Harlem_Brundtland_0002.jpg,False,Turner_Gill,Turner_Gill/Turner_Gill_0001.jpg,False,0
5272,9,Hector_Grullon,Hector_Grullon/Hector_Grullon_0001.jpg,True,Jeong_Se-hyun,Jeong_Se-hyun/Jeong_Se-hyun_0009.jpg,True,0
5273,9,Henk_Bekedam,Henk_Bekedam/Henk_Bekedam_0001.jpg,False,Koichi_Haraguchi,Koichi_Haraguchi/Koichi_Haraguchi_0001.jpg,False,0
5274,9,Henk_Bekedam,Henk_Bekedam/Henk_Bekedam_0001.jpg,False,Manuel_Gehring,Manuel_Gehring/Manuel_Gehring_0001.jpg,False,0
5275,9,Henk_Bekedam,Henk_Bekedam/Henk_Bekedam_0001.jpg,False,Michael_Kirby,Michael_Kirby/Michael_Kirby_0001.jpg,True,0
5276,9,Hiroki_Gomi,Hiroki_Gomi/Hiroki_Gomi_0001.jpg,False,Kenneth_Cooper,Kenneth_Cooper/Kenneth_Cooper_0001.jpg,False,0
5277,9,Hiroki_Gomi,Hiroki_Gomi/Hiroki_Gomi_0001.jpg,False,Sophia_Loren,Sophia_Loren/Sophia_Loren_0002.jpg,True,0
5278,9,Irina_Lobacheva,Irina_Lobacheva/Irina_Lobacheva_0001.jpg,False,Steve_Allan,Steve_Allan/Steve_Allan_0001.jpg,False,0
5279,9,Ismail_Cem,Ismail_Cem/Ismail_Cem_0001.jpg,True,Linda_Amicangioli,Linda_Amicangioli/Linda_Amicangioli_0001.jpg,False,0
5280,9,Jack_Osbourne,Jack_Osbourne/Jack_Osbourne_0001.jpg,True,Kent_McCord,Kent_McCord/Kent_McCord_0001.jpg,False,0
5281,9,Jack_Straw,Jack_Straw/Jack_Straw_0001.jpg,True,Manuel_Gehring,Manuel_Gehring/Manuel_Gehring_0001.jpg,False,0
5282,9,Jack_Straw,Jack_Straw/Jack_Straw_0003.jpg,True,Norman_Mineta,Norman_Mineta/Norman_Mineta_0001.jpg,False,0
5283,9,James_Ballenger,James_Ballenger/James_Ballenger_0001.jpg,True,Raza_Rabbani,Raza_Rabbani/Raza_Rabbani_0001.jpg,False,0
5284,9,James_Coviello,James_Coviello/James_Coviello_0001.jpg,False,Judith_Nathan,Judith_Nathan/Judith_Nathan_0001.jpg,True,0
5285,9,James_Coviello,James_Coviello/James_Coviello_0001.jpg,False,Robert_F_Kennedy_Jr,Robert_F_Kennedy_Jr/Robert_F_Kennedy_Jr_0001.jpg,False,0
5286,9,James_Morris,James_Morris/James_Morris_0002.jpg,False,Silvio_Fernandez,Silvio_Fernandez/Silvio_Fernandez_0002.jpg,False,0
5287,9,James_Schultz,James_Schultz/James_Schultz_0001.jpg,True,Tim_Curley,Tim_Curley/Tim_Curley_0001.jpg,True,0
5288,9,James_W_Kennedy,James_W_Kennedy/James_W_Kennedy_0001.jpg,False,John_Connolly,John_Connolly/John_Connolly_0001.jpg,False,0
5289,9,James_W_Kennedy,James_W_Kennedy/James_W_Kennedy_0001.jpg,False,Toutai_Kefu,Toutai_Kefu/Toutai_Kefu_0001.jpg,False,0
5290,9,James_Williams,James_Williams/James_Williams_0001.jpg,False,Phillip_Seymor_Hoffmann,Phillip_Seymor_Hoffmann/Phillip_Seymor_Hoffmann_0001.jpg,False,0
5291,9,James_Williams,James_Williams/James_Williams_0001.jpg,False,Shaun_Pollock,Shaun_Pollock/Shaun_Pollock_0001.jpg,True,0
5292,9,Jan_Ullrich,Jan_Ullrich/Jan_Ullrich_0003.jpg,True,Javier_Weber,Javier_Weber/Javier_Weber_0001.jpg,True,0
5293,9,Jane_Menelaus,Jane_Menelaus/Jane_Menelaus_0001.jpg,True,Junichiro_Koizumi,Junichiro_Koizumi/Junichiro_Koizumi_0042.jpg,True,0
5294,9,Jane_Menelaus,Jane_Menelaus/Jane_Menelaus_0001.jpg,True,Sophia_Loren,Sophia_Loren/Sophia_Loren_0001.jpg,True,0
5295,9,Jason_Petty,Jason_Petty/Jason_Petty_0001.jpg,False,Mayumi_Moriyama,Mayumi_Moriyama/Mayumi_Moriyama_0001.jpg,False,0
5296,9,Jean_Todt,Jean_Todt/Jean_Todt_0001.jpg,False,Roger_Etchegaray,Roger_Etchegaray/Roger_Etchegaray_0001.jpg,False,0
5297,9,Jennifer_Pena,Jennifer_Pena/Jennifer_Pena_0001.jpg,True,Sonia_Lopez,Sonia_Lopez/Sonia_Lopez_0001.jpg,False,0
5298,9,Jennifer_Pena,Jennifer_Pena/Jennifer_Pena_0001.jpg,True,Tony_LaRussa,Tony_LaRussa/Tony_LaRussa_0001.jpg,False,0
5299,9,Jennifer_Rodriguez,Jennifer_Rodriguez/Jennifer_Rodriguez_0001.jpg,False,Terry_Gilliam,Terry_Gilliam/Terry_Gilliam_0001.jpg,True,0
5300,9,Jennifer_Rodriguez,Jennifer_Rodriguez/Jennifer_Rodriguez_0002.jpg,False,Joanna_Poitier,Joanna_Poitier/Joanna_Poitier_0001.jpg,True,0
5301,9,Jennifer_Rodriguez,Jennifer_Rodriguez/Jennifer_Rodriguez_0002.jpg,False,Tony_Fernandes,Tony_Fernandes/Tony_Fernandes_0001.jpg,False,0
5302,9,Jerome_Golmard,Jerome_Golmard/Jerome_Golmard_0001.jpg,False,Kristin_Chenoweth,Kristin_Chenoweth/Kristin_Chenoweth_0001.jpg,False,0
5303,9,Jewel_Howard-Taylor,Jewel_Howard-Taylor/Jewel_Howard-Taylor_0001.jpg,False,Ken_Kutaragi,Ken_Kutaragi/Ken_Kutaragi_0001.jpg,False,0
5304,9,Jim_Parque,Jim_Parque/Jim_Parque_0001.jpg,False,Michael_Adams,Michael_Adams/Michael_Adams_0001.jpg,False,0
5305,9,Jim_Parque,Jim_Parque/Jim_Parque_0001.jpg,False,Rachel_Leigh_Cook,Rachel_Leigh_Cook/Rachel_Leigh_Cook_0001.jpg,False,0
5306,9,Jim_Ryan,Jim_Ryan/Jim_Ryan_0001.jpg,False,Luis_Berrondo,Luis_Berrondo/Luis_Berrondo_0001.jpg,False,0
5307,9,Jimmy_Gobble,Jimmy_Gobble/Jimmy_Gobble_0001.jpg,False,Robert_De_Niro,Robert_De_Niro/Robert_De_Niro_0005.jpg,False,0
5308,9,Joan_Collins,Joan_Collins/Joan_Collins_0001.jpg,True,Zydrunas_Ilgauskas,Zydrunas_Ilgauskas/Zydrunas_Ilgauskas_0001.jpg,False,0
5309,9,Joan_Jett,Joan_Jett/Joan_Jett_0001.jpg,True,Kevin_James,Kevin_James/Kevin_James_0001.jpg,False,0
5310,9,Joanna_Poitier,Joanna_Poitier/Joanna_Poitier_0001.jpg,True,Michael_Moore,Michael_Moore/Michael_Moore_0001.jpg,False,0
5311,9,Joe_Lieberman,Joe_Lieberman/Joe_Lieberman_0010.jpg,True,Joe_Mantello,Joe_Mantello/Joe_Mantello_0001.jpg,False,0
5312,9,Johannes_Rau,Johannes_Rau/Johannes_Rau_0001.jpg,True,Oleksandr_Moroz,Oleksandr_Moroz/Oleksandr_Moroz_0001.jpg,True,0
5313,9,John_Connolly,John_Connolly/John_Connolly_0001.jpg,False,Mel_Gibson,Mel_Gibson/Mel_Gibson_0001.jpg,True,0
5314,9,John_Connolly,John_Connolly/John_Connolly_0001.jpg,False,Michael_Moore,Michael_Moore/Michael_Moore_0003.jpg,False,0
5315,9,John_Connolly,John_Connolly/John_Connolly_0001.jpg,False,Norman_Mineta,Norman_Mineta/Norman_Mineta_0001.jpg,False,0
5316,9,John_Connolly,John_Connolly/John_Connolly_0001.jpg,False,Uzi_Even,Uzi_Even/Uzi_Even_0001.jpg,False,0
5317,9,John_Cruz,John_Cruz/John_Cruz_0001.jpg,False,Sean_Astin,Sean_Astin/Sean_Astin_0003.jpg,True,0
5318,9,John_Cruz,John_Cruz/John_Cruz_0001.jpg,False,Steven_Briggs,Steven_Briggs/Steven_Briggs_0001.jpg,False,0
5319,9,John_Hartson,John_Hartson/John_Hartson_0001.jpg,False,Oscar_Elias_Biscet,Oscar_Elias_Biscet/Oscar_Elias_Biscet_0002.jpg,True,0
5320,9,Joseph_Deiss,Joseph_Deiss/Joseph_Deiss_0001.jpg,True,Tony_Fernandes,Tony_Fernandes/Tony_Fernandes_0001.jpg,False,0
5321,9,Joseph_Lopez,Joseph_Lopez/Joseph_Lopez_0001.jpg,False,Rick_Pitino,Rick_Pitino/Rick_Pitino_0001.jpg,True,0
5322,9,Julian_Fantino,Julian_Fantino/Julian_Fantino_0001.jpg,False,Quin_Snyder,Quin_Snyder/Quin_Snyder_0001.jpg,False,0
5323,9,Julio_Cesar_Chavez,Julio_Cesar_Chavez/Julio_Cesar_Chavez_0001.jpg,True,Tom_Brennan,Tom_Brennan/Tom_Brennan_0001.jpg,False,0
5324,9,Junichi_Inamoto,Junichi_Inamoto/Junichi_Inamoto_0001.jpg,False,Oleg_Romantsev,Oleg_Romantsev/Oleg_Romantsev_0001.jpg,True,0
5325,9,Junichiro_Koizumi,Junichiro_Koizumi/Junichiro_Koizumi_0020.jpg,True,Tony_Fernandes,Tony_Fernandes/Tony_Fernandes_0001.jpg,False,0
5326,9,Karen_Clarkson,Karen_Clarkson/Karen_Clarkson_0001.jpg,False,Kristen_Breitweiser,Kristen_Breitweiser/Kristen_Breitweiser_0003.jpg,True,0
5327,9,Karol_Kucera,Karol_Kucera/Karol_Kucera_0001.jpg,False,Qian_Qichen,Qian_Qichen/Qian_Qichen_0001.jpg,False,0
5328,9,Karol_Kucera,Karol_Kucera/Karol_Kucera_0001.jpg,False,Turner_Gill,Turner_Gill/Turner_Gill_0001.jpg,False,0
5329,9,Katrin_Cartlidge,Katrin_Cartlidge/Katrin_Cartlidge_0001.jpg,True,Tony_LaRussa,Tony_LaRussa/Tony_LaRussa_0001.jpg,False,0
5330,9,Keith_Osik,Keith_Osik/Keith_Osik_0001.jpg,False,Pupi_Avati,Pupi_Avati/Pupi_Avati_0001.jpg,False,0
5331,9,Kenneth_Cooper,Kenneth_Cooper/Kenneth_Cooper_0001.jpg,False,Norman_Mineta,Norman_Mineta/Norman_Mineta_0001.jpg,False,0
5332,9,Kent_McCord,Kent_McCord/Kent_McCord_0001.jpg,False,Natasha_Henstridge,Natasha_Henstridge/Natasha_Henstridge_0001.jpg,True,0
5333,9,Kevin_James,Kevin_James/Kevin_James_0001.jpg,False,Roy_Halladay,Roy_Halladay/Roy_Halladay_0001.jpg,False,0
5334,9,Kevin_James,Kevin_James/Kevin_James_0001.jpg,False,Suzanne_Haik_Terrell,Suzanne_Haik_Terrell/Suzanne_Haik_Terrell_0001.jpg,False,0
5335,9,Kevin_James,Kevin_James/Kevin_James_0001.jpg,False,Yang_Jianli,Yang_Jianli/Yang_Jianli_0001.jpg,False,0
5336,9,Kevin_Spacey,Kevin_Spacey/Kevin_Spacey_0002.jpg,True,Ray_Evernham,Ray_Evernham/Ray_Evernham_0001.jpg,False,0
5337,9,Koji_Uehara,Koji_Uehara/Koji_Uehara_0001.jpg,True,Rob_Moore,Rob_Moore/Rob_Moore_0001.jpg,False,0
5338,9,Krishna_Bhadur_Mahara,Krishna_Bhadur_Mahara/Krishna_Bhadur_Mahara_0001.jpg,False,Peter_Holmberg,Peter_Holmberg/Peter_Holmberg_0001.jpg,True,0
5339,9,Krishna_Bhadur_Mahara,Krishna_Bhadur_Mahara/Krishna_Bhadur_Mahara_0001.jpg,False,Silvio_Fernandez,Silvio_Fernandez/Silvio_Fernandez_0002.jpg,False,0
5340,9,Kristen_Breitweiser,Kristen_Breitweiser/Kristen_Breitweiser_0001.jpg,True,Tatiana_Shchegoleva,Tatiana_Shchegoleva/Tatiana_Shchegoleva_0001.jpg,False,0
5341,9,Laila_Ali,Laila_Ali/Laila_Ali_0003.jpg,False,Tony_Fernandes,Tony_Fernandes/Tony_Fernandes_0001.jpg,False,0
5342,9,Larry_Johnson,Larry_Johnson/Larry_Johnson_0001.jpg,True,Terry_Gilliam,Terry_Gilliam/Terry_Gilliam_0001.jpg,True,0
5343,9,Larry_Johnson,Larry_Johnson/Larry_Johnson_0002.jpg,True,Marc_Racicot,Marc_Racicot/Marc_Racicot_0001.jpg,False,0
5344,9,Larry_Johnson,Larry_Johnson/Larry_Johnson_0002.jpg,True,Tom_Hanusik,Tom_Hanusik/Tom_Hanusik_0001.jpg,False,0
5345,9,Lars_Von_Trier,Lars_Von_Trier/Lars_Von_Trier_0001.jpg,False,Zhang_Wenkang,Zhang_Wenkang/Zhang_Wenkang_0002.jpg,False,0
5346,9,Leander_Paes,Leander_Paes/Leander_Paes_0001.jpg,False,Ralph_Firman,Ralph_Firman/Ralph_Firman_0001.jpg,False,0
5347,9,Leo_Ramirez,Leo_Ramirez/Leo_Ramirez_0001.jpg,True,Sabah_Al-Ahmad_Al-Jaber_Al-Sabah,Sabah_Al-Ahmad_Al-Jaber_Al-Sabah/Sabah_Al-Ahmad_Al-Jaber_Al-Sabah_0001.jpg,True,0
5348,9,Leonardo_Del_Vecchio,Leonardo_Del_Vecchio/Leonardo_Del_Vecchio_0001.jpg,False,Maggie_Smith,Maggie_Smith/Maggie_Smith_0001.jpg,True,0
5349,9,Leonardo_Del_Vecchio,Leonardo_Del_Vecchio/Leonardo_Del_Vecchio_0001.jpg,False,Tatiana_Shchegoleva,Tatiana_Shchegoleva/Tatiana_Shchegoleva_0001.jpg,False,0
5350,9,Liam_Neeson,Liam_Neeson/Liam_Neeson_0001.jpg,True,Paul_Kagame,Paul_Kagame/Paul_Kagame_0002.jpg,True,0
5351,9,Lokendra_Bahadur_Chand,Lokendra_Bahadur_Chand/Lokendra_Bahadur_Chand_0001.jpg,False,Steffeny_Holtz,Steffeny_Holtz/Steffeny_Holtz_0001.jpg,False,0
5352,9,Louis_Van_Gaal,Louis_Van_Gaal/Louis_Van_Gaal_0001.jpg,False,Natasha_Henstridge,Natasha_Henstridge/Natasha_Henstridge_0001.jpg,True,0
5353,9,Lubomir_Zaoralek,Lubomir_Zaoralek/Lubomir_Zaoralek_0001.jpg,False,Luis_Berrondo,Luis_Berrondo/Luis_Berrondo_0001.jpg,False,0
5354,9,Lubomir_Zaoralek,Lubomir_Zaoralek/Lubomir_Zaoralek_0001.jpg,False,William_Umbach,William_Umbach/William_Umbach_0001.jpg,False,0
5355,9,Luis_Berrondo,Luis_Berrondo/Luis_Berrondo_0001.jpg,False,Rita_Moreno,Rita_Moreno/Rita_Moreno_0002.jpg,True,0
5356,9,Luis_Fonsi,Luis_Fonsi/Luis_Fonsi_0001.jpg,False,Oscar_DLeon,Oscar_DLeon/Oscar_DLeon_0001.jpg,False,0
5357,9,Luis_Fonsi,Luis_Fonsi/Luis_Fonsi_0001.jpg,False,Steven_Briggs,Steven_Briggs/Steven_Briggs_0001.jpg,False,0
5358,9,Luis_Rosario_Huertas,Luis_Rosario_Huertas/Luis_Rosario_Huertas_0001.jpg,False,Mary_Steenburgen,Mary_Steenburgen/Mary_Steenburgen_0002.jpg,True,0
5359,9,Makiko_Tanaka,Makiko_Tanaka/Makiko_Tanaka_0001.jpg,True,Peter_Greenaway,Peter_Greenaway/Peter_Greenaway_0001.jpg,False,0
5360,9,Manijeh_Hekmat,Manijeh_Hekmat/Manijeh_Hekmat_0001.jpg,True,Roger_Winter,Roger_Winter/Roger_Winter_0001.jpg,True,0
5361,9,Manijeh_Hekmat,Manijeh_Hekmat/Manijeh_Hekmat_0001.jpg,True,T_Boone_Pickens,T_Boone_Pickens/T_Boone_Pickens_0001.jpg,False,0
5362,9,Marcelo_Salas,Marcelo_Salas/Marcelo_Salas_0002.jpg,False,Tara_VanDerveer,Tara_VanDerveer/Tara_VanDerveer_0001.jpg,False,0
5363,9,Marco_Irizarry,Marco_Irizarry/Marco_Irizarry_0001.jpg,True,Yang_Jianli,Yang_Jianli/Yang_Jianli_0001.jpg,False,0
5364,9,Mariangel_Ruiz_Torrealba,Mariangel_Ruiz_Torrealba/Mariangel_Ruiz_Torrealba_0003.jpg,False,Pupi_Avati,Pupi_Avati/Pupi_Avati_0001.jpg,False,0
5365,9,Marisa_Tomei,Marisa_Tomei/Marisa_Tomei_0002.jpg,False,Peter_Costello,Peter_Costello/Peter_Costello_0002.jpg,True,0
5366,9,Mark_Polansky,Mark_Polansky/Mark_Polansky_0001.jpg,True,Miranda_Gaddis,Miranda_Gaddis/Miranda_Gaddis_0001.jpg,False,0
5367,9,Mary_Landrieu,Mary_Landrieu/Mary_Landrieu_0003.jpg,True,Percy_Gibson,Percy_Gibson/Percy_Gibson_0001.jpg,True,0
5368,9,Mathilda_Karel_Spak,Mathilda_Karel_Spak/Mathilda_Karel_Spak_0001.jpg,False,Mauricio_Macri,Mauricio_Macri/Mauricio_Macri_0001.jpg,True,0
5369,9,Mathilda_Karel_Spak,Mathilda_Karel_Spak/Mathilda_Karel_Spak_0001.jpg,False,Tamara_Brooks,Tamara_Brooks/Tamara_Brooks_0002.jpg,False,0
5370,9,Matt_Welsh,Matt_Welsh/Matt_Welsh_0001.jpg,False,Randy_Johnson,Randy_Johnson/Randy_Johnson_0001.jpg,False,0
5371,9,Mel_Brooks,Mel_Brooks/Mel_Brooks_0002.jpg,False,Shoshana_Johnson,Shoshana_Johnson/Shoshana_Johnson_0001.jpg,False,0
5372,9,Michael_Kirby,Michael_Kirby/Michael_Kirby_0001.jpg,True,Ranil_Wickremasinghe,Ranil_Wickremasinghe/Ranil_Wickremasinghe_0002.jpg,True,0
5373,9,Michael_Sheehan,Michael_Sheehan/Michael_Sheehan_0001.jpg,False,Robert_Hanssen,Robert_Hanssen/Robert_Hanssen_0001.jpg,False,0
5374,9,Michel_Duclos,Michel_Duclos/Michel_Duclos_0001.jpg,False,Quin_Snyder,Quin_Snyder/Quin_Snyder_0001.jpg,False,0
5375,9,Michel_Duclos,Michel_Duclos/Michel_Duclos_0001.jpg,False,Suh_Young-hoon,Suh_Young-hoon/Suh_Young-hoon_0001.jpg,True,0
5376,9,Mike_Gable,Mike_Gable/Mike_Gable_0001.jpg,False,Mohamed_Hammam,Mohamed_Hammam/Mohamed_Hammam_0001.jpg,False,0
5377,9,Mikhail_Khodorkovsky,Mikhail_Khodorkovsky/Mikhail_Khodorkovsky_0001.jpg,False,Rita_Moreno,Rita_Moreno/Rita_Moreno_0002.jpg,True,0
5378,9,Mireya_Moscoso,Mireya_Moscoso/Mireya_Moscoso_0004.jpg,False,San_Lan,San_Lan/San_Lan_0001.jpg,True,0
5379,9,Mohamed_Hammam,Mohamed_Hammam/Mohamed_Hammam_0001.jpg,False,Roger_Moore,Roger_Moore/Roger_Moore_0004.jpg,False,0
5380,9,Nabil_Shaath,Nabil_Shaath/Nabil_Shaath_0003.jpg,False,Silvie_Cabero,Silvie_Cabero/Silvie_Cabero_0001.jpg,False,0
5381,9,Naomi_Hayashi,Naomi_Hayashi/Naomi_Hayashi_0001.jpg,False,Prakash_Hinduja,Prakash_Hinduja/Prakash_Hinduja_0001.jpg,False,0
5382,9,Natalya_Sazanovich,Natalya_Sazanovich/Natalya_Sazanovich_0001.jpg,False,Pupi_Avati,Pupi_Avati/Pupi_Avati_0004.jpg,False,0
5383,9,Nikki_Teasley,Nikki_Teasley/Nikki_Teasley_0001.jpg,False,Ryan_Goodman,Ryan_Goodman/Ryan_Goodman_0001.jpg,False,0
5384,9,Oleksandr_Moroz,Oleksandr_Moroz/Oleksandr_Moroz_0001.jpg,True,Robert_De_Niro,Robert_De_Niro/Robert_De_Niro_0001.jpg,False,0
5385,9,Oscar_DLeon,Oscar_DLeon/Oscar_DLeon_0001.jpg,False,Steven_Curtis_Chapman,Steven_Curtis_Chapman/Steven_Curtis_Chapman_0001.jpg,False,0
5386,9,Paul_Byrd,Paul_Byrd/Paul_Byrd_0001.jpg,True,Wolfgang_Schwarz,Wolfgang_Schwarz/Wolfgang_Schwarz_0001.jpg,True,0
5387,9,Paul_Wollnough,Paul_Wollnough/Paul_Wollnough_0001.jpg,False,Philip_Cummings,Philip_Cummings/Philip_Cummings_0001.jpg,False,0
5388,9,Paul_Wollnough,Paul_Wollnough/Paul_Wollnough_0001.jpg,False,Yuvraj_Singh,Yuvraj_Singh/Yuvraj_Singh_0001.jpg,False,0
5389,9,Penelope_Taylor,Penelope_Taylor/Penelope_Taylor_0001.jpg,True,Wang_Fei,Wang_Fei/Wang_Fei_0001.jpg,False,0
5390,9,Peter_Caruana,Peter_Caruana/Peter_Caruana_0001.jpg,False,Philip_Cummings,Philip_Cummings/Philip_Cummings_0001.jpg,False,0
5391,9,Phillip_Seymor_Hoffmann,Phillip_Seymor_Hoffmann/Phillip_Seymor_Hoffmann_0001.jpg,False,Silvio_Fernandez,Silvio_Fernandez/Silvio_Fernandez_0001.jpg,False,0
5392,9,Phillips_Idowu,Phillips_Idowu/Phillips_Idowu_0001.jpg,True,Prince_Naruhito,Prince_Naruhito/Prince_Naruhito_0002.jpg,False,0
5393,9,Princess_Masako,Princess_Masako/Princess_Masako_0002.jpg,False,Thomas_Wilkens,Thomas_Wilkens/Thomas_Wilkens_0001.jpg,False,0
5394,9,Quin_Snyder,Quin_Snyder/Quin_Snyder_0001.jpg,False,Vagit_Alekperov,Vagit_Alekperov/Vagit_Alekperov_0001.jpg,False,0
5395,9,Ranil_Wickremasinghe,Ranil_Wickremasinghe/Ranil_Wickremasinghe_0003.jpg,True,Stacy_Nelson,Stacy_Nelson/Stacy_Nelson_0001.jpg,False,0
5396,9,Reina_Hayes,Reina_Hayes/Reina_Hayes_0001.jpg,False,Steffeny_Holtz,Steffeny_Holtz/Steffeny_Holtz_0001.jpg,False,0
5397,9,Rick_Pitino,Rick_Pitino/Rick_Pitino_0003.jpg,True,Tony_Clement,Tony_Clement/Tony_Clement_0001.jpg,True,0
5398,9,Ricky_Martin,Ricky_Martin/Ricky_Martin_0002.jpg,False,Roger_Etchegaray,Roger_Etchegaray/Roger_Etchegaray_0001.jpg,False,0
5399,9,Robert_F_Kennedy_Jr,Robert_F_Kennedy_Jr/Robert_F_Kennedy_Jr_0001.jpg,False,Ron_Dittemore,Ron_Dittemore/Ron_Dittemore_0001.jpg,False,0
5400,9,Sidney_Poitier,Sidney_Poitier/Sidney_Poitier_0001.jpg,True,Svend_Aage_Jensby,Svend_Aage_Jensby/Svend_Aage_Jensby_0001.jpg,False,0
5401,10,Abdel_Nasser_Assidi,Abdel_Nasser_Assidi/Abdel_Nasser_Assidi_0001.jpg,True,Abdel_Nasser_Assidi,Abdel_Nasser_Assidi/Abdel_Nasser_Assidi_0002.jpg,True,1
5402,10,Ai_Sugiyama,Ai_Sugiyama/Ai_Sugiyama_0001.jpg,False,Ai_Sugiyama,Ai_Sugiyama/Ai_Sugiyama_0002.jpg,False,1
5403,10,Ai_Sugiyama,Ai_Sugiyama/Ai_Sugiyama_0001.jpg,False,Ai_Sugiyama,Ai_Sugiyama/Ai_Sugiyama_0004.jpg,False,1
5404,10,Ai_Sugiyama,Ai_Sugiyama/Ai_Sugiyama_0004.jpg,False,Ai_Sugiyama,Ai_Sugiyama/Ai_Sugiyama_0005.jpg,False,1
5405,10,Aldo_Paredes,Aldo_Paredes/Aldo_Paredes_0001.jpg,False,Aldo_Paredes,Aldo_Paredes/Aldo_Paredes_0002.jpg,False,1
5406,10,Alejandro_Avila,Alejandro_Avila/Alejandro_Avila_0001.jpg,True,Alejandro_Avila,Alejandro_Avila/Alejandro_Avila_0002.jpg,True,1
5407,10,Alejandro_Avila,Alejandro_Avila/Alejandro_Avila_0001.jpg,True,Alejandro_Avila,Alejandro_Avila/Alejandro_Avila_0003.jpg,True,1
5408,10,Alex_Sink,Alex_Sink/Alex_Sink_0002.jpg,True,Alex_Sink,Alex_Sink/Alex_Sink_0003.jpg,True,1
5409,10,Allen_Iverson,Allen_Iverson/Allen_Iverson_0001.jpg,False,Allen_Iverson,Allen_Iverson/Allen_Iverson_0002.jpg,False,1
5410,10,Amram_Mitzna,Amram_Mitzna/Amram_Mitzna_0001.jpg,False,Amram_Mitzna,Amram_Mitzna/Amram_Mitzna_0002.jpg,False,1
5411,10,Andrew_Niccol,Andrew_Niccol/Andrew_Niccol_0001.jpg,False,Andrew_Niccol,Andrew_Niccol/Andrew_Niccol_0002.jpg,False,1
5412,10,Andy_Hebb,Andy_Hebb/Andy_Hebb_0001.jpg,False,Andy_Hebb,Andy_Hebb/Andy_Hebb_0002.jpg,False,1
5413,10,Anne_Krueger,Anne_Krueger/Anne_Krueger_0001.jpg,False,Anne_Krueger,Anne_Krueger/Anne_Krueger_0002.jpg,False,1
5414,10,Anne_McLellan,Anne_McLellan/Anne_McLellan_0001.jpg,True,Anne_McLellan,Anne_McLellan/Anne_McLellan_0003.jpg,True,1
5415,10,Anne_McLellan,Anne_McLellan/Anne_McLellan_0002.jpg,True,Anne_McLellan,Anne_McLellan/Anne_McLellan_0003.jpg,True,1
5416,10,Annette_Bening,Annette_Bening/Annette_Bening_0001.jpg,True,Annette_Bening,Annette_Bening/Annette_Bening_0002.jpg,True,1
5417,10,Anthony_Hopkins,Anthony_Hopkins/Anthony_Hopkins_0001.jpg,True,Anthony_Hopkins,Anthony_Hopkins/Anthony_Hopkins_0002.jpg,True,1
5418,10,Ariel_Sharon,Ariel_Sharon/Ariel_Sharon_0016.jpg,True,Ariel_Sharon,Ariel_Sharon/Ariel_Sharon_0045.jpg,True,1
5419,10,Arminio_Fraga,Arminio_Fraga/Arminio_Fraga_0001.jpg,True,Arminio_Fraga,Arminio_Fraga/Arminio_Fraga_0006.jpg,True,1
5420,10,Arminio_Fraga,Arminio_Fraga/Arminio_Fraga_0002.jpg,True,Arminio_Fraga,Arminio_Fraga/Arminio_Fraga_0004.jpg,True,1
5421,10,Arminio_Fraga,Arminio_Fraga/Arminio_Fraga_0003.jpg,True,Arminio_Fraga,Arminio_Fraga/Arminio_Fraga_0006.jpg,True,1
5422,10,Arminio_Fraga,Arminio_Fraga/Arminio_Fraga_0004.jpg,True,Arminio_Fraga,Arminio_Fraga/Arminio_Fraga_0006.jpg,True,1
5423,10,Art_Hoffmann,Art_Hoffmann/Art_Hoffmann_0001.jpg,False,Art_Hoffmann,Art_Hoffmann/Art_Hoffmann_0002.jpg,False,1
5424,10,Ashanti,Ashanti/Ashanti_0001.jpg,True,Ashanti,Ashanti/Ashanti_0003.jpg,True,1
5425,10,Ashanti,Ashanti/Ashanti_0001.jpg,True,Ashanti,Ashanti/Ashanti_0004.jpg,True,1
5426,10,Ashanti,Ashanti/Ashanti_0002.jpg,True,Ashanti,Ashanti/Ashanti_0005.jpg,True,1
5427,10,Ashanti,Ashanti/Ashanti_0003.jpg,True,Ashanti,Ashanti/Ashanti_0005.jpg,True,1
5428,10,Ashanti,Ashanti/Ashanti_0004.jpg,True,Ashanti,Ashanti/Ashanti_0005.jpg,True,1
5429,10,Augustin_Calleri,Augustin_Calleri/Augustin_Calleri_0001.jpg,False,Augustin_Calleri,Augustin_Calleri/Augustin_Calleri_0002.jpg,False,1
5430,10,Augustin_Calleri,Augustin_Calleri/Augustin_Calleri_0002.jpg,False,Augustin_Calleri,Augustin_Calleri/Augustin_Calleri_0004.jpg,False,1
5431,10,Augustin_Calleri,Augustin_Calleri/Augustin_Calleri_0003.jpg,False,Augustin_Calleri,Augustin_Calleri/Augustin_Calleri_0004.jpg,False,1
5432,10,Bertie_Ahern,Bertie_Ahern/Bertie_Ahern_0001.jpg,True,Bertie_Ahern,Bertie_Ahern/Bertie_Ahern_0002.jpg,True,1
5433,10,Bertie_Ahern,Bertie_Ahern/Bertie_Ahern_0001.jpg,True,Bertie_Ahern,Bertie_Ahern/Bertie_Ahern_0004.jpg,True,1
5434,10,Bertie_Ahern,Bertie_Ahern/Bertie_Ahern_0001.jpg,True,Bertie_Ahern,Bertie_Ahern/Bertie_Ahern_0005.jpg,True,1
5435,10,Bertie_Ahern,Bertie_Ahern/Bertie_Ahern_0002.jpg,True,Bertie_Ahern,Bertie_Ahern/Bertie_Ahern_0003.jpg,True,1
5436,10,Bertie_Ahern,Bertie_Ahern/Bertie_Ahern_0003.jpg,True,Bertie_Ahern,Bertie_Ahern/Bertie_Ahern_0005.jpg,True,1
5437,10,Bill_Clinton,Bill_Clinton/Bill_Clinton_0002.jpg,True,Bill_Clinton,Bill_Clinton/Bill_Clinton_0004.jpg,True,1
5438,10,Bill_Clinton,Bill_Clinton/Bill_Clinton_0006.jpg,True,Bill_Clinton,Bill_Clinton/Bill_Clinton_0008.jpg,True,1
5439,10,Bill_Clinton,Bill_Clinton/Bill_Clinton_0006.jpg,True,Bill_Clinton,Bill_Clinton/Bill_Clinton_0010.jpg,True,1
5440,10,Bill_Clinton,Bill_Clinton/Bill_Clinton_0008.jpg,True,Bill_Clinton,Bill_Clinton/Bill_Clinton_0010.jpg,True,1
5441,10,Bill_Clinton,Bill_Clinton/Bill_Clinton_0009.jpg,True,Bill_Clinton,Bill_Clinton/Bill_Clinton_0012.jpg,True,1
5442,10,Bill_Clinton,Bill_Clinton/Bill_Clinton_0010.jpg,True,Bill_Clinton,Bill_Clinton/Bill_Clinton_0029.jpg,True,1
5443,10,Bill_Clinton,Bill_Clinton/Bill_Clinton_0018.jpg,True,Bill_Clinton,Bill_Clinton/Bill_Clinton_0028.jpg,True,1
5444,10,Bill_McBride,Bill_McBride/Bill_McBride_0004.jpg,True,Bill_McBride,Bill_McBride/Bill_McBride_0007.jpg,True,1
5445,10,Bill_McBride,Bill_McBride/Bill_McBride_0004.jpg,True,Bill_McBride,Bill_McBride/Bill_McBride_0010.jpg,True,1
5446,10,Bill_Parcells,Bill_Parcells/Bill_Parcells_0001.jpg,False,Bill_Parcells,Bill_Parcells/Bill_Parcells_0002.jpg,False,1
5447,10,Binyamin_Ben-Eliezer,Binyamin_Ben-Eliezer/Binyamin_Ben-Eliezer_0003.jpg,True,Binyamin_Ben-Eliezer,Binyamin_Ben-Eliezer/Binyamin_Ben-Eliezer_0005.jpg,True,1
5448,10,Binyamin_Ben-Eliezer,Binyamin_Ben-Eliezer/Binyamin_Ben-Eliezer_0005.jpg,True,Binyamin_Ben-Eliezer,Binyamin_Ben-Eliezer/Binyamin_Ben-Eliezer_0006.jpg,True,1
5449,10,Binyamin_Ben-Eliezer,Binyamin_Ben-Eliezer/Binyamin_Ben-Eliezer_0006.jpg,True,Binyamin_Ben-Eliezer,Binyamin_Ben-Eliezer/Binyamin_Ben-Eliezer_0007.jpg,True,1
5450,10,Brendan_Hansen,Brendan_Hansen/Brendan_Hansen_0001.jpg,False,Brendan_Hansen,Brendan_Hansen/Brendan_Hansen_0002.jpg,False,1
5451,10,Brian_Wells,Brian_Wells/Brian_Wells_0001.jpg,False,Brian_Wells,Brian_Wells/Brian_Wells_0002.jpg,False,1
5452,10,Carlos_Quintanilla_Schmidt,Carlos_Quintanilla_Schmidt/Carlos_Quintanilla_Schmidt_0001.jpg,False,Carlos_Quintanilla_Schmidt,Carlos_Quintanilla_Schmidt/Carlos_Quintanilla_Schmidt_0002.jpg,False,1
5453,10,Carolina_Moraes,Carolina_Moraes/Carolina_Moraes_0001.jpg,False,Carolina_Moraes,Carolina_Moraes/Carolina_Moraes_0002.jpg,False,1
5454,10,Cecilia_Bolocco,Cecilia_Bolocco/Cecilia_Bolocco_0001.jpg,True,Cecilia_Bolocco,Cecilia_Bolocco/Cecilia_Bolocco_0002.jpg,True,1
5455,10,Cecilia_Bolocco,Cecilia_Bolocco/Cecilia_Bolocco_0001.jpg,True,Cecilia_Bolocco,Cecilia_Bolocco/Cecilia_Bolocco_0003.jpg,True,1
5456,10,Cecilia_Bolocco,Cecilia_Bolocco/Cecilia_Bolocco_0002.jpg,True,Cecilia_Bolocco,Cecilia_Bolocco/Cecilia_Bolocco_0003.jpg,True,1
5457,10,Cesar_Gaviria,Cesar_Gaviria/Cesar_Gaviria_0002.jpg,True,Cesar_Gaviria,Cesar_Gaviria/Cesar_Gaviria_0004.jpg,True,1
5458,10,Cesar_Gaviria,Cesar_Gaviria/Cesar_Gaviria_0002.jpg,True,Cesar_Gaviria,Cesar_Gaviria/Cesar_Gaviria_0005.jpg,True,1
5459,10,Cesar_Gaviria,Cesar_Gaviria/Cesar_Gaviria_0003.jpg,True,Cesar_Gaviria,Cesar_Gaviria/Cesar_Gaviria_0006.jpg,True,1
5460,10,Cesar_Gaviria,Cesar_Gaviria/Cesar_Gaviria_0003.jpg,True,Cesar_Gaviria,Cesar_Gaviria/Cesar_Gaviria_0007.jpg,True,1
5461,10,Cesar_Gaviria,Cesar_Gaviria/Cesar_Gaviria_0004.jpg,True,Cesar_Gaviria,Cesar_Gaviria/Cesar_Gaviria_0006.jpg,True,1
5462,10,Charlie_Zaa,Charlie_Zaa/Charlie_Zaa_0001.jpg,True,Charlie_Zaa,Charlie_Zaa/Charlie_Zaa_0002.jpg,True,1
5463,10,Chita_Rivera,Chita_Rivera/Chita_Rivera_0001.jpg,True,Chita_Rivera,Chita_Rivera/Chita_Rivera_0002.jpg,True,1
5464,10,Christian_Longo,Christian_Longo/Christian_Longo_0001.jpg,False,Christian_Longo,Christian_Longo/Christian_Longo_0002.jpg,False,1
5465,10,Christian_Longo,Christian_Longo/Christian_Longo_0001.jpg,False,Christian_Longo,Christian_Longo/Christian_Longo_0003.jpg,False,1
5466,10,Christian_Wulff,Christian_Wulff/Christian_Wulff_0001.jpg,False,Christian_Wulff,Christian_Wulff/Christian_Wulff_0002.jpg,False,1
5467,10,Colin_Jackson,Colin_Jackson/Colin_Jackson_0001.jpg,False,Colin_Jackson,Colin_Jackson/Colin_Jackson_0002.jpg,False,1
5468,10,Darrell_Issa,Darrell_Issa/Darrell_Issa_0001.jpg,False,Darrell_Issa,Darrell_Issa/Darrell_Issa_0002.jpg,False,1
5469,10,Darrell_Porter,Darrell_Porter/Darrell_Porter_0001.jpg,False,Darrell_Porter,Darrell_Porter/Darrell_Porter_0002.jpg,False,1
5470,10,Dave_Campo,Dave_Campo/Dave_Campo_0001.jpg,True,Dave_Campo,Dave_Campo/Dave_Campo_0003.jpg,True,1
5471,10,David_Dodge,David_Dodge/David_Dodge_0001.jpg,True,David_Dodge,David_Dodge/David_Dodge_0002.jpg,True,1
5472,10,David_Heyman,David_Heyman/David_Heyman_0001.jpg,False,David_Heyman,David_Heyman/David_Heyman_0002.jpg,False,1
5473,10,David_Spade,David_Spade/David_Spade_0001.jpg,True,David_Spade,David_Spade/David_Spade_0002.jpg,True,1
5474,10,David_Wells,David_Wells/David_Wells_0001.jpg,True,David_Wells,David_Wells/David_Wells_0005.jpg,True,1
5475,10,David_Wells,David_Wells/David_Wells_0001.jpg,True,David_Wells,David_Wells/David_Wells_0006.jpg,True,1
5476,10,David_Wells,David_Wells/David_Wells_0001.jpg,True,David_Wells,David_Wells/David_Wells_0007.jpg,True,1
5477,10,David_Wells,David_Wells/David_Wells_0002.jpg,True,David_Wells,David_Wells/David_Wells_0006.jpg,True,1
5478,10,David_Wells,David_Wells/David_Wells_0005.jpg,True,David_Wells,David_Wells/David_Wells_0006.jpg,True,1
5479,10,Debbie_Reynolds,Debbie_Reynolds/Debbie_Reynolds_0001.jpg,True,Debbie_Reynolds,Debbie_Reynolds/Debbie_Reynolds_0003.jpg,True,1
5480,10,Debbie_Reynolds,Debbie_Reynolds/Debbie_Reynolds_0002.jpg,True,Debbie_Reynolds,Debbie_Reynolds/Debbie_Reynolds_0004.jpg,True,1
5481,10,Dexter_Jackson,Dexter_Jackson/Dexter_Jackson_0001.jpg,False,Dexter_Jackson,Dexter_Jackson/Dexter_Jackson_0002.jpg,False,1
5482,10,Diana_Taurasi,Diana_Taurasi/Diana_Taurasi_0001.jpg,False,Diana_Taurasi,Diana_Taurasi/Diana_Taurasi_0002.jpg,False,1
5483,10,Donald_Evans,Donald_Evans/Donald_Evans_0001.jpg,False,Donald_Evans,Donald_Evans/Donald_Evans_0002.jpg,False,1
5484,10,Duane_Lee_Chapman,Duane_Lee_Chapman/Duane_Lee_Chapman_0001.jpg,False,Duane_Lee_Chapman,Duane_Lee_Chapman/Duane_Lee_Chapman_0002.jpg,False,1
5485,10,Ed_Smart,Ed_Smart/Ed_Smart_0001.jpg,False,Ed_Smart,Ed_Smart/Ed_Smart_0003.jpg,False,1
5486,10,Eileen_Coparropa,Eileen_Coparropa/Eileen_Coparropa_0001.jpg,False,Eileen_Coparropa,Eileen_Coparropa/Eileen_Coparropa_0002.jpg,False,1
5487,10,Eileen_Coparropa,Eileen_Coparropa/Eileen_Coparropa_0001.jpg,False,Eileen_Coparropa,Eileen_Coparropa/Eileen_Coparropa_0003.jpg,False,1
5488,10,Eileen_Coparropa,Eileen_Coparropa/Eileen_Coparropa_0002.jpg,False,Eileen_Coparropa,Eileen_Coparropa/Eileen_Coparropa_0003.jpg,False,1
5489,10,Elizabeth_Dole,Elizabeth_Dole/Elizabeth_Dole_0001.jpg,False,Elizabeth_Dole,Elizabeth_Dole/Elizabeth_Dole_0003.jpg,False,1
5490,10,Elizabeth_Dole,Elizabeth_Dole/Elizabeth_Dole_0002.jpg,False,Elizabeth_Dole,Elizabeth_Dole/Elizabeth_Dole_0004.jpg,False,1
5491,10,Fred_Funk,Fred_Funk/Fred_Funk_0001.jpg,False,Fred_Funk,Fred_Funk/Fred_Funk_0002.jpg,False,1
5492,10,Gabriel_Valdes,Gabriel_Valdes/Gabriel_Valdes_0001.jpg,False,Gabriel_Valdes,Gabriel_Valdes/Gabriel_Valdes_0002.jpg,False,1
5493,10,Gary_Winnick,Gary_Winnick/Gary_Winnick_0001.jpg,True,Gary_Winnick,Gary_Winnick/Gary_Winnick_0002.jpg,True,1
5494,10,Geno_Auriemma,Geno_Auriemma/Geno_Auriemma_0001.jpg,False,Geno_Auriemma,Geno_Auriemma/Geno_Auriemma_0002.jpg,False,1
5495,10,George_Karl,George_Karl/George_Karl_0001.jpg,True,George_Karl,George_Karl/George_Karl_0002.jpg,True,1
5496,10,George_Robertson,George_Robertson/George_Robertson_0002.jpg,True,George_Robertson,George_Robertson/George_Robertson_0003.jpg,True,1
5497,10,George_Robertson,George_Robertson/George_Robertson_0003.jpg,True,George_Robertson,George_Robertson/George_Robertson_0019.jpg,True,1
5498,10,George_Robertson,George_Robertson/George_Robertson_0007.jpg,True,George_Robertson,George_Robertson/George_Robertson_0019.jpg,True,1
5499,10,George_Robertson,George_Robertson/George_Robertson_0011.jpg,True,George_Robertson,George_Robertson/George_Robertson_0012.jpg,True,1
5500,10,George_Ryan,George_Ryan/George_Ryan_0001.jpg,True,George_Ryan,George_Ryan/George_Ryan_0004.jpg,True,1
5501,10,George_Ryan,George_Ryan/George_Ryan_0002.jpg,True,George_Ryan,George_Ryan/George_Ryan_0003.jpg,True,1
5502,10,George_W_Bush,George_W_Bush/George_W_Bush_0007.jpg,True,George_W_Bush,George_W_Bush/George_W_Bush_0065.jpg,True,1
5503,10,George_W_Bush,George_W_Bush/George_W_Bush_0016.jpg,True,George_W_Bush,George_W_Bush/George_W_Bush_0482.jpg,True,1
5504,10,George_W_Bush,George_W_Bush/George_W_Bush_0145.jpg,True,George_W_Bush,George_W_Bush/George_W_Bush_0150.jpg,True,1
5505,10,George_W_Bush,George_W_Bush/George_W_Bush_0145.jpg,True,George_W_Bush,George_W_Bush/George_W_Bush_0238.jpg,True,1
5506,10,George_W_Bush,George_W_Bush/George_W_Bush_0203.jpg,True,George_W_Bush,George_W_Bush/George_W_Bush_0247.jpg,True,1
5507,10,Gloria_Trevi,Gloria_Trevi/Gloria_Trevi_0001.jpg,True,Gloria_Trevi,Gloria_Trevi/Gloria_Trevi_0002.jpg,True,1
5508,10,Gloria_Trevi,Gloria_Trevi/Gloria_Trevi_0002.jpg,True,Gloria_Trevi,Gloria_Trevi/Gloria_Trevi_0003.jpg,True,1
5509,10,Gloria_Trevi,Gloria_Trevi/Gloria_Trevi_0002.jpg,True,Gloria_Trevi,Gloria_Trevi/Gloria_Trevi_0004.jpg,True,1
5510,10,Gordon_Campbell,Gordon_Campbell/Gordon_Campbell_0001.jpg,False,Gordon_Campbell,Gordon_Campbell/Gordon_Campbell_0002.jpg,False,1
5511,10,Greg_Rusedski,Greg_Rusedski/Greg_Rusedski_0001.jpg,False,Greg_Rusedski,Greg_Rusedski/Greg_Rusedski_0002.jpg,False,1
5512,10,Greg_Rusedski,Greg_Rusedski/Greg_Rusedski_0002.jpg,False,Greg_Rusedski,Greg_Rusedski/Greg_Rusedski_0003.jpg,False,1
5513,10,Greg_Rusedski,Greg_Rusedski/Greg_Rusedski_0002.jpg,False,Greg_Rusedski,Greg_Rusedski/Greg_Rusedski_0004.jpg,False,1
5514,10,Greg_Rusedski,Greg_Rusedski/Greg_Rusedski_0003.jpg,False,Greg_Rusedski,Greg_Rusedski/Greg_Rusedski_0004.jpg,False,1
5515,10,Gustavo_Kuerten,Gustavo_Kuerten/Gustavo_Kuerten_0001.jpg,True,Gustavo_Kuerten,Gustavo_Kuerten/Gustavo_Kuerten_0002.jpg,True,1
5516,10,Gustavo_Kuerten,Gustavo_Kuerten/Gustavo_Kuerten_0002.jpg,True,Gustavo_Kuerten,Gustavo_Kuerten/Gustavo_Kuerten_0003.jpg,True,1
5517,10,Guy_Hemmings,Guy_Hemmings/Guy_Hemmings_0001.jpg,False,Guy_Hemmings,Guy_Hemmings/Guy_Hemmings_0002.jpg,False,1
5518,10,Halle_Berry,Halle_Berry/Halle_Berry_0006.jpg,True,Halle_Berry,Halle_Berry/Halle_Berry_0007.jpg,True,1
5519,10,Halle_Berry,Halle_Berry/Halle_Berry_0006.jpg,True,Halle_Berry,Halle_Berry/Halle_Berry_0009.jpg,True,1
5520,10,Halle_Berry,Halle_Berry/Halle_Berry_0007.jpg,True,Halle_Berry,Halle_Berry/Halle_Berry_0009.jpg,True,1
5521,10,Heather_Mills,Heather_Mills/Heather_Mills_0002.jpg,True,Heather_Mills,Heather_Mills/Heather_Mills_0003.jpg,True,1
5522,10,Heather_Mills,Heather_Mills/Heather_Mills_0002.jpg,True,Heather_Mills,Heather_Mills/Heather_Mills_0004.jpg,True,1
5523,10,Heidi_Fleiss,Heidi_Fleiss/Heidi_Fleiss_0001.jpg,False,Heidi_Fleiss,Heidi_Fleiss/Heidi_Fleiss_0002.jpg,False,1
5524,10,Heidi_Fleiss,Heidi_Fleiss/Heidi_Fleiss_0001.jpg,False,Heidi_Fleiss,Heidi_Fleiss/Heidi_Fleiss_0003.jpg,False,1
5525,10,Henrique_Meirelles,Henrique_Meirelles/Henrique_Meirelles_0001.jpg,False,Henrique_Meirelles,Henrique_Meirelles/Henrique_Meirelles_0002.jpg,False,1
5526,10,Iva_Majoli,Iva_Majoli/Iva_Majoli_0001.jpg,False,Iva_Majoli,Iva_Majoli/Iva_Majoli_0002.jpg,False,1
5527,10,Jake_Gyllenhaal,Jake_Gyllenhaal/Jake_Gyllenhaal_0003.jpg,True,Jake_Gyllenhaal,Jake_Gyllenhaal/Jake_Gyllenhaal_0005.jpg,True,1
5528,10,Jake_Gyllenhaal,Jake_Gyllenhaal/Jake_Gyllenhaal_0004.jpg,True,Jake_Gyllenhaal,Jake_Gyllenhaal/Jake_Gyllenhaal_0005.jpg,True,1
5529,10,James_Cunningham,James_Cunningham/James_Cunningham_0001.jpg,True,James_Cunningham,James_Cunningham/James_Cunningham_0002.jpg,True,1
5530,10,James_Cunningham,James_Cunningham/James_Cunningham_0001.jpg,True,James_Cunningham,James_Cunningham/James_Cunningham_0003.jpg,True,1
5531,10,James_Cunningham,James_Cunningham/James_Cunningham_0002.jpg,True,James_Cunningham,James_Cunningham/James_Cunningham_0003.jpg,True,1
5532,10,James_Parker,James_Parker/James_Parker_0001.jpg,False,James_Parker,James_Parker/James_Parker_0002.jpg,False,1
5533,10,James_Wolfensohn,James_Wolfensohn/James_Wolfensohn_0002.jpg,True,James_Wolfensohn,James_Wolfensohn/James_Wolfensohn_0005.jpg,True,1
5534,10,Jason_Lezak,Jason_Lezak/Jason_Lezak_0001.jpg,False,Jason_Lezak,Jason_Lezak/Jason_Lezak_0002.jpg,False,1
5535,10,Jay_Rasulo,Jay_Rasulo/Jay_Rasulo_0001.jpg,False,Jay_Rasulo,Jay_Rasulo/Jay_Rasulo_0002.jpg,False,1
5536,10,Jean-Claude_Juncker,Jean-Claude_Juncker/Jean-Claude_Juncker_0001.jpg,True,Jean-Claude_Juncker,Jean-Claude_Juncker/Jean-Claude_Juncker_0002.jpg,True,1
5537,10,Jennifer_Lopez,Jennifer_Lopez/Jennifer_Lopez_0001.jpg,True,Jennifer_Lopez,Jennifer_Lopez/Jennifer_Lopez_0003.jpg,True,1
5538,10,Jennifer_Lopez,Jennifer_Lopez/Jennifer_Lopez_0002.jpg,True,Jennifer_Lopez,Jennifer_Lopez/Jennifer_Lopez_0016.jpg,True,1
5539,10,Jennifer_Lopez,Jennifer_Lopez/Jennifer_Lopez_0003.jpg,True,Jennifer_Lopez,Jennifer_Lopez/Jennifer_Lopez_0010.jpg,True,1
5540,10,Jennifer_Lopez,Jennifer_Lopez/Jennifer_Lopez_0003.jpg,True,Jennifer_Lopez,Jennifer_Lopez/Jennifer_Lopez_0014.jpg,True,1
5541,10,Jesse_Jackson,Jesse_Jackson/Jesse_Jackson_0001.jpg,True,Jesse_Jackson,Jesse_Jackson/Jesse_Jackson_0003.jpg,True,1
5542,10,Jesse_Jackson,Jesse_Jackson/Jesse_Jackson_0005.jpg,True,Jesse_Jackson,Jesse_Jackson/Jesse_Jackson_0008.jpg,True,1
5543,10,Jesse_Jackson,Jesse_Jackson/Jesse_Jackson_0007.jpg,True,Jesse_Jackson,Jesse_Jackson/Jesse_Jackson_0008.jpg,True,1
5544,10,Jesse_James_Leija,Jesse_James_Leija/Jesse_James_Leija_0001.jpg,False,Jesse_James_Leija,Jesse_James_Leija/Jesse_James_Leija_0002.jpg,False,1
5545,10,Jesse_Ventura,Jesse_Ventura/Jesse_Ventura_0002.jpg,True,Jesse_Ventura,Jesse_Ventura/Jesse_Ventura_0003.jpg,True,1
5546,10,Jia_Qinglin,Jia_Qinglin/Jia_Qinglin_0001.jpg,False,Jia_Qinglin,Jia_Qinglin/Jia_Qinglin_0002.jpg,False,1
5547,10,Jim_Tressel,Jim_Tressel/Jim_Tressel_0001.jpg,True,Jim_Tressel,Jim_Tressel/Jim_Tressel_0002.jpg,True,1
5548,10,Jim_Tressel,Jim_Tressel/Jim_Tressel_0001.jpg,True,Jim_Tressel,Jim_Tressel/Jim_Tressel_0004.jpg,True,1
5549,10,Jim_Tressel,Jim_Tressel/Jim_Tressel_0002.jpg,True,Jim_Tressel,Jim_Tressel/Jim_Tressel_0004.jpg,True,1
5550,10,Joan_Laporta,Joan_Laporta/Joan_Laporta_0001.jpg,False,Joan_Laporta,Joan_Laporta/Joan_Laporta_0006.jpg,False,1
5551,10,Joan_Laporta,Joan_Laporta/Joan_Laporta_0006.jpg,False,Joan_Laporta,Joan_Laporta/Joan_Laporta_0007.jpg,False,1
5552,10,Joan_Laporta,Joan_Laporta/Joan_Laporta_0006.jpg,False,Joan_Laporta,Joan_Laporta/Joan_Laporta_0008.jpg,False,1
5553,10,Joe_Dumars,Joe_Dumars/Joe_Dumars_0001.jpg,False,Joe_Dumars,Joe_Dumars/Joe_Dumars_0002.jpg,False,1
5554,10,John_Ashcroft,John_Ashcroft/John_Ashcroft_0003.jpg,True,John_Ashcroft,John_Ashcroft/John_Ashcroft_0005.jpg,True,1
5555,10,John_Ashcroft,John_Ashcroft/John_Ashcroft_0013.jpg,True,John_Ashcroft,John_Ashcroft/John_Ashcroft_0034.jpg,True,1
5556,10,John_Ashcroft,John_Ashcroft/John_Ashcroft_0042.jpg,True,John_Ashcroft,John_Ashcroft/John_Ashcroft_0043.jpg,True,1
5557,10,John_Bolton,John_Bolton/John_Bolton_0006.jpg,True,John_Bolton,John_Bolton/John_Bolton_0007.jpg,True,1
5558,10,John_Bolton,John_Bolton/John_Bolton_0011.jpg,True,John_Bolton,John_Bolton/John_Bolton_0016.jpg,True,1
5559,10,John_Swofford,John_Swofford/John_Swofford_0001.jpg,False,John_Swofford,John_Swofford/John_Swofford_0002.jpg,False,1
5560,10,John_Swofford,John_Swofford/John_Swofford_0001.jpg,False,John_Swofford,John_Swofford/John_Swofford_0003.jpg,False,1
5561,10,John_Timoney,John_Timoney/John_Timoney_0001.jpg,False,John_Timoney,John_Timoney/John_Timoney_0002.jpg,False,1
5562,10,Jon_Gruden,Jon_Gruden/Jon_Gruden_0001.jpg,False,Jon_Gruden,Jon_Gruden/Jon_Gruden_0002.jpg,False,1
5563,10,Jon_Gruden,Jon_Gruden/Jon_Gruden_0002.jpg,False,Jon_Gruden,Jon_Gruden/Jon_Gruden_0005.jpg,False,1
5564,10,Jon_Gruden,Jon_Gruden/Jon_Gruden_0003.jpg,False,Jon_Gruden,Jon_Gruden/Jon_Gruden_0006.jpg,False,1
5565,10,Jon_Gruden,Jon_Gruden/Jon_Gruden_0003.jpg,False,Jon_Gruden,Jon_Gruden/Jon_Gruden_0007.jpg,False,1
5566,10,Julie_Taymor,Julie_Taymor/Julie_Taymor_0001.jpg,True,Julie_Taymor,Julie_Taymor/Julie_Taymor_0002.jpg,True,1
5567,10,Kamal_Kharrazi,Kamal_Kharrazi/Kamal_Kharrazi_0001.jpg,False,Kamal_Kharrazi,Kamal_Kharrazi/Kamal_Kharrazi_0005.jpg,False,1
5568,10,Kamal_Kharrazi,Kamal_Kharrazi/Kamal_Kharrazi_0002.jpg,False,Kamal_Kharrazi,Kamal_Kharrazi/Kamal_Kharrazi_0003.jpg,False,1
5569,10,Kamal_Kharrazi,Kamal_Kharrazi/Kamal_Kharrazi_0002.jpg,False,Kamal_Kharrazi,Kamal_Kharrazi/Kamal_Kharrazi_0006.jpg,False,1
5570,10,Karin_Stoiber,Karin_Stoiber/Karin_Stoiber_0001.jpg,True,Karin_Stoiber,Karin_Stoiber/Karin_Stoiber_0002.jpg,True,1
5571,10,Kim_Yong-il,Kim_Yong-il/Kim_Yong-il_0001.jpg,False,Kim_Yong-il,Kim_Yong-il/Kim_Yong-il_0002.jpg,False,1
5572,10,Kim_Yong-il,Kim_Yong-il/Kim_Yong-il_0001.jpg,False,Kim_Yong-il,Kim_Yong-il/Kim_Yong-il_0003.jpg,False,1
5573,10,Kimi_Raikkonen,Kimi_Raikkonen/Kimi_Raikkonen_0001.jpg,True,Kimi_Raikkonen,Kimi_Raikkonen/Kimi_Raikkonen_0003.jpg,True,1
5574,10,Kimi_Raikkonen,Kimi_Raikkonen/Kimi_Raikkonen_0002.jpg,True,Kimi_Raikkonen,Kimi_Raikkonen/Kimi_Raikkonen_0003.jpg,True,1
5575,10,Kjell_Magne_Bondevik,Kjell_Magne_Bondevik/Kjell_Magne_Bondevik_0001.jpg,True,Kjell_Magne_Bondevik,Kjell_Magne_Bondevik/Kjell_Magne_Bondevik_0003.jpg,True,1
5576,10,Kobe_Bryant,Kobe_Bryant/Kobe_Bryant_0001.jpg,False,Kobe_Bryant,Kobe_Bryant/Kobe_Bryant_0002.jpg,False,1
5577,10,Kurt_Warner,Kurt_Warner/Kurt_Warner_0001.jpg,True,Kurt_Warner,Kurt_Warner/Kurt_Warner_0002.jpg,True,1
5578,10,Kurt_Warner,Kurt_Warner/Kurt_Warner_0001.jpg,True,Kurt_Warner,Kurt_Warner/Kurt_Warner_0004.jpg,True,1
5579,10,Kurt_Warner,Kurt_Warner/Kurt_Warner_0002.jpg,True,Kurt_Warner,Kurt_Warner/Kurt_Warner_0004.jpg,True,1
5580,10,Kurt_Warner,Kurt_Warner/Kurt_Warner_0003.jpg,True,Kurt_Warner,Kurt_Warner/Kurt_Warner_0005.jpg,True,1
5581,10,Kwon_Yang-sook,Kwon_Yang-sook/Kwon_Yang-sook_0001.jpg,True,Kwon_Yang-sook,Kwon_Yang-sook/Kwon_Yang-sook_0003.jpg,True,1
5582,10,Kwon_Yang-sook,Kwon_Yang-sook/Kwon_Yang-sook_0002.jpg,True,Kwon_Yang-sook,Kwon_Yang-sook/Kwon_Yang-sook_0003.jpg,True,1
5583,10,Lee_Jun,Lee_Jun/Lee_Jun_0001.jpg,True,Lee_Jun,Lee_Jun/Lee_Jun_0002.jpg,True,1
5584,10,Leonid_Kuchma,Leonid_Kuchma/Leonid_Kuchma_0001.jpg,True,Leonid_Kuchma,Leonid_Kuchma/Leonid_Kuchma_0002.jpg,True,1
5585,10,Leonid_Kuchma,Leonid_Kuchma/Leonid_Kuchma_0001.jpg,True,Leonid_Kuchma,Leonid_Kuchma/Leonid_Kuchma_0003.jpg,True,1
5586,10,Leonid_Kuchma,Leonid_Kuchma/Leonid_Kuchma_0002.jpg,True,Leonid_Kuchma,Leonid_Kuchma/Leonid_Kuchma_0003.jpg,True,1
5587,10,Leonid_Kuchma,Leonid_Kuchma/Leonid_Kuchma_0002.jpg,True,Leonid_Kuchma,Leonid_Kuchma/Leonid_Kuchma_0005.jpg,True,1
5588,10,Leonid_Kuchma,Leonid_Kuchma/Leonid_Kuchma_0004.jpg,True,Leonid_Kuchma,Leonid_Kuchma/Leonid_Kuchma_0005.jpg,True,1
5589,10,Lina_Krasnoroutskaya,Lina_Krasnoroutskaya/Lina_Krasnoroutskaya_0001.jpg,False,Lina_Krasnoroutskaya,Lina_Krasnoroutskaya/Lina_Krasnoroutskaya_0002.jpg,False,1
5590,10,Lisa_Raymond,Lisa_Raymond/Lisa_Raymond_0001.jpg,True,Lisa_Raymond,Lisa_Raymond/Lisa_Raymond_0002.jpg,True,1
5591,10,Lord_Hutton,Lord_Hutton/Lord_Hutton_0001.jpg,False,Lord_Hutton,Lord_Hutton/Lord_Hutton_0002.jpg,False,1
5592,10,Luiz_Felipe_Scolari,Luiz_Felipe_Scolari/Luiz_Felipe_Scolari_0001.jpg,True,Luiz_Felipe_Scolari,Luiz_Felipe_Scolari/Luiz_Felipe_Scolari_0002.jpg,True,1
5593,10,Lynn_Redgrave,Lynn_Redgrave/Lynn_Redgrave_0002.jpg,False,Lynn_Redgrave,Lynn_Redgrave/Lynn_Redgrave_0003.jpg,False,1
5594,10,Magdalena_Maleeva,Magdalena_Maleeva/Magdalena_Maleeva_0001.jpg,True,Magdalena_Maleeva,Magdalena_Maleeva/Magdalena_Maleeva_0002.jpg,True,1
5595,10,Magdalena_Maleeva,Magdalena_Maleeva/Magdalena_Maleeva_0001.jpg,True,Magdalena_Maleeva,Magdalena_Maleeva/Magdalena_Maleeva_0003.jpg,True,1
5596,10,Magdalena_Maleeva,Magdalena_Maleeva/Magdalena_Maleeva_0002.jpg,True,Magdalena_Maleeva,Magdalena_Maleeva/Magdalena_Maleeva_0003.jpg,True,1
5597,10,Marcelo_Ebrard,Marcelo_Ebrard/Marcelo_Ebrard_0001.jpg,False,Marcelo_Ebrard,Marcelo_Ebrard/Marcelo_Ebrard_0002.jpg,False,1
5598,10,Marcelo_Ebrard,Marcelo_Ebrard/Marcelo_Ebrard_0001.jpg,False,Marcelo_Ebrard,Marcelo_Ebrard/Marcelo_Ebrard_0003.jpg,False,1
5599,10,Marcelo_Rios,Marcelo_Rios/Marcelo_Rios_0001.jpg,False,Marcelo_Rios,Marcelo_Rios/Marcelo_Rios_0003.jpg,False,1
5600,10,Marcelo_Rios,Marcelo_Rios/Marcelo_Rios_0001.jpg,False,Marcelo_Rios,Marcelo_Rios/Marcelo_Rios_0004.jpg,False,1
5601,10,Marcelo_Rios,Marcelo_Rios/Marcelo_Rios_0002.jpg,False,Marcelo_Rios,Marcelo_Rios/Marcelo_Rios_0003.jpg,False,1
5602,10,Marcelo_Rios,Marcelo_Rios/Marcelo_Rios_0003.jpg,False,Marcelo_Rios,Marcelo_Rios/Marcelo_Rios_0004.jpg,False,1
5603,10,Marcelo_Rios,Marcelo_Rios/Marcelo_Rios_0003.jpg,False,Marcelo_Rios,Marcelo_Rios/Marcelo_Rios_0005.jpg,False,1
5604,10,Maria_Shriver,Maria_Shriver/Maria_Shriver_0001.jpg,False,Maria_Shriver,Maria_Shriver/Maria_Shriver_0007.jpg,False,1
5605,10,Maria_Shriver,Maria_Shriver/Maria_Shriver_0001.jpg,False,Maria_Shriver,Maria_Shriver/Maria_Shriver_0008.jpg,False,1
5606,10,Maria_Shriver,Maria_Shriver/Maria_Shriver_0002.jpg,False,Maria_Shriver,Maria_Shriver/Maria_Shriver_0006.jpg,False,1
5607,10,Maria_Shriver,Maria_Shriver/Maria_Shriver_0002.jpg,False,Maria_Shriver,Maria_Shriver/Maria_Shriver_0008.jpg,False,1
5608,10,Maria_Shriver,Maria_Shriver/Maria_Shriver_0003.jpg,False,Maria_Shriver,Maria_Shriver/Maria_Shriver_0008.jpg,False,1
5609,10,Marilyn_Monroe,Marilyn_Monroe/Marilyn_Monroe_0001.jpg,True,Marilyn_Monroe,Marilyn_Monroe/Marilyn_Monroe_0002.jpg,True,1
5610,10,Mario_Cipollini,Mario_Cipollini/Mario_Cipollini_0001.jpg,True,Mario_Cipollini,Mario_Cipollini/Mario_Cipollini_0002.jpg,True,1
5611,10,Mark_Hurlbert,Mark_Hurlbert/Mark_Hurlbert_0001.jpg,False,Mark_Hurlbert,Mark_Hurlbert/Mark_Hurlbert_0005.jpg,False,1
5612,10,Mark_Hurlbert,Mark_Hurlbert/Mark_Hurlbert_0002.jpg,False,Mark_Hurlbert,Mark_Hurlbert/Mark_Hurlbert_0003.jpg,False,1
5613,10,Mark_Hurlbert,Mark_Hurlbert/Mark_Hurlbert_0002.jpg,False,Mark_Hurlbert,Mark_Hurlbert/Mark_Hurlbert_0004.jpg,False,1
5614,10,Martin_Scorsese,Martin_Scorsese/Martin_Scorsese_0002.jpg,True,Martin_Scorsese,Martin_Scorsese/Martin_Scorsese_0005.jpg,True,1
5615,10,Martin_Scorsese,Martin_Scorsese/Martin_Scorsese_0003.jpg,True,Martin_Scorsese,Martin_Scorsese/Martin_Scorsese_0004.jpg,True,1
5616,10,Marwan_Barghouthi,Marwan_Barghouthi/Marwan_Barghouthi_0001.jpg,False,Marwan_Barghouthi,Marwan_Barghouthi/Marwan_Barghouthi_0002.jpg,False,1
5617,10,Michael_Bloomberg,Michael_Bloomberg/Michael_Bloomberg_0001.jpg,True,Michael_Bloomberg,Michael_Bloomberg/Michael_Bloomberg_0012.jpg,True,1
5618,10,Michael_Bloomberg,Michael_Bloomberg/Michael_Bloomberg_0003.jpg,True,Michael_Bloomberg,Michael_Bloomberg/Michael_Bloomberg_0005.jpg,True,1
5619,10,Michael_Bloomberg,Michael_Bloomberg/Michael_Bloomberg_0007.jpg,True,Michael_Bloomberg,Michael_Bloomberg/Michael_Bloomberg_0011.jpg,True,1
5620,10,Michael_Bloomberg,Michael_Bloomberg/Michael_Bloomberg_0011.jpg,True,Michael_Bloomberg,Michael_Bloomberg/Michael_Bloomberg_0013.jpg,True,1
5621,10,Michael_Chang,Michael_Chang/Michael_Chang_0001.jpg,True,Michael_Chang,Michael_Chang/Michael_Chang_0003.jpg,True,1
5622,10,Michael_Chang,Michael_Chang/Michael_Chang_0005.jpg,True,Michael_Chang,Michael_Chang/Michael_Chang_0006.jpg,True,1
5623,10,Michael_Jackson,Michael_Jackson/Michael_Jackson_0001.jpg,False,Michael_Jackson,Michael_Jackson/Michael_Jackson_0006.jpg,False,1
5624,10,Michael_Jackson,Michael_Jackson/Michael_Jackson_0002.jpg,False,Michael_Jackson,Michael_Jackson/Michael_Jackson_0003.jpg,False,1
5625,10,Michael_Jackson,Michael_Jackson/Michael_Jackson_0002.jpg,False,Michael_Jackson,Michael_Jackson/Michael_Jackson_0011.jpg,False,1
5626,10,Michael_Jackson,Michael_Jackson/Michael_Jackson_0002.jpg,False,Michael_Jackson,Michael_Jackson/Michael_Jackson_0012.jpg,False,1
5627,10,Michael_Jackson,Michael_Jackson/Michael_Jackson_0011.jpg,False,Michael_Jackson,Michael_Jackson/Michael_Jackson_0012.jpg,False,1
5628,10,Michael_Patrick_King,Michael_Patrick_King/Michael_Patrick_King_0001.jpg,True,Michael_Patrick_King,Michael_Patrick_King/Michael_Patrick_King_0002.jpg,True,1
5629,10,Michelle_Rodriguez,Michelle_Rodriguez/Michelle_Rodriguez_0001.jpg,True,Michelle_Rodriguez,Michelle_Rodriguez/Michelle_Rodriguez_0002.jpg,True,1
5630,10,Mike_Babcock,Mike_Babcock/Mike_Babcock_0001.jpg,False,Mike_Babcock,Mike_Babcock/Mike_Babcock_0002.jpg,False,1
5631,10,Mike_Martz,Mike_Martz/Mike_Martz_0001.jpg,True,Mike_Martz,Mike_Martz/Mike_Martz_0003.jpg,True,1
5632,10,Mike_Scioscia,Mike_Scioscia/Mike_Scioscia_0001.jpg,True,Mike_Scioscia,Mike_Scioscia/Mike_Scioscia_0002.jpg,True,1
5633,10,Mikulas_Dzurinda,Mikulas_Dzurinda/Mikulas_Dzurinda_0001.jpg,False,Mikulas_Dzurinda,Mikulas_Dzurinda/Mikulas_Dzurinda_0002.jpg,False,1
5634,10,Miroljub,Miroljub/Miroljub_0001.jpg,True,Miroljub,Miroljub/Miroljub_0002.jpg,True,1
5635,10,Nasser_al-Kidwa,Nasser_al-Kidwa/Nasser_al-Kidwa_0001.jpg,False,Nasser_al-Kidwa,Nasser_al-Kidwa/Nasser_al-Kidwa_0002.jpg,False,1
5636,10,Nick_Nolte,Nick_Nolte/Nick_Nolte_0001.jpg,True,Nick_Nolte,Nick_Nolte/Nick_Nolte_0002.jpg,True,1
5637,10,Nick_Nolte,Nick_Nolte/Nick_Nolte_0001.jpg,True,Nick_Nolte,Nick_Nolte/Nick_Nolte_0003.jpg,True,1
5638,10,Nick_Nolte,Nick_Nolte/Nick_Nolte_0001.jpg,True,Nick_Nolte,Nick_Nolte/Nick_Nolte_0005.jpg,True,1
5639,10,Nick_Nolte,Nick_Nolte/Nick_Nolte_0002.jpg,True,Nick_Nolte,Nick_Nolte/Nick_Nolte_0004.jpg,True,1
5640,10,Nick_Nolte,Nick_Nolte/Nick_Nolte_0003.jpg,True,Nick_Nolte,Nick_Nolte/Nick_Nolte_0004.jpg,True,1
5641,10,OJ_Simpson,OJ_Simpson/OJ_Simpson_0001.jpg,True,OJ_Simpson,OJ_Simpson/OJ_Simpson_0002.jpg,True,1
5642,10,Oprah_Winfrey,Oprah_Winfrey/Oprah_Winfrey_0001.jpg,True,Oprah_Winfrey,Oprah_Winfrey/Oprah_Winfrey_0002.jpg,True,1
5643,10,Oprah_Winfrey,Oprah_Winfrey/Oprah_Winfrey_0002.jpg,True,Oprah_Winfrey,Oprah_Winfrey/Oprah_Winfrey_0003.jpg,True,1
5644,10,Orlando_Bloom,Orlando_Bloom/Orlando_Bloom_0002.jpg,False,Orlando_Bloom,Orlando_Bloom/Orlando_Bloom_0003.jpg,False,1
5645,10,Ozzy_Osbourne,Ozzy_Osbourne/Ozzy_Osbourne_0001.jpg,True,Ozzy_Osbourne,Ozzy_Osbourne/Ozzy_Osbourne_0003.jpg,True,1
5646,10,Paul_Coppin,Paul_Coppin/Paul_Coppin_0001.jpg,False,Paul_Coppin,Paul_Coppin/Paul_Coppin_0002.jpg,False,1
5647,10,Paul_Martin,Paul_Martin/Paul_Martin_0001.jpg,True,Paul_Martin,Paul_Martin/Paul_Martin_0006.jpg,True,1
5648,10,Paul_Martin,Paul_Martin/Paul_Martin_0001.jpg,True,Paul_Martin,Paul_Martin/Paul_Martin_0007.jpg,True,1
5649,10,Paul_McNulty,Paul_McNulty/Paul_McNulty_0001.jpg,False,Paul_McNulty,Paul_McNulty/Paul_McNulty_0002.jpg,False,1
5650,10,Paul_ONeill,Paul_ONeill/Paul_ONeill_0001.jpg,True,Paul_ONeill,Paul_ONeill/Paul_ONeill_0003.jpg,True,1
5651,10,Paul_ONeill,Paul_ONeill/Paul_ONeill_0005.jpg,True,Paul_ONeill,Paul_ONeill/Paul_ONeill_0007.jpg,True,1
5652,10,Paul_Patton,Paul_Patton/Paul_Patton_0001.jpg,True,Paul_Patton,Paul_Patton/Paul_Patton_0002.jpg,True,1
5653,10,Paula_Zahn,Paula_Zahn/Paula_Zahn_0001.jpg,True,Paula_Zahn,Paula_Zahn/Paula_Zahn_0002.jpg,True,1
5654,10,Pierce_Brosnan,Pierce_Brosnan/Pierce_Brosnan_0001.jpg,True,Pierce_Brosnan,Pierce_Brosnan/Pierce_Brosnan_0005.jpg,True,1
5655,10,Pierce_Brosnan,Pierce_Brosnan/Pierce_Brosnan_0003.jpg,True,Pierce_Brosnan,Pierce_Brosnan/Pierce_Brosnan_0007.jpg,True,1
5656,10,Pierce_Brosnan,Pierce_Brosnan/Pierce_Brosnan_0006.jpg,True,Pierce_Brosnan,Pierce_Brosnan/Pierce_Brosnan_0009.jpg,True,1
5657,10,Pierce_Brosnan,Pierce_Brosnan/Pierce_Brosnan_0009.jpg,True,Pierce_Brosnan,Pierce_Brosnan/Pierce_Brosnan_0014.jpg,True,1
5658,10,Pierre_Pettigrew,Pierre_Pettigrew/Pierre_Pettigrew_0001.jpg,False,Pierre_Pettigrew,Pierre_Pettigrew/Pierre_Pettigrew_0003.jpg,False,1
5659,10,Ralf_Schumacher,Ralf_Schumacher/Ralf_Schumacher_0005.jpg,False,Ralf_Schumacher,Ralf_Schumacher/Ralf_Schumacher_0008.jpg,False,1
5660,10,Ricky_Barnes,Ricky_Barnes/Ricky_Barnes_0001.jpg,False,Ricky_Barnes,Ricky_Barnes/Ricky_Barnes_0002.jpg,False,1
5661,10,Rita_Wilson,Rita_Wilson/Rita_Wilson_0001.jpg,False,Rita_Wilson,Rita_Wilson/Rita_Wilson_0004.jpg,False,1
5662,10,Rob_Schneider,Rob_Schneider/Rob_Schneider_0001.jpg,False,Rob_Schneider,Rob_Schneider/Rob_Schneider_0002.jpg,False,1
5663,10,Robbie_Fowler,Robbie_Fowler/Robbie_Fowler_0001.jpg,False,Robbie_Fowler,Robbie_Fowler/Robbie_Fowler_0002.jpg,False,1
5664,10,Robert_Blake,Robert_Blake/Robert_Blake_0001.jpg,True,Robert_Blake,Robert_Blake/Robert_Blake_0003.jpg,True,1
5665,10,Robert_Blake,Robert_Blake/Robert_Blake_0001.jpg,True,Robert_Blake,Robert_Blake/Robert_Blake_0004.jpg,True,1
5666,10,Robert_Blake,Robert_Blake/Robert_Blake_0005.jpg,True,Robert_Blake,Robert_Blake/Robert_Blake_0006.jpg,True,1
5667,10,Rogerio_Romero,Rogerio_Romero/Rogerio_Romero_0001.jpg,False,Rogerio_Romero,Rogerio_Romero/Rogerio_Romero_0002.jpg,False,1
5668,10,Rupert_Grint,Rupert_Grint/Rupert_Grint_0001.jpg,False,Rupert_Grint,Rupert_Grint/Rupert_Grint_0003.jpg,False,1
5669,10,Salman_Rushdie,Salman_Rushdie/Salman_Rushdie_0001.jpg,True,Salman_Rushdie,Salman_Rushdie/Salman_Rushdie_0003.jpg,True,1
5670,10,Salman_Rushdie,Salman_Rushdie/Salman_Rushdie_0002.jpg,True,Salman_Rushdie,Salman_Rushdie/Salman_Rushdie_0003.jpg,True,1
5671,10,Scott_Sullivan,Scott_Sullivan/Scott_Sullivan_0001.jpg,True,Scott_Sullivan,Scott_Sullivan/Scott_Sullivan_0002.jpg,True,1
5672,10,Scott_Wolf,Scott_Wolf/Scott_Wolf_0001.jpg,True,Scott_Wolf,Scott_Wolf/Scott_Wolf_0002.jpg,True,1
5673,10,Sepp_Blatter,Sepp_Blatter/Sepp_Blatter_0001.jpg,True,Sepp_Blatter,Sepp_Blatter/Sepp_Blatter_0002.jpg,True,1
5674,10,Sepp_Blatter,Sepp_Blatter/Sepp_Blatter_0001.jpg,True,Sepp_Blatter,Sepp_Blatter/Sepp_Blatter_0003.jpg,True,1
5675,10,Sepp_Blatter,Sepp_Blatter/Sepp_Blatter_0002.jpg,True,Sepp_Blatter,Sepp_Blatter/Sepp_Blatter_0003.jpg,True,1
5676,10,Simon_Cowell,Simon_Cowell/Simon_Cowell_0001.jpg,True,Simon_Cowell,Simon_Cowell/Simon_Cowell_0002.jpg,True,1
5677,10,Slobodan_Milosevic,Slobodan_Milosevic/Slobodan_Milosevic_0001.jpg,True,Slobodan_Milosevic,Slobodan_Milosevic/Slobodan_Milosevic_0003.jpg,True,1
5678,10,Slobodan_Milosevic,Slobodan_Milosevic/Slobodan_Milosevic_0002.jpg,True,Slobodan_Milosevic,Slobodan_Milosevic/Slobodan_Milosevic_0003.jpg,True,1
5679,10,Slobodan_Milosevic,Slobodan_Milosevic/Slobodan_Milosevic_0003.jpg,True,Slobodan_Milosevic,Slobodan_Milosevic/Slobodan_Milosevic_0004.jpg,True,1
5680,10,Stacy_Dragila,Stacy_Dragila/Stacy_Dragila_0001.jpg,False,Stacy_Dragila,Stacy_Dragila/Stacy_Dragila_0002.jpg,False,1
5681,10,Stephen_Ambrose,Stephen_Ambrose/Stephen_Ambrose_0001.jpg,True,Stephen_Ambrose,Stephen_Ambrose/Stephen_Ambrose_0002.jpg,True,1
5682,10,Stephen_Daldry,Stephen_Daldry/Stephen_Daldry_0001.jpg,False,Stephen_Daldry,Stephen_Daldry/Stephen_Daldry_0002.jpg,False,1
5683,10,Stephen_Friedman,Stephen_Friedman/Stephen_Friedman_0001.jpg,True,Stephen_Friedman,Stephen_Friedman/Stephen_Friedman_0002.jpg,True,1
5684,10,Theo_Epstein,Theo_Epstein/Theo_Epstein_0001.jpg,False,Theo_Epstein,Theo_Epstein/Theo_Epstein_0002.jpg,False,1
5685,10,Thomas_Wyman,Thomas_Wyman/Thomas_Wyman_0001.jpg,True,Thomas_Wyman,Thomas_Wyman/Thomas_Wyman_0002.jpg,True,1
5686,10,Tim_Floyd,Tim_Floyd/Tim_Floyd_0001.jpg,False,Tim_Floyd,Tim_Floyd/Tim_Floyd_0002.jpg,False,1
5687,10,Tom_Watson,Tom_Watson/Tom_Watson_0001.jpg,True,Tom_Watson,Tom_Watson/Tom_Watson_0003.jpg,True,1
5688,10,Tom_Watson,Tom_Watson/Tom_Watson_0002.jpg,True,Tom_Watson,Tom_Watson/Tom_Watson_0003.jpg,True,1
5689,10,Tommy_Robredo,Tommy_Robredo/Tommy_Robredo_0001.jpg,False,Tommy_Robredo,Tommy_Robredo/Tommy_Robredo_0003.jpg,False,1
5690,10,Tommy_Robredo,Tommy_Robredo/Tommy_Robredo_0002.jpg,False,Tommy_Robredo,Tommy_Robredo/Tommy_Robredo_0003.jpg,False,1
5691,10,Tony_Parker,Tony_Parker/Tony_Parker_0001.jpg,False,Tony_Parker,Tony_Parker/Tony_Parker_0002.jpg,False,1
5692,10,Tony_Stewart,Tony_Stewart/Tony_Stewart_0001.jpg,True,Tony_Stewart,Tony_Stewart/Tony_Stewart_0006.jpg,True,1
5693,10,Tony_Stewart,Tony_Stewart/Tony_Stewart_0002.jpg,True,Tony_Stewart,Tony_Stewart/Tony_Stewart_0003.jpg,True,1
5694,10,Tony_Stewart,Tony_Stewart/Tony_Stewart_0004.jpg,True,Tony_Stewart,Tony_Stewart/Tony_Stewart_0005.jpg,True,1
5695,10,Tony_Stewart,Tony_Stewart/Tony_Stewart_0004.jpg,True,Tony_Stewart,Tony_Stewart/Tony_Stewart_0006.jpg,True,1
5696,10,Vladimir_Voltchkov,Vladimir_Voltchkov/Vladimir_Voltchkov_0001.jpg,True,Vladimir_Voltchkov,Vladimir_Voltchkov/Vladimir_Voltchkov_0002.jpg,True,1
5697,10,Wang_Yi,Wang_Yi/Wang_Yi_0001.jpg,False,Wang_Yi,Wang_Yi/Wang_Yi_0002.jpg,False,1
5698,10,Zafarullah_Khan_Jamali,Zafarullah_Khan_Jamali/Zafarullah_Khan_Jamali_0001.jpg,False,Zafarullah_Khan_Jamali,Zafarullah_Khan_Jamali/Zafarullah_Khan_Jamali_0002.jpg,False,1
5699,10,Zhu_Rongji,Zhu_Rongji/Zhu_Rongji_0001.jpg,True,Zhu_Rongji,Zhu_Rongji/Zhu_Rongji_0003.jpg,True,1
5700,10,Zhu_Rongji,Zhu_Rongji/Zhu_Rongji_0002.jpg,True,Zhu_Rongji,Zhu_Rongji/Zhu_Rongji_0008.jpg,True,1
5701,10,Aaron_Tippin,Aaron_Tippin/Aaron_Tippin_0001.jpg,True,Enos_Slaughter,Enos_Slaughter/Enos_Slaughter_0001.jpg,False,0
5702,10,Aaron_Tippin,Aaron_Tippin/Aaron_Tippin_0001.jpg,True,Juan_Carlos_Ortega,Juan_Carlos_Ortega/Juan_Carlos_Ortega_0001.jpg,False,0
5703,10,Aaron_Tippin,Aaron_Tippin/Aaron_Tippin_0001.jpg,True,Marlon_Devonish,Marlon_Devonish/Marlon_Devonish_0001.jpg,False,0
5704,10,Adam_Ant,Adam_Ant/Adam_Ant_0001.jpg,False,John_Perrota,John_Perrota/John_Perrota_0001.jpg,True,0
5705,10,Adam_Ant,Adam_Ant/Adam_Ant_0001.jpg,False,Noel_Forgeard,Noel_Forgeard/Noel_Forgeard_0001.jpg,False,0
5706,10,Adam_Ant,Adam_Ant/Adam_Ant_0001.jpg,False,Richard_Regenhard,Richard_Regenhard/Richard_Regenhard_0001.jpg,True,0
5707,10,Adam_Mair,Adam_Mair/Adam_Mair_0001.jpg,False,Daniel_Osorno,Daniel_Osorno/Daniel_Osorno_0001.jpg,False,0
5708,10,Adoor_Gopalakarishnan,Adoor_Gopalakarishnan/Adoor_Gopalakarishnan_0001.jpg,True,Nathalia_Gillot,Nathalia_Gillot/Nathalia_Gillot_0001.jpg,False,0
5709,10,Alain_Ducasse,Alain_Ducasse/Alain_Ducasse_0001.jpg,False,Paul_ONeill,Paul_ONeill/Paul_ONeill_0002.jpg,True,0
5710,10,Alan_Greer,Alan_Greer/Alan_Greer_0001.jpg,True,Alan_Trammell,Alan_Trammell/Alan_Trammell_0001.jpg,True,0
5711,10,Alan_Greer,Alan_Greer/Alan_Greer_0001.jpg,True,Bob_Hayes,Bob_Hayes/Bob_Hayes_0001.jpg,True,0
5712,10,Alan_Trammell,Alan_Trammell/Alan_Trammell_0001.jpg,True,Heidi_Fleiss,Heidi_Fleiss/Heidi_Fleiss_0002.jpg,False,0
5713,10,Alan_Trammell,Alan_Trammell/Alan_Trammell_0001.jpg,True,Julie_Taymor,Julie_Taymor/Julie_Taymor_0002.jpg,True,0
5714,10,Aldo_Paredes,Aldo_Paredes/Aldo_Paredes_0001.jpg,False,Suzanne_Mubarak,Suzanne_Mubarak/Suzanne_Mubarak_0001.jpg,False,0
5715,10,Aldo_Paredes,Aldo_Paredes/Aldo_Paredes_0002.jpg,False,Zafarullah_Khan_Jamali,Zafarullah_Khan_Jamali/Zafarullah_Khan_Jamali_0001.jpg,False,0
5716,10,Alecos_Markides,Alecos_Markides/Alecos_Markides_0001.jpg,False,Darryl_Stingley,Darryl_Stingley/Darryl_Stingley_0001.jpg,True,0
5717,10,Alecos_Markides,Alecos_Markides/Alecos_Markides_0001.jpg,False,Wolfgang_Schneiderhan,Wolfgang_Schneiderhan/Wolfgang_Schneiderhan_0001.jpg,True,0
5718,10,Alejandro_Avila,Alejandro_Avila/Alejandro_Avila_0003.jpg,True,Benjamin_Franklin,Benjamin_Franklin/Benjamin_Franklin_0001.jpg,False,0
5719,10,Alejandro_Avila,Alejandro_Avila/Alejandro_Avila_0003.jpg,True,Darrell_Porter,Darrell_Porter/Darrell_Porter_0001.jpg,False,0
5720,10,Alek_Wek,Alek_Wek/Alek_Wek_0001.jpg,False,Barbara_Bodine,Barbara_Bodine/Barbara_Bodine_0001.jpg,False,0
5721,10,Alek_Wek,Alek_Wek/Alek_Wek_0001.jpg,False,Nasser_al-Kidwa,Nasser_al-Kidwa/Nasser_al-Kidwa_0001.jpg,False,0
5722,10,Alek_Wek,Alek_Wek/Alek_Wek_0001.jpg,False,Ray_Bradbury,Ray_Bradbury/Ray_Bradbury_0001.jpg,False,0
5723,10,Alina_Kabaeva,Alina_Kabaeva/Alina_Kabaeva_0001.jpg,True,Donald_Trump,Donald_Trump/Donald_Trump_0001.jpg,False,0
5724,10,Alina_Kabaeva,Alina_Kabaeva/Alina_Kabaeva_0001.jpg,True,Jayson_Williams,Jayson_Williams/Jayson_Williams_0002.jpg,True,0
5725,10,Alyse_Beaupre,Alyse_Beaupre/Alyse_Beaupre_0001.jpg,False,Elmar_Brok,Elmar_Brok/Elmar_Brok_0001.jpg,True,0
5726,10,Alyse_Beaupre,Alyse_Beaupre/Alyse_Beaupre_0001.jpg,False,Helo_Pinheiro,Helo_Pinheiro/Helo_Pinheiro_0001.jpg,False,0
5727,10,Alyse_Beaupre,Alyse_Beaupre/Alyse_Beaupre_0001.jpg,False,Hunter_Bates,Hunter_Bates/Hunter_Bates_0001.jpg,False,0
5728,10,Ambrose_Lee,Ambrose_Lee/Ambrose_Lee_0001.jpg,False,Ben_Chandler,Ben_Chandler/Ben_Chandler_0001.jpg,False,0
5729,10,Amy_Gale,Amy_Gale/Amy_Gale_0001.jpg,False,Herman_Edwards,Herman_Edwards/Herman_Edwards_0001.jpg,True,0
5730,10,Anastasia_Kelesidou,Anastasia_Kelesidou/Anastasia_Kelesidou_0001.jpg,False,Brendan_Hansen,Brendan_Hansen/Brendan_Hansen_0002.jpg,False,0
5731,10,Anastasia_Kelesidou,Anastasia_Kelesidou/Anastasia_Kelesidou_0001.jpg,False,Thomas_Wyman,Thomas_Wyman/Thomas_Wyman_0002.jpg,True,0
5732,10,Andrew_Niccol,Andrew_Niccol/Andrew_Niccol_0001.jpg,False,Prince_Felipe,Prince_Felipe/Prince_Felipe_0001.jpg,False,0
5733,10,Andrew_Sabey,Andrew_Sabey/Andrew_Sabey_0001.jpg,False,Federico_Castelan_Sayre,Federico_Castelan_Sayre/Federico_Castelan_Sayre_0001.jpg,False,0
5734,10,Andrew_Sabey,Andrew_Sabey/Andrew_Sabey_0001.jpg,False,Greg_Rusedski,Greg_Rusedski/Greg_Rusedski_0001.jpg,False,0
5735,10,Andy_Madikians,Andy_Madikians/Andy_Madikians_0001.jpg,False,Jon_Gruden,Jon_Gruden/Jon_Gruden_0001.jpg,False,0
5736,10,Andy_Madikians,Andy_Madikians/Andy_Madikians_0001.jpg,False,Pedro_Alvarez,Pedro_Alvarez/Pedro_Alvarez_0001.jpg,True,0
5737,10,Andy_Madikians,Andy_Madikians/Andy_Madikians_0001.jpg,False,Pierce_Brosnan,Pierce_Brosnan/Pierce_Brosnan_0001.jpg,True,0
5738,10,Andy_Perez,Andy_Perez/Andy_Perez_0001.jpg,True,Elena_Dementieva,Elena_Dementieva/Elena_Dementieva_0001.jpg,False,0
5739,10,Andy_Perez,Andy_Perez/Andy_Perez_0001.jpg,True,Stephen_Joseph,Stephen_Joseph/Stephen_Joseph_0001.jpg,False,0
5740,10,Angie_Martinez,Angie_Martinez/Angie_Martinez_0001.jpg,True,Ruth_Pearce,Ruth_Pearce/Ruth_Pearce_0001.jpg,False,0
5741,10,Ann_Godbehere,Ann_Godbehere/Ann_Godbehere_0001.jpg,False,Tom_Watson,Tom_Watson/Tom_Watson_0001.jpg,True,0
5742,10,Anne_McLellan,Anne_McLellan/Anne_McLellan_0001.jpg,True,Tim_Howard,Tim_Howard/Tim_Howard_0001.jpg,False,0
5743,10,Annette_Bening,Annette_Bening/Annette_Bening_0001.jpg,True,Ross_Verba,Ross_Verba/Ross_Verba_0001.jpg,False,0
5744,10,Anthony_Hopkins,Anthony_Hopkins/Anthony_Hopkins_0002.jpg,True,Orlando_Bloom,Orlando_Bloom/Orlando_Bloom_0001.jpg,False,0
5745,10,Antonio_Bernardo,Antonio_Bernardo/Antonio_Bernardo_0001.jpg,False,Billy_Donovan,Billy_Donovan/Billy_Donovan_0001.jpg,False,0
5746,10,Antonio_Bernardo,Antonio_Bernardo/Antonio_Bernardo_0001.jpg,False,Dwain_Kyles,Dwain_Kyles/Dwain_Kyles_0001.jpg,False,0
5747,10,Antonio_Bernardo,Antonio_Bernardo/Antonio_Bernardo_0001.jpg,False,Elizabeth_Hill,Elizabeth_Hill/Elizabeth_Hill_0001.jpg,False,0
5748,10,Antonio_Bernardo,Antonio_Bernardo/Antonio_Bernardo_0001.jpg,False,Guy_Hemmings,Guy_Hemmings/Guy_Hemmings_0001.jpg,False,0
5749,10,Antonio_Bernardo,Antonio_Bernardo/Antonio_Bernardo_0001.jpg,False,Kareena_Kapoor,Kareena_Kapoor/Kareena_Kapoor_0001.jpg,False,0
5750,10,Anzori_Kikalishvili,Anzori_Kikalishvili/Anzori_Kikalishvili_0001.jpg,False,Carlos_Quintanilla_Schmidt,Carlos_Quintanilla_Schmidt/Carlos_Quintanilla_Schmidt_0002.jpg,False,0
5751,10,Anzori_Kikalishvili,Anzori_Kikalishvili/Anzori_Kikalishvili_0001.jpg,False,Earl_Fritts,Earl_Fritts/Earl_Fritts_0001.jpg,True,0
5752,10,Anzori_Kikalishvili,Anzori_Kikalishvili/Anzori_Kikalishvili_0001.jpg,False,Salman_Rushdie,Salman_Rushdie/Salman_Rushdie_0001.jpg,True,0
5753,10,Aram_Adler,Aram_Adler/Aram_Adler_0001.jpg,True,Cesar_Gaviria,Cesar_Gaviria/Cesar_Gaviria_0003.jpg,True,0
5754,10,Aram_Adler,Aram_Adler/Aram_Adler_0001.jpg,True,Deepa_Mehta,Deepa_Mehta/Deepa_Mehta_0001.jpg,True,0
5755,10,Arie_Haan,Arie_Haan/Arie_Haan_0001.jpg,False,Tony_Parker,Tony_Parker/Tony_Parker_0002.jpg,False,0
5756,10,Ariel_Sharon,Ariel_Sharon/Ariel_Sharon_0030.jpg,True,David_Ballantyne,David_Ballantyne/David_Ballantyne_0001.jpg,False,0
5757,10,Art_Hoffmann,Art_Hoffmann/Art_Hoffmann_0002.jpg,False,Juan_Carlos_Ortega,Juan_Carlos_Ortega/Juan_Carlos_Ortega_0001.jpg,False,0
5758,10,Atiabet_Ijan_Amabel,Atiabet_Ijan_Amabel/Atiabet_Ijan_Amabel_0001.jpg,False,John_Perrota,John_Perrota/John_Perrota_0001.jpg,True,0
5759,10,Augustin_Calleri,Augustin_Calleri/Augustin_Calleri_0003.jpg,False,Lee_Jun,Lee_Jun/Lee_Jun_0002.jpg,True,0
5760,10,Barry_Nakell,Barry_Nakell/Barry_Nakell_0001.jpg,True,Maria_Simon,Maria_Simon/Maria_Simon_0001.jpg,False,0
5761,10,Basdeo_Panday,Basdeo_Panday/Basdeo_Panday_0001.jpg,True,Filippo_Volandri,Filippo_Volandri/Filippo_Volandri_0001.jpg,False,0
5762,10,Ben_Betts,Ben_Betts/Ben_Betts_0001.jpg,False,Kimi_Raikkonen,Kimi_Raikkonen/Kimi_Raikkonen_0003.jpg,True,0
5763,10,Ben_Braun,Ben_Braun/Ben_Braun_0001.jpg,False,Cecilia_Chang,Cecilia_Chang/Cecilia_Chang_0001.jpg,True,0
5764,10,Ben_Braun,Ben_Braun/Ben_Braun_0001.jpg,False,Horace_Newcomb,Horace_Newcomb/Horace_Newcomb_0001.jpg,True,0
5765,10,Ben_Chandler,Ben_Chandler/Ben_Chandler_0001.jpg,False,Larry_Hagman,Larry_Hagman/Larry_Hagman_0001.jpg,False,0
5766,10,Ben_Lee,Ben_Lee/Ben_Lee_0001.jpg,True,Horace_Newcomb,Horace_Newcomb/Horace_Newcomb_0001.jpg,True,0
5767,10,Ben_Stein,Ben_Stein/Ben_Stein_0001.jpg,False,David_Canary,David_Canary/David_Canary_0001.jpg,False,0
5768,10,Ben_Stein,Ben_Stein/Ben_Stein_0001.jpg,False,Lionel_Richie,Lionel_Richie/Lionel_Richie_0002.jpg,False,0
5769,10,Bernadette_Peters,Bernadette_Peters/Bernadette_Peters_0001.jpg,False,Ed_Smart,Ed_Smart/Ed_Smart_0001.jpg,False,0
5770,10,Bertie_Ahern,Bertie_Ahern/Bertie_Ahern_0004.jpg,True,Jim_Leach,Jim_Leach/Jim_Leach_0001.jpg,False,0
5771,10,Bill_OReilly,Bill_OReilly/Bill_OReilly_0001.jpg,True,Jim_Wessling,Jim_Wessling/Jim_Wessling_0001.jpg,True,0
5772,10,Billy_Boyd,Billy_Boyd/Billy_Boyd_0001.jpg,True,Sid_Caesar,Sid_Caesar/Sid_Caesar_0001.jpg,True,0
5773,10,Billy_Donovan,Billy_Donovan/Billy_Donovan_0001.jpg,False,Brandon_Spann,Brandon_Spann/Brandon_Spann_0001.jpg,False,0
5774,10,Billy_Donovan,Billy_Donovan/Billy_Donovan_0001.jpg,False,Cabas,Cabas/Cabas_0001.jpg,True,0
5775,10,Billy_Donovan,Billy_Donovan/Billy_Donovan_0001.jpg,False,William_Nessen,William_Nessen/William_Nessen_0001.jpg,False,0
5776,10,Binyamin_Ben-Eliezer,Binyamin_Ben-Eliezer/Binyamin_Ben-Eliezer_0001.jpg,True,Jenny_Romero,Jenny_Romero/Jenny_Romero_0001.jpg,False,0
5777,10,Bo_Ryan,Bo_Ryan/Bo_Ryan_0002.jpg,False,Heidi_Fleiss,Heidi_Fleiss/Heidi_Fleiss_0003.jpg,False,0
5778,10,Bob_Beauprez,Bob_Beauprez/Bob_Beauprez_0002.jpg,True,Hedayat_Amin_Arsala,Hedayat_Amin_Arsala/Hedayat_Amin_Arsala_0001.jpg,True,0
5779,10,Bob_Beauprez,Bob_Beauprez/Bob_Beauprez_0002.jpg,True,John_Norquist,John_Norquist/John_Norquist_0001.jpg,False,0
5780,10,Bob_Hayes,Bob_Hayes/Bob_Hayes_0001.jpg,True,Zhu_Rongji,Zhu_Rongji/Zhu_Rongji_0008.jpg,True,0
5781,10,Brady_Rodgers,Brady_Rodgers/Brady_Rodgers_0001.jpg,False,Jenna_Elfman,Jenna_Elfman/Jenna_Elfman_0001.jpg,False,0
5782,10,Brandon_Larson,Brandon_Larson/Brandon_Larson_0001.jpg,False,Chita_Rivera,Chita_Rivera/Chita_Rivera_0001.jpg,True,0
5783,10,Brendan_Hansen,Brendan_Hansen/Brendan_Hansen_0002.jpg,False,Dorothy_Wilson,Dorothy_Wilson/Dorothy_Wilson_0001.jpg,False,0
5784,10,Caio_Blat,Caio_Blat/Caio_Blat_0001.jpg,False,Sanja_Papic,Sanja_Papic/Sanja_Papic_0001.jpg,False,0
5785,10,Carlos_Quintanilla_Schmidt,Carlos_Quintanilla_Schmidt/Carlos_Quintanilla_Schmidt_0001.jpg,False,Nova_Esther_Guthrie,Nova_Esther_Guthrie/Nova_Esther_Guthrie_0001.jpg,False,0
5786,10,Carlos_Quintanilla_Schmidt,Carlos_Quintanilla_Schmidt/Carlos_Quintanilla_Schmidt_0002.jpg,False,Chris_Thomas,Chris_Thomas/Chris_Thomas_0001.jpg,False,0
5787,10,Carroll_Weimer,Carroll_Weimer/Carroll_Weimer_0001.jpg,True,Chris_Pronger,Chris_Pronger/Chris_Pronger_0001.jpg,False,0
5788,10,Carroll_Weimer,Carroll_Weimer/Carroll_Weimer_0001.jpg,True,Debbie_Reynolds,Debbie_Reynolds/Debbie_Reynolds_0002.jpg,True,0
5789,10,Cecilia_Bolocco,Cecilia_Bolocco/Cecilia_Bolocco_0001.jpg,True,John_Perrota,John_Perrota/John_Perrota_0001.jpg,True,0
5790,10,Cecilia_Bolocco,Cecilia_Bolocco/Cecilia_Bolocco_0001.jpg,True,Kurt_Schottenheimer,Kurt_Schottenheimer/Kurt_Schottenheimer_0001.jpg,False,0
5791,10,Celia_Cruz,Celia_Cruz/Celia_Cruz_0001.jpg,False,Rob_Ramsay,Rob_Ramsay/Rob_Ramsay_0001.jpg,False,0
5792,10,Charlie_Zaa,Charlie_Zaa/Charlie_Zaa_0002.jpg,True,Theo_Epstein,Theo_Epstein/Theo_Epstein_0002.jpg,False,0
5793,10,Chris_Pronger,Chris_Pronger/Chris_Pronger_0001.jpg,False,Edgar_Savisaar,Edgar_Savisaar/Edgar_Savisaar_0001.jpg,False,0
5794,10,Christian_Longo,Christian_Longo/Christian_Longo_0002.jpg,False,David_Carradine,David_Carradine/David_Carradine_0001.jpg,False,0
5795,10,Christian_Wulff,Christian_Wulff/Christian_Wulff_0002.jpg,False,Kjell_Magne_Bondevik,Kjell_Magne_Bondevik/Kjell_Magne_Bondevik_0003.jpg,True,0
5796,10,Cindy_Klassen,Cindy_Klassen/Cindy_Klassen_0001.jpg,False,Val_Ackerman,Val_Ackerman/Val_Ackerman_0001.jpg,False,0
5797,10,Cindy_Taylor,Cindy_Taylor/Cindy_Taylor_0001.jpg,True,Fabian_Vargas,Fabian_Vargas/Fabian_Vargas_0001.jpg,False,0
5798,10,Claudette_Robinson,Claudette_Robinson/Claudette_Robinson_0001.jpg,False,Eric_Fehr,Eric_Fehr/Eric_Fehr_0001.jpg,False,0
5799,10,Clifford_Robinson,Clifford_Robinson/Clifford_Robinson_0001.jpg,True,Magdalena_Maleeva,Magdalena_Maleeva/Magdalena_Maleeva_0002.jpg,True,0
5800,10,Clifford_Robinson,Clifford_Robinson/Clifford_Robinson_0001.jpg,True,Shirley_Jones,Shirley_Jones/Shirley_Jones_0001.jpg,False,0
5801,10,Clifford_Robinson,Clifford_Robinson/Clifford_Robinson_0001.jpg,True,Tim_Howard,Tim_Howard/Tim_Howard_0001.jpg,False,0
5802,10,Colin_Jackson,Colin_Jackson/Colin_Jackson_0001.jpg,False,Marcelo_Ebrard,Marcelo_Ebrard/Marcelo_Ebrard_0003.jpg,False,0
5803,10,Colin_Jackson,Colin_Jackson/Colin_Jackson_0002.jpg,False,Hunter_Bates,Hunter_Bates/Hunter_Bates_0001.jpg,False,0
5804,10,Columba_Bush,Columba_Bush/Columba_Bush_0001.jpg,False,Larry_Anderson,Larry_Anderson/Larry_Anderson_0001.jpg,False,0
5805,10,Columba_Bush,Columba_Bush/Columba_Bush_0001.jpg,False,Neil_Goldman,Neil_Goldman/Neil_Goldman_0001.jpg,False,0
5806,10,Craig_Fitzgibbon,Craig_Fitzgibbon/Craig_Fitzgibbon_0001.jpg,True,Joe_Dumars,Joe_Dumars/Joe_Dumars_0001.jpg,False,0
5807,10,Cristian_Barros,Cristian_Barros/Cristian_Barros_0001.jpg,False,Steve_Largent,Steve_Largent/Steve_Largent_0001.jpg,False,0
5808,10,Curtis_Strange,Curtis_Strange/Curtis_Strange_0001.jpg,True,Kurt_Schottenheimer,Kurt_Schottenheimer/Kurt_Schottenheimer_0001.jpg,False,0
5809,10,Curtis_Strange,Curtis_Strange/Curtis_Strange_0001.jpg,True,Raul_Chacon,Raul_Chacon/Raul_Chacon_0001.jpg,False,0
5810,10,Dan_Kellner,Dan_Kellner/Dan_Kellner_0001.jpg,False,Freda_Black,Freda_Black/Freda_Black_0001.jpg,False,0
5811,10,Dan_LaCoutre,Dan_LaCoutre/Dan_LaCoutre_0001.jpg,False,Gustavo_Kuerten,Gustavo_Kuerten/Gustavo_Kuerten_0002.jpg,True,0
5812,10,Dan_Monson,Dan_Monson/Dan_Monson_0001.jpg,False,Jim_Flaherty,Jim_Flaherty/Jim_Flaherty_0001.jpg,False,0
5813,10,Dan_Monson,Dan_Monson/Dan_Monson_0001.jpg,False,Rafael_Vinoly,Rafael_Vinoly/Rafael_Vinoly_0001.jpg,False,0
5814,10,Darrell_Porter,Darrell_Porter/Darrell_Porter_0002.jpg,False,Robert_Towne,Robert_Towne/Robert_Towne_0001.jpg,True,0
5815,10,Dave_Campo,Dave_Campo/Dave_Campo_0002.jpg,True,Jenny_Romero,Jenny_Romero/Jenny_Romero_0001.jpg,False,0
5816,10,David_Ballantyne,David_Ballantyne/David_Ballantyne_0001.jpg,False,Diana_Taurasi,Diana_Taurasi/Diana_Taurasi_0002.jpg,False,0
5817,10,David_Carradine,David_Carradine/David_Carradine_0001.jpg,False,Kobe_Bryant,Kobe_Bryant/Kobe_Bryant_0001.jpg,False,0
5818,10,David_Dodge,David_Dodge/David_Dodge_0001.jpg,True,Francois_Botha,Francois_Botha/Francois_Botha_0001.jpg,True,0
5819,10,David_Dodge,David_Dodge/David_Dodge_0001.jpg,True,Larry_Anderson,Larry_Anderson/Larry_Anderson_0001.jpg,False,0
5820,10,David_Dodge,David_Dodge/David_Dodge_0002.jpg,True,Thomas_Wyman,Thomas_Wyman/Thomas_Wyman_0002.jpg,True,0
5821,10,David_Heyman,David_Heyman/David_Heyman_0001.jpg,False,Rod_Paige,Rod_Paige/Rod_Paige_0001.jpg,True,0
5822,10,David_Oh,David_Oh/David_Oh_0001.jpg,False,Desiree_McKenzie,Desiree_McKenzie/Desiree_McKenzie_0001.jpg,False,0
5823,10,David_Oh,David_Oh/David_Oh_0001.jpg,False,Joe_Garner,Joe_Garner/Joe_Garner_0001.jpg,False,0
5824,10,David_Spade,David_Spade/David_Spade_0002.jpg,True,Denise_Locke,Denise_Locke/Denise_Locke_0001.jpg,False,0
5825,10,David_Suazo,David_Suazo/David_Suazo_0001.jpg,True,Jane_Krakowski,Jane_Krakowski/Jane_Krakowski_0001.jpg,False,0
5826,10,David_Wells,David_Wells/David_Wells_0001.jpg,True,Mary_Hill,Mary_Hill/Mary_Hill_0001.jpg,False,0
5827,10,David_Wells,David_Wells/David_Wells_0001.jpg,True,Yannos_Papantoniou,Yannos_Papantoniou/Yannos_Papantoniou_0001.jpg,False,0
5828,10,Dawna_LoPiccolo,Dawna_LoPiccolo/Dawna_LoPiccolo_0001.jpg,False,Jean-Claude_Juncker,Jean-Claude_Juncker/Jean-Claude_Juncker_0002.jpg,True,0
5829,10,Debbie_Reynolds,Debbie_Reynolds/Debbie_Reynolds_0001.jpg,True,Nick_Nolte,Nick_Nolte/Nick_Nolte_0001.jpg,True,0
5830,10,Deniz_Baykal,Deniz_Baykal/Deniz_Baykal_0001.jpg,False,Kathy_Bates,Kathy_Bates/Kathy_Bates_0001.jpg,False,0
5831,10,Deniz_Baykal,Deniz_Baykal/Deniz_Baykal_0001.jpg,False,Robin_Wagner,Robin_Wagner/Robin_Wagner_0001.jpg,False,0
5832,10,Desiree_McKenzie,Desiree_McKenzie/Desiree_McKenzie_0001.jpg,False,John_Danforth,John_Danforth/John_Danforth_0001.jpg,False,0
5833,10,Dick_Devine,Dick_Devine/Dick_Devine_0001.jpg,False,Michael_Jackson,Michael_Jackson/Michael_Jackson_0009.jpg,False,0
5834,10,Dinora_Rosales,Dinora_Rosales/Dinora_Rosales_0001.jpg,True,Robbie_Fowler,Robbie_Fowler/Robbie_Fowler_0001.jpg,False,0
5835,10,Dirk_Kempthorne,Dirk_Kempthorne/Dirk_Kempthorne_0001.jpg,False,Janusz_Kaminski,Janusz_Kaminski/Janusz_Kaminski_0001.jpg,True,0
5836,10,Donald_Evans,Donald_Evans/Donald_Evans_0002.jpg,False,Fred_Funk,Fred_Funk/Fred_Funk_0002.jpg,False,0
5837,10,Dorothy_Wilson,Dorothy_Wilson/Dorothy_Wilson_0001.jpg,False,Jim_Thome,Jim_Thome/Jim_Thome_0001.jpg,False,0
5838,10,Drew_Gooden,Drew_Gooden/Drew_Gooden_0001.jpg,True,Kimi_Raikkonen,Kimi_Raikkonen/Kimi_Raikkonen_0003.jpg,True,0
5839,10,Dwain_Kyles,Dwain_Kyles/Dwain_Kyles_0001.jpg,False,Gregory_Peck,Gregory_Peck/Gregory_Peck_0001.jpg,False,0
5840,10,Ed_Smart,Ed_Smart/Ed_Smart_0003.jpg,False,Jason_Gardner,Jason_Gardner/Jason_Gardner_0001.jpg,False,0
5841,10,Edgar_Savisaar,Edgar_Savisaar/Edgar_Savisaar_0001.jpg,False,Kirk_Doerger,Kirk_Doerger/Kirk_Doerger_0001.jpg,True,0
5842,10,Edward_Burns,Edward_Burns/Edward_Burns_0001.jpg,False,Paul_ONeill,Paul_ONeill/Paul_ONeill_0001.jpg,True,0
5843,10,Elmar_Brok,Elmar_Brok/Elmar_Brok_0001.jpg,True,Jose_Jose,Jose_Jose/Jose_Jose_0001.jpg,False,0
5844,10,Emily_Mortimer,Emily_Mortimer/Emily_Mortimer_0001.jpg,False,Maria_Simon,Maria_Simon/Maria_Simon_0001.jpg,False,0
5845,10,Enos_Slaughter,Enos_Slaughter/Enos_Slaughter_0001.jpg,False,Qais_al-Kazali,Qais_al-Kazali/Qais_al-Kazali_0001.jpg,False,0
5846,10,Eric_Fehr,Eric_Fehr/Eric_Fehr_0001.jpg,False,Lee_Jun,Lee_Jun/Lee_Jun_0002.jpg,True,0
5847,10,Eric_Fehr,Eric_Fehr/Eric_Fehr_0001.jpg,False,Tamara_Mowry,Tamara_Mowry/Tamara_Mowry_0001.jpg,False,0
5848,10,Faisal_Saleh_Hayat,Faisal_Saleh_Hayat/Faisal_Saleh_Hayat_0001.jpg,False,Marwan_Barghouthi,Marwan_Barghouthi/Marwan_Barghouthi_0001.jpg,False,0
5849,10,Federico_Castelan_Sayre,Federico_Castelan_Sayre/Federico_Castelan_Sayre_0001.jpg,False,Jimmy_Jimenez,Jimmy_Jimenez/Jimmy_Jimenez_0001.jpg,False,0
5850,10,Fiona_Milne,Fiona_Milne/Fiona_Milne_0001.jpg,False,Hartmut_Mehdorn,Hartmut_Mehdorn/Hartmut_Mehdorn_0001.jpg,False,0
5851,10,Fiona_Milne,Fiona_Milne/Fiona_Milne_0001.jpg,False,Josh_Kronfeld,Josh_Kronfeld/Josh_Kronfeld_0001.jpg,False,0
5852,10,Floyd_Keith,Floyd_Keith/Floyd_Keith_0001.jpg,False,Halle_Berry,Halle_Berry/Halle_Berry_0001.jpg,True,0
5853,10,Franklin_Brown,Franklin_Brown/Franklin_Brown_0001.jpg,False,Michael_Jackson,Michael_Jackson/Michael_Jackson_0010.jpg,False,0
5854,10,Franklin_Brown,Franklin_Brown/Franklin_Brown_0001.jpg,False,Tamara_Mowry,Tamara_Mowry/Tamara_Mowry_0001.jpg,False,0
5855,10,Franklin_Brown,Franklin_Brown/Franklin_Brown_0001.jpg,False,Yolanda_King,Yolanda_King/Yolanda_King_0001.jpg,False,0
5856,10,Freda_Black,Freda_Black/Freda_Black_0001.jpg,False,Rod_Paige,Rod_Paige/Rod_Paige_0001.jpg,True,0
5857,10,Fruit_Chan,Fruit_Chan/Fruit_Chan_0001.jpg,False,Kjell_Magne_Bondevik,Kjell_Magne_Bondevik/Kjell_Magne_Bondevik_0003.jpg,True,0
5858,10,Gary_Winnick,Gary_Winnick/Gary_Winnick_0001.jpg,True,Michael_Patrick_King,Michael_Patrick_King/Michael_Patrick_King_0002.jpg,True,0
5859,10,George_Robertson,George_Robertson/George_Robertson_0005.jpg,True,Robbie_Mc_Ewen,Robbie_Mc_Ewen/Robbie_Mc_Ewen_0001.jpg,True,0
5860,10,Gloria_Trevi,Gloria_Trevi/Gloria_Trevi_0004.jpg,True,William_Ragland,William_Ragland/William_Ragland_0001.jpg,True,0
5861,10,Grace_Dodd,Grace_Dodd/Grace_Dodd_0001.jpg,True,Henrique_Meirelles,Henrique_Meirelles/Henrique_Meirelles_0001.jpg,False,0
5862,10,Graeme_Lloyd,Graeme_Lloyd/Graeme_Lloyd_0001.jpg,True,Humberto_Coelho,Humberto_Coelho/Humberto_Coelho_0001.jpg,False,0
5863,10,Graeme_Lloyd,Graeme_Lloyd/Graeme_Lloyd_0001.jpg,True,Laura_Pausini,Laura_Pausini/Laura_Pausini_0001.jpg,False,0
5864,10,Greg_Rusedski,Greg_Rusedski/Greg_Rusedski_0002.jpg,False,Horace_Newcomb,Horace_Newcomb/Horace_Newcomb_0001.jpg,True,0
5865,10,Greg_Rusedski,Greg_Rusedski/Greg_Rusedski_0003.jpg,False,Javier_Bardem,Javier_Bardem/Javier_Bardem_0001.jpg,False,0
5866,10,Greg_Rusedski,Greg_Rusedski/Greg_Rusedski_0003.jpg,False,Marcos_Milinkovic,Marcos_Milinkovic/Marcos_Milinkovic_0001.jpg,True,0
5867,10,Gregory_Peck,Gregory_Peck/Gregory_Peck_0001.jpg,False,Jacqueline_Obradors,Jacqueline_Obradors/Jacqueline_Obradors_0001.jpg,False,0
5868,10,Guillermo_Ruiz_Polanco,Guillermo_Ruiz_Polanco/Guillermo_Ruiz_Polanco_0001.jpg,False,Jon_Constance,Jon_Constance/Jon_Constance_0001.jpg,False,0
5869,10,Gustavo_Kuerten,Gustavo_Kuerten/Gustavo_Kuerten_0001.jpg,True,Rani_Mukherjee,Rani_Mukherjee/Rani_Mukherjee_0001.jpg,False,0
5870,10,Halle_Berry,Halle_Berry/Halle_Berry_0012.jpg,True,Janet_Chandler,Janet_Chandler/Janet_Chandler_0001.jpg,False,0
5871,10,Hartmut_Mehdorn,Hartmut_Mehdorn/Hartmut_Mehdorn_0001.jpg,False,Natanaela_Barnova,Natanaela_Barnova/Natanaela_Barnova_0001.jpg,True,0
5872,10,Hartmut_Mehdorn,Hartmut_Mehdorn/Hartmut_Mehdorn_0001.jpg,False,Sanja_Papic,Sanja_Papic/Sanja_Papic_0001.jpg,False,0
5873,10,Hartmut_Mehdorn,Hartmut_Mehdorn/Hartmut_Mehdorn_0001.jpg,False,Svetlana_Belousova,Svetlana_Belousova/Svetlana_Belousova_0001.jpg,True,0
5874,10,Haydar_Aliyev,Haydar_Aliyev/Haydar_Aliyev_0001.jpg,False,Nuon_Chea,Nuon_Chea/Nuon_Chea_0001.jpg,False,0
5875,10,Heather_Willson,Heather_Willson/Heather_Willson_0001.jpg,True,Lynn_Redgrave,Lynn_Redgrave/Lynn_Redgrave_0003.jpg,False,0
5876,10,Hector_Mitelman,Hector_Mitelman/Hector_Mitelman_0001.jpg,False,Jon_Gruden,Jon_Gruden/Jon_Gruden_0002.jpg,False,0
5877,10,Helo_Pinheiro,Helo_Pinheiro/Helo_Pinheiro_0001.jpg,False,Robert_Durst,Robert_Durst/Robert_Durst_0001.jpg,False,0
5878,10,Herman_Edwards,Herman_Edwards/Herman_Edwards_0001.jpg,True,Patrick_Eaves,Patrick_Eaves/Patrick_Eaves_0001.jpg,False,0
5879,10,Hermogenes_Ebdane_Jr,Hermogenes_Ebdane_Jr/Hermogenes_Ebdane_Jr_0001.jpg,False,Sanja_Papic,Sanja_Papic/Sanja_Papic_0001.jpg,False,0
5880,10,Horace_Newcomb,Horace_Newcomb/Horace_Newcomb_0001.jpg,True,Stephan_Eberharter,Stephan_Eberharter/Stephan_Eberharter_0001.jpg,False,0
5881,10,Hugo_Colace,Hugo_Colace/Hugo_Colace_0001.jpg,False,Kim_Yun-kyu,Kim_Yun-kyu/Kim_Yun-kyu_0001.jpg,False,0
5882,10,Humberto_Coelho,Humberto_Coelho/Humberto_Coelho_0001.jpg,False,Sue_Wicks,Sue_Wicks/Sue_Wicks_0002.jpg,True,0
5883,10,Hunter_Bates,Hunter_Bates/Hunter_Bates_0001.jpg,False,Pedro_Alvarez,Pedro_Alvarez/Pedro_Alvarez_0001.jpg,True,0
5884,10,Hunter_Bates,Hunter_Bates/Hunter_Bates_0001.jpg,False,William_Rosenberg,William_Rosenberg/William_Rosenberg_0001.jpg,True,0
5885,10,Igor_Trunov,Igor_Trunov/Igor_Trunov_0001.jpg,False,Peter_Sejna,Peter_Sejna/Peter_Sejna_0001.jpg,False,0
5886,10,Ivan_Stambolic,Ivan_Stambolic/Ivan_Stambolic_0001.jpg,False,Michael_Bloomberg,Michael_Bloomberg/Michael_Bloomberg_0018.jpg,True,0
5887,10,Jack_LaLanne,Jack_LaLanne/Jack_LaLanne_0001.jpg,True,Yves_Brodeur,Yves_Brodeur/Yves_Brodeur_0001.jpg,False,0
5888,10,Jacqueline_Obradors,Jacqueline_Obradors/Jacqueline_Obradors_0001.jpg,False,Julie_Taymor,Julie_Taymor/Julie_Taymor_0001.jpg,True,0
5889,10,Jada_Pinkett_Smith,Jada_Pinkett_Smith/Jada_Pinkett_Smith_0002.jpg,False,Jenny_Romero,Jenny_Romero/Jenny_Romero_0001.jpg,False,0
5890,10,James_Cunningham,James_Cunningham/James_Cunningham_0003.jpg,True,Stephen_Daldry,Stephen_Daldry/Stephen_Daldry_0001.jpg,False,0
5891,10,James_Gibson,James_Gibson/James_Gibson_0001.jpg,False,Roger_Corbett,Roger_Corbett/Roger_Corbett_0001.jpg,False,0
5892,10,James_Parker,James_Parker/James_Parker_0001.jpg,False,Saeed_Mortazavi,Saeed_Mortazavi/Saeed_Mortazavi_0001.jpg,False,0
5893,10,Jane_Krakowski,Jane_Krakowski/Jane_Krakowski_0001.jpg,False,Shingo_Suetsugu,Shingo_Suetsugu/Shingo_Suetsugu_0001.jpg,False,0
5894,10,Janice_Goldfinger,Janice_Goldfinger/Janice_Goldfinger_0001.jpg,False,Pyar_Jung_Thapa,Pyar_Jung_Thapa/Pyar_Jung_Thapa_0001.jpg,False,0
5895,10,Janusz_Kaminski,Janusz_Kaminski/Janusz_Kaminski_0001.jpg,True,Lisa_Stone,Lisa_Stone/Lisa_Stone_0001.jpg,False,0
5896,10,Jason_Lezak,Jason_Lezak/Jason_Lezak_0001.jpg,False,John_Bolton,John_Bolton/John_Bolton_0004.jpg,True,0
5897,10,Jason_Lezak,Jason_Lezak/Jason_Lezak_0001.jpg,False,Simon_Cowell,Simon_Cowell/Simon_Cowell_0001.jpg,True,0
5898,10,Javier_Vazquez,Javier_Vazquez/Javier_Vazquez_0001.jpg,False,Karin_Stoiber,Karin_Stoiber/Karin_Stoiber_0002.jpg,True,0
5899,10,Jay_Rasulo,Jay_Rasulo/Jay_Rasulo_0001.jpg,False,Nova_Esther_Guthrie,Nova_Esther_Guthrie/Nova_Esther_Guthrie_0001.jpg,False,0
5900,10,Jean-Marc_Olive,Jean-Marc_Olive/Jean-Marc_Olive_0001.jpg,False,John_Timoney,John_Timoney/John_Timoney_0001.jpg,False,0
5901,10,Jean-Marc_Olive,Jean-Marc_Olive/Jean-Marc_Olive_0001.jpg,False,Tino_Martinez,Tino_Martinez/Tino_Martinez_0001.jpg,True,0
5902,10,Jeri_Ryan,Jeri_Ryan/Jeri_Ryan_0001.jpg,False,Nova_Esther_Guthrie,Nova_Esther_Guthrie/Nova_Esther_Guthrie_0001.jpg,False,0
5903,10,Jeri_Ryan,Jeri_Ryan/Jeri_Ryan_0001.jpg,False,Peter_Goldmark,Peter_Goldmark/Peter_Goldmark_0001.jpg,False,0
5904,10,Jeri_Ryan,Jeri_Ryan/Jeri_Ryan_0001.jpg,False,Scott_Sullivan,Scott_Sullivan/Scott_Sullivan_0002.jpg,True,0
5905,10,Jeri_Ryan,Jeri_Ryan/Jeri_Ryan_0001.jpg,False,Skip_Prosser,Skip_Prosser/Skip_Prosser_0001.jpg,True,0
5906,10,Jesse_James_Leija,Jesse_James_Leija/Jesse_James_Leija_0002.jpg,False,Joaquin_Phoenix,Joaquin_Phoenix/Joaquin_Phoenix_0001.jpg,False,0
5907,10,Jesse_James_Leija,Jesse_James_Leija/Jesse_James_Leija_0002.jpg,False,Nick_Nolte,Nick_Nolte/Nick_Nolte_0004.jpg,True,0
5908,10,Jesse_Ventura,Jesse_Ventura/Jesse_Ventura_0002.jpg,True,Lela_Rochon,Lela_Rochon/Lela_Rochon_0001.jpg,False,0
5909,10,Jessica_Biel,Jessica_Biel/Jessica_Biel_0001.jpg,True,Jim_Fassel,Jim_Fassel/Jim_Fassel_0001.jpg,True,0
5910,10,Jim_Flaherty,Jim_Flaherty/Jim_Flaherty_0001.jpg,False,Mark_Andrew,Mark_Andrew/Mark_Andrew_0001.jpg,False,0
5911,10,Jim_Tressel,Jim_Tressel/Jim_Tressel_0003.jpg,True,Ralf_Schumacher,Ralf_Schumacher/Ralf_Schumacher_0003.jpg,False,0
5912,10,Jimmy_Jimenez,Jimmy_Jimenez/Jimmy_Jimenez_0001.jpg,False,Miles_Stewart,Miles_Stewart/Miles_Stewart_0001.jpg,True,0
5913,10,Jimmy_Lee,Jimmy_Lee/Jimmy_Lee_0001.jpg,False,Nova_Esther_Guthrie,Nova_Esther_Guthrie/Nova_Esther_Guthrie_0001.jpg,False,0
5914,10,Joan_Laporta,Joan_Laporta/Joan_Laporta_0003.jpg,False,Roy_Romanow,Roy_Romanow/Roy_Romanow_0001.jpg,False,0
5915,10,Joaquin_Phoenix,Joaquin_Phoenix/Joaquin_Phoenix_0001.jpg,False,Rainer_Geulen,Rainer_Geulen/Rainer_Geulen_0001.jpg,True,0
5916,10,Joe_Dumars,Joe_Dumars/Joe_Dumars_0002.jpg,False,Timothy_McVeigh,Timothy_McVeigh/Timothy_McVeigh_0001.jpg,False,0
5917,10,John_Bolton,John_Bolton/John_Bolton_0014.jpg,True,Kim_Yun-kyu,Kim_Yun-kyu/Kim_Yun-kyu_0001.jpg,False,0
5918,10,John_Kerr,John_Kerr/John_Kerr_0001.jpg,True,Li_Changchun,Li_Changchun/Li_Changchun_0001.jpg,False,0
5919,10,John_Swofford,John_Swofford/John_Swofford_0002.jpg,False,Sok_An,Sok_An/Sok_An_0001.jpg,False,0
5920,10,Juan_Fernandez,Juan_Fernandez/Juan_Fernandez_0001.jpg,False,Paul_Krueger,Paul_Krueger/Paul_Krueger_0001.jpg,False,0
5921,10,Juan_Fernandez,Juan_Fernandez/Juan_Fernandez_0001.jpg,False,Suzanne_Mubarak,Suzanne_Mubarak/Suzanne_Mubarak_0001.jpg,False,0
5922,10,Justin_Wilson,Justin_Wilson/Justin_Wilson_0001.jpg,False,Larry_Hagman,Larry_Hagman/Larry_Hagman_0001.jpg,False,0
5923,10,Justin_Wilson,Justin_Wilson/Justin_Wilson_0001.jpg,False,Ray_Bradbury,Ray_Bradbury/Ray_Bradbury_0001.jpg,False,0
5924,10,Kara_Lynn_Joyce,Kara_Lynn_Joyce/Kara_Lynn_Joyce_0001.jpg,False,Zach_Pillar,Zach_Pillar/Zach_Pillar_0001.jpg,True,0
5925,10,Kim_Chinn,Kim_Chinn/Kim_Chinn_0001.jpg,True,Robert_Flodquist,Robert_Flodquist/Robert_Flodquist_0001.jpg,False,0
5926,10,Kim_Chinn,Kim_Chinn/Kim_Chinn_0001.jpg,True,Ruth_Harlow,Ruth_Harlow/Ruth_Harlow_0002.jpg,False,0
5927,10,Kim_Yong-il,Kim_Yong-il/Kim_Yong-il_0002.jpg,False,Linda_Ham,Linda_Ham/Linda_Ham_0001.jpg,False,0
5928,10,Kwon_Yang-sook,Kwon_Yang-sook/Kwon_Yang-sook_0003.jpg,True,Tommy_Robredo,Tommy_Robredo/Tommy_Robredo_0001.jpg,False,0
5929,10,Lane_Bryant,Lane_Bryant/Lane_Bryant_0001.jpg,True,Yannos_Papantoniou,Yannos_Papantoniou/Yannos_Papantoniou_0001.jpg,False,0
5930,10,Larry_Hagman,Larry_Hagman/Larry_Hagman_0001.jpg,False,Teddy_Kollek,Teddy_Kollek/Teddy_Kollek_0001.jpg,False,0
5931,10,Larry_Hagman,Larry_Hagman/Larry_Hagman_0001.jpg,False,Val_Ackerman,Val_Ackerman/Val_Ackerman_0001.jpg,False,0
5932,10,Laura_Gobai,Laura_Gobai/Laura_Gobai_0001.jpg,True,Robin_Wagner,Robin_Wagner/Robin_Wagner_0001.jpg,False,0
5933,10,Laura_Pausini,Laura_Pausini/Laura_Pausini_0001.jpg,False,Thad_Matta,Thad_Matta/Thad_Matta_0001.jpg,False,0
5934,10,Laura_Romero,Laura_Romero/Laura_Romero_0001.jpg,False,Paula_Zahn,Paula_Zahn/Paula_Zahn_0002.jpg,True,0
5935,10,Lee_Jun,Lee_Jun/Lee_Jun_0001.jpg,True,Ruth_Pearce,Ruth_Pearce/Ruth_Pearce_0001.jpg,False,0
5936,10,Lee_Jun,Lee_Jun/Lee_Jun_0002.jpg,True,Stephen_Friedman,Stephen_Friedman/Stephen_Friedman_0001.jpg,True,0
5937,10,Lela_Rochon,Lela_Rochon/Lela_Rochon_0001.jpg,False,Michael_Haneke,Michael_Haneke/Michael_Haneke_0001.jpg,False,0
5938,10,Lela_Rochon,Lela_Rochon/Lela_Rochon_0001.jpg,False,Yannos_Papantoniou,Yannos_Papantoniou/Yannos_Papantoniou_0001.jpg,False,0
5939,10,Lesley_Flood,Lesley_Flood/Lesley_Flood_0001.jpg,False,Peter_Goldmark,Peter_Goldmark/Peter_Goldmark_0001.jpg,False,0
5940,10,Li_Changchun,Li_Changchun/Li_Changchun_0001.jpg,False,Pieter_Bouw,Pieter_Bouw/Pieter_Bouw_0001.jpg,False,0
5941,10,Lina_Krasnoroutskaya,Lina_Krasnoroutskaya/Lina_Krasnoroutskaya_0001.jpg,False,Troy_Polamalu,Troy_Polamalu/Troy_Polamalu_0001.jpg,False,0
5942,10,Linda_Lingle,Linda_Lingle/Linda_Lingle_0001.jpg,True,Victor_Hanescu,Victor_Hanescu/Victor_Hanescu_0001.jpg,False,0
5943,10,Lisa_Stone,Lisa_Stone/Lisa_Stone_0001.jpg,False,Rod_Paige,Rod_Paige/Rod_Paige_0001.jpg,True,0
5944,10,Lisa_Stone,Lisa_Stone/Lisa_Stone_0001.jpg,False,Scott_Sullivan,Scott_Sullivan/Scott_Sullivan_0002.jpg,True,0
5945,10,Lou_Lang,Lou_Lang/Lou_Lang_0001.jpg,False,Nova_Esther_Guthrie,Nova_Esther_Guthrie/Nova_Esther_Guthrie_0001.jpg,False,0
5946,10,Luc_Montagnier,Luc_Montagnier/Luc_Montagnier_0001.jpg,False,Paul_Krueger,Paul_Krueger/Paul_Krueger_0001.jpg,False,0
5947,10,Luc_Montagnier,Luc_Montagnier/Luc_Montagnier_0001.jpg,False,Pedro_Alvarez,Pedro_Alvarez/Pedro_Alvarez_0001.jpg,True,0
5948,10,Luc_Montagnier,Luc_Montagnier/Luc_Montagnier_0001.jpg,False,Pierre_Pettigrew,Pierre_Pettigrew/Pierre_Pettigrew_0002.jpg,False,0
5949,10,Luis_Guzman,Luis_Guzman/Luis_Guzman_0001.jpg,False,Patsy_Kensit,Patsy_Kensit/Patsy_Kensit_0001.jpg,False,0
5950,10,Marcelo_Ebrard,Marcelo_Ebrard/Marcelo_Ebrard_0002.jpg,False,Mike_Scioscia,Mike_Scioscia/Mike_Scioscia_0002.jpg,True,0
5951,10,Marcelo_Rios,Marcelo_Rios/Marcelo_Rios_0004.jpg,False,Maria_Shriver,Maria_Shriver/Maria_Shriver_0003.jpg,False,0
5952,10,Marcelo_Rios,Marcelo_Rios/Marcelo_Rios_0004.jpg,False,Pierre_Pettigrew,Pierre_Pettigrew/Pierre_Pettigrew_0001.jpg,False,0
5953,10,Marcelo_Rios,Marcelo_Rios/Marcelo_Rios_0004.jpg,False,Saeed_Mortazavi,Saeed_Mortazavi/Saeed_Mortazavi_0001.jpg,False,0
5954,10,Margaret_Thatcher,Margaret_Thatcher/Margaret_Thatcher_0001.jpg,True,Pedro_Alvarez,Pedro_Alvarez/Pedro_Alvarez_0001.jpg,True,0
5955,10,Margaret_Thatcher,Margaret_Thatcher/Margaret_Thatcher_0001.jpg,True,Salman_Rushdie,Salman_Rushdie/Salman_Rushdie_0002.jpg,True,0
5956,10,Maria_Simon,Maria_Simon/Maria_Simon_0001.jpg,False,Mona_Rishmawi,Mona_Rishmawi/Mona_Rishmawi_0001.jpg,False,0
5957,10,Maria_Simon,Maria_Simon/Maria_Simon_0001.jpg,False,Robert_Durst,Robert_Durst/Robert_Durst_0001.jpg,False,0
5958,10,Marlon_Devonish,Marlon_Devonish/Marlon_Devonish_0001.jpg,False,Patrick_Clawsen,Patrick_Clawsen/Patrick_Clawsen_0001.jpg,False,0
5959,10,Max_von_Sydow,Max_von_Sydow/Max_von_Sydow_0001.jpg,False,Zhu_Rongji,Zhu_Rongji/Zhu_Rongji_0001.jpg,True,0
5960,10,Mel_Karmazin,Mel_Karmazin/Mel_Karmazin_0001.jpg,True,Pierre_Pettigrew,Pierre_Pettigrew/Pierre_Pettigrew_0001.jpg,False,0
5961,10,Melana_Scantlin,Melana_Scantlin/Melana_Scantlin_0001.jpg,False,William_Ragland,William_Ragland/William_Ragland_0001.jpg,True,0
5962,10,Michael_Bloomberg,Michael_Bloomberg/Michael_Bloomberg_0015.jpg,True,Ozzy_Osbourne,Ozzy_Osbourne/Ozzy_Osbourne_0002.jpg,True,0
5963,10,Michael_J_Fox,Michael_J_Fox/Michael_J_Fox_0001.jpg,False,Ricky_Barnes,Ricky_Barnes/Ricky_Barnes_0001.jpg,False,0
5964,10,Michael_J_Fox,Michael_J_Fox/Michael_J_Fox_0001.jpg,False,Thomas_Daily,Thomas_Daily/Thomas_Daily_0001.jpg,False,0
5965,10,Micky_Ward,Micky_Ward/Micky_Ward_0001.jpg,False,Takenori_Kanzaki,Takenori_Kanzaki/Takenori_Kanzaki_0001.jpg,False,0
5966,10,Mike_Babcock,Mike_Babcock/Mike_Babcock_0001.jpg,False,Tony_Parker,Tony_Parker/Tony_Parker_0002.jpg,False,0
5967,10,Mike_Martz,Mike_Martz/Mike_Martz_0005.jpg,True,William_Burns,William_Burns/William_Burns_0001.jpg,True,0
5968,10,Mira_Sorvino,Mira_Sorvino/Mira_Sorvino_0001.jpg,False,Simon_Cowell,Simon_Cowell/Simon_Cowell_0002.jpg,True,0
5969,10,Mira_Sorvino,Mira_Sorvino/Mira_Sorvino_0001.jpg,False,Tom_Tunney,Tom_Tunney/Tom_Tunney_0001.jpg,False,0
5970,10,Miroljub,Miroljub/Miroljub_0002.jpg,True,Theo_Epstein,Theo_Epstein/Theo_Epstein_0001.jpg,False,0
5971,10,Mitzi_Gaynor,Mitzi_Gaynor/Mitzi_Gaynor_0001.jpg,False,Ruth_Harlow,Ruth_Harlow/Ruth_Harlow_0001.jpg,False,0
5972,10,Mohammed_Dahlan,Mohammed_Dahlan/Mohammed_Dahlan_0001.jpg,False,Ronald_White,Ronald_White/Ronald_White_0001.jpg,True,0
5973,10,Natanaela_Barnova,Natanaela_Barnova/Natanaela_Barnova_0001.jpg,True,Nuon_Chea,Nuon_Chea/Nuon_Chea_0001.jpg,False,0
5974,10,Noel_Forgeard,Noel_Forgeard/Noel_Forgeard_0001.jpg,False,Zach_Pillar,Zach_Pillar/Zach_Pillar_0001.jpg,True,0
5975,10,Normand_Legault,Normand_Legault/Normand_Legault_0001.jpg,False,Omar_Vizquel,Omar_Vizquel/Omar_Vizquel_0001.jpg,False,0
5976,10,Normand_Legault,Normand_Legault/Normand_Legault_0001.jpg,False,Rupert_Grint,Rupert_Grint/Rupert_Grint_0003.jpg,False,0
5977,10,Nova_Esther_Guthrie,Nova_Esther_Guthrie/Nova_Esther_Guthrie_0001.jpg,False,Stephen_Joseph,Stephen_Joseph/Stephen_Joseph_0001.jpg,False,0
5978,10,Ontario_Lett,Ontario_Lett/Ontario_Lett_0001.jpg,False,Wallace_Capel,Wallace_Capel/Wallace_Capel_0001.jpg,True,0
5979,10,Orlando_Bloom,Orlando_Bloom/Orlando_Bloom_0001.jpg,False,Ray_Liotta,Ray_Liotta/Ray_Liotta_0001.jpg,True,0
5980,10,Patrick_Clawsen,Patrick_Clawsen/Patrick_Clawsen_0001.jpg,False,Sandra_Banning,Sandra_Banning/Sandra_Banning_0001.jpg,False,0
5981,10,Paul_Coppin,Paul_Coppin/Paul_Coppin_0002.jpg,False,Rick_Husband,Rick_Husband/Rick_Husband_0001.jpg,False,0
5982,10,Paul_Murphy,Paul_Murphy/Paul_Murphy_0001.jpg,False,Qazi_Hussain_Ahmed,Qazi_Hussain_Ahmed/Qazi_Hussain_Ahmed_0001.jpg,True,0
5983,10,Paul_Newman,Paul_Newman/Paul_Newman_0001.jpg,False,Robert_Blake,Robert_Blake/Robert_Blake_0003.jpg,True,0
5984,10,Paula_Zahn,Paula_Zahn/Paula_Zahn_0001.jpg,True,Tamara_Mowry,Tamara_Mowry/Tamara_Mowry_0001.jpg,False,0
5985,10,Peter_Ahearn,Peter_Ahearn/Peter_Ahearn_0001.jpg,True,Romain_Duris,Romain_Duris/Romain_Duris_0001.jpg,False,0
5986,10,Peter_Gabriel,Peter_Gabriel/Peter_Gabriel_0001.jpg,True,Peter_OToole,Peter_OToole/Peter_OToole_0001.jpg,False,0
5987,10,Peter_Lundgren,Peter_Lundgren/Peter_Lundgren_0001.jpg,False,William_Rosenberg,William_Rosenberg/William_Rosenberg_0001.jpg,True,0
5988,10,Peter_OToole,Peter_OToole/Peter_OToole_0001.jpg,False,Qazi_Afzal,Qazi_Afzal/Qazi_Afzal_0001.jpg,True,0
5989,10,Qais_al-Kazali,Qais_al-Kazali/Qais_al-Kazali_0001.jpg,False,Ringo_Starr,Ringo_Starr/Ringo_Starr_0001.jpg,False,0
5990,10,Randy_Brown,Randy_Brown/Randy_Brown_0001.jpg,False,Val_Ackerman,Val_Ackerman/Val_Ackerman_0001.jpg,False,0
5991,10,Rani_Mukherjee,Rani_Mukherjee/Rani_Mukherjee_0001.jpg,False,Timothy_McVeigh,Timothy_McVeigh/Timothy_McVeigh_0001.jpg,False,0
5992,10,Ringo_Starr,Ringo_Starr/Ringo_Starr_0001.jpg,False,Zach_Pillar,Zach_Pillar/Zach_Pillar_0001.jpg,True,0
5993,10,Roger_Corbett,Roger_Corbett/Roger_Corbett_0001.jpg,False,Tocker_Pudwill,Tocker_Pudwill/Tocker_Pudwill_0001.jpg,True,0
5994,10,Ruth_Harlow,Ruth_Harlow/Ruth_Harlow_0001.jpg,False,Virgina_Ruano_Pascal,Virgina_Ruano_Pascal/Virgina_Ruano_Pascal_0001.jpg,False,0
5995,10,Sandra_Banning,Sandra_Banning/Sandra_Banning_0001.jpg,False,Wolfgang_Schneiderhan,Wolfgang_Schneiderhan/Wolfgang_Schneiderhan_0001.jpg,True,0
5996,10,Scott_Wolf,Scott_Wolf/Scott_Wolf_0002.jpg,True,Troy_Polamalu,Troy_Polamalu/Troy_Polamalu_0001.jpg,False,0
5997,10,Sergei_Alexandrovitch_Ordzhonikidze,Sergei_Alexandrovitch_Ordzhonikidze/Sergei_Alexandrovitch_Ordzhonikidze_0001.jpg,False,Yolanda_King,Yolanda_King/Yolanda_King_0001.jpg,False,0
5998,10,Shane_Loux,Shane_Loux/Shane_Loux_0001.jpg,True,Val_Ackerman,Val_Ackerman/Val_Ackerman_0001.jpg,False,0
5999,10,Shawn_Marion,Shawn_Marion/Shawn_Marion_0001.jpg,False,Shirley_Jones,Shirley_Jones/Shirley_Jones_0001.jpg,False,0
6000,10,Slobodan_Milosevic,Slobodan_Milosevic/Slobodan_Milosevic_0002.jpg,True,Sok_An,Sok_An/Sok_An_0001.jpg,False,0
